"ClientAccountID","AccountAlias","CurrencyPrimary","AccountType","DateOpened","DateFunded"
"U14404500","","USD","Individual","20240307","20240311"
"ClientAccountID","AccountAlias","Model","CurrencyPrimary","ReportDate","Cash","CashLong","CashShort","BrokerCashComponent","BrokerCashComponentLong","BrokerCashComponentShort","FDICInsuredBankSweepAccountCashComponent","FDICInsuredBankSweepAccountCashComponentLong","FDICInsuredBankSweepAccountCashComponentShort","InsuredBankDepositRedemptionCashComponent","InsuredBankDepositRedemptionCashComponentLong","InsuredBankDepositRedemptionCashComponentShort","SLBCashCollateral","SLBCashCollateralLong","SLBCashCollateralShort","Stock","StockLong","StockShort","IPOSubscription","IPOSubscriptionLong","IPOSubscriptionShort","SLBDirectSecuritiesBorrowed","SLBDirectSecuritiesBorrowedLong","SLBDirectSecuritiesBorrowedShort","SLBDirectSecuritiesLent","SLBDirectSecuritiesLentLong","SLBDirectSecuritiesLentShort","Options","OptionsLong","OptionsShort","Bonds","BondsLong","BondsShort","Commodities","CommoditiesLong","CommoditiesShort","Notes","NotesLong","NotesShort","Funds","FundsLong","FundsShort","DividendAccruals","DividendAccrualsLong","DividendAccrualsShort","LiteSurchargeAccruals","LiteSurchargeAccrualsLong","LiteSurchargeAccrualsShort","CGTWithholdingAccruals","CGTWithholdingAccrualsLong","CGTWithholdingAccrualsShort","InterestAccruals","InterestAccrualsLong","InterestAccrualsShort","IncentiveCouponAccruals","IncentiveCouponAccrualsLong","IncentiveCouponAccrualsShort","BrokerInterestAccrualsComponent","BrokerInterestAccrualsComponentLong","BrokerInterestAccrualsComponentShort","FDICInsuredAccountInterestAccrualsComponent","FDICInsuredAccountInterestAccrualsComponentLong","FDICInsuredAccountInterestAccrualsComponentShort","BondInterestAccrualsComponent","BondInterestAccrualsComponentLong","BondInterestAccrualsComponentShort","BrokerFeesAccrualsComponent","BrokerFeesAccrualsComponentLong","BrokerFeesAccrualsComponentShort","EventContractInterestAccruals","EventContractInterestAccrualsLong","EventContractInterestAccrualsShort","MarginFinancingChargeAccruals","MarginFinancingChargeAccrualsLong","MarginFinancingChargeAccrualsShort","SoftDollars","SoftDollarsLong","SoftDollarsShort","ForexCfdUnrealizedPl","ForexCfdUnrealizedPlLong","ForexCfdUnrealizedPlShort","CfdUnrealizedPl","CfdUnrealizedPlLong","CfdUnrealizedPlShort","PhysicalDelivery","PhysicalDeliveryLong","PhysicalDeliveryShort","Crypto","CryptoLong","CryptoShort","Total","TotalLong","TotalShort"
"U14404500","","","USD","20250923","-9000.092349251","0","-9000.092349251","0","0","-9000.092349251","0","0","0","0","0","0","0","0","0","36098.08","36098.08","0","0","0","0","0","0","0","0","0","0","0","0","0","0","0","0","0","0","0","0","0","0","0","0","0","0","0","0","0","0","0","0","0","0","-8.46","0","-8.46","0","0","0","0","0","0","0","0","0","0","0","0","0","0","0","0","0","0","0","0","0","0","0","0","0","0","0","0","0","0","0","0","0","0","0","0","27089.527650749","36098.08","-9008.552349251"
"U14404500","","","USD","20250924","-9000.092349251","0","-9000.092349251","0","0","-9000.092349251","0","0","0","0","0","0","0","0","0","35946.07","35946.07","0","0","0","0","0","0","0","0","0","0","0","0","0","0","0","0","0","0","0","0","0","0","0","0","0","0","0","0","0","0","0","0","0","0","-9.86","0","-9.86","0","0","0","0","0","0","0","0","0","0","0","0","0","0","0","0","0","0","0","0","0","0","0","0","0","0","0","0","0","0","0","0","0","0","0","0","26936.117650749","35946.07","-9009.952349251"
"U14404500","","","USD","20250925","-9000.092349251","0","-9000.092349251","0","0","-9000.092349251","0","0","0","0","0","0","0","0","0","35824.1","35824.1","0","0","0","0","0","0","0","0","0","0","0","0","0","0","0","0","0","0","0","0","0","0","0","0","0","0","0","0","0","0","0","0","0","0","-11.26","0","-11.26","0","0","0","0","0","0","0","0","0","0","0","0","0","0","0","0","0","0","0","0","0","0","0","0","0","0","0","0","0","0","0","0","0","0","0","0","26812.747650749","35824.1","-9011.352349251"
"U14404500","","","USD","20250926","-9000.092349251","0","-9000.092349251","0","0","-9000.092349251","0","0","0","0","0","0","0","0","0","36024.59","36024.59","0","0","0","0","0","0","0","0","0","0","0","0","0","0","0","0","0","0","0","0","0","0","0","0","0","0","0","0","0","0","0","0","0","0","-12.66","0","-12.66","0","0","0","0","0","0","0","0","0","0","0","0","0","0","0","0","0","0","0","0","0","0","0","0","0","0","0","0","0","0","0","0","0","0","0","0","27011.837650749","36024.59","-9012.752349251"
"U14404500","","","USD","20250929","-9000.092349251","0","-9000.092349251","0","0","-9000.092349251","0","0","0","0","0","0","0","0","0","36220.55","36220.55","0","0","0","0","0","0","0","0","0","0","0","0","0","0","0","0","0","0","0","0","0","0","0","0","0","62.82","62.82","0","0","0","0","0","0","0","-16.86","0","-16.86","0","0","0","0","0","0","0","0","0","0","0","0","0","0","0","0","0","0","0","0","0","0","0","0","0","0","0","0","0","0","0","0","0","0","0","0","27266.417650749","36283.37","-9016.952349251"
"U14404500","","","USD","20250930","-9000.092349251","0","-9000.092349251","0","0","-9000.092349251","0","0","0","0","0","0","0","0","0","36394.73","36394.73","0","0","0","0","0","0","0","0","0","0","0","0","0","0","0","0","0","0","0","0","0","0","0","0","0","62.82","62.82","0","0","0","0","0","0","0","-18.26","0","-18.26","0","0","0","0","0","0","0","0","0","0","0","0","0","0","0","0","0","0","0","0","0","0","0","0","0","0","0","0","0","0","0","0","0","0","0","0","27439.197650749","36457.55","-9018.352349251"
"U14404500","","","USD","20251001","-8637.272349251","0","-8637.272349251","0","0","-8637.272349251","0","0","0","0","0","0","0","0","0","36526.23","36526.23","0","0","0","0","0","0","0","0","0","0","0","0","0","0","0","0","0","0","0","0","0","0","0","0","0","0","0","0","0","0","0","0","0","0","-19.66","0","-19.66","0","0","0","0","0","0","0","0","0","0","0","0","0","0","0","0","0","0","0","0","0","0","0","0","0","0","0","0","0","0","0","0","0","0","0","0","27869.297650749","36526.23","-8656.932349251"
"U14404500","","","USD","20251002","-9700.834183592","0","-9700.834183592","0","0","-9700.834183592","0","0","0","0","0","0","0","0","0","37629.89","37629.89","0","0","0","0","0","0","0","0","0","0","0","0","0","0","0","0","0","0","0","0","0","0","0","0","0","0","0","0","0","0","0","0","0","0","-21","0","-21","0","0","0","0","0","0","0","0","0","0","0","0","0","0","0","0","0","0","0","0","0","0","0","0","0","0","0","0","0","0","0","0","0","0","0","0","27908.055816408","37629.89","-9721.834183592"
"U14404500","","","USD","20251003","-9720.494183592","0","-9720.494183592","0","0","-9720.494183592","0","0","0","0","0","0","0","0","0","37719.7","37719.7","0","0","0","0","0","0","0","0","0","0","0","0","0","0","0","0","0","0","0","0","0","0","0","0","0","0","0","0","0","0","0","0","0","0","-2.68","0","-2.68","0","0","0","0","0","0","0","0","0","0","0","0","0","0","0","0","0","0","0","0","0","0","0","0","0","0","0","0","0","0","0","0","0","0","0","0","27996.525816408","37719.7","-9723.174183592"
"U14404500","","","USD","20251006","-9720.494183592","0","-9720.494183592","0","0","-9720.494183592","0","0","0","0","0","0","0","0","0","38019.14","38019.14","0","0","0","0","0","0","0","0","0","0","0","0","0","0","0","0","0","0","0","0","0","0","0","0","0","0","0","0","0","0","0","0","0","0","-7.21","0","-7.21","0","0","0","0","0","0","0","0","0","0","0","0","0","0","0","0","0","0","0","0","0","0","0","0","0","0","0","0","0","0","0","0","0","0","0","0","28291.435816408","38019.14","-9727.704183592"
"U14404500","","","USD","20251007","-9720.494183592","0","-9720.494183592","0","0","-9720.494183592","0","0","0","0","0","0","0","0","0","37903.61","37903.61","0","0","0","0","0","0","0","0","0","0","0","0","0","0","0","0","0","0","0","0","0","0","0","0","0","0","0","0","0","0","0","0","0","0","-8.72","0","-8.72","0","0","0","0","0","0","0","0","0","0","0","0","0","0","0","0","0","0","0","0","0","0","0","0","0","0","0","0","0","0","0","0","0","0","0","0","28174.395816408","37903.61","-9729.214183592"
"U14404500","","","USD","20251008","-9720.494183592","0","-9720.494183592","0","0","-9720.494183592","0","0","0","0","0","0","0","0","0","38245.03","38245.03","0","0","0","0","0","0","0","0","0","0","0","0","0","0","0","0","0","0","0","0","0","0","0","0","0","0","0","0","0","0","0","0","0","0","-10.23","0","-10.23","0","0","0","0","0","0","0","0","0","0","0","0","0","0","0","0","0","0","0","0","0","0","0","0","0","0","0","0","0","0","0","0","0","0","0","0","28514.305816408","38245.03","-9730.724183592"
"U14404500","","","USD","20251009","-9720.494183592","0","-9720.494183592","0","0","-9720.494183592","0","0","0","0","0","0","0","0","0","37939.89","37939.89","0","0","0","0","0","0","0","0","0","0","0","0","0","0","0","0","0","0","0","0","0","0","0","0","0","0","0","0","0","0","0","0","0","0","-11.74","0","-11.74","0","0","0","0","0","0","0","0","0","0","0","0","0","0","0","0","0","0","0","0","0","0","0","0","0","0","0","0","0","0","0","0","0","0","0","0","28207.655816408","37939.89","-9732.234183592"
"U14404500","","","USD","20251010","-9720.494183592","0","-9720.494183592","0","0","-9720.494183592","0","0","0","0","0","0","0","0","0","37232.29","37232.29","0","0","0","0","0","0","0","0","0","0","0","0","0","0","0","0","0","0","0","0","0","0","0","0","0","0","0","0","0","0","0","0","0","0","-13.25","0","-13.25","0","0","0","0","0","0","0","0","0","0","0","0","0","0","0","0","0","0","0","0","0","0","0","0","0","0","0","0","0","0","0","0","0","0","0","0","27498.545816408","37232.29","-9733.744183592"
"U14404500","","","USD","20251013","-9720.494183592","0","-9720.494183592","0","0","-9720.494183592","0","0","0","0","0","0","0","0","0","37871.23","37871.23","0","0","0","0","0","0","0","0","0","0","0","0","0","0","0","0","0","0","0","0","0","0","0","0","0","0","0","0","0","0","0","0","0","0","-17.78","0","-17.78","0","0","0","0","0","0","0","0","0","0","0","0","0","0","0","0","0","0","0","0","0","0","0","0","0","0","0","0","0","0","0","0","0","0","0","0","28132.955816408","37871.23","-9738.274183592"
"U14404500","","","USD","20251014","-9720.494183592","0","-9720.494183592","0","0","-9720.494183592","0","0","0","0","0","0","0","0","0","37858.75","37858.75","0","0","0","0","0","0","0","0","0","0","0","0","0","0","0","0","0","0","0","0","0","0","0","0","0","0","0","0","0","0","0","0","0","0","-19.29","0","-19.29","0","0","0","0","0","0","0","0","0","0","0","0","0","0","0","0","0","0","0","0","0","0","0","0","0","0","0","0","0","0","0","0","0","0","0","0","28118.965816408","37858.75","-9739.784183592"
"U14404500","","","USD","20251015","-9720.494183592","0","-9720.494183592","0","0","-9720.494183592","0","0","0","0","0","0","0","0","0","38124.51","38124.51","0","0","0","0","0","0","0","0","0","0","0","0","0","0","0","0","0","0","0","0","0","0","0","0","0","0","0","0","0","0","0","0","0","0","-20.8","0","-20.8","0","0","0","0","0","0","0","0","0","0","0","0","0","0","0","0","0","0","0","0","0","0","0","0","0","0","0","0","0","0","0","0","0","0","0","0","28383.215816408","38124.51","-9741.294183592"
"U14404500","","","USD","20251016","-9720.494183592","0","-9720.494183592","0","0","-9720.494183592","0","0","0","0","0","0","0","0","0","38139.21","38139.21","0","0","0","0","0","0","0","0","0","0","0","0","0","0","0","0","0","0","0","0","0","0","0","0","0","0","0","0","0","0","0","0","0","0","-22.31","0","-22.31","0","0","0","0","0","0","0","0","0","0","0","0","0","0","0","0","0","0","0","0","0","0","0","0","0","0","0","0","0","0","0","0","0","0","0","0","28396.405816408","38139.21","-9742.804183592"
"U14404500","","","USD","20251017","-9720.494183592","0","-9720.494183592","0","0","-9720.494183592","0","0","0","0","0","0","0","0","0","38064.21","38064.21","0","0","0","0","0","0","0","0","0","0","0","0","0","0","0","0","0","0","0","0","0","0","0","0","0","0","0","0","0","0","0","0","0","0","-23.82","0","-23.82","0","0","0","0","0","0","0","0","0","0","0","0","0","0","0","0","0","0","0","0","0","0","0","0","0","0","0","0","0","0","0","0","0","0","0","0","28319.895816408","38064.21","-9744.314183592"
"U14404500","","","USD","20251020","-9720.494183592","0","-9720.494183592","0","0","-9720.494183592","0","0","0","0","0","0","0","0","0","38770.22","38770.22","0","0","0","0","0","0","0","0","0","0","0","0","0","0","0","0","0","0","0","0","0","0","0","0","0","0","0","0","0","0","0","0","0","0","-28.35","0","-28.35","0","0","0","0","0","0","0","0","0","0","0","0","0","0","0","0","0","0","0","0","0","0","0","0","0","0","0","0","0","0","0","0","0","0","0","0","29021.375816408","38770.22","-9748.844183592"
"U14404500","","","USD","20251021","-9720.494183592","0","-9720.494183592","0","0","-9720.494183592","0","0","0","0","0","0","0","0","0","38123.22","38123.22","0","0","0","0","0","0","0","0","0","0","0","0","0","0","0","0","0","0","0","0","0","0","0","0","0","0","0","0","0","0","0","0","0","0","-29.86","0","-29.86","0","0","0","0","0","0","0","0","0","0","0","0","0","0","0","0","0","0","0","0","0","0","0","0","0","0","0","0","0","0","0","0","0","0","0","0","28372.865816408","38123.22","-9750.354183592"
"U14404500","","","USD","20251022","-9720.494183592","0","-9720.494183592","0","0","-9720.494183592","0","0","0","0","0","0","0","0","0","37903.98","37903.98","0","0","0","0","0","0","0","0","0","0","0","0","0","0","0","0","0","0","0","0","0","0","0","0","0","0","0","0","0","0","0","0","0","0","-31.37","0","-31.37","0","0","0","0","0","0","0","0","0","0","0","0","0","0","0","0","0","0","0","0","0","0","0","0","0","0","0","0","0","0","0","0","0","0","0","0","28152.115816408","37903.98","-9751.864183592"
"U14404500","","","USD","20251023","-9720.494183592","0","-9720.494183592","0","0","-9720.494183592","0","0","0","0","0","0","0","0","0","38137.37","38137.37","0","0","0","0","0","0","0","0","0","0","0","0","0","0","0","0","0","0","0","0","0","0","0","0","0","0","0","0","0","0","0","0","0","0","-32.88","0","-32.88","0","0","0","0","0","0","0","0","0","0","0","0","0","0","0","0","0","0","0","0","0","0","0","0","0","0","0","0","0","0","0","0","0","0","0","0","28383.995816408","38137.37","-9753.374183592"
"U14404500","","","USD","20251024","-9720.494183592","0","-9720.494183592","0","0","-9720.494183592","0","0","0","0","0","0","0","0","0","38334.88","38334.88","0","0","0","0","0","0","0","0","0","0","0","0","0","0","0","0","0","0","0","0","0","0","0","0","0","0","0","0","0","0","0","0","0","0","-34.39","0","-34.39","0","0","0","0","0","0","0","0","0","0","0","0","0","0","0","0","0","0","0","0","0","0","0","0","0","0","0","0","0","0","0","0","0","0","0","0","28579.995816408","38334.88","-9754.884183592"
"U14404500","","","USD","20251027","-10720.800209644","0","-10720.800209644","0","0","-10720.800209644","0","0","0","0","0","0","0","0","0","39438.09","39438.09","0","0","0","0","0","0","0","0","0","0","0","0","0","0","0","0","0","0","0","0","0","0","0","0","0","0","0","0","0","0","0","0","0","0","-38.92","0","-38.92","0","0","0","0","0","0","0","0","0","0","0","0","0","0","0","0","0","0","0","0","0","0","0","0","0","0","0","0","0","0","0","0","0","0","0","0","28678.369790356","39438.09","-10759.720209644"
"U14404500","","","USD","20251028","-10720.800209644","0","-10720.800209644","0","0","-10720.800209644","0","0","0","0","0","0","0","0","0","39415.9","39415.9","0","0","0","0","0","0","0","0","0","0","0","0","0","0","0","0","0","0","0","0","0","0","0","0","0","0","0","0","0","0","0","0","0","0","-40.44","0","-40.44","0","0","0","0","0","0","0","0","0","0","0","0","0","0","0","0","0","0","0","0","0","0","0","0","0","0","0","0","0","0","0","0","0","0","0","0","28654.659790356","39415.9","-10761.240209644"
"U14404500","","","USD","20251029","-10720.800209644","0","-10720.800209644","0","0","-10720.800209644","0","0","0","0","0","0","0","0","0","39358.52","39358.52","0","0","0","0","0","0","0","0","0","0","0","0","0","0","0","0","0","0","0","0","0","0","0","0","0","0.75","0.75","0","0","0","0","0","0","0","-42.11","0","-42.11","0","0","0","0","0","0","0","0","0","0","0","0","0","0","0","0","0","0","0","0","0","0","0","0","0","0","0","0","0","0","0","0","0","0","0","0","28596.359790356","39359.27","-10762.910209644"
"U14404500","","","USD","20251030","-10720.050209644","0","-10720.050209644","0","0","-10720.050209644","0","0","0","0","0","0","0","0","0","39172.67","39172.67","0","0","0","0","0","0","0","0","0","0","0","0","0","0","0","0","0","0","0","0","0","0","0","0","0","0","0","0","0","0","0","0","0","0","-43.78","0","-43.78","0","0","0","0","0","0","0","0","0","0","0","0","0","0","0","0","0","0","0","0","0","0","0","0","0","0","0","0","0","0","0","0","0","0","0","0","28408.839790356","39172.67","-10763.830209644"
"U14404500","","","USD","20251031","-10720.800948722","0","-10720.800948722","0","0","-10720.800948722","0","0","0","0","0","0","0","0","0","39250.28","39250.28","0","0","0","0","0","0","0","0","0","0","0","0","0","0","0","0","0","0","0","0","0","0","0","0","0","0","0","0","0","0","0","0","0","0","-45.38","0","-45.38","0","0","0","0","0","0","0","0","0","0","0","0","0","0","0","0","0","0","0","0","0","0","0","0","0","0","0","0","0","0","0","0","0","0","0","0","28484.099051278","39250.28","-10766.180948722"
"U14404500","","","USD","20251103","-10720.44812473","0","-10720.44812473","0","0","-10720.44812473","0","0","0","0","0","0","0","0","0","39246.63","39246.63","0","0","0","0","0","0","0","0","0","0","0","0","0","0","0","0","0","0","0","0","0","0","0","0","0","0","0","0","0","0","0","0","0","0","-50.18","0","-50.18","0","0","0","0","0","0","0","0","0","0","0","0","0","0","0","0","0","0","0","0","0","0","0","0","0","0","0","0","0","0","0","0","0","0","0","0","28476.00187527","39246.63","-10770.62812473"
"U14404500","","","USD","20251104","-151.74347798","0","-151.74347798","0","0","-151.74347798","0","0","0","0","0","0","0","0","0","28109.82","28109.82","0","0","0","0","0","0","0","0","0","0","0","0","0","0","0","0","0","0","0","0","0","0","0","0","0","0","0","0","0","0","0","0","0","0","-51.78","0","-51.78","0","0","0","0","0","0","0","0","0","0","0","0","0","0","0","0","0","0","0","0","0","0","0","0","0","0","0","0","0","0","0","0","0","0","0","0","27906.29652202","28109.82","-203.52347798"
"U14404500","","","USD","20251105","-198.72347798","0","-198.72347798","0","0","-198.72347798","0","0","0","0","0","0","0","0","0","28320.54","28320.54","0","0","0","0","0","0","0","0","0","0","0","0","0","0","0","0","0","0","0","0","0","0","0","0","0","0","0","0","0","0","0","0","0","0","-6.4","0","-6.4","0","0","0","0","0","0","0","0","0","0","0","0","0","0","0","0","0","0","0","0","0","0","0","0","0","0","0","0","0","0","0","0","0","0","0","0","28115.41652202","28320.54","-205.12347798"
"U14404500","","","USD","20251106","-198.72347798","0","-198.72347798","0","0","-198.72347798","0","0","0","0","0","0","0","0","0","28090.93","28090.93","0","0","0","0","0","0","0","0","0","0","0","0","0","0","0","0","0","0","0","0","0","0","0","0","0","0","0","0","0","0","0","0","0","0","-6.4","0","-6.4","0","0","0","0","0","0","0","0","0","0","0","0","0","0","0","0","0","0","0","0","0","0","0","0","0","0","0","0","0","0","0","0","0","0","0","0","27885.80652202","28090.93","-205.12347798"
"U14404500","","","USD","20251107","-198.72347798","0","-198.72347798","0","0","-198.72347798","0","0","0","0","0","0","0","0","0","28204.32","28204.32","0","0","0","0","0","0","0","0","0","0","0","0","0","0","0","0","0","0","0","0","0","0","0","0","0","0","0","0","0","0","0","0","0","0","-6.4","0","-6.4","0","0","0","0","0","0","0","0","0","0","0","0","0","0","0","0","0","0","0","0","0","0","0","0","0","0","0","0","0","0","0","0","0","0","0","0","27999.19652202","28204.32","-205.12347798"
"U14404500","","","USD","20251110","0.915802382","0.915802382","0","0","0","0","0","0","0","0","0","0","0","0","0","30060.55","30060.55","0","0","0","0","0","0","0","0","0","0","0","0","0","0","0","0","0","0","0","0","0","0","0","0","0","0","0","0","0","0","0","0","0","0","-6.4","0","-6.4","0","0","0","0","0","0","0","0","0","0","0","0","0","0","0","0","0","0","0","0","0","0","0","0","0","0","0","0","0","0","0","0","0","0","0","0","30055.065802382","30061.465802382","-6.4"
"U14404500","","","USD","20251111","0.915802382","0.915802382","0","0","0","0","0","0","0","0","0","0","0","0","0","30098.47","30098.47","0","0","0","0","0","0","0","0","0","0","0","0","0","0","0","0","0","0","0","0","0","0","0","0","0","0","0","0","0","0","0","0","0","0","-6.4","0","-6.4","0","0","0","0","0","0","0","0","0","0","0","0","0","0","0","0","0","0","0","0","0","0","0","0","0","0","0","0","0","0","0","0","0","0","0","0","30092.985802382","30099.385802382","-6.4"
"U14404500","","","USD","20251112","0.915802382","0.915802382","0","0","0","0","0","0","0","0","0","0","0","0","0","30295.23","30295.23","0","0","0","0","0","0","0","0","0","0","0","0","0","0","0","0","0","0","0","0","0","0","0","0","0","0","0","0","0","0","0","0","0","0","-6.4","0","-6.4","0","0","0","0","0","0","0","0","0","0","0","0","0","0","0","0","0","0","0","0","0","0","0","0","0","0","0","0","0","0","0","0","0","0","0","0","30289.745802382","30296.145802382","-6.4"
"U14404500","","","USD","20251113","0.915802382","0.915802382","0","0","0","0","0","0","0","0","0","0","0","0","0","29836.27","29836.27","0","0","0","0","0","0","0","0","0","0","0","0","0","0","0","0","0","0","0","0","0","0","0","0","0","0","0","0","0","0","0","0","0","0","-6.4","0","-6.4","0","0","0","0","0","0","0","0","0","0","0","0","0","0","0","0","0","0","0","0","0","0","0","0","0","0","0","0","0","0","0","0","0","0","0","0","29830.785802382","29837.185802382","-6.4"
"U14404500","","","USD","20251114","0.915802382","0.915802382","0","0","0","0","0","0","0","0","0","0","0","0","0","29588.72","29588.72","0","0","0","0","0","0","0","0","0","0","0","0","0","0","0","0","0","0","0","0","0","0","0","0","0","0","0","0","0","0","0","0","0","0","-6.4","0","-6.4","0","0","0","0","0","0","0","0","0","0","0","0","0","0","0","0","0","0","0","0","0","0","0","0","0","0","0","0","0","0","0","0","0","0","0","0","29583.235802382","29589.635802382","-6.4"
"U14404500","","","USD","20251117","1291.840581482","1291.840581482","0","0","0","0","0","0","0","0","0","0","0","0","0","27975.06","27975.06","0","0","0","0","0","0","0","0","0","0","0","0","0","0","0","0","0","0","0","0","0","0","0","0","0","0","0","0","0","0","0","0","0","0","-6.4","0","-6.4","0","0","0","0","0","0","0","0","0","0","0","0","0","0","0","0","0","0","0","0","0","0","0","0","0","0","0","0","0","0","0","0","0","0","0","0","29260.500581482","29266.900581482","-6.4"
"U14404500","","","USD","20251118","1291.840581482","1291.840581482","0","0","0","0","0","0","0","0","0","0","0","0","0","27940.43","27940.43","0","0","0","0","0","0","0","0","0","0","0","0","0","0","0","0","0","0","0","0","0","0","0","0","0","0","0","0","0","0","0","0","0","0","-6.4","0","-6.4","0","0","0","0","0","0","0","0","0","0","0","0","0","0","0","0","0","0","0","0","0","0","0","0","0","0","0","0","0","0","0","0","0","0","0","0","29225.870581482","29232.270581482","-6.4"
"U14404500","","","USD","20251119","1291.840581482","1291.840581482","0","0","0","0","0","0","0","0","0","0","0","0","0","27959.68","27959.68","0","0","0","0","0","0","0","0","0","0","0","0","0","0","0","0","0","0","0","0","0","0","0","0","0","0","0","0","0","0","0","0","0","0","-6.4","0","-6.4","0","0","0","0","0","0","0","0","0","0","0","0","0","0","0","0","0","0","0","0","0","0","0","0","0","0","0","0","0","0","0","0","0","0","0","0","29245.120581482","29251.520581482","-6.4"
"U14404500","","","USD","20251120","1.519325219","1.519325219","0","0","0","0","0","0","0","0","0","0","0","0","0","28921.16","28921.16","0","0","0","0","0","0","0","0","0","0","0","0","0","0","0","0","0","0","0","0","0","0","0","0","0","0","0","0","0","0","0","0","0","0","-6.4","0","-6.4","0","0","0","0","0","0","0","0","0","0","0","0","0","0","0","0","0","0","0","0","0","0","0","0","0","0","0","0","0","0","0","0","0","0","0","0","28916.279325219","28922.679325219","-6.4"
"U14404500","","","USD","20251121","1.519325219","1.519325219","0","0","0","0","0","0","0","0","0","0","0","0","0","29047.52","29047.52","0","0","0","0","0","0","0","0","0","0","0","0","0","0","0","0","0","0","0","0","0","0","0","0","0","0","0","0","0","0","0","0","0","0","-6.4","0","-6.4","0","0","0","0","0","0","0","0","0","0","0","0","0","0","0","0","0","0","0","0","0","0","0","0","0","0","0","0","0","0","0","0","0","0","0","0","29042.639325219","29049.039325219","-6.4"
"U14404500","","","USD","20251124","1.519325219","1.519325219","0","0","0","0","0","0","0","0","0","0","0","0","0","29549.28","29549.28","0","0","0","0","0","0","0","0","0","0","0","0","0","0","0","0","0","0","0","0","0","0","0","0","0","0","0","0","0","0","0","0","0","0","-6.4","0","-6.4","0","0","0","0","0","0","0","0","0","0","0","0","0","0","0","0","0","0","0","0","0","0","0","0","0","0","0","0","0","0","0","0","0","0","0","0","29544.399325219","29550.799325219","-6.4"
"U14404500","","","USD","20251125","1.519325219","1.519325219","0","0","0","0","0","0","0","0","0","0","0","0","0","29700.55","29700.55","0","0","0","0","0","0","0","0","0","0","0","0","0","0","0","0","0","0","0","0","0","0","0","0","0","0.41","0.41","0","0","0","0","0","0","0","-6.4","0","-6.4","0","0","0","0","0","0","0","0","0","0","0","0","0","0","0","0","0","0","0","0","0","0","0","0","0","0","0","0","0","0","0","0","0","0","0","0","29696.079325219","29702.479325219","-6.4"
"U14404500","","","USD","20251126","-2498.415976651","0","-2498.415976651","0","0","-2498.415976651","0","0","0","0","0","0","0","0","0","32441.42","32441.42","0","0","0","0","0","0","0","0","0","0","0","0","0","0","0","0","0","0","0","0","0","0","0","0","0","0","0","0","0","0","0","0","0","0","-6.4","0","-6.4","0","0","0","0","0","0","0","0","0","0","0","0","0","0","0","0","0","0","0","0","0","0","0","0","0","0","0","0","0","0","0","0","0","0","0","0","29936.604023349","32441.42","-2504.815976651"
"U14404500","","","USD","20251127","-2498.415976651","0","-2498.415976651","0","0","-2498.415976651","0","0","0","0","0","0","0","0","0","32441.42","32441.42","0","0","0","0","0","0","0","0","0","0","0","0","0","0","0","0","0","0","0","0","0","0","0","0","0","0","0","0","0","0","0","0","0","0","-6.4","0","-6.4","0","0","0","0","0","0","0","0","0","0","0","0","0","0","0","0","0","0","0","0","0","0","0","0","0","0","0","0","0","0","0","0","0","0","0","0","29936.604023349","32441.42","-2504.815976651"
"U14404500","","","USD","20251128","-3399.495868854","0","-3399.495868854","0","0","-3399.495868854","0","0","0","0","0","0","0","0","0","36690.45","36690.45","0","0","0","0","0","0","0","0","0","0","0","0","0","0","0","0","0","0","0","0","0","0","0","0","0","0","0","0","0","0","0","0","0","0","-6.4","0","-6.4","0","0","0","0","0","0","0","0","0","0","0","0","0","0","0","0","0","0","0","0","0","0","0","0","0","0","0","0","0","0","0","0","0","0","0","0","33284.554131146","36690.45","-3405.895868854"
"U14404500","","","USD","20251201","-3399.495868854","0","-3399.495868854","0","0","-3399.495868854","0","0","0","0","0","0","0","0","0","36565.75","36565.75","0","0","0","0","0","0","0","0","0","0","0","0","0","0","0","0","0","0","0","0","0","0","0","0","0","0","0","0","0","0","0","0","0","0","-6.55","0","-6.55","0","0","0","0","0","0","0","0","0","0","0","0","0","0","0","0","0","0","0","0","0","0","0","0","0","0","0","0","0","0","0","0","0","0","0","0","33159.704131146","36565.75","-3406.045868854"
"U14404500","","","USD","20251202","-3399.495868854","0","-3399.495868854","0","0","-3399.495868854","0","0","0","0","0","0","0","0","0","36611.06","36611.06","0","0","0","0","0","0","0","0","0","0","0","0","0","0","0","0","0","0","0","0","0","0","0","0","0","0","0","0","0","0","0","0","0","0","-6.55","0","-6.55","0","0","0","0","0","0","0","0","0","0","0","0","0","0","0","0","0","0","0","0","0","0","0","0","0","0","0","0","0","0","0","0","0","0","0","0","33205.014131146","36611.06","-3406.045868854"
"U14404500","","","USD","20251203","-3406.045868854","0","-3406.045868854","0","0","-3406.045868854","0","0","0","0","0","0","0","0","0","36703.47","36703.47","0","0","0","0","0","0","0","0","0","0","0","0","0","0","0","0","0","0","0","0","0","0","0","0","0","0","0","0","0","0","0","0","0","0","-1.02","0","-1.02","0","0","0","0","0","0","0","0","0","0","0","0","0","0","0","0","0","0","0","0","0","0","0","0","0","0","0","0","0","0","0","0","0","0","0","0","33296.404131146","36703.47","-3407.065868854"
"U14404500","","","USD","20251204","-3406.045868854","0","-3406.045868854","0","0","-3406.045868854","0","0","0","0","0","0","0","0","0","36722.45","36722.45","0","0","0","0","0","0","0","0","0","0","0","0","0","0","0","0","0","0","0","0","0","0","0","0","0","0","0","0","0","0","0","0","0","0","-1.02","0","-1.02","0","0","0","0","0","0","0","0","0","0","0","0","0","0","0","0","0","0","0","0","0","0","0","0","0","0","0","0","0","0","0","0","0","0","0","0","33315.384131146","36722.45","-3407.065868854"
"U14404500","","","USD","20251205","-3406.045868854","0","-3406.045868854","0","0","-3406.045868854","0","0","0","0","0","0","0","0","0","36707.03","36707.03","0","0","0","0","0","0","0","0","0","0","0","0","0","0","0","0","0","0","0","0","0","0","0","0","0","0","0","0","0","0","0","0","0","0","-2.04","0","-2.04","0","0","0","0","0","0","0","0","0","0","0","0","0","0","0","0","0","0","0","0","0","0","0","0","0","0","0","0","0","0","0","0","0","0","0","0","33298.944131146","36707.03","-3408.085868854"
"U14404500","","","USD","20251208","-3406.045868854","0","-3406.045868854","0","0","-3406.045868854","0","0","0","0","0","0","0","0","0","36626.4","36626.4","0","0","0","0","0","0","0","0","0","0","0","0","0","0","0","0","0","0","0","0","0","0","0","0","0","0","0","0","0","0","0","0","0","0","-3.57","0","-3.57","0","0","0","0","0","0","0","0","0","0","0","0","0","0","0","0","0","0","0","0","0","0","0","0","0","0","0","0","0","0","0","0","0","0","0","0","33216.784131146","36626.4","-3409.615868854"
"U14404500","","","USD","20251209","-3406.045868854","0","-3406.045868854","0","0","-3406.045868854","0","0","0","0","0","0","0","0","0","36691.44","36691.44","0","0","0","0","0","0","0","0","0","0","0","0","0","0","0","0","0","0","0","0","0","0","0","0","0","0","0","0","0","0","0","0","0","0","-3.57","0","-3.57","0","0","0","0","0","0","0","0","0","0","0","0","0","0","0","0","0","0","0","0","0","0","0","0","0","0","0","0","0","0","0","0","0","0","0","0","33281.824131146","36691.44","-3409.615868854"
"U14404500","","","USD","20251210","-3406.045868854","0","-3406.045868854","0","0","-3406.045868854","0","0","0","0","0","0","0","0","0","36880.72","36880.72","0","0","0","0","0","0","0","0","0","0","0","0","0","0","0","0","0","0","0","0","0","0","0","0","0","0","0","0","0","0","0","0","0","0","-4.59","0","-4.59","0","0","0","0","0","0","0","0","0","0","0","0","0","0","0","0","0","0","0","0","0","0","0","0","0","0","0","0","0","0","0","0","0","0","0","0","33470.084131146","36880.72","-3410.635868854"
"U14404500","","","USD","20251211","-3406.045868854","0","-3406.045868854","0","0","-3406.045868854","0","0","0","0","0","0","0","0","0","37049.87","37049.87","0","0","0","0","0","0","0","0","0","0","0","0","0","0","0","0","0","0","0","0","0","0","0","0","0","0","0","0","0","0","0","0","0","0","-4.59","0","-4.59","0","0","0","0","0","0","0","0","0","0","0","0","0","0","0","0","0","0","0","0","0","0","0","0","0","0","0","0","0","0","0","0","0","0","0","0","33639.234131146","37049.87","-3410.635868854"
"U14404500","","","USD","20251212","-3406.045868854","0","-3406.045868854","0","0","-3406.045868854","0","0","0","0","0","0","0","0","0","36826.71","36826.71","0","0","0","0","0","0","0","0","0","0","0","0","0","0","0","0","0","0","0","0","0","0","0","0","0","0","0","0","0","0","0","0","0","0","-5.59","0","-5.59","0","0","0","0","0","0","0","0","0","0","0","0","0","0","0","0","0","0","0","0","0","0","0","0","0","0","0","0","0","0","0","0","0","0","0","0","33415.074131146","36826.71","-3411.635868854"
"U14404500","","","USD","20251215","-2982.417852854","0","-2982.417852854","0","0","-2982.417852854","0","0","0","0","0","0","0","0","0","36331.14","36331.14","0","0","0","0","0","0","0","0","0","0","0","0","0","0","0","0","0","0","0","0","0","0","0","0","0","0.43","0.43","0","0","0","0","0","0","0","-7.06","0","-7.06","0","0","0","0","0","0","0","0","0","0","0","0","0","0","0","0","0","0","0","0","0","0","0","0","0","0","0","0","0","0","0","0","0","0","0","0","33342.092147146","36331.57","-2989.477852854"
"U14404500","","","USD","20251216","-2981.987852854","0","-2981.987852854","0","0","-2981.987852854","0","0","0","0","0","0","0","0","0","36285.46","36285.46","0","0","0","0","0","0","0","0","0","0","0","0","0","0","0","0","0","0","0","0","0","0","0","0","0","0","0","0","0","0","0","0","0","0","-7.06","0","-7.06","0","0","0","0","0","0","0","0","0","0","0","0","0","0","0","0","0","0","0","0","0","0","0","0","0","0","0","0","0","0","0","0","0","0","0","0","33296.412147146","36285.46","-2989.047852854"
"U14404500","","","USD","20251217","-2982.41758895","0","-2982.41758895","0","0","-2982.41758895","0","0","0","0","0","0","0","0","0","36099.74","36099.74","0","0","0","0","0","0","0","0","0","0","0","0","0","0","0","0","0","0","0","0","0","0","0","0","0","0","0","0","0","0","0","0","0","0","-7.06","0","-7.06","0","0","0","0","0","0","0","0","0","0","0","0","0","0","0","0","0","0","0","0","0","0","0","0","0","0","0","0","0","0","0","0","0","0","0","0","33110.26241105","36099.74","-2989.47758895"
"U14404500","","","USD","20251218","-2982.41758895","0","-2982.41758895","0","0","-2982.41758895","0","0","0","0","0","0","0","0","0","36228.61","36228.61","0","0","0","0","0","0","0","0","0","0","0","0","0","0","0","0","0","0","0","0","0","0","0","0","0","0","0","0","0","0","0","0","0","0","-8.41","0","-8.41","0","0","0","0","0","0","0","0","0","0","0","0","0","0","0","0","0","0","0","0","0","0","0","0","0","0","0","0","0","0","0","0","0","0","0","0","33237.78241105","36228.61","-2990.82758895"
"U14404500","","","USD","20251219","-2982.41758895","0","-2982.41758895","0","0","-2982.41758895","0","0","0","0","0","0","0","0","0","36506.9","36506.9","0","0","0","0","0","0","0","0","0","0","0","0","0","0","0","0","0","0","0","0","0","0","0","0","0","0","0","0","0","0","0","0","0","0","-8.41","0","-8.41","0","0","0","0","0","0","0","0","0","0","0","0","0","0","0","0","0","0","0","0","0","0","0","0","0","0","0","0","0","0","0","0","0","0","0","0","33516.07241105","36506.9","-2990.82758895"
"U14404500","","","USD","20251222","-2982.41758895","0","-2982.41758895","0","0","-2982.41758895","0","0","0","0","0","0","0","0","0","36854.71","36854.71","0","0","0","0","0","0","0","0","0","0","0","0","0","0","0","0","0","0","0","0","0","0","0","0","0","57.28","57.28","0","0","0","0","0","0","0","-10.13","0","-10.13","0","0","0","0","0","0","0","0","0","0","0","0","0","0","0","0","0","0","0","0","0","0","0","0","0","0","0","0","0","0","0","0","0","0","0","0","33919.44241105","36911.99","-2992.54758895"
"U14404500","","","USD","20251223","-2982.41758895","0","-2982.41758895","0","0","-2982.41758895","0","0","0","0","0","0","0","0","0","37113.23","37113.23","0","0","0","0","0","0","0","0","0","0","0","0","0","0","0","0","0","0","0","0","0","0","0","0","0","57.28","57.28","0","0","0","0","0","0","0","-10.13","0","-10.13","0","0","0","0","0","0","0","0","0","0","0","0","0","0","0","0","0","0","0","0","0","0","0","0","0","0","0","0","0","0","0","0","0","0","0","0","34177.96241105","37170.51","-2992.54758895"
"U14404500","","","USD","20251224","-2925.13758895","0","-2925.13758895","0","0","-2925.13758895","0","0","0","0","0","0","0","0","0","37139.27","37139.27","0","0","0","0","0","0","0","0","0","0","0","0","0","0","0","0","0","0","0","0","0","0","0","0","0","0","0","0","0","0","0","0","0","0","-10.13","0","-10.13","0","0","0","0","0","0","0","0","0","0","0","0","0","0","0","0","0","0","0","0","0","0","0","0","0","0","0","0","0","0","0","0","0","0","0","0","34204.00241105","37139.27","-2935.26758895"
"U14404500","","","USD","20251225","-2925.13758895","0","-2925.13758895","0","0","-2925.13758895","0","0","0","0","0","0","0","0","0","37139.27","37139.27","0","0","0","0","0","0","0","0","0","0","0","0","0","0","0","0","0","0","0","0","0","0","0","0","0","0","0","0","0","0","0","0","0","0","-10.13","0","-10.13","0","0","0","0","0","0","0","0","0","0","0","0","0","0","0","0","0","0","0","0","0","0","0","0","0","0","0","0","0","0","0","0","0","0","0","0","34204.00241105","37139.27","-2935.26758895"
"U14404500","","","USD","20251226","-2982.455261408","0","-2982.455261408","0","0","-2982.455261408","0","0","0","0","0","0","0","0","0","37341.03","37341.03","0","0","0","0","0","0","0","0","0","0","0","0","0","0","0","0","0","0","0","0","0","0","0","0","0","0","0","0","0","0","0","0","0","0","-11.83","0","-11.83","0","0","0","0","0","0","0","0","0","0","0","0","0","0","0","0","0","0","0","0","0","0","0","0","0","0","0","0","0","0","0","0","0","0","0","0","34346.744738592","37341.03","-2994.285261408"
"U14404500","","","USD","20251229","117.544738592","117.544738592","0","0","0","0","0","0","0","0","0","0","0","0","0","36722.57","36722.57","0","0","0","0","0","0","0","0","0","0","0","0","0","0","0","0","0","0","0","0","0","0","0","0","0","0","0","0","0","0","0","0","0","0","-13.09","0","-13.09","0","0","0","0","0","0","0","0","0","0","0","0","0","0","0","0","0","0","0","0","0","0","0","0","0","0","0","0","0","0","0","0","0","0","0","0","36827.024738592","36840.114738592","-13.09"
"U14404500","","","USD","20251230","117.544738592","117.544738592","0","0","0","0","0","0","0","0","0","0","0","0","0","36719.36","36719.36","0","0","0","0","0","0","0","0","0","0","0","0","0","0","0","0","0","0","0","0","0","0","0","0","0","0","0","0","0","0","0","0","0","0","-13.09","0","-13.09","0","0","0","0","0","0","0","0","0","0","0","0","0","0","0","0","0","0","0","0","0","0","0","0","0","0","0","0","0","0","0","0","0","0","0","0","36823.814738592","36836.904738592","-13.09"
"U14404500","","","USD","20251231","117.544738592","117.544738592","0","0","0","0","0","0","0","0","0","0","0","0","0","36464.62","36464.62","0","0","0","0","0","0","0","0","0","0","0","0","0","0","0","0","0","0","0","0","0","0","0","0","0","0","0","0","0","0","0","0","0","0","-13.09","0","-13.09","0","0","0","0","0","0","0","0","0","0","0","0","0","0","0","0","0","0","0","0","0","0","0","0","0","0","0","0","0","0","0","0","0","0","0","0","36569.074738592","36582.164738592","-13.09"
"U14404500","","","USD","20260101","117.544738592","117.544738592","0","0","0","0","0","0","0","0","0","0","0","0","0","36464.62","36464.62","0","0","0","0","0","0","0","0","0","0","0","0","0","0","0","0","0","0","0","0","0","0","0","0","0","0","0","0","0","0","0","0","0","0","-13.09","0","-13.09","0","0","0","0","0","0","0","0","0","0","0","0","0","0","0","0","0","0","0","0","0","0","0","0","0","0","0","0","0","0","0","0","0","0","0","0","36569.074738592","36582.164738592","-13.09"
"U14404500","","","USD","20260102","117.544738592","117.544738592","0","0","0","0","0","0","0","0","0","0","0","0","0","36594.34","36594.34","0","0","0","0","0","0","0","0","0","0","0","0","0","0","0","0","0","0","0","0","0","0","0","0","0","0","0","0","0","0","0","0","0","0","-13.09","0","-13.09","0","0","0","0","0","0","0","0","0","0","0","0","0","0","0","0","0","0","0","0","0","0","0","0","0","0","0","0","0","0","0","0","0","0","0","0","36698.794738592","36711.884738592","-13.09"
"U14404500","","","USD","20260105","117.544738592","117.544738592","0","0","0","0","0","0","0","0","0","0","0","0","0","37108.36","37108.36","0","0","0","0","0","0","0","0","0","0","0","0","0","0","0","0","0","0","0","0","0","0","0","0","0","0","0","0","0","0","0","0","0","0","-13.09","0","-13.09","0","0","0","0","0","0","0","0","0","0","0","0","0","0","0","0","0","0","0","0","0","0","0","0","0","0","0","0","0","0","0","0","0","0","0","0","37212.814738592","37225.904738592","-13.09"
"U14404500","","","USD","20260106","104.454738592","104.454738592","0","0","0","0","0","0","0","0","0","0","0","0","0","37367.37","37367.37","0","0","0","0","0","0","0","0","0","0","0","0","0","0","0","0","0","0","0","0","0","0","0","0","0","0","0","0","0","0","0","0","0","0","0","0","0","0","0","0","0","0","0","0","0","0","0","0","0","0","0","0","0","0","0","0","0","0","0","0","0","0","0","0","0","0","0","0","0","0","0","0","0","37471.824738592","37471.824738592","0"
"U14404500","","","USD","20260107","104.454738592","104.454738592","0","0","0","0","0","0","0","0","0","0","0","0","0","37158.75","37158.75","0","0","0","0","0","0","0","0","0","0","0","0","0","0","0","0","0","0","0","0","0","0","0","0","0","0","0","0","0","0","0","0","0","0","0","0","0","0","0","0","0","0","0","0","0","0","0","0","0","0","0","0","0","0","0","0","0","0","0","0","0","0","0","0","0","0","0","0","0","0","0","0","0","37263.204738592","37263.204738592","0"
"U14404500","","","USD","20260108","104.454738592","104.454738592","0","0","0","0","0","0","0","0","0","0","0","0","0","37222.59","37222.59","0","0","0","0","0","0","0","0","0","0","0","0","0","0","0","0","0","0","0","0","0","0","0","0","0","0","0","0","0","0","0","0","0","0","0","0","0","0","0","0","0","0","0","0","0","0","0","0","0","0","0","0","0","0","0","0","0","0","0","0","0","0","0","0","0","0","0","0","0","0","0","0","0","37327.044738592","37327.044738592","0"
"U14404500","","","USD","20260109","104.454738592","104.454738592","0","0","0","0","0","0","0","0","0","0","0","0","0","37460.89","37460.89","0","0","0","0","0","0","0","0","0","0","0","0","0","0","0","0","0","0","0","0","0","0","0","0","0","0","0","0","0","0","0","0","0","0","0","0","0","0","0","0","0","0","0","0","0","0","0","0","0","0","0","0","0","0","0","0","0","0","0","0","0","0","0","0","0","0","0","0","0","0","0","0","0","37565.344738592","37565.344738592","0"
"U14404500","","","USD","20260112","104.454738592","104.454738592","0","0","0","0","0","0","0","0","0","0","0","0","0","37748.7","37748.7","0","0","0","0","0","0","0","0","0","0","0","0","0","0","0","0","0","0","0","0","0","0","0","0","0","0","0","0","0","0","0","0","0","0","0","0","0","0","0","0","0","0","0","0","0","0","0","0","0","0","0","0","0","0","0","0","0","0","0","0","0","0","0","0","0","0","0","0","0","0","0","0","0","37853.154738592","37853.154738592","0"
"U14404500","","","USD","20260113","104.454738592","104.454738592","0","0","0","0","0","0","0","0","0","0","0","0","0","37714.22","37714.22","0","0","0","0","0","0","0","0","0","0","0","0","0","0","0","0","0","0","0","0","0","0","0","0","0","0","0","0","0","0","0","0","0","0","0","0","0","0","0","0","0","0","0","0","0","0","0","0","0","0","0","0","0","0","0","0","0","0","0","0","0","0","0","0","0","0","0","0","0","0","0","0","0","37818.674738592","37818.674738592","0"
"U14404500","","","USD","20260114","104.454738592","104.454738592","0","0","0","0","0","0","0","0","0","0","0","0","0","37758.2","37758.2","0","0","0","0","0","0","0","0","0","0","0","0","0","0","0","0","0","0","0","0","0","0","0","0","0","0","0","0","0","0","0","0","0","0","0","0","0","0","0","0","0","0","0","0","0","0","0","0","0","0","0","0","0","0","0","0","0","0","0","0","0","0","0","0","0","0","0","0","0","0","0","0","0","37862.654738592","37862.654738592","0"
"U14404500","","","USD","20260115","104.454738592","104.454738592","0","0","0","0","0","0","0","0","0","0","0","0","0","37708.94","37708.94","0","0","0","0","0","0","0","0","0","0","0","0","0","0","0","0","0","0","0","0","0","0","0","0","0","0","0","0","0","0","0","0","0","0","0","0","0","0","0","0","0","0","0","0","0","0","0","0","0","0","0","0","0","0","0","0","0","0","0","0","0","0","0","0","0","0","0","0","0","0","0","0","0","37813.394738592","37813.394738592","0"
"U14404500","","","USD","20260116","104.454738592","104.454738592","0","0","0","0","0","0","0","0","0","0","0","0","0","37641.51","37641.51","0","0","0","0","0","0","0","0","0","0","0","0","0","0","0","0","0","0","0","0","0","0","0","0","0","0","0","0","0","0","0","0","0","0","0","0","0","0","0","0","0","0","0","0","0","0","0","0","0","0","0","0","0","0","0","0","0","0","0","0","0","0","0","0","0","0","0","0","0","0","0","0","0","37745.964738592","37745.964738592","0"
"U14404500","","","USD","20260119","104.454738592","104.454738592","0","0","0","0","0","0","0","0","0","0","0","0","0","37641.51","37641.51","0","0","0","0","0","0","0","0","0","0","0","0","0","0","0","0","0","0","0","0","0","0","0","0","0","0","0","0","0","0","0","0","0","0","0","0","0","0","0","0","0","0","0","0","0","0","0","0","0","0","0","0","0","0","0","0","0","0","0","0","0","0","0","0","0","0","0","0","0","0","0","0","0","37745.964738592","37745.964738592","0"
"U14404500","","","USD","20260120","104.454738592","104.454738592","0","0","0","0","0","0","0","0","0","0","0","0","0","37526.67","37526.67","0","0","0","0","0","0","0","0","0","0","0","0","0","0","0","0","0","0","0","0","0","0","0","0","0","0","0","0","0","0","0","0","0","0","0","0","0","0","0","0","0","0","0","0","0","0","0","0","0","0","0","0","0","0","0","0","0","0","0","0","0","0","0","0","0","0","0","0","0","0","0","0","0","37631.124738592","37631.124738592","0"
"U14404500","","","USD","20260121","1834.454738592","1834.454738592","0","0","0","0","0","0","0","0","0","0","0","0","0","37993.77","37993.77","0","0","0","0","0","0","0","0","0","0","0","0","0","0","0","0","0","0","0","0","0","0","0","0","0","0.53","0.53","0","0","0","0","0","0","0","0","0","0","0","0","0","0","0","0","0","0","0","0","0","0","0","0","0","0","0","0","0","0","0","0","0","0","0","0","0","0","0","0","0","0","0","0","0","0","39828.754738592","39828.754738592","0"
"U14404500","","","USD","20260122","1834.984738592","1834.984738592","0","0","0","0","0","0","0","0","0","0","0","0","0","38348.15","38348.15","0","0","0","0","0","0","0","0","0","0","0","0","0","0","0","0","0","0","0","0","0","0","0","0","0","0","0","0","0","0","0","0","0","0","0","0","0","0","0","0","0","0","0","0","0","0","0","0","0","0","0","0","0","0","0","0","0","0","0","0","0","0","0","0","0","0","0","0","0","0","0","0","0","40183.134738592","40183.134738592","0"
"U14404500","","","USD","20260123","1834.454616459","1834.454616459","0","0","0","0","0","0","0","0","0","0","0","0","0","38529.81","38529.81","0","0","0","0","0","0","0","0","0","0","0","0","0","0","0","0","0","0","0","0","0","0","0","0","0","0","0","0","0","0","0","0","0","0","0","0","0","0","0","0","0","0","0","0","0","0","0","0","0","0","0","0","0","0","0","0","0","0","0","0","0","0","0","0","0","0","0","0","0","0","0","0","0","40364.264616459","40364.264616459","0"
"U14404500","","","USD","20260126","934.106512449","934.106512449","0","0","0","0","0","0","0","0","0","0","0","0","0","39729.36","39729.36","0","0","0","0","0","0","0","0","0","0","0","0","0","0","0","0","0","0","0","0","0","0","0","0","0","0","0","0","0","0","0","0","0","0","0","0","0","0","0","0","0","0","0","0","0","0","0","0","0","0","0","0","0","0","0","0","0","0","0","0","0","0","0","0","0","0","0","0","0","0","0","0","0","40663.466512449","40663.466512449","0"
"U14404500","","","USD","20260127","3.755997679","3.755997679","0","0","0","0","0","0","0","0","0","0","0","0","0","41152.36","41152.36","0","0","0","0","0","0","0","0","0","0","0","0","0","0","0","0","0","0","0","0","0","0","0","0","0","0","0","0","0","0","0","0","0","0","0","0","0","0","0","0","0","0","0","0","0","0","0","0","0","0","0","0","0","0","0","0","0","0","0","0","0","0","0","0","0","0","0","0","0","0","0","0","0","41156.115997679","41156.115997679","0"
"U14404500","","","USD","20260128","3.755997679","3.755997679","0","0","0","0","0","0","0","0","0","0","0","0","0","41747.05","41747.05","0","0","0","0","0","0","0","0","0","0","0","0","0","0","0","0","0","0","0","0","0","0","0","0","0","0","0","0","0","0","0","0","0","0","0","0","0","0","0","0","0","0","0","0","0","0","0","0","0","0","0","0","0","0","0","0","0","0","0","0","0","0","0","0","0","0","0","0","0","0","0","0","0","41750.805997679","41750.805997679","0"
"U14404500","","","USD","20260129","15586.250040357","15586.250040357","0","0","0","0","0","0","0","0","0","0","0","0","0","25311.63","25311.63","0","0","0","0","0","0","0","0","0","0","0","0","0","0","0","0","0","0","0","0","0","0","0","0","0","0","0","0","0","0","0","0","0","0","0","0","0","0","0","0","0","0","0","0","0","0","0","0","0","0","0","0","0","0","0","0","0","0","0","0","0","0","0","0","0","0","0","0","0","0","0","0","0","40897.880040357","40897.880040357","0"
"U14404500","","","USD","20260130","15423.89352314","15423.89352314","0","0","0","0","0","0","0","0","0","0","0","0","0","25232.21","25232.21","0","0","0","0","0","0","0","0","0","0","0","0","0","0","0","0","0","0","0","0","0","0","0","0","0","0","0","0","0","0","0","0","0","0","0","0","0","0","0","0","0","0","0","0","0","0","0","0","0","0","0","0","0","0","0","0","0","0","0","0","0","0","0","0","0","0","0","0","0","0","0","0","0","40656.10352314","40656.10352314","0"
"U14404500","","","USD","20260202","15423.89352314","15423.89352314","0","0","0","0","0","0","0","0","0","0","0","0","0","25286.67","25286.67","0","0","0","0","0","0","0","0","0","0","0","0","0","0","0","0","0","0","0","0","0","0","0","0","0","0","0","0","0","0","0","0","0","0","0.4","0.4","0","0","0","0","0","0","0","0","0","0","0","0","0","0","0","0","0","0","0","0","0","0","0","0","0","0","0","0","0","0","0","0","0","0","0","0","0","40710.96352314","40710.96352314","0"
"U14404500","","","USD","20260203","15423.89352314","15423.89352314","0","0","0","0","0","0","0","0","0","0","0","0","0","25055.99","25055.99","0","0","0","0","0","0","0","0","0","0","0","0","0","0","0","0","0","0","0","0","0","0","0","0","0","0","0","0","0","0","0","0","0","0","0.4","0.4","0","0","0","0","0","0","0","0","0","0","0","0","0","0","0","0","0","0","0","0","0","0","0","0","0","0","0","0","0","0","0","0","0","0","0","0","0","40480.28352314","40480.28352314","0"
"U14404500","","","USD","20260204","15424.29352314","15424.29352314","0","0","0","0","0","0","0","0","0","0","0","0","0","24888.26","24888.26","0","0","0","0","0","0","0","0","0","0","0","0","0","0","0","0","0","0","0","0","0","0","0","0","0","0","0","0","0","0","0","0","0","0","0","0","0","0","0","0","0","0","0","0","0","0","0","0","0","0","0","0","0","0","0","0","0","0","0","0","0","0","0","0","0","0","0","0","0","0","0","0","0","40312.55352314","40312.55352314","0"
"U14404500","","","USD","20260205","15424.29352314","15424.29352314","0","0","0","0","0","0","0","0","0","0","0","0","0","24477.79","24477.79","0","0","0","0","0","0","0","0","0","0","0","0","0","0","0","0","0","0","0","0","0","0","0","0","0","0","0","0","0","0","0","0","0","0","0","0","0","0","0","0","0","0","0","0","0","0","0","0","0","0","0","0","0","0","0","0","0","0","0","0","0","0","0","0","0","0","0","0","0","0","0","0","0","39902.08352314","39902.08352314","0"
"U14404500","","","USD","20260206","15424.29352314","15424.29352314","0","0","0","0","0","0","0","0","0","0","0","0","0","25011.64","25011.64","0","0","0","0","0","0","0","0","0","0","0","0","0","0","0","0","0","0","0","0","0","0","0","0","0","0","0","0","0","0","0","0","0","0","0","0","0","0","0","0","0","0","0","0","0","0","0","0","0","0","0","0","0","0","0","0","0","0","0","0","0","0","0","0","0","0","0","0","0","0","0","0","0","40435.93352314","40435.93352314","0"
"U14404500","","","USD","20260209","15424.29352314","15424.29352314","0","0","0","0","0","0","0","0","0","0","0","0","0","25135.11","25135.11","0","0","0","0","0","0","0","0","0","0","0","0","0","0","0","0","0","0","0","0","0","0","0","0","0","0","0","0","0","0","0","0","0","0","1.53","1.53","0","0","0","0","0","0","0","0","0","0","0","0","0","0","0","0","0","0","0","0","0","0","0","0","0","0","0","0","0","0","0","0","0","0","0","0","0","40560.93352314","40560.93352314","0"
"U14404500","","","USD","20260210","15424.29352314","15424.29352314","0","0","0","0","0","0","0","0","0","0","0","0","0","25038.09","25038.09","0","0","0","0","0","0","0","0","0","0","0","0","0","0","0","0","0","0","0","0","0","0","0","0","0","0","0","0","0","0","0","0","0","0","1.53","1.53","0","0","0","0","0","0","0","0","0","0","0","0","0","0","0","0","0","0","0","0","0","0","0","0","0","0","0","0","0","0","0","0","0","0","0","0","0","40463.91352314","40463.91352314","0"
"U14404500","","","USD","20260211","15424.29352314","15424.29352314","0","0","0","0","0","0","0","0","0","0","0","0","0","25018.29","25018.29","0","0","0","0","0","0","0","0","0","0","0","0","0","0","0","0","0","0","0","0","0","0","0","0","0","0","0","0","0","0","0","0","0","0","1.53","1.53","0","0","0","0","0","0","0","0","0","0","0","0","0","0","0","0","0","0","0","0","0","0","0","0","0","0","0","0","0","0","0","0","0","0","0","0","0","40444.11352314","40444.11352314","0"
"U14404500","","","USD","20260212","15424.29352314","15424.29352314","0","0","0","0","0","0","0","0","0","0","0","0","0","24617.65","24617.65","0","0","0","0","0","0","0","0","0","0","0","0","0","0","0","0","0","0","0","0","0","0","0","0","0","0","0","0","0","0","0","0","0","0","1.53","1.53","0","0","0","0","0","0","0","0","0","0","0","0","0","0","0","0","0","0","0","0","0","0","0","0","0","0","0","0","0","0","0","0","0","0","0","0","0","40043.47352314","40043.47352314","0"
"U14404500","","","USD","20260213","15424.29352314","15424.29352314","0","0","0","0","0","0","0","0","0","0","0","0","0","24678.89","24678.89","0","0","0","0","0","0","0","0","0","0","0","0","0","0","0","0","0","0","0","0","0","0","0","0","0","0","0","0","0","0","0","0","0","0","1.53","1.53","0","0","0","0","0","0","0","0","0","0","0","0","0","0","0","0","0","0","0","0","0","0","0","0","0","0","0","0","0","0","0","0","0","0","0","0","0","40104.71352314","40104.71352314","0"
"U14404500","","","USD","20260216","15424.29352314","15424.29352314","0","0","0","0","0","0","0","0","0","0","0","0","0","24678.89","24678.89","0","0","0","0","0","0","0","0","0","0","0","0","0","0","0","0","0","0","0","0","0","0","0","0","0","0","0","0","0","0","0","0","0","0","1.53","1.53","0","0","0","0","0","0","0","0","0","0","0","0","0","0","0","0","0","0","0","0","0","0","0","0","0","0","0","0","0","0","0","0","0","0","0","0","0","40104.71352314","40104.71352314","0"
"U14404500","","","USD","20260217","15424.29352314","15424.29352314","0","0","0","0","0","0","0","0","0","0","0","0","0","24712.29","24712.29","0","0","0","0","0","0","0","0","0","0","0","0","0","0","0","0","0","0","0","0","0","0","0","0","0","0","0","0","0","0","0","0","0","0","3.05","3.05","0","0","0","0","0","0","0","0","0","0","0","0","0","0","0","0","0","0","0","0","0","0","0","0","0","0","0","0","0","0","0","0","0","0","0","0","0","40139.63352314","40139.63352314","0"
"U14404500","","","USD","20260218","15424.29352314","15424.29352314","0","0","0","0","0","0","0","0","0","0","0","0","0","24811.64","24811.64","0","0","0","0","0","0","0","0","0","0","0","0","0","0","0","0","0","0","0","0","0","0","0","0","0","0.33","0.33","0","0","0","0","0","0","0","3.05","3.05","0","0","0","0","0","0","0","0","0","0","0","0","0","0","0","0","0","0","0","0","0","0","0","0","0","0","0","0","0","0","0","0","0","0","0","0","0","40239.31352314","40239.31352314","0"
"U14404500","","","USD","20260219","15424.62352314","15424.62352314","0","0","0","0","0","0","0","0","0","0","0","0","0","24759.9","24759.9","0","0","0","0","0","0","0","0","0","0","0","0","0","0","0","0","0","0","0","0","0","0","0","0","0","0","0","0","0","0","0","0","0","0","3.05","3.05","0","0","0","0","0","0","0","0","0","0","0","0","0","0","0","0","0","0","0","0","0","0","0","0","0","0","0","0","0","0","0","0","0","0","0","0","0","40187.57352314","40187.57352314","0"
"U14404500","","","USD","20260220","15424.293572465","15424.293572465","0","0","0","0","0","0","0","0","0","0","0","0","0","24942.23","24942.23","0","0","0","0","0","0","0","0","0","0","0","0","0","0","0","0","0","0","0","0","0","0","0","0","0","0","0","0","0","0","0","0","0","0","3.05","3.05","0","0","0","0","0","0","0","0","0","0","0","0","0","0","0","0","0","0","0","0","0","0","0","0","0","0","0","0","0","0","0","0","0","0","0","0","0","40369.573572465","40369.573572465","0"
"U14404500","","","USD","20260223","7923.481306455","7923.481306455","0","0","0","0","0","0","0","0","0","0","0","0","0","32231.87","32231.87","0","0","0","0","0","0","0","0","0","0","0","0","0","0","0","0","0","0","0","0","0","0","0","0","0","0","0","0","0","0","0","0","0","0","4.19","4.19","0","0","0","0","0","0","0","0","0","0","0","0","0","0","0","0","0","0","0","0","0","0","0","0","0","0","0","0","0","0","0","0","0","0","0","0","0","40159.541306455","40159.541306455","0"
"U14404500","","","USD","20260224","7923.481306455","7923.481306455","0","0","0","0","0","0","0","0","0","0","0","0","0","32302.8","32302.8","0","0","0","0","0","0","0","0","0","0","0","0","0","0","0","0","0","0","0","0","0","0","0","0","0","0","0","0","0","0","0","0","0","0","4.19","4.19","0","0","0","0","0","0","0","0","0","0","0","0","0","0","0","0","0","0","0","0","0","0","0","0","0","0","0","0","0","0","0","0","0","0","0","0","0","40230.471306455","40230.471306455","0"
"U14404500","","","USD","20260225","7923.481306455","7923.481306455","0","0","0","0","0","0","0","0","0","0","0","0","0","32551.77","32551.77","0","0","0","0","0","0","0","0","0","0","0","0","0","0","0","0","0","0","0","0","0","0","0","0","0","0","0","0","0","0","0","0","0","0","4.19","4.19","0","0","0","0","0","0","0","0","0","0","0","0","0","0","0","0","0","0","0","0","0","0","0","0","0","0","0","0","0","0","0","0","0","0","0","0","0","40479.441306455","40479.441306455","0"
"U14404500","","","USD","20260226","7923.481306455","7923.481306455","0","0","0","0","0","0","0","0","0","0","0","0","0","32456.86","32456.86","0","0","0","0","0","0","0","0","0","0","0","0","0","0","0","0","0","0","0","0","0","0","0","0","0","0","0","0","0","0","0","0","0","0","4.19","4.19","0","0","0","0","0","0","0","0","0","0","0","0","0","0","0","0","0","0","0","0","0","0","0","0","0","0","0","0","0","0","0","0","0","0","0","0","0","40384.531306455","40384.531306455","0"
"U14404500","","","USD","20260227","7923.481306455","7923.481306455","0","0","0","0","0","0","0","0","0","0","0","0","0","32417.07","32417.07","0","0","0","0","0","0","0","0","0","0","0","0","0","0","0","0","0","0","0","0","0","0","0","0","0","0","0","0","0","0","0","0","0","0","4.19","4.19","0","0","0","0","0","0","0","0","0","0","0","0","0","0","0","0","0","0","0","0","0","0","0","0","0","0","0","0","0","0","0","0","0","0","0","0","0","40344.741306455","40344.741306455","0"
"U14404500","","","USD","20260302","7923.481306455","7923.481306455","0","0","0","0","0","0","0","0","0","0","0","0","0","32570.3","32570.3","0","0","0","0","0","0","0","0","0","0","0","0","0","0","0","0","0","0","0","0","0","0","0","0","0","0","0","0","0","0","0","0","0","0","4.38","4.38","0","0","0","0","0","0","0","0","0","0","0","0","0","0","0","0","0","0","0","0","0","0","0","0","0","0","0","0","0","0","0","0","0","0","0","0","0","40498.161306455","40498.161306455","0"
"U14404500","","","USD","20260303","7923.481306455","7923.481306455","0","0","0","0","0","0","0","0","0","0","0","0","0","32000.52","32000.52","0","0","0","0","0","0","0","0","0","0","0","0","0","0","0","0","0","0","0","0","0","0","0","0","0","0","0","0","0","0","0","0","0","0","4.38","4.38","0","0","0","0","0","0","0","0","0","0","0","0","0","0","0","0","0","0","0","0","0","0","0","0","0","0","0","0","0","0","0","0","0","0","0","0","0","39928.381306455","39928.381306455","0"
"U14404500","","","USD","20260304","7927.861306455","7927.861306455","0","0","0","0","0","0","0","0","0","0","0","0","0","32285","32285","0","0","0","0","0","0","0","0","0","0","0","0","0","0","0","0","0","0","0","0","0","0","0","0","0","0","0","0","0","0","0","0","0","0","0","0","0","0","0","0","0","0","0","0","0","0","0","0","0","0","0","0","0","0","0","0","0","0","0","0","0","0","0","0","0","0","0","0","0","0","0","0","0","40212.861306455","40212.861306455","0"
"U14404500","","","USD","20260305","7927.861306455","7927.861306455","0","0","0","0","0","0","0","0","0","0","0","0","0","32048.47","32048.47","0","0","0","0","0","0","0","0","0","0","0","0","0","0","0","0","0","0","0","0","0","0","0","0","0","0","0","0","0","0","0","0","0","0","0","0","0","0","0","0","0","0","0","0","0","0","0","0","0","0","0","0","0","0","0","0","0","0","0","0","0","0","0","0","0","0","0","0","0","0","0","0","0","39976.331306455","39976.331306455","0"
"U14404500","","","USD","20260306","3427.535865165","3427.535865165","0","0","0","0","0","0","0","0","0","0","0","0","0","36287.86","36287.86","0","0","0","0","0","0","0","0","0","0","0","0","0","0","0","0","0","0","0","0","0","0","0","0","0","0","0","0","0","0","0","0","0","0","0","0","0","0","0","0","0","0","0","0","0","0","0","0","0","0","0","0","0","0","0","0","0","0","0","0","0","0","0","0","0","0","0","0","0","0","0","0","0","39715.395865165","39715.395865165","0"
"U14404500","","","USD","20260309","3427.535865165","3427.535865165","0","0","0","0","0","0","0","0","0","0","0","0","0","36525.95","36525.95","0","0","0","0","0","0","0","0","0","0","0","0","0","0","0","0","0","0","0","0","0","0","0","0","0","0","0","0","0","0","0","0","0","0","0","0","0","0","0","0","0","0","0","0","0","0","0","0","0","0","0","0","0","0","0","0","0","0","0","0","0","0","0","0","0","0","0","0","0","0","0","0","0","39953.485865165","39953.485865165","0"
"U14404500","","","USD","20260310","3427.535865165","3427.535865165","0","0","0","0","0","0","0","0","0","0","0","0","0","36570.08","36570.08","0","0","0","0","0","0","0","0","0","0","0","0","0","0","0","0","0","0","0","0","0","0","0","0","0","0","0","0","0","0","0","0","0","0","0","0","0","0","0","0","0","0","0","0","0","0","0","0","0","0","0","0","0","0","0","0","0","0","0","0","0","0","0","0","0","0","0","0","0","0","0","0","0","39997.615865165","39997.615865165","0"
"U14404500","","","USD","20260311","3427.535865165","3427.535865165","0","0","0","0","0","0","0","0","0","0","0","0","0","36523.26","36523.26","0","0","0","0","0","0","0","0","0","0","0","0","0","0","0","0","0","0","0","0","0","0","0","0","0","0","0","0","0","0","0","0","0","0","0","0","0","0","0","0","0","0","0","0","0","0","0","0","0","0","0","0","0","0","0","0","0","0","0","0","0","0","0","0","0","0","0","0","0","0","0","0","0","39950.795865165","39950.795865165","0"
"U14404500","","","USD","20260312","3427.535865165","3427.535865165","0","0","0","0","0","0","0","0","0","0","0","0","0","35942.94","35942.94","0","0","0","0","0","0","0","0","0","0","0","0","0","0","0","0","0","0","0","0","0","0","0","0","0","0","0","0","0","0","0","0","0","0","0","0","0","0","0","0","0","0","0","0","0","0","0","0","0","0","0","0","0","0","0","0","0","0","0","0","0","0","0","0","0","0","0","0","0","0","0","0","0","39370.475865165","39370.475865165","0"
"U14404500","","","USD","20260313","3427.535865165","3427.535865165","0","0","0","0","0","0","0","0","0","0","0","0","0","35700.6","35700.6","0","0","0","0","0","0","0","0","0","0","0","0","0","0","0","0","0","0","0","0","0","0","0","0","0","0","0","0","0","0","0","0","0","0","0","0","0","0","0","0","0","0","0","0","0","0","0","0","0","0","0","0","0","0","0","0","0","0","0","0","0","0","0","0","0","0","0","0","0","0","0","0","0","39128.135865165","39128.135865165","0"
"U14404500","","","USD","20260316","3427.535865165","3427.535865165","0","0","0","0","0","0","0","0","0","0","0","0","0","36010.35","36010.35","0","0","0","0","0","0","0","0","0","0","0","0","0","0","0","0","0","0","0","0","0","0","0","0","0","0","0","0","0","0","0","0","0","0","0","0","0","0","0","0","0","0","0","0","0","0","0","0","0","0","0","0","0","0","0","0","0","0","0","0","0","0","0","0","0","0","0","0","0","0","0","0","0","39437.885865165","39437.885865165","0"
"U14404500","","","USD","20260317","3427.535865165","3427.535865165","0","0","0","0","0","0","0","0","0","0","0","0","0","36072.36","36072.36","0","0","0","0","0","0","0","0","0","0","0","0","0","0","0","0","0","0","0","0","0","0","0","0","0","0","0","0","0","0","0","0","0","0","0","0","0","0","0","0","0","0","0","0","0","0","0","0","0","0","0","0","0","0","0","0","0","0","0","0","0","0","0","0","0","0","0","0","0","0","0","0","0","39499.895865165","39499.895865165","0"
"U14404500","","","USD","20260318","3427.535865165","3427.535865165","0","0","0","0","0","0","0","0","0","0","0","0","0","35416.75","35416.75","0","0","0","0","0","0","0","0","0","0","0","0","0","0","0","0","0","0","0","0","0","0","0","0","0","0.25","0.25","0","0","0","0","0","0","0","0","0","0","0","0","0","0","0","0","0","0","0","0","0","0","0","0","0","0","0","0","0","0","0","0","0","0","0","0","0","0","0","0","0","0","0","0","0","0","38844.535865165","38844.535865165","0"
"U14404500","","","USD","20260319","3427.785865165","3427.785865165","0","0","0","0","0","0","0","0","0","0","0","0","0","35043.78","35043.78","0","0","0","0","0","0","0","0","0","0","0","0","0","0","0","0","0","0","0","0","0","0","0","0","0","0","0","0","0","0","0","0","0","0","0","0","0","0","0","0","0","0","0","0","0","0","0","0","0","0","0","0","0","0","0","0","0","0","0","0","0","0","0","0","0","0","0","0","0","0","0","0","0","38471.565865165","38471.565865165","0"
"U14404500","","","USD","20260320","3427.536460332","3427.536460332","0","0","0","0","0","0","0","0","0","0","0","0","0","34440.63","34440.63","0","0","0","0","0","0","0","0","0","0","0","0","0","0","0","0","0","0","0","0","0","0","0","0","0","0","0","0","0","0","0","0","0","0","0","0","0","0","0","0","0","0","0","0","0","0","0","0","0","0","0","0","0","0","0","0","0","0","0","0","0","0","0","0","0","0","0","0","0","0","0","0","0","37868.166460332","37868.166460332","0"
"U14404500","","","USD","20260323","3427.536460332","3427.536460332","0","0","0","0","0","0","0","0","0","0","0","0","0","34595.02","34595.02","0","0","0","0","0","0","0","0","0","0","0","0","0","0","0","0","0","0","0","0","0","0","0","0","0","0","0","0","0","0","0","0","0","0","0","0","0","0","0","0","0","0","0","0","0","0","0","0","0","0","0","0","0","0","0","0","0","0","0","0","0","0","0","0","0","0","0","0","0","0","0","0","0","38022.556460332","38022.556460332","0"
"U14404500","","","USD","20260324","3427.536460332","3427.536460332","0","0","0","0","0","0","0","0","0","0","0","0","0","34488.42","34488.42","0","0","0","0","0","0","0","0","0","0","0","0","0","0","0","0","0","0","0","0","0","0","0","0","0","0","0","0","0","0","0","0","0","0","0","0","0","0","0","0","0","0","0","0","0","0","0","0","0","0","0","0","0","0","0","0","0","0","0","0","0","0","0","0","0","0","0","0","0","0","0","0","0","37915.956460332","37915.956460332","0"
"U14404500","","","USD","20260325","3427.536460332","3427.536460332","0","0","0","0","0","0","0","0","0","0","0","0","0","34845.27","34845.27","0","0","0","0","0","0","0","0","0","0","0","0","0","0","0","0","0","0","0","0","0","0","0","0","0","0","0","0","0","0","0","0","0","0","0","0","0","0","0","0","0","0","0","0","0","0","0","0","0","0","0","0","0","0","0","0","0","0","0","0","0","0","0","0","0","0","0","0","0","0","0","0","0","38272.806460332","38272.806460332","0"
"U14404500","","","USD","20260326","3427.536460332","3427.536460332","0","0","0","0","0","0","0","0","0","0","0","0","0","34082.19","34082.19","0","0","0","0","0","0","0","0","0","0","0","0","0","0","0","0","0","0","0","0","0","0","0","0","0","0","0","0","0","0","0","0","0","0","0","0","0","0","0","0","0","0","0","0","0","0","0","0","0","0","0","0","0","0","0","0","0","0","0","0","0","0","0","0","0","0","0","0","0","0","0","0","0","37509.726460332","37509.726460332","0"
"U14404500","","","USD","20260327","3427.536460332","3427.536460332","0","0","0","0","0","0","0","0","0","0","0","0","0","33728.43","33728.43","0","0","0","0","0","0","0","0","0","0","0","0","0","0","0","0","0","0","0","0","0","0","0","0","0","72.24","72.24","0","0","0","0","0","0","0","0","0","0","0","0","0","0","0","0","0","0","0","0","0","0","0","0","0","0","0","0","0","0","0","0","0","0","0","0","0","0","0","0","0","0","0","0","0","0","37228.206460332","37228.206460332","0"
"U14404500","","","USD","20260330","3427.536460332","3427.536460332","0","0","0","0","0","0","0","0","0","0","0","0","0","33642.69","33642.69","0","0","0","0","0","0","0","0","0","0","0","0","0","0","0","0","0","0","0","0","0","0","0","0","0","72.24","72.24","0","0","0","0","0","0","0","0","0","0","0","0","0","0","0","0","0","0","0","0","0","0","0","0","0","0","0","0","0","0","0","0","0","0","0","0","0","0","0","0","0","0","0","0","0","0","37142.466460332","37142.466460332","0"
"U14404500","","","USD","20260331","6399.776460332","6399.776460332","0","0","0","0","0","0","0","0","0","0","0","0","0","34655.89","34655.89","0","0","0","0","0","0","0","0","0","0","0","0","0","0","0","0","0","0","0","0","0","0","0","0","0","0","0","0","0","0","0","0","0","0","0","0","0","0","0","0","0","0","0","0","0","0","0","0","0","0","0","0","0","0","0","0","0","0","0","0","0","0","0","0","0","0","0","0","0","0","0","0","0","41055.666460332","41055.666460332","0"
"U14404500","","","USD","20260401","27.183074632","27.183074632","0","0","0","0","0","0","0","0","0","0","0","0","0","41373.42","41373.42","0","0","0","0","0","0","0","0","0","0","0","0","0","0","0","0","0","0","0","0","0","0","0","0","0","0","0","0","0","0","0","0","0","0","0","0","0","0","0","0","0","0","0","0","0","0","0","0","0","0","0","0","0","0","0","0","0","0","0","0","0","0","0","0","0","0","0","0","0","0","0","0","0","41400.603074632","41400.603074632","0"
"U14404500","","","USD","20260402","27.183074632","27.183074632","0","0","0","0","0","0","0","0","0","0","0","0","0","41256.22","41256.22","0","0","0","0","0","0","0","0","0","0","0","0","0","0","0","0","0","0","0","0","0","0","0","0","0","0","0","0","0","0","0","0","0","0","0","0","0","0","0","0","0","0","0","0","0","0","0","0","0","0","0","0","0","0","0","0","0","0","0","0","0","0","0","0","0","0","0","0","0","0","0","0","0","41283.403074632","41283.403074632","0"
"U14404500","","","USD","20260403","27.183074632","27.183074632","0","0","0","0","0","0","0","0","0","0","0","0","0","41256.22","41256.22","0","0","0","0","0","0","0","0","0","0","0","0","0","0","0","0","0","0","0","0","0","0","0","0","0","0","0","0","0","0","0","0","0","0","0","0","0","0","0","0","0","0","0","0","0","0","0","0","0","0","0","0","0","0","0","0","0","0","0","0","0","0","0","0","0","0","0","0","0","0","0","0","0","41283.403074632","41283.403074632","0"
"U14404500","","","USD","20260406","27.183074632","27.183074632","0","0","0","0","0","0","0","0","0","0","0","0","0","41410.26","41410.26","0","0","0","0","0","0","0","0","0","0","0","0","0","0","0","0","0","0","0","0","0","0","0","0","0","0","0","0","0","0","0","0","0","0","0","0","0","0","0","0","0","0","0","0","0","0","0","0","0","0","0","0","0","0","0","0","0","0","0","0","0","0","0","0","0","0","0","0","0","0","0","0","0","41437.443074632","41437.443074632","0"
"U14404500","","","USD","20260407","27.183074632","27.183074632","0","0","0","0","0","0","0","0","0","0","0","0","0","41489.07","41489.07","0","0","0","0","0","0","0","0","0","0","0","0","0","0","0","0","0","0","0","0","0","0","0","0","0","0","0","0","0","0","0","0","0","0","0","0","0","0","0","0","0","0","0","0","0","0","0","0","0","0","0","0","0","0","0","0","0","0","0","0","0","0","0","0","0","0","0","0","0","0","0","0","0","41516.253074632","41516.253074632","0"
"U14404500","","","USD","20260408","27.183074632","27.183074632","0","0","0","0","0","0","0","0","0","0","0","0","0","42413.93","42413.93","0","0","0","0","0","0","0","0","0","0","0","0","0","0","0","0","0","0","0","0","0","0","0","0","0","0","0","0","0","0","0","0","0","0","0","0","0","0","0","0","0","0","0","0","0","0","0","0","0","0","0","0","0","0","0","0","0","0","0","0","0","0","0","0","0","0","0","0","0","0","0","0","0","42441.113074632","42441.113074632","0"
"U14404500","","","USD","20260409","27.183074632","27.183074632","0","0","0","0","0","0","0","0","0","0","0","0","0","42684.58","42684.58","0","0","0","0","0","0","0","0","0","0","0","0","0","0","0","0","0","0","0","0","0","0","0","0","0","0","0","0","0","0","0","0","0","0","0","0","0","0","0","0","0","0","0","0","0","0","0","0","0","0","0","0","0","0","0","0","0","0","0","0","0","0","0","0","0","0","0","0","0","0","0","0","0","42711.763074632","42711.763074632","0"
"U14404500","","","USD","20260410","27.183074632","27.183074632","0","0","0","0","0","0","0","0","0","0","0","0","0","42657.66","42657.66","0","0","0","0","0","0","0","0","0","0","0","0","0","0","0","0","0","0","0","0","0","0","0","0","0","0","0","0","0","0","0","0","0","0","0","0","0","0","0","0","0","0","0","0","0","0","0","0","0","0","0","0","0","0","0","0","0","0","0","0","0","0","0","0","0","0","0","0","0","0","0","0","0","42684.843074632","42684.843074632","0"
"U14404500","","","USD","20260413","27.183074632","27.183074632","0","0","0","0","0","0","0","0","0","0","0","0","0","42973.53","42973.53","0","0","0","0","0","0","0","0","0","0","0","0","0","0","0","0","0","0","0","0","0","0","0","0","0","0","0","0","0","0","0","0","0","0","0","0","0","0","0","0","0","0","0","0","0","0","0","0","0","0","0","0","0","0","0","0","0","0","0","0","0","0","0","0","0","0","0","0","0","0","0","0","0","43000.713074632","43000.713074632","0"
"U14404500","","","USD","20260414","27.183074632","27.183074632","0","0","0","0","0","0","0","0","0","0","0","0","0","43559.15","43559.15","0","0","0","0","0","0","0","0","0","0","0","0","0","0","0","0","0","0","0","0","0","0","0","0","0","0","0","0","0","0","0","0","0","0","0","0","0","0","0","0","0","0","0","0","0","0","0","0","0","0","0","0","0","0","0","0","0","0","0","0","0","0","0","0","0","0","0","0","0","0","0","0","0","43586.333074632","43586.333074632","0"
"U14404500","","","USD","20260415","27.183074632","27.183074632","0","0","0","0","0","0","0","0","0","0","0","0","0","43782.16","43782.16","0","0","0","0","0","0","0","0","0","0","0","0","0","0","0","0","0","0","0","0","0","0","0","0","0","0","0","0","0","0","0","0","0","0","0","0","0","0","0","0","0","0","0","0","0","0","0","0","0","0","0","0","0","0","0","0","0","0","0","0","0","0","0","0","0","0","0","0","0","0","0","0","0","43809.343074632","43809.343074632","0"
"U14404500","","","USD","20260416","27.183074632","27.183074632","0","0","0","0","0","0","0","0","0","0","0","0","0","43867.94","43867.94","0","0","0","0","0","0","0","0","0","0","0","0","0","0","0","0","0","0","0","0","0","0","0","0","0","0","0","0","0","0","0","0","0","0","0","0","0","0","0","0","0","0","0","0","0","0","0","0","0","0","0","0","0","0","0","0","0","0","0","0","0","0","0","0","0","0","0","0","0","0","0","0","0","43895.123074632","43895.123074632","0"
"U14404500","","","USD","20260417","-2973.103745998","0","-2973.103745998","0","0","-2973.103745998","0","0","0","0","0","0","0","0","0","47423.96","47423.96","0","0","0","0","0","0","0","0","0","0","0","0","0","0","0","0","0","0","0","0","0","0","0","0","0","0","0","0","0","0","0","0","0","0","0","0","0","0","0","0","0","0","0","0","0","0","0","0","0","0","0","0","0","0","0","0","0","0","0","0","0","0","0","0","0","0","0","0","0","0","0","0","0","44450.856254002","47423.96","-2973.103745998"
"U14404500","","","USD","20260420","-2973.103745998","0","-2973.103745998","0","0","-2973.103745998","0","0","0","0","0","0","0","0","0","47271.35","47271.35","0","0","0","0","0","0","0","0","0","0","0","0","0","0","0","0","0","0","0","0","0","0","0","0","0","0","0","0","0","0","0","0","0","0","0","0","0","0","0","0","0","0","0","0","0","0","0","0","0","0","0","0","0","0","0","0","0","0","0","0","0","0","0","0","0","0","0","0","0","0","0","0","0","44298.246254002","47271.35","-2973.103745998"
"U14404500","","","USD","20260421","-2973.103745998","0","-2973.103745998","0","0","-2973.103745998","0","0","0","0","0","0","0","0","0","46800.37","46800.37","0","0","0","0","0","0","0","0","0","0","0","0","0","0","0","0","0","0","0","0","0","0","0","0","0","0","0","0","0","0","0","0","0","0","0","0","0","0","0","0","0","0","0","0","0","0","0","0","0","0","0","0","0","0","0","0","0","0","0","0","0","0","0","0","0","0","0","0","0","0","0","0","0","43827.266254002","46800.37","-2973.103745998"
"U14404500","","","USD","20260422","-2973.103745998","0","-2973.103745998","0","0","-2973.103745998","0","0","0","0","0","0","0","0","0","47332.32","47332.32","0","0","0","0","0","0","0","0","0","0","0","0","0","0","0","0","0","0","0","0","0","0","0","0","0","0.3","0.3","0","0","0","0","0","0","0","0","0","0","0","0","0","0","0","0","0","0","0","0","0","0","0","0","0","0","0","0","0","0","0","0","0","0","0","0","0","0","0","0","0","0","0","0","0","0","44359.516254002","47332.62","-2973.103745998"
"U14404500","","","USD","20260423","-2972.803745998","0","-2972.803745998","0","0","-2972.803745998","0","0","0","0","0","0","0","0","0","47091.83","47091.83","0","0","0","0","0","0","0","0","0","0","0","0","0","0","0","0","0","0","0","0","0","0","0","0","0","0","0","0","0","0","0","0","0","0","-1.26","0","-1.26","0","0","0","0","0","0","0","0","0","0","0","0","0","0","0","0","0","0","0","0","0","0","0","0","0","0","0","0","0","0","0","0","0","0","0","0","44117.766254002","47091.83","-2974.063745998"
"U14404500","","","USD","20260424","-2973.103332378","0","-2973.103332378","0","0","-2973.103332378","0","0","0","0","0","0","0","0","0","47441.47","47441.47","0","0","0","0","0","0","0","0","0","0","0","0","0","0","0","0","0","0","0","0","0","0","0","0","0","0","0","0","0","0","0","0","0","0","-1.26","0","-1.26","0","0","0","0","0","0","0","0","0","0","0","0","0","0","0","0","0","0","0","0","0","0","0","0","0","0","0","0","0","0","0","0","0","0","0","0","44467.106667622","47441.47","-2974.363332378"
"U14404500","","","USD","20260427","-2973.103332378","0","-2973.103332378","0","0","-2973.103332378","0","0","0","0","0","0","0","0","0","47439.97","47439.97","0","0","0","0","0","0","0","0","0","0","0","0","0","0","0","0","0","0","0","0","0","0","0","0","0","0","0","0","0","0","0","0","0","0","-2.94","0","-2.94","0","0","0","0","0","0","0","0","0","0","0","0","0","0","0","0","0","0","0","0","0","0","0","0","0","0","0","0","0","0","0","0","0","0","0","0","44463.926667622","47439.97","-2976.043332378"
"U14404500","","","USD","20260428","26.896667622","26.896667622","0","0","0","0","0","0","0","0","0","0","0","0","0","47115.1","47115.1","0","0","0","0","0","0","0","0","0","0","0","0","0","0","0","0","0","0","0","0","0","0","0","0","0","0","0","0","0","0","0","0","0","0","-2.94","0","-2.94","0","0","0","0","0","0","0","0","0","0","0","0","0","0","0","0","0","0","0","0","0","0","0","0","0","0","0","0","0","0","0","0","0","0","0","0","47139.056667622","47141.996667622","-2.94"
"U14404500","","","USD","20260429","26.896667622","26.896667622","0","0","0","0","0","0","0","0","0","0","0","0","0","47031.54","47031.54","0","0","0","0","0","0","0","0","0","0","0","0","0","0","0","0","0","0","0","0","0","0","0","0","0","0","0","0","0","0","0","0","0","0","-2.94","0","-2.94","0","0","0","0","0","0","0","0","0","0","0","0","0","0","0","0","0","0","0","0","0","0","0","0","0","0","0","0","0","0","0","0","0","0","0","0","47055.496667622","47058.436667622","-2.94"
"U14404500","","","USD","20260430","26.896667622","26.896667622","0","0","0","0","0","0","0","0","0","0","0","0","0","47523.37","47523.37","0","0","0","0","0","0","0","0","0","0","0","0","0","0","0","0","0","0","0","0","0","0","0","0","0","0","0","0","0","0","0","0","0","0","-2.94","0","-2.94","0","0","0","0","0","0","0","0","0","0","0","0","0","0","0","0","0","0","0","0","0","0","0","0","0","0","0","0","0","0","0","0","0","0","0","0","47547.326667622","47550.266667622","-2.94"
"U14404500","","","USD","20260501","26.896667622","26.896667622","0","0","0","0","0","0","0","0","0","0","0","0","0","47655.61","47655.61","0","0","0","0","0","0","0","0","0","0","0","0","0","0","0","0","0","0","0","0","0","0","0","0","0","0","0","0","0","0","0","0","0","0","-3.36","0","-3.36","0","0","0","0","0","0","0","0","0","0","0","0","0","0","0","0","0","0","0","0","0","0","0","0","0","0","0","0","0","0","0","0","0","0","0","0","47679.146667622","47682.506667622","-3.36"
"U14404500","","","USD","20260504","26.896667622","26.896667622","0","0","0","0","0","0","0","0","0","0","0","0","0","47389.3","47389.3","0","0","0","0","0","0","0","0","0","0","0","0","0","0","0","0","0","0","0","0","0","0","0","0","0","0","0","0","0","0","0","0","0","0","-3.36","0","-3.36","0","0","0","0","0","0","0","0","0","0","0","0","0","0","0","0","0","0","0","0","0","0","0","0","0","0","0","0","0","0","0","0","0","0","0","0","47412.836667622","47416.196667622","-3.36"
"U14404500","","","USD","20260505","23.536667622","23.536667622","0","0","0","0","0","0","0","0","0","0","0","0","0","47776.21","47776.21","0","0","0","0","0","0","0","0","0","0","0","0","0","0","0","0","0","0","0","0","0","0","0","0","0","0","0","0","0","0","0","0","0","0","0","0","0","0","0","0","0","0","0","0","0","0","0","0","0","0","0","0","0","0","0","0","0","0","0","0","0","0","0","0","0","0","0","0","0","0","0","0","0","47799.746667622","47799.746667622","0"
"U14404500","","","USD","20260506","23.536667622","23.536667622","0","0","0","0","0","0","0","0","0","0","0","0","0","48548.08","48548.08","0","0","0","0","0","0","0","0","0","0","0","0","0","0","0","0","0","0","0","0","0","0","0","0","0","0","0","0","0","0","0","0","0","0","0","0","0","0","0","0","0","0","0","0","0","0","0","0","0","0","0","0","0","0","0","0","0","0","0","0","0","0","0","0","0","0","0","0","0","0","0","0","0","48571.616667622","48571.616667622","0"
"U14404500","","","USD","20260507","14797.664093682","14797.664093682","0","0","0","0","0","0","0","0","0","0","0","0","0","33623","33623","0","0","0","0","0","0","0","0","0","0","0","0","0","0","0","0","0","0","0","0","0","0","0","0","0","0","0","0","0","0","0","0","0","0","0","0","0","0","0","0","0","0","0","0","0","0","0","0","0","0","0","0","0","0","0","0","0","0","0","0","0","0","0","0","0","0","0","0","0","0","0","0","0","48420.664093682","48420.664093682","0"
"U14404500","","","USD","20260508","2.345316707","2.345316707","0","0","0","0","0","0","0","0","0","0","0","0","0","48720.91","48720.91","0","0","0","0","0","0","0","0","0","0","0","0","0","0","0","0","0","0","0","0","0","0","0","0","0","0","0","0","0","0","0","0","0","0","0","0","0","0","0","0","0","0","0","0","0","0","0","0","0","0","0","0","0","0","0","0","0","0","0","0","0","0","0","0","0","0","0","0","0","0","0","0","0","48723.255316707","48723.255316707","0"
"U14404500","","","USD","20260511","2.345316707","2.345316707","0","0","0","0","0","0","0","0","0","0","0","0","0","48854.21","48854.21","0","0","0","0","0","0","0","0","0","0","0","0","0","0","0","0","0","0","0","0","0","0","0","0","0","0","0","0","0","0","0","0","0","0","0","0","0","0","0","0","0","0","0","0","0","0","0","0","0","0","0","0","0","0","0","0","0","0","0","0","0","0","0","0","0","0","0","0","0","0","0","0","0","48856.555316707","48856.555316707","0"
"U14404500","","","USD","20260512","2.345316707","2.345316707","0","0","0","0","0","0","0","0","0","0","0","0","0","48757.53","48757.53","0","0","0","0","0","0","0","0","0","0","0","0","0","0","0","0","0","0","0","0","0","0","0","0","0","0","0","0","0","0","0","0","0","0","0","0","0","0","0","0","0","0","0","0","0","0","0","0","0","0","0","0","0","0","0","0","0","0","0","0","0","0","0","0","0","0","0","0","0","0","0","0","0","48759.875316707","48759.875316707","0"
"U14404500","","","USD","20260513","2.345316707","2.345316707","0","0","0","0","0","0","0","0","0","0","0","0","0","48925.94","48925.94","0","0","0","0","0","0","0","0","0","0","0","0","0","0","0","0","0","0","0","0","0","0","0","0","0","0","0","0","0","0","0","0","0","0","0","0","0","0","0","0","0","0","0","0","0","0","0","0","0","0","0","0","0","0","0","0","0","0","0","0","0","0","0","0","0","0","0","0","0","0","0","0","0","48928.285316707","48928.285316707","0"
"U14404500","","","USD","20260514","2.345316707","2.345316707","0","0","0","0","0","0","0","0","0","0","0","0","0","49217.07","49217.07","0","0","0","0","0","0","0","0","0","0","0","0","0","0","0","0","0","0","0","0","0","0","0","0","0","0","0","0","0","0","0","0","0","0","0","0","0","0","0","0","0","0","0","0","0","0","0","0","0","0","0","0","0","0","0","0","0","0","0","0","0","0","0","0","0","0","0","0","0","0","0","0","0","49219.415316707","49219.415316707","0"
"U14404500","","","USD","20260515","2.345316707","2.345316707","0","0","0","0","0","0","0","0","0","0","0","0","0","48532.23","48532.23","0","0","0","0","0","0","0","0","0","0","0","0","0","0","0","0","0","0","0","0","0","0","0","0","0","0","0","0","0","0","0","0","0","0","0","0","0","0","0","0","0","0","0","0","0","0","0","0","0","0","0","0","0","0","0","0","0","0","0","0","0","0","0","0","0","0","0","0","0","0","0","0","0","48534.575316707","48534.575316707","0"
"U14404500","","","USD","20260518","2.345316707","2.345316707","0","0","0","0","0","0","0","0","0","0","0","0","0","48488.84","48488.84","0","0","0","0","0","0","0","0","0","0","0","0","0","0","0","0","0","0","0","0","0","0","0","0","0","0","0","0","0","0","0","0","0","0","0","0","0","0","0","0","0","0","0","0","0","0","0","0","0","0","0","0","0","0","0","0","0","0","0","0","0","0","0","0","0","0","0","0","0","0","0","0","0","48491.185316707","48491.185316707","0"
"U14404500","","","USD","20260519","2.345316707","2.345316707","0","0","0","0","0","0","0","0","0","0","0","0","0","48116.59","48116.59","0","0","0","0","0","0","0","0","0","0","0","0","0","0","0","0","0","0","0","0","0","0","0","0","0","0","0","0","0","0","0","0","0","0","0","0","0","0","0","0","0","0","0","0","0","0","0","0","0","0","0","0","0","0","0","0","0","0","0","0","0","0","0","0","0","0","0","0","0","0","0","0","0","48118.935316707","48118.935316707","0"
"U14404500","","","USD","20260520","2.345316707","2.345316707","0","0","0","0","0","0","0","0","0","0","0","0","0","48641.14","48641.14","0","0","0","0","0","0","0","0","0","0","0","0","0","0","0","0","0","0","0","0","0","0","0","0","0","0.26","0.26","0","0","0","0","0","0","0","0","0","0","0","0","0","0","0","0","0","0","0","0","0","0","0","0","0","0","0","0","0","0","0","0","0","0","0","0","0","0","0","0","0","0","0","0","0","0","48643.745316707","48643.745316707","0"
"U14404500","","","USD","20260521","2.605316707","2.605316707","0","0","0","0","0","0","0","0","0","0","0","0","0","48715.67","48715.67","0","0","0","0","0","0","0","0","0","0","0","0","0","0","0","0","0","0","0","0","0","0","0","0","0","0","0","0","0","0","0","0","0","0","0","0","0","0","0","0","0","0","0","0","0","0","0","0","0","0","0","0","0","0","0","0","0","0","0","0","0","0","0","0","0","0","0","0","0","0","0","0","0","48718.275316707","48718.275316707","0"
"U14404500","","","USD","20260522","2.345458915","2.345458915","0","0","0","0","0","0","0","0","0","0","0","0","0","48809.64","48809.64","0","0","0","0","0","0","0","0","0","0","0","0","0","0","0","0","0","0","0","0","0","0","0","0","0","0","0","0","0","0","0","0","0","0","0","0","0","0","0","0","0","0","0","0","0","0","0","0","0","0","0","0","0","0","0","0","0","0","0","0","0","0","0","0","0","0","0","0","0","0","0","0","0","48811.985458915","48811.985458915","0"
"U14404500","","","USD","20260525","2.345458915","2.345458915","0","0","0","0","0","0","0","0","0","0","0","0","0","48809.64","48809.64","0","0","0","0","0","0","0","0","0","0","0","0","0","0","0","0","0","0","0","0","0","0","0","0","0","0","0","0","0","0","0","0","0","0","0","0","0","0","0","0","0","0","0","0","0","0","0","0","0","0","0","0","0","0","0","0","0","0","0","0","0","0","0","0","0","0","0","0","0","0","0","0","0","48811.985458915","48811.985458915","0"
"U14404500","","","USD","20260526","2.345458915","2.345458915","0","0","0","0","0","0","0","0","0","0","0","0","0","49076.1","49076.1","0","0","0","0","0","0","0","0","0","0","0","0","0","0","0","0","0","0","0","0","0","0","0","0","0","0","0","0","0","0","0","0","0","0","0","0","0","0","0","0","0","0","0","0","0","0","0","0","0","0","0","0","0","0","0","0","0","0","0","0","0","0","0","0","0","0","0","0","0","0","0","0","0","49078.445458915","49078.445458915","0"
"U14404500","","","USD","20260527","2.345458915","2.345458915","0","0","0","0","0","0","0","0","0","0","0","0","0","48979.71","48979.71","0","0","0","0","0","0","0","0","0","0","0","0","0","0","0","0","0","0","0","0","0","0","0","0","0","0","0","0","0","0","0","0","0","0","0","0","0","0","0","0","0","0","0","0","0","0","0","0","0","0","0","0","0","0","0","0","0","0","0","0","0","0","0","0","0","0","0","0","0","0","0","0","0","48982.055458915","48982.055458915","0"
"U14404500","","","USD","20260528","2.345458915","2.345458915","0","0","0","0","0","0","0","0","0","0","0","0","0","49269.37","49269.37","0","0","0","0","0","0","0","0","0","0","0","0","0","0","0","0","0","0","0","0","0","0","0","0","0","0","0","0","0","0","0","0","0","0","0","0","0","0","0","0","0","0","0","0","0","0","0","0","0","0","0","0","0","0","0","0","0","0","0","0","0","0","0","0","0","0","0","0","0","0","0","0","0","49271.715458915","49271.715458915","0"
"U14404500","","","USD","20260529","2.345458915","2.345458915","0","0","0","0","0","0","0","0","0","0","0","0","0","49437.25","49437.25","0","0","0","0","0","0","0","0","0","0","0","0","0","0","0","0","0","0","0","0","0","0","0","0","0","0","0","0","0","0","0","0","0","0","0","0","0","0","0","0","0","0","0","0","0","0","0","0","0","0","0","0","0","0","0","0","0","0","0","0","0","0","0","0","0","0","0","0","0","0","0","0","0","49439.595458915","49439.595458915","0"
"U14404500","","","USD","20260601","2101.338752411","2101.338752411","0","0","0","0","0","0","0","0","0","0","0","0","0","47327.59","47327.59","0","0","0","0","0","0","0","0","0","0","0","0","0","0","0","0","0","0","0","0","0","0","0","0","0","0","0","0","0","0","0","0","0","0","0.6","0.6","0","0","0","0","0","0","0","0","0","0","0","0","0","0","0","0","0","0","0","0","0","0","0","0","0","0","0","0","0","0","0","0","0","0","0","0","0","49429.528752411","49429.528752411","0"
"U14404500","","","USD","20260602","4601.338752411","4601.338752411","0","0","0","0","0","0","0","0","0","0","0","0","0","47343.71","47343.71","0","0","0","0","0","0","0","0","0","0","0","0","0","0","0","0","0","0","0","0","0","0","0","0","0","0","0","0","0","0","0","0","0","0","0.6","0.6","0","0","0","0","0","0","0","0","0","0","0","0","0","0","0","0","0","0","0","0","0","0","0","0","0","0","0","0","0","0","0","0","0","0","0","0","0","51945.648752411","51945.648752411","0"
"U14404500","","","USD","20260603","4601.938752411","4601.938752411","0","0","0","0","0","0","0","0","0","0","0","0","0","46976.41","46976.41","0","0","0","0","0","0","0","0","0","0","0","0","0","0","0","0","0","0","0","0","0","0","0","0","0","0","0","0","0","0","0","0","0","0","0","0","0","0","0","0","0","0","0","0","0","0","0","0","0","0","0","0","0","0","0","0","0","0","0","0","0","0","0","0","0","0","0","0","0","0","0","0","0","51578.348752411","51578.348752411","0"
"U14404500","","","USD","20260604","4601.938752411","4601.938752411","0","0","0","0","0","0","0","0","0","0","0","0","0","47163.19","47163.19","0","0","0","0","0","0","0","0","0","0","0","0","0","0","0","0","0","0","0","0","0","0","0","0","0","0","0","0","0","0","0","0","0","0","0","0","0","0","0","0","0","0","0","0","0","0","0","0","0","0","0","0","0","0","0","0","0","0","0","0","0","0","0","0","0","0","0","0","0","0","0","0","0","51765.128752411","51765.128752411","0"
"U14404500","","","USD","20260605","4601.938752411","4601.938752411","0","0","0","0","0","0","0","0","0","0","0","0","0","45849.75","45849.75","0","0","0","0","0","0","0","0","0","0","0","0","0","0","0","0","0","0","0","0","0","0","0","0","0","0","0","0","0","0","0","0","0","0","0","0","0","0","0","0","0","0","0","0","0","0","0","0","0","0","0","0","0","0","0","0","0","0","0","0","0","0","0","0","0","0","0","0","0","0","0","0","0","50451.688752411","50451.688752411","0"
"U14404500","","","USD","20260608","4601.938752411","4601.938752411","0","0","0","0","0","0","0","0","0","0","0","0","0","45994.64","45994.64","0","0","0","0","0","0","0","0","0","0","0","0","0","0","0","0","0","0","0","0","0","0","0","0","0","0","0","0","0","0","0","0","0","0","0","0","0","0","0","0","0","0","0","0","0","0","0","0","0","0","0","0","0","0","0","0","0","0","0","0","0","0","0","0","0","0","0","0","0","0","0","0","0","50596.578752411","50596.578752411","0"
"U14404500","","","USD","20260609","4601.938752411","4601.938752411","0","0","0","0","0","0","0","0","0","0","0","0","0","45766.47","45766.47","0","0","0","0","0","0","0","0","0","0","0","0","0","0","0","0","0","0","0","0","0","0","0","0","0","0","0","0","0","0","0","0","0","0","0","0","0","0","0","0","0","0","0","0","0","0","0","0","0","0","0","0","0","0","0","0","0","0","0","0","0","0","0","0","0","0","0","0","0","0","0","0","0","50368.408752411","50368.408752411","0"
"U14404500","","","USD","20260610","4601.938752411","4601.938752411","0","0","0","0","0","0","0","0","0","0","0","0","0","44895.72","44895.72","0","0","0","0","0","0","0","0","0","0","0","0","0","0","0","0","0","0","0","0","0","0","0","0","0","0","0","0","0","0","0","0","0","0","0","0","0","0","0","0","0","0","0","0","0","0","0","0","0","0","0","0","0","0","0","0","0","0","0","0","0","0","0","0","0","0","0","0","0","0","0","0","0","49497.658752411","49497.658752411","0"
"U14404500","","","USD","20260611","4601.938752411","4601.938752411","0","0","0","0","0","0","0","0","0","0","0","0","0","45739.77","45739.77","0","0","0","0","0","0","0","0","0","0","0","0","0","0","0","0","0","0","0","0","0","0","0","0","0","0","0","0","0","0","0","0","0","0","0","0","0","0","0","0","0","0","0","0","0","0","0","0","0","0","0","0","0","0","0","0","0","0","0","0","0","0","0","0","0","0","0","0","0","0","0","0","0","50341.708752411","50341.708752411","0"
"U14404500","","","USD","20260612","4601.938752411","4601.938752411","0","0","0","0","0","0","0","0","0","0","0","0","0","45958.85","45958.85","0","0","0","0","0","0","0","0","0","0","0","0","0","0","0","0","0","0","0","0","0","0","0","0","0","0","0","0","0","0","0","0","0","0","0","0","0","0","0","0","0","0","0","0","0","0","0","0","0","0","0","0","0","0","0","0","0","0","0","0","0","0","0","0","0","0","0","0","0","0","0","0","0","50560.788752411","50560.788752411","0"
"U14404500","","","USD","20260615","1.544207995","1.544207995","0","0","0","0","0","0","0","0","0","0","0","0","0","51446.92","51446.92","0","0","0","0","0","0","0","0","0","0","0","0","0","0","0","0","0","0","0","0","0","0","0","0","0","0","0","0","0","0","0","0","0","0","0","0","0","0","0","0","0","0","0","0","0","0","0","0","0","0","0","0","0","0","0","0","0","0","0","0","0","0","0","0","0","0","0","0","0","0","0","0","0","51448.464207995","51448.464207995","0"
"U14404500","","","USD","20260616","1.544207995","1.544207995","0","0","0","0","0","0","0","0","0","0","0","0","0","51217.08","51217.08","0","0","0","0","0","0","0","0","0","0","0","0","0","0","0","0","0","0","0","0","0","0","0","0","0","0","0","0","0","0","0","0","0","0","0","0","0","0","0","0","0","0","0","0","0","0","0","0","0","0","0","0","0","0","0","0","0","0","0","0","0","0","0","0","0","0","0","0","0","0","0","0","0","51218.624207995","51218.624207995","0"
"U14404500","","","USD","20260617","1.544207995","1.544207995","0","0","0","0","0","0","0","0","0","0","0","0","0","50579.03","50579.03","0","0","0","0","0","0","0","0","0","0","0","0","0","0","0","0","0","0","0","0","0","0","0","0","0","0.24","0.24","0","0","0","0","0","0","0","0","0","0","0","0","0","0","0","0","0","0","0","0","0","0","0","0","0","0","0","0","0","0","0","0","0","0","0","0","0","0","0","0","0","0","0","0","0","0","50580.814207995","50580.814207995","0"
"U14404500","","","USD","20260618","1.784207995","1.784207995","0","0","0","0","0","0","0","0","0","0","0","0","0","50923.53","50923.53","0","0","0","0","0","0","0","0","0","0","0","0","0","0","0","0","0","0","0","0","0","0","0","0","0","0","0","0","0","0","0","0","0","0","0","0","0","0","0","0","0","0","0","0","0","0","0","0","0","0","0","0","0","0","0","0","0","0","0","0","0","0","0","0","0","0","0","0","0","0","0","0","0","50925.314207995","50925.314207995","0"
"U14404500","","","USD","20260619","1.784207995","1.784207995","0","0","0","0","0","0","0","0","0","0","0","0","0","50923.53","50923.53","0","0","0","0","0","0","0","0","0","0","0","0","0","0","0","0","0","0","0","0","0","0","0","0","0","0","0","0","0","0","0","0","0","0","0","0","0","0","0","0","0","0","0","0","0","0","0","0","0","0","0","0","0","0","0","0","0","0","0","0","0","0","0","0","0","0","0","0","0","0","0","0","0","50925.314207995","50925.314207995","0"
"U14404500","","","USD","20260622","1.544393714","1.544393714","0","0","0","0","0","0","0","0","0","0","0","0","0","50791.47","50791.47","0","0","0","0","0","0","0","0","0","0","0","0","0","0","0","0","0","0","0","0","0","0","0","0","0","0","0","0","0","0","0","0","0","0","0","0","0","0","0","0","0","0","0","0","0","0","0","0","0","0","0","0","0","0","0","0","0","0","0","0","0","0","0","0","0","0","0","0","0","0","0","0","0","50793.014393714","50793.014393714","0"
"U14404500","","","USD","20260623","1.544393714","1.544393714","0","0","0","0","0","0","0","0","0","0","0","0","0","50091.6","50091.6","0","0","0","0","0","0","0","0","0","0","0","0","0","0","0","0","0","0","0","0","0","0","0","0","0","0","0","0","0","0","0","0","0","0","0","0","0","0","0","0","0","0","0","0","0","0","0","0","0","0","0","0","0","0","0","0","0","0","0","0","0","0","0","0","0","0","0","0","0","0","0","0","0","50093.144393714","50093.144393714","0"
"U14404500","","","USD","20260624","1.544393714","1.544393714","0","0","0","0","0","0","0","0","0","0","0","0","0","49845.67","49845.67","0","0","0","0","0","0","0","0","0","0","0","0","0","0","0","0","0","0","0","0","0","0","0","0","0","0","0","0","0","0","0","0","0","0","0","0","0","0","0","0","0","0","0","0","0","0","0","0","0","0","0","0","0","0","0","0","0","0","0","0","0","0","0","0","0","0","0","0","0","0","0","0","0","49847.214393714","49847.214393714","0"
"U14404500","","","USD","20260625","1.544393714","1.544393714","0","0","0","0","0","0","0","0","0","0","0","0","0","49899.91","49899.91","0","0","0","0","0","0","0","0","0","0","0","0","0","0","0","0","0","0","0","0","0","0","0","0","0","0","0","0","0","0","0","0","0","0","0","0","0","0","0","0","0","0","0","0","0","0","0","0","0","0","0","0","0","0","0","0","0","0","0","0","0","0","0","0","0","0","0","0","0","0","0","0","0","49901.454393714","49901.454393714","0"
"U14404500","","","USD","20260626","1.544393714","1.544393714","0","0","0","0","0","0","0","0","0","0","0","0","0","49670.07","49670.07","0","0","0","0","0","0","0","0","0","0","0","0","0","0","0","0","0","0","0","0","0","0","0","0","0","95.84","95.84","0","0","0","0","0","0","0","0","0","0","0","0","0","0","0","0","0","0","0","0","0","0","0","0","0","0","0","0","0","0","0","0","0","0","0","0","0","0","0","0","0","0","0","0","0","0","49767.454393714","49767.454393714","0"
"U14404500","","","USD","20260629","1.544393714","1.544393714","0","0","0","0","0","0","0","0","0","0","0","0","0","50219.96","50219.96","0","0","0","0","0","0","0","0","0","0","0","0","0","0","0","0","0","0","0","0","0","0","0","0","0","95.84","95.84","0","0","0","0","0","0","0","0","0","0","0","0","0","0","0","0","0","0","0","0","0","0","0","0","0","0","0","0","0","0","0","0","0","0","0","0","0","0","0","0","0","0","0","0","0","0","50317.344393714","50317.344393714","0"
"U14404500","","","USD","20260630","97.384393714","97.384393714","0","0","0","0","0","0","0","0","0","0","0","0","0","50535.13","50535.13","0","0","0","0","0","0","0","0","0","0","0","0","0","0","0","0","0","0","0","0","0","0","0","0","0","0","0","0","0","0","0","0","0","0","0","0","0","0","0","0","0","0","0","0","0","0","0","0","0","0","0","0","0","0","0","0","0","0","0","0","0","0","0","0","0","0","0","0","0","0","0","0","0","50632.514393714","50632.514393714","0"
"U14404500","","","USD","20260701","1.220765358","1.220765358","0","0","0","0","0","0","0","0","0","0","0","0","0","53429.94","53429.94","0","0","0","0","0","0","0","0","0","0","0","0","0","0","0","0","0","0","0","0","0","0","0","0","0","11.5","11.5","0","0","0","0","0","0","0","0","0","0","0","0","0","0","0","0","0","0","0","0","0","0","0","0","0","0","0","0","0","0","0","0","0","0","0","0","0","0","0","0","0","0","0","0","0","0","53442.660765358","53442.660765358","0"
"U14404500","","","USD","20260702","1.220765358","1.220765358","0","0","0","0","0","0","0","0","0","0","0","0","0","53530.77","53530.77","0","0","0","0","0","0","0","0","0","0","0","0","0","0","0","0","0","0","0","0","0","0","0","0","0","11.5","11.5","0","0","0","0","0","0","0","0","0","0","0","0","0","0","0","0","0","0","0","0","0","0","0","0","0","0","0","0","0","0","0","0","0","0","0","0","0","0","0","0","0","0","0","0","0","0","53543.490765358","53543.490765358","0"
"U14404500","","","USD","20260703","1.220765358","1.220765358","0","0","0","0","0","0","0","0","0","0","0","0","0","53530.77","53530.77","0","0","0","0","0","0","0","0","0","0","0","0","0","0","0","0","0","0","0","0","0","0","0","0","0","11.5","11.5","0","0","0","0","0","0","0","0","0","0","0","0","0","0","0","0","0","0","0","0","0","0","0","0","0","0","0","0","0","0","0","0","0","0","0","0","0","0","0","0","0","0","0","0","0","0","53543.490765358","53543.490765358","0"
"U14404500","","","USD","20260706","1.220765358","1.220765358","0","0","0","0","0","0","0","0","0","0","0","0","0","53972.87","53972.87","0","0","0","0","0","0","0","0","0","0","0","0","0","0","0","0","0","0","0","0","0","0","0","0","0","11.5","11.5","0","0","0","0","0","0","0","0","0","0","0","0","0","0","0","0","0","0","0","0","0","0","0","0","0","0","0","0","0","0","0","0","0","0","0","0","0","0","0","0","0","0","0","0","0","0","53985.590765358","53985.590765358","0"
"U14404500","","","USD","20260707","12.720765358","12.720765358","0","0","0","0","0","0","0","0","0","0","0","0","0","53683.11","53683.11","0","0","0","0","0","0","0","0","0","0","0","0","0","0","0","0","0","0","0","0","0","0","0","0","0","0","0","0","0","0","0","0","0","0","0","0","0","0","0","0","0","0","0","0","0","0","0","0","0","0","0","0","0","0","0","0","0","0","0","0","0","0","0","0","0","0","0","0","0","0","0","0","0","53695.830765358","53695.830765358","0"
"U14404500","","","USD","20260708","1.215471919","1.215471919","0","0","0","0","0","0","0","0","0","0","0","0","0","53510.99","53510.99","0","0","0","0","0","0","0","0","0","0","0","0","0","0","0","0","0","0","0","0","0","0","0","0","0","0","0","0","0","0","0","0","0","0","0","0","0","0","0","0","0","0","0","0","0","0","0","0","0","0","0","0","0","0","0","0","0","0","0","0","0","0","0","0","0","0","0","0","0","0","0","0","0","53512.205471919","53512.205471919","0"
"U14404500","","","USD","20260709","1.215471919","1.215471919","0","0","0","0","0","0","0","0","0","0","0","0","0","53915.39","53915.39","0","0","0","0","0","0","0","0","0","0","0","0","0","0","0","0","0","0","0","0","0","0","0","0","0","0","0","0","0","0","0","0","0","0","0","0","0","0","0","0","0","0","0","0","0","0","0","0","0","0","0","0","0","0","0","0","0","0","0","0","0","0","0","0","0","0","0","0","0","0","0","0","0","53916.605471919","53916.605471919","0"
"U14404500","","","USD","20260710","1.215471919","1.215471919","0","0","0","0","0","0","0","0","0","0","0","0","0","54096.97","54096.97","0","0","0","0","0","0","0","0","0","0","0","0","0","0","0","0","0","0","0","0","0","0","0","0","0","0","0","0","0","0","0","0","0","0","0","0","0","0","0","0","0","0","0","0","0","0","0","0","0","0","0","0","0","0","0","0","0","0","0","0","0","0","0","0","0","0","0","0","0","0","0","0","0","54098.185471919","54098.185471919","0"
"U14404500","","","USD","20260713","1.215471919","1.215471919","0","0","0","0","0","0","0","0","0","0","0","0","0","53593.66","53593.66","0","0","0","0","0","0","0","0","0","0","0","0","0","0","0","0","0","0","0","0","0","0","0","0","0","0","0","0","0","0","0","0","0","0","0","0","0","0","0","0","0","0","0","0","0","0","0","0","0","0","0","0","0","0","0","0","0","0","0","0","0","0","0","0","0","0","0","0","0","0","0","0","0","53594.875471919","53594.875471919","0"
"U14404500","","","USD","20260714","1.215471919","1.215471919","0","0","0","0","0","0","0","0","0","0","0","0","0","53854.61","53854.61","0","0","0","0","0","0","0","0","0","0","0","0","0","0","0","0","0","0","0","0","0","0","0","0","0","0","0","0","0","0","0","0","0","0","0","0","0","0","0","0","0","0","0","0","0","0","0","0","0","0","0","0","0","0","0","0","0","0","0","0","0","0","0","0","0","0","0","0","0","0","0","0","0","53855.825471919","53855.825471919","0"
"U14404500","","","USD","20260715","1.215471919","1.215471919","0","0","0","0","0","0","0","0","0","0","0","0","0","54027.12","54027.12","0","0","0","0","0","0","0","0","0","0","0","0","0","0","0","0","0","0","0","0","0","0","0","0","0","0","0","0","0","0","0","0","0","0","0","0","0","0","0","0","0","0","0","0","0","0","0","0","0","0","0","0","0","0","0","0","0","0","0","0","0","0","0","0","0","0","0","0","0","0","0","0","0","54028.335471919","54028.335471919","0"
"U14404500","","","USD","20260716","1.215471919","1.215471919","0","0","0","0","0","0","0","0","0","0","0","0","0","53680.59","53680.59","0","0","0","0","0","0","0","0","0","0","0","0","0","0","0","0","0","0","0","0","0","0","0","0","0","0","0","0","0","0","0","0","0","0","0","0","0","0","0","0","0","0","0","0","0","0","0","0","0","0","0","0","0","0","0","0","0","0","0","0","0","0","0","0","0","0","0","0","0","0","0","0","0","53681.805471919","53681.805471919","0"
"U14404500","","","USD","20260717","1.215471919","1.215471919","0","0","0","0","0","0","0","0","0","0","0","0","0","53302.27","53302.27","0","0","0","0","0","0","0","0","0","0","0","0","0","0","0","0","0","0","0","0","0","0","0","0","0","0","0","0","0","0","0","0","0","0","0","0","0","0","0","0","0","0","0","0","0","0","0","0","0","0","0","0","0","0","0","0","0","0","0","0","0","0","0","0","0","0","0","0","0","0","0","0","0","53303.485471919","53303.485471919","0"
"U14404500","","","USD","20260720","1.215471919","1.215471919","0","0","0","0","0","0","0","0","0","0","0","0","0","53246.53","53246.53","0","0","0","0","0","0","0","0","0","0","0","0","0","0","0","0","0","0","0","0","0","0","0","0","0","0","0","0","0","0","0","0","0","0","0","0","0","0","0","0","0","0","0","0","0","0","0","0","0","0","0","0","0","0","0","0","0","0","0","0","0","0","0","0","0","0","0","0","0","0","0","0","0","53247.745471919","53247.745471919","0"
"U14404500","","","USD","20260721","1.215471919","1.215471919","0","0","0","0","0","0","0","0","0","0","0","0","0","53721.81","53721.81","0","0","0","0","0","0","0","0","0","0","0","0","0","0","0","0","0","0","0","0","0","0","0","0","0","0","0","0","0","0","0","0","0","0","0","0","0","0","0","0","0","0","0","0","0","0","0","0","0","0","0","0","0","0","0","0","0","0","0","0","0","0","0","0","0","0","0","0","0","0","0","0","0","53723.025471919","53723.025471919","0"
"U14404500","","","USD","20260722","1.215471919","1.215471919","0","0","0","0","0","0","0","0","0","0","0","0","0","53731.1","53731.1","0","0","0","0","0","0","0","0","0","0","0","0","0","0","0","0","0","0","0","0","0","0","0","0","0","0.26","0.26","0","0","0","0","0","0","0","0","0","0","0","0","0","0","0","0","0","0","0","0","0","0","0","0","0","0","0","0","0","0","0","0","0","0","0","0","0","0","0","0","0","0","0","0","0","0","53732.575471919","53732.575471919","0"
"U14404500","","","USD","20260723","1.475471919","1.475471919","0","0","0","0","0","0","0","0","0","0","0","0","0","53077.95","53077.95","0","0","0","0","0","0","0","0","0","0","0","0","0","0","0","0","0","0","0","0","0","0","0","0","0","0","0","0","0","0","0","0","0","0","0","0","0","0","0","0","0","0","0","0","0","0","0","0","0","0","0","0","0","0","0","0","0","0","0","0","0","0","0","0","0","0","0","0","0","0","0","0","0","53079.425471919","53079.425471919","0"
"U14404500","","","USD","20260724","1.215374313","1.215374313","0","0","0","0","0","0","0","0","0","0","0","0","0","53109.72","53109.72","0","0","0","0","0","0","0","0","0","0","0","0","0","0","0","0","0","0","0","0","0","0","0","0","0","0","0","0","0","0","0","0","0","0","0","0","0","0","0","0","0","0","0","0","0","0","0","0","0","0","0","0","0","0","0","0","0","0","0","0","0","0","0","0","0","0","0","0","0","0","0","0","0","53110.935374313","53110.935374313","0"
"U14404500","","","USD","20260727","1.215374313","1.215374313","0","0","0","0","0","0","0","0","0","0","0","0","0","53175","53175","0","0","0","0","0","0","0","0","0","0","0","0","0","0","0","0","0","0","0","0","0","0","0","0","0","0","0","0","0","0","0","0","0","0","0","0","0","0","0","0","0","0","0","0","0","0","0","0","0","0","0","0","0","0","0","0","0","0","0","0","0","0","0","0","0","0","0","0","0","0","0","0","0","53176.215374313","53176.215374313","0"
"U14404500","","","USD","20260728","1.215374313","1.215374313","0","0","0","0","0","0","0","0","0","0","0","0","0","53182.71","53182.71","0","0","0","0","0","0","0","0","0","0","0","0","0","0","0","0","0","0","0","0","0","0","0","0","0","0","0","0","0","0","0","0","0","0","0","0","0","0","0","0","0","0","0","0","0","0","0","0","0","0","0","0","0","0","0","0","0","0","0","0","0","0","0","0","0","0","0","0","0","0","0","0","0","53183.925374313","53183.925374313","0"
"U14404500","","","USD","20260729","1.215374313","1.215374313","0","0","0","0","0","0","0","0","0","0","0","0","0","52567.78","52567.78","0","0","0","0","0","0","0","0","0","0","0","0","0","0","0","0","0","0","0","0","0","0","0","0","0","0","0","0","0","0","0","0","0","0","0","0","0","0","0","0","0","0","0","0","0","0","0","0","0","0","0","0","0","0","0","0","0","0","0","0","0","0","0","0","0","0","0","0","0","0","0","0","0","52568.995374313","52568.995374313","0"
"U14404500","","","USD","20260730","1.215374313","1.215374313","0","0","0","0","0","0","0","0","0","0","0","0","0","53366.74","53366.74","0","0","0","0","0","0","0","0","0","0","0","0","0","0","0","0","0","0","0","0","0","0","0","0","0","0","0","0","0","0","0","0","0","0","0","0","0","0","0","0","0","0","0","0","0","0","0","0","0","0","0","0","0","0","0","0","0","0","0","0","0","0","0","0","0","0","0","0","0","0","0","0","0","53367.955374313","53367.955374313","0"
"U14404500","","","USD","20260731","1.215374313","1.215374313","0","0","0","0","0","0","0","0","0","0","0","0","0","53561","53561","0","0","0","0","0","0","0","0","0","0","0","0","0","0","0","0","0","0","0","0","0","0","0","0","0","0","0","0","0","0","0","0","0","0","0","0","0","0","0","0","0","0","0","0","0","0","0","0","0","0","0","0","0","0","0","0","0","0","0","0","0","0","0","0","0","0","0","0","0","0","0","0","0","53562.215374313","53562.215374313","0"
"U14404500","","","USD","20260803","1.215374313","1.215374313","0","0","0","0","0","0","0","0","0","0","0","0","0","54161.04","54161.04","0","0","0","0","0","0","0","0","0","0","0","0","0","0","0","0","0","0","0","0","0","0","0","0","0","11.97","11.97","0","0","0","0","0","0","0","0","0","0","0","0","0","0","0","0","0","0","0","0","0","0","0","0","0","0","0","0","0","0","0","0","0","0","0","0","0","0","0","0","0","0","0","0","0","0","54174.225374313","54174.225374313","0"
"U14404500","","","USD","20260804","1.215374313","1.215374313","0","0","0","0","0","0","0","0","0","0","0","0","0","54981.18","54981.18","0","0","0","0","0","0","0","0","0","0","0","0","0","0","0","0","0","0","0","0","0","0","0","0","0","11.97","11.97","0","0","0","0","0","0","0","0","0","0","0","0","0","0","0","0","0","0","0","0","0","0","0","0","0","0","0","0","0","0","0","0","0","0","0","0","0","0","0","0","0","0","0","0","0","0","54994.365374313","54994.365374313","0"
"U14404500","","","USD","20260805","1.215374313","1.215374313","0","0","0","0","0","0","0","0","0","0","0","0","0","55145.3","55145.3","0","0","0","0","0","0","0","0","0","0","0","0","0","0","0","0","0","0","0","0","0","0","0","0","0","11.97","11.97","0","0","0","0","0","0","0","0","0","0","0","0","0","0","0","0","0","0","0","0","0","0","0","0","0","0","0","0","0","0","0","0","0","0","0","0","0","0","0","0","0","0","0","0","0","0","55158.485374313","55158.485374313","0"
"U14404500","","","USD","20260806","15.70051982","15.70051982","0","0","0","0","0","0","0","0","0","0","0","0","0","55026.93","55026.93","0","0","0","0","0","0","0","0","0","0","0","0","0","0","0","0","0","0","0","0","0","0","0","0","0","0","0","0","0","0","0","0","0","0","0","0","0","0","0","0","0","0","0","0","0","0","0","0","0","0","0","0","0","0","0","0","0","0","0","0","0","0","0","0","0","0","0","0","0","0","0","0","0","55042.63051982","55042.63051982","0"
"U14404500","","","USD","20260807","3.720755583","3.720755583","0","0","0","0","0","0","0","0","0","0","0","0","0","55451.48","55451.48","0","0","0","0","0","0","0","0","0","0","0","0","0","0","0","0","0","0","0","0","0","0","0","0","0","0","0","0","0","0","0","0","0","0","0","0","0","0","0","0","0","0","0","0","0","0","0","0","0","0","0","0","0","0","0","0","0","0","0","0","0","0","0","0","0","0","0","0","0","0","0","0","0","55455.200755583","55455.200755583","0"
"U14404500","","","USD","20260810","3.720755583","3.720755583","0","0","0","0","0","0","0","0","0","0","0","0","0","55509.85","55509.85","0","0","0","0","0","0","0","0","0","0","0","0","0","0","0","0","0","0","0","0","0","0","0","0","0","0","0","0","0","0","0","0","0","0","0","0","0","0","0","0","0","0","0","0","0","0","0","0","0","0","0","0","0","0","0","0","0","0","0","0","0","0","0","0","0","0","0","0","0","0","0","0","0","55513.570755583","55513.570755583","0"
"U14404500","","","USD","20260811","52.456105137","52.456105137","0","0","0","0","0","0","0","0","0","0","0","0","0","55270.93","55270.93","0","0","0","0","0","0","0","0","0","0","0","0","0","0","0","0","0","0","0","0","0","0","0","0","0","0","0","0","0","0","0","0","0","0","0","0","0","0","0","0","0","0","0","0","0","0","0","0","0","0","0","0","0","0","0","0","0","0","0","0","0","0","0","0","0","0","0","0","0","0","0","0","0","55323.386105137","55323.386105137","0"
"U14404500","","","USD","20260812","52.456105137","52.456105137","0","0","0","0","0","0","0","0","0","0","0","0","0","55440.39","55440.39","0","0","0","0","0","0","0","0","0","0","0","0","0","0","0","0","0","0","0","0","0","0","0","0","0","0","0","0","0","0","0","0","0","0","0","0","0","0","0","0","0","0","0","0","0","0","0","0","0","0","0","0","0","0","0","0","0","0","0","0","0","0","0","0","0","0","0","0","0","0","0","0","0","55492.846105137","55492.846105137","0"
"U14404500","","","USD","20260813","52.456105137","52.456105137","0","0","0","0","0","0","0","0","0","0","0","0","0","55641.02","55641.02","0","0","0","0","0","0","0","0","0","0","0","0","0","0","0","0","0","0","0","0","0","0","0","0","0","0","0","0","0","0","0","0","0","0","0","0","0","0","0","0","0","0","0","0","0","0","0","0","0","0","0","0","0","0","0","0","0","0","0","0","0","0","0","0","0","0","0","0","0","0","0","0","0","55693.476105137","55693.476105137","0"
"U14404500","","","USD","20260814","52.456105137","52.456105137","0","0","0","0","0","0","0","0","0","0","0","0","0","55596.22","55596.22","0","0","0","0","0","0","0","0","0","0","0","0","0","0","0","0","0","0","0","0","0","0","0","0","0","0","0","0","0","0","0","0","0","0","0","0","0","0","0","0","0","0","0","0","0","0","0","0","0","0","0","0","0","0","0","0","0","0","0","0","0","0","0","0","0","0","0","0","0","0","0","0","0","55648.676105137","55648.676105137","0"
"U14404500","","","USD","20260817","52.456105137","52.456105137","0","0","0","0","0","0","0","0","0","0","0","0","0","55463.65","55463.65","0","0","0","0","0","0","0","0","0","0","0","0","0","0","0","0","0","0","0","0","0","0","0","0","0","0","0","0","0","0","0","0","0","0","0","0","0","0","0","0","0","0","0","0","0","0","0","0","0","0","0","0","0","0","0","0","0","0","0","0","0","0","0","0","0","0","0","0","0","0","0","0","0","55516.106105137","55516.106105137","0"
"U14404500","","","USD","20260818","52.456105137","52.456105137","0","0","0","0","0","0","0","0","0","0","0","0","0","55063.75","55063.75","0","0","0","0","0","0","0","0","0","0","0","0","0","0","0","0","0","0","0","0","0","0","0","0","0","0","0","0","0","0","0","0","0","0","0","0","0","0","0","0","0","0","0","0","0","0","0","0","0","0","0","0","0","0","0","0","0","0","0","0","0","0","0","0","0","0","0","0","0","0","0","0","0","55116.206105137","55116.206105137","0"
"U14404500","","","USD","20260819","52.456105137","52.456105137","0","0","0","0","0","0","0","0","0","0","0","0","0","55438.26","55438.26","0","0","0","0","0","0","0","0","0","0","0","0","0","0","0","0","0","0","0","0","0","0","0","0","0","0.23","0.23","0","0","0","0","0","0","0","0","0","0","0","0","0","0","0","0","0","0","0","0","0","0","0","0","0","0","0","0","0","0","0","0","0","0","0","0","0","0","0","0","0","0","0","0","0","0","55490.946105137","55490.946105137","0"
"U14404500","","","USD","20260820","-4998.580333707","0","-4998.580333707","0","0","-4998.580333707","0","0","0","0","0","0","0","0","0","60180.88","60180.88","0","0","0","0","0","0","0","0","0","0","0","0","0","0","0","0","0","0","0","0","0","0","0","0","0","0","0","0","0","0","0","0","0","0","0","0","0","0","0","0","0","0","0","0","0","0","0","0","0","0","0","0","0","0","0","0","0","0","0","0","0","0","0","0","0","0","0","0","0","0","0","0","0","55182.299666293","60180.88","-4998.580333707"
"U14404500","","","USD","20260821","-4998.810438902","0","-4998.810438902","0","0","-4998.810438902","0","0","0","0","0","0","0","0","0","60622.08","60622.08","0","0","0","0","0","0","0","0","0","0","0","0","0","0","0","0","0","0","0","0","0","0","0","0","0","0","0","0","0","0","0","0","0","0","0","0","0","0","0","0","0","0","0","0","0","0","0","0","0","0","0","0","0","0","0","0","0","0","0","0","0","0","0","0","0","0","0","0","0","0","0","0","0","55623.269561098","60622.08","-4998.810438902"
"U14404500","","","USD","20260824","-4998.810438902","0","-4998.810438902","0","0","-4998.810438902","0","0","0","0","0","0","0","0","0","60584.66","60584.66","0","0","0","0","0","0","0","0","0","0","0","0","0","0","0","0","0","0","0","0","0","0","0","0","0","0","0","0","0","0","0","0","0","0","-2.13","0","-2.13","0","0","0","0","0","0","0","0","0","0","0","0","0","0","0","0","0","0","0","0","0","0","0","0","0","0","0","0","0","0","0","0","0","0","0","0","55583.719561098","60584.66","-5000.940438902"
"U14404500","","","USD","20260825","-4998.810438902","0","-4998.810438902","0","0","-4998.810438902","0","0","0","0","0","0","0","0","0","60785.61","60785.61","0","0","0","0","0","0","0","0","0","0","0","0","0","0","0","0","0","0","0","0","0","0","0","0","0","0","0","0","0","0","0","0","0","0","-2.13","0","-2.13","0","0","0","0","0","0","0","0","0","0","0","0","0","0","0","0","0","0","0","0","0","0","0","0","0","0","0","0","0","0","0","0","0","0","0","0","55784.669561098","60785.61","-5000.940438902"
"U14404500","","","USD","20260826","-4998.810438902","0","-4998.810438902","0","0","-4998.810438902","0","0","0","0","0","0","0","0","0","60612.17","60612.17","0","0","0","0","0","0","0","0","0","0","0","0","0","0","0","0","0","0","0","0","0","0","0","0","0","0","0","0","0","0","0","0","0","0","-3.55","0","-3.55","0","0","0","0","0","0","0","0","0","0","0","0","0","0","0","0","0","0","0","0","0","0","0","0","0","0","0","0","0","0","0","0","0","0","0","0","55609.809561098","60612.17","-5002.360438902"
"U14404500","","","USD","20260827","-9999.213120164","0","-9999.213120164","0","0","-9999.213120164","0","0","0","0","0","0","0","0","0","66033.15","66033.15","0","0","0","0","0","0","0","0","0","0","0","0","0","0","0","0","0","0","0","0","0","0","0","0","0","0","0","0","0","0","0","0","0","0","-3.55","0","-3.55","0","0","0","0","0","0","0","0","0","0","0","0","0","0","0","0","0","0","0","0","0","0","0","0","0","0","0","0","0","0","0","0","0","0","0","0","56030.386879836","66033.15","-10002.763120164"
"U14404500","","","USD","20260828","-4979.913392988","0","-4979.913392988","0","0","-4979.913392988","0","0","0","0","0","0","0","0","0","60355.51","60355.51","0","0","0","0","0","0","0","0","0","0","0","0","0","0","0","0","0","0","0","0","0","0","0","0","0","0","0","0","0","0","0","0","0","0","-4.97","0","-4.97","0","0","0","0","0","0","0","0","0","0","0","0","0","0","0","0","0","0","0","0","0","0","0","0","0","0","0","0","0","0","0","0","0","0","0","0","55370.626607012","60355.51","-4984.883392988"
"U14404500","","","USD","20260831","-4979.913392988","0","-4979.913392988","0","0","-4979.913392988","0","0","0","0","0","0","0","0","0","60214.44","60214.44","0","0","0","0","0","0","0","0","0","0","0","0","0","0","0","0","0","0","0","0","0","0","0","0","0","0","0","0","0","0","0","0","0","0","-9.23","0","-9.23","0","0","0","0","0","0","0","0","0","0","0","0","0","0","0","0","0","0","0","0","0","0","0","0","0","0","0","0","0","0","0","0","0","0","0","0","55225.296607012","60214.44","-4989.143392988"
"U14404500","","","USD","20260901","-4979.913392988","0","-4979.913392988","0","0","-4979.913392988","0","0","0","0","0","0","0","0","0","59533.46","59533.46","0","0","0","0","0","0","0","0","0","0","0","0","0","0","0","0","0","0","0","0","0","0","0","0","0","0","0","0","0","0","0","0","0","0","-9.94","0","-9.94","0","0","0","0","0","0","0","0","0","0","0","0","0","0","0","0","0","0","0","0","0","0","0","0","0","0","0","0","0","0","0","0","0","0","0","0","54543.606607012","59533.46","-4989.853392988"
"U14404500","","","USD","20260902","4017.0229501","4017.0229501","0","0","0","0","0","0","0","0","0","0","0","0","0","50865.7","50865.7","0","0","0","0","0","0","0","0","0","0","0","0","0","0","0","0","0","0","0","0","0","0","0","0","0","0","0","0","0","0","0","0","0","0","-9.94","0","-9.94","0","0","0","0","0","0","0","0","0","0","0","0","0","0","0","0","0","0","0","0","0","0","0","0","0","0","0","0","0","0","0","0","0","0","0","0","54872.7829501","54882.7229501","-9.94"
"U14404500","","","USD","20260903","4007.0829501","4007.0829501","0","0","0","0","0","0","0","0","0","0","0","0","0","51493.19","51493.19","0","0","0","0","0","0","0","0","0","0","0","0","0","0","0","0","0","0","0","0","0","0","0","0","0","0","0","0","0","0","0","0","0","0","-1.42","0","-1.42","0","0","0","0","0","0","0","0","0","0","0","0","0","0","0","0","0","0","0","0","0","0","0","0","0","0","0","0","0","0","0","0","0","0","0","0","55498.8529501","55500.2729501","-1.42"
"U14404500","","","USD","20260904","4007.0829501","4007.0829501","0","0","0","0","0","0","0","0","0","0","0","0","0","51242.15","51242.15","0","0","0","0","0","0","0","0","0","0","0","0","0","0","0","0","0","0","0","0","0","0","0","0","0","0","0","0","0","0","0","0","0","0","-1.42","0","-1.42","0","0","0","0","0","0","0","0","0","0","0","0","0","0","0","0","0","0","0","0","0","0","0","0","0","0","0","0","0","0","0","0","0","0","0","0","55247.8129501","55249.2329501","-1.42"
"U14404500","","","USD","20260907","4007.0829501","4007.0829501","0","0","0","0","0","0","0","0","0","0","0","0","0","51242.15","51242.15","0","0","0","0","0","0","0","0","0","0","0","0","0","0","0","0","0","0","0","0","0","0","0","0","0","0","0","0","0","0","0","0","0","0","-1.42","0","-1.42","0","0","0","0","0","0","0","0","0","0","0","0","0","0","0","0","0","0","0","0","0","0","0","0","0","0","0","0","0","0","0","0","0","0","0","0","55247.8129501","55249.2329501","-1.42"
"U14404500","","","USD","20260908","4007.0829501","4007.0829501","0","0","0","0","0","0","0","0","0","0","0","0","0","50877.44","50877.44","0","0","0","0","0","0","0","0","0","0","0","0","0","0","0","0","0","0","0","0","0","0","0","0","0","0","0","0","0","0","0","0","0","0","-1.42","0","-1.42","0","0","0","0","0","0","0","0","0","0","0","0","0","0","0","0","0","0","0","0","0","0","0","0","0","0","0","0","0","0","0","0","0","0","0","0","54883.1029501","54884.5229501","-1.42"
"U14404500","","","USD","20260909","4007.0829501","4007.0829501","0","0","0","0","0","0","0","0","0","0","0","0","0","50734.61","50734.61","0","0","0","0","0","0","0","0","0","0","0","0","0","0","0","0","0","0","0","0","0","0","0","0","0","0","0","0","0","0","0","0","0","0","-1.42","0","-1.42","0","0","0","0","0","0","0","0","0","0","0","0","0","0","0","0","0","0","0","0","0","0","0","0","0","0","0","0","0","0","0","0","0","0","0","0","54740.2729501","54741.6929501","-1.42"
"U14404500","","","USD","20260910","4007.0829501","4007.0829501","0","0","0","0","0","0","0","0","0","0","0","0","0","50345.04","50345.04","0","0","0","0","0","0","0","0","0","0","0","0","0","0","0","0","0","0","0","0","0","0","0","0","0","0","0","0","0","0","0","0","0","0","-1.42","0","-1.42","0","0","0","0","0","0","0","0","0","0","0","0","0","0","0","0","0","0","0","0","0","0","0","0","0","0","0","0","0","0","0","0","0","0","0","0","54350.7029501","54352.1229501","-1.42"
"U14404500","","","USD","20260911","4007.0829501","4007.0829501","0","0","0","0","0","0","0","0","0","0","0","0","0","50754.08","50754.08","0","0","0","0","0","0","0","0","0","0","0","0","0","0","0","0","0","0","0","0","0","0","0","0","0","0","0","0","0","0","0","0","0","0","-1.42","0","-1.42","0","0","0","0","0","0","0","0","0","0","0","0","0","0","0","0","0","0","0","0","0","0","0","0","0","0","0","0","0","0","0","0","0","0","0","0","54759.7429501","54761.1629501","-1.42"
"U14404500","","","USD","20260914","4007.0829501","4007.0829501","0","0","0","0","0","0","0","0","0","0","0","0","0","50473.99","50473.99","0","0","0","0","0","0","0","0","0","0","0","0","0","0","0","0","0","0","0","0","0","0","0","0","0","0","0","0","0","0","0","0","0","0","-1.42","0","-1.42","0","0","0","0","0","0","0","0","0","0","0","0","0","0","0","0","0","0","0","0","0","0","0","0","0","0","0","0","0","0","0","0","0","0","0","0","54479.6529501","54481.0729501","-1.42"
"U14404500","","","USD","20260915","4007.0829501","4007.0829501","0","0","0","0","0","0","0","0","0","0","0","0","0","50266.01","50266.01","0","0","0","0","0","0","0","0","0","0","0","0","0","0","0","0","0","0","0","0","0","0","0","0","0","0","0","0","0","0","0","0","0","0","-1.42","0","-1.42","0","0","0","0","0","0","0","0","0","0","0","0","0","0","0","0","0","0","0","0","0","0","0","0","0","0","0","0","0","0","0","0","0","0","0","0","54271.6729501","54273.0929501","-1.42"
"U14404500","","","USD","20260916","4007.0829501","4007.0829501","0","0","0","0","0","0","0","0","0","0","0","0","0","50044.68","50044.68","0","0","0","0","0","0","0","0","0","0","0","0","0","0","0","0","0","0","0","0","0","0","0","0","0","0","0","0","0","0","0","0","0","0","-1.42","0","-1.42","0","0","0","0","0","0","0","0","0","0","0","0","0","0","0","0","0","0","0","0","0","0","0","0","0","0","0","0","0","0","0","0","0","0","0","0","54050.3429501","54051.7629501","-1.42"
"U14404500","","","USD","20260917","4007.0829501","4007.0829501","0","0","0","0","0","0","0","0","0","0","0","0","0","50647.2","50647.2","0","0","0","0","0","0","0","0","0","0","0","0","0","0","0","0","0","0","0","0","0","0","0","0","0","0","0","0","0","0","0","0","0","0","-1.42","0","-1.42","0","0","0","0","0","0","0","0","0","0","0","0","0","0","0","0","0","0","0","0","0","0","0","0","0","0","0","0","0","0","0","0","0","0","0","0","54652.8629501","54654.2829501","-1.42"
"U14404500","","","USD","20260918","4007.0829501","4007.0829501","0","0","0","0","0","0","0","0","0","0","0","0","0","50805.24","50805.24","0","0","0","0","0","0","0","0","0","0","0","0","0","0","0","0","0","0","0","0","0","0","0","0","0","0","0","0","0","0","0","0","0","0","-1.42","0","-1.42","0","0","0","0","0","0","0","0","0","0","0","0","0","0","0","0","0","0","0","0","0","0","0","0","0","0","0","0","0","0","0","0","0","0","0","0","54810.9029501","54812.3229501","-1.42"
"U14404500","","","USD","20260921","4007.0829501","4007.0829501","0","0","0","0","0","0","0","0","0","0","0","0","0","51494.4","51494.4","0","0","0","0","0","0","0","0","0","0","0","0","0","0","0","0","0","0","0","0","0","0","0","0","0","0","0","0","0","0","0","0","0","0","-1.42","0","-1.42","0","0","0","0","0","0","0","0","0","0","0","0","0","0","0","0","0","0","0","0","0","0","0","0","0","0","0","0","0","0","0","0","0","0","0","0","55500.0629501","55501.4829501","-1.42"
"U14404500","","","USD","20260922","4007.0829501","4007.0829501","0","0","0","0","0","0","0","0","0","0","0","0","0","51519.79","51519.79","0","0","0","0","0","0","0","0","0","0","0","0","0","0","0","0","0","0","0","0","0","0","0","0","0","0","0","0","0","0","0","0","0","0","-1.42","0","-1.42","0","0","0","0","0","0","0","0","0","0","0","0","0","0","0","0","0","0","0","0","0","0","0","0","0","0","0","0","0","0","0","0","0","0","0","0","55525.4529501","55526.8729501","-1.42"
"U14404500","","","USD","20260923","4007.0829501","4007.0829501","0","0","0","0","0","0","0","0","0","0","0","0","0","51055.78","51055.78","0","0","0","0","0","0","0","0","0","0","0","0","0","0","0","0","0","0","0","0","0","0","0","0","0","0.35","0.35","0","0","0","0","0","0","0","-1.42","0","-1.42","0","0","0","0","0","0","0","0","0","0","0","0","0","0","0","0","0","0","0","0","0","0","0","0","0","0","0","0","0","0","0","0","0","0","0","0","55061.7929501","55063.2129501","-1.42"
"ClientAccountID","AccountAlias","Model","CurrencyPrimary","FromDate","ToDate","StartingValue","Mtm","MtmAtPaxos","Realized","ChangeInUnrealized","CostAdjustments","TransferredPnlAdjustments","DepositsWithdrawals","CarbonCredits","Donations","InternalCashTransfers","PaxosTransfers","ExcessFundSweep","AssetTransfers","DebitCardActivity","BillPay","GrantActivity","Dividends","WithholdingTax","871mWithholding","WithholdingTaxCollected","ChangeInDividendAccruals","ChangeInLiteSurchargeAccruals","ChangeInCGTWithholdingAccruals","Interest","ChangeInInterestAccruals","ChangeInIncentiveCouponAccruals","BrokerFees","changeInBrokerFeeAccruals","AdvisorFees","ClientFees","OtherFees","OtherIncome","FeesReceivables","Commissions","CommissionsAtPaxos","ReferralFee","CommissionCreditsRedemption","CommissionReceivables","ForexCommissions","TransactionTax","TaxReceivables","SalesTax","BillableSalesTax","SoftDollars","NetFxTrading","FxTranslation","LinkingAdjustments","Other","EndingValue","TWR","CorporateActionProceeds"
"U14404500","","","USD","20250924","20260923","27089.527650749","6794.63868014","0","0","0","0","0","20968","0","0","0","0","0","0","0","0","0","371.33","-55.52","0","0","0.35","0","0","-94.2","7.04","0","0","0","0","0","0","0","0","-19.373337","0","0","0","0","0","0","0","0","0","0","0","-0","0","0","55061.7929501","18.768547961","0"
"ClientAccountID","AccountAlias","Model","CurrencyPrimary","LevelOfDetail","FromDate","ToDate","StartingCash","StartingCashSecurities","StartingCashCommodities","ClientFees","ClientFeesSecurities","ClientFeesCommodities","ClientFeesMTD","ClientFeesYTD","Commissions","CommissionsSecurities","CommissionsCommodities","CommissionsMTD","CommissionsYTD","ReferralFee","ReferralFeeSecurities","ReferralFeeCommodities","ReferralFeeMTD","ReferralFeeYTD","CommissionCreditsRedemption","CommissionCreditsRedemptionSecurities","CommissionCreditsRedemptionCommodities","CommissionCreditsRedemptionMTD","CommissionCreditsRedemptionYTD","BillableCommissions","BillableCommissionsSecurities","BillableCommissionsCommodities","BillableCommissionsMTD","BillableCommissionsYTD","Deposit/Withdrawals","Deposit/WithdrawalsSecurities","Deposit/WithdrawalsCommodities","Deposit/WithdrawalsMTD","Deposit/WithdrawalsYTD","Deposits","DepositsSecurities","DepositsCommodities","DepositsMTD","DepositsYTD","Withdrawals","WithdrawalsSecurities","WithdrawalsCommodities","WithdrawalsMTD","WithdrawalsYTD","CarbonCredits","CarbonCreditsSecurities","CarbonCreditsCommodities","CarbonCreditsMTD","CarbonCreditsYTD","Donations","DonationsSecurities","DonationsCommodities","DonationsMTD","DonationsYTD","AccountTransfers","AccountTransfersSecurities","AccountTransfersCommodities","AccountTransfersMTD","AccountTransfersYTD","LinkingAdjustments","LinkingAdjustmentsSecurities","LinkingAdjustmentsCommodities","InternalTransfers","InternalTransfersSecurities","InternalTransfersCommodities","InternalTransfersMTD","InternalTransfersYTD","PaxosTransfers","PaxosTransfersSecurities","PaxosTransfersCommodities","PaxosTransfersMTD","PaxosTransfersYTD","ExcessFundSweep","ExcessFundSweepSec","ExcessFundSweepCom","ExcessFundSweepMTD","ExcessFundSweepYTD","DebitCardActivity","DebitCardActivitySecurities","DebitCardActivityCommodities","DebitCardActivityMTD","DebitCardActivityYTD","BillPay","BillPaySecurities","BillPayCommodities","BillPayMTD","BillPayYTD","Dividends","DividendsSecurities","DividendsCommodities","DividendsMTD","DividendsYTD","InsuredDepositInterest","InsuredDepositInterestSecurities","InsuredDepositInterestCommodities","InsuredDepositInterestMTD","InsuredDepositInterestYTD","BrokerInterest","BrokerInterestSecurities","BrokerInterestCommodities","BrokerInterestMTD","BrokerInterestYTD","BrokerFees","BrokerFeesSecurities","BrokerFeesCommodities","BrokerFeesMTD","BrokerFeesYTD","BondInterest","BondInterestSecurities","BondInterestCommodities","BondInterestMTD","BondInterestYTD","CashSettlingMtm","CashSettlingMtmSecurities","CashSettlingMtmCommodities","CashSettlingMtmMTD","CashSettlingMtmYTD","RealizedVm","RealizedVmSecurities","RealizedVmCommodities","RealizedVmMTD","RealizedVmYTD","RealizedForexVm","RealizedForexVmSecurities","RealizedForexVmCommodities","RealizedForexVmMTD","RealizedForexVmYTD","CFDCharges","CFDChargesSecurities","CFDChargesCommodities","CFDChargesMTD","CFDChargesYTD","NetTradesSales","NetTradesSalesSecurities","NetTradesSalesCommodities","NetTradesSalesMTD","NetTradesSalesYTD","NetTradesPurchases","NetTradesPurchasesSecurities","NetTradesPurchasesCommodities","NetTradesPurchasesMTD","NetTradesPurchasesYTD","AdvisorFees","AdvisorFeesSecurities","AdvisorFeesCommodities","AdvisorFeesMTD","AdvisorFeesYTD","FeesReceivables","FeesReceivablesSecurities","FeesReceivablesCommodities","FeesReceivablesMTD","FeesReceivablesYTD","PaymentInLieu","PaymentInLieuSecurities","PaymentInLieuCommodities","PaymentInLieuMTD","PaymentInLieuYTD","TransactionTax","TransactionTaxSecurities","TransactionTaxCommodities","TransactionTaxMTD","TransactionTaxYTD","TaxReceivables","TaxReceivablesSecurities","TaxReceivablesCommodities","TaxReceivablesMTD","TaxReceivablesYTD","WithholdingTax","WithholdingTaxSecurities","WithholdingTaxCommodities","WithholdingTaxMTD","WithholdingTaxYTD","871mWithholding","871mWithholdingSecurities","871mWithholdingCommodities","871mWithholdingMTD","871mWithholdingYTD","WithholdingTaxCollected","WithholdingTaxCollectedSecurities","WithholdingTaxCollectedCommodities","WithholdingTaxCollectedMTD","WithholdingTaxCollectedYTD","SalesTax","SalesTaxSecurities","SalesTaxCommodities","SalesTaxMTD","SalesTaxYTD","BillableSalesTax","BillableSalesTaxSecurities","BillableSalesTaxCommodities","BillableSalesTaxMTD","BillableSalesTaxYTD","ipoSubscription","ipoSubscriptionSecurities","ipoSubscriptionCommodities","ipoSubscriptionMTD","ipoSubscriptionYTD","FXTranslationGain/Loss","FXTranslationGain/LossSecurities","FXTranslationGain/LossCommodities","OtherFees","OtherFeesSecurities","OtherFeesCommodities","OtherFeesMTD","OtherFeesYTD","OtherIncome","OtherIncomeSecurities","OtherIncomeCommodities","OtherIncomeMTD","OtherIncomeYTD","Other","OtherSecurities","OtherCommodities","EndingCash","EndingCashSecurities","EndingCashCommodities","EndingSettledCash","EndingSettledCashSecurities","EndingSettledCashCommodities","StartingCashCollateralSLB","StartingCashCollateralSLBSecurities","StartingCashCollateralSLBCommodities","NetSecuritiesLentActivitySLB","NetSecuritiesLentActivitySLBSecurities","NetSecuritiesLentActivitySLBCommodities","EndingCashCollateralSLB","EndingCashCollateralSLBSecurities","EndingCashCollateralSLBCommodities","NetCashBalanceSLB","NetCashBalanceSLBSecurities","NetCashBalanceSLBCommodities","NetSettledCashBalanceSLB","NetSettledCashBalanceSLBSecurities","NetSettledCashBalanceSLBCommodities"
"U14404500","","","BASE_SUMMARY","BaseCurrency","20250924","20260923","-9000.092349251","-9000.092349251","0","0","0","0","0","0","-19.373337","-19.373337","0","-0.92048091","-16.03472375","0","0","0","0","0","0","0","0","0","0","0","0","0","0","0","20968","20968","0","0","12968","20968","20968","0","0","12968","0","0","0","0","0","0","0","0","0","0","0","0","0","0","0","0","0","0","0","0","0","0","0","0","0","0","0","0","0","0","0","0","0","0","0","0","0","0","0","0","0","0","0","0","0","0","0","0","366.25","366.25","0","0","227.9","0","0","0","0","0","-94.2","-94.2","0","-9.94","-21.01","0","0","0","0","0","0","0","0","0","0","0","0","0","0","0","0","0","0","0","0","0","0","0","0","0","0","0","0","0","0","103282.057026","103282.057026","0","8997.856824","90998.068856","-111445.11838966","-111445.11838966","0","0","-100233.60592075","0","0","0","0","0","0","0","0","0","0","5.08","5.08","0","0","0.27","0","0","0","0","0","0","0","0","0","0","-55.52","-55.52","0","0","-34.05","0","0","0","0","0","0","0","0","0","0","0","0","0","0","0","0","0","0","0","0","0","0","0","0","0","0","0","0","0","0","0","0","0","0","0","0","0","0","0","0","0","4007.0829501","4007.0829501","0","4007.0829501","4007.0829501","0","0","0","0","0","0","0","0","0","0","4007.0829501","4007.0829501","0","4007.0829501","4007.0829501","0"
"U14404500","","","USD","Currency","20250924","20260923","-9000.092349251","-9000.092349251","0","0","0","0","0","0","-19.373337","-19.373337","0","-0.92048091","-16.03472375","0","0","0","0","0","0","0","0","0","0","0","0","0","0","0","20968","20968","0","0","12968","20968","20968","0","0","12968","0","0","0","0","0","0","0","0","0","0","0","0","0","0","0","0","0","0","0","0","0","0","0","0","0","0","0","0","0","0","0","0","0","0","0","0","0","0","0","0","0","0","0","0","0","0","0","0","366.25","366.25","0","0","227.9","0","0","0","0","0","-94.2","-94.2","0","-9.94","-21.01","0","0","0","0","0","0","0","0","0","0","0","0","0","0","0","0","0","0","0","0","0","0","0","0","0","0","0","0","0","0","103282.057026","103282.057026","0","8997.856824","90998.068856","-111445.11838966","-111445.11838966","0","0","-100233.60592075","0","0","0","0","0","0","0","0","0","0","5.08","5.08","0","0","0.27","0","0","0","0","0","0","0","0","0","0","-55.52","-55.52","0","0","-34.05","0","0","0","0","0","0","0","0","0","0","0","0","0","0","0","0","0","0","0","0","0","0","0","0","0","0","0","0","0","0","0","0","0","0","0","0","0","0","0","0","0","4007.0829501","4007.0829501","0","4007.0829501","4007.0829501","0","0","0","0","0","0","0","0","0","0","4007.0829501","4007.0829501","0","4007.0829501","4007.0829501","0"
"ClientAccountID","AccountAlias","Model","CurrencyPrimary","FXRateToBase","AssetClass","SubCategory","Symbol","Description","Conid","SecurityID","SecurityIDType","CUSIP","ISIN","FIGI","ListingExchange","UnderlyingConid","UnderlyingSymbol","UnderlyingSecurityID","UnderlyingListingExchange","Issuer","IssuerCountryCode","Multiplier","Strike","Expiry","Put/Call","PrincipalAdjustFactor","ReportDate","Quantity","MarkPrice","PositionValue","OpenPrice","CostBasisPrice","CostBasisMoney","PercentOfNAV","FifoPnlUnrealized","Side","LevelOfDetail","OpenDateTime","HoldingPeriodDateTime","VestingDate","Code","OriginatingOrderID","OriginatingTransactionID","AccruedInterest","SerialNumber","DeliveryType","CommodityType","Fineness","Weight"
"U14404500","","","USD","1","STK","ETF","IAUM","ISHARES GOLD TRUST MICRO","499640636","US46436F1030","ISIN","46436F103","US46436F1030","BBG011K3SN42","ARCA","","IAUM","","","","US","1","","","","","20260923","150.1485","42.68","6408.34","45.716669477","45.716669477","6864.289347","12.55","-455.949347","Long","SUMMARY","","","","","","","","","","","0.0","0.0"
"U14404500","","","USD","1","STK","ETF","IBIT","ISHARES BITCOIN TRUST ETF","677037673","US46438F1012","ISIN","46438F101","US46438F1012","BBG01KYQ6PV3","NASDAQ","","IBIT","","","","US","1","","","","","20260923","15.1014","47.88","723.06","66.308454249","66.308454249","1001.350491","1.42","-278.290491","Long","SUMMARY","","","","","","","","","","","0.0","0.0"
"U14404500","","","USD","1","STK","ETF","SOLZ","SOLANA ETF","769653646","US92864M8221","ISIN","92864M822","US92864M8221","BBG01SXP66P8","NASDAQ","","SOLZ","","","","US","1","","","","","20260923","21.2001","11.39","241.47","23.77529422","23.77529422","504.038615","0.47","-262.568616","Long","SUMMARY","","","","SY","","","","","","","0.0","0.0"
"U14404500","","","USD","1","STK","ETF","VOO","VANGUARD S&P 500 ETF","136155102","US9229083632","ISIN","922908363","US9229083632","BBG0015VYNT4","ARCA","","VOO","","","","US","1","","","","","20260923","61.7339","707.6","43682.91","644.288951354","644.288951354","39774.469694","85.56","3908.440304","Long","SUMMARY","","","","","","","","","","","0.0","0.0"
"ClientAccountID","AccountAlias","Model","CurrencyPrimary","FXRateToBase","AssetClass","SubCategory","Symbol","Description","Conid","SecurityID","SecurityIDType","CUSIP","ISIN","FIGI","ListingExchange","UnderlyingConid","UnderlyingSymbol","UnderlyingSecurityID","UnderlyingListingExchange","Issuer","IssuerCountryCode","TradeID","Multiplier","RelatedTradeID","Strike","ReportDate","Expiry","DateTime","Put/Call","TradeDate","PrincipalAdjustFactor","SettleDateTarget","TransactionType","Exchange","Quantity","TradePrice","TradeMoney","Proceeds","Taxes","IBCommission","IBCommissionCurrency","NetCash","ClosePrice","Open/CloseIndicator","Notes/Codes","CostBasis","FifoPnlRealized","MtmPnl","OrigTradePrice","OrigTradeDate","OrigTradeID","OrigOrderID","OrigTransactionID","Buy/Sell","ClearingFirmID","IBOrderID","TransactionID","IBExecID","RelatedTransactionID","RTN","BrokerageOrderID","OrderReference","VolatilityOrderLink","ExchOrderID","ExtExecID","OrderTime","OpenDateTime","HoldingPeriodDateTime","WhenRealized","WhenReopened","LevelOfDetail","ChangeInPrice","ChangeInQuantity","OrderType","TraderID","IsAPIOrder","AccruedInterest","InitialInvestment","PositionActionID","SerialNumber","DeliveryType","CommodityType","Fineness","Weight"
"U14404500","","","USD","1","STK","ETF","GDX","VANECK GOLD MINERS ETF","229726316","US92189F1066","ISIN","92189F106","US92189F1066","BBG000PLNQN7","ARCA","","GDX","","","","US","8522199043","1","","","20251110","","20251110;133942","","20251110","","20251112","ExchTrade","DARK","17","76.22","1295.74","-1295.74","0","-0.36763125","USD","-1296.10763125","75.98","O","P","1296.10763125","0","-4.08","0","","","0","0","BUY","","4591005819","36148844904","0002158b.6912279e.01.01","","","014ced35.0001b1c3.69117bcb.0001","","","N/A","1507060693323040329","20251110;133942","","","","","EXECUTION","0","0","MKT","C1","N","0","","","","","","0.0","0.0"
"U14404500","","","USD","1","STK","ETF","GDX","VANECK GOLD MINERS ETF","229726316","US92189F1066","ISIN","92189F106","US92189F1066","BBG000PLNQN7","ARCA","","GDX","","","","US","8522199068","1","","","20251110","","20251110;133942","","20251110","","20251112","ExchTrade","IBKR","0.0558","76.22","4.253076","-4.253076","0","-0.000012388","USD","-4.253088388","75.98","O","FP;P","4.253088388","0","-0.0134","0","","","0","0","BUY","","4591005819","36148844914","0001296f.691261aa.01.01","","","014ced35.0001b1c3.69117bcb.0001","","","N/A","014ced35.00022c1f.6912cb95.0001","20251110;133942","","","","","EXECUTION","0","0","MKT","C1","N","0","","","","","","0.0","0.0"
"U14404500","","","USD","1","STK","ETF","GDX","VANECK GOLD MINERS ETF","229726316","US92189F1066","ISIN","92189F106","US92189F1066","BBG000PLNQN7","ARCA","","GDX","","","","US","8555033451","1","","","20251117","","20251117;093000","","20251117","","20251118","ExchTrade","ARCA","-17","75.71","-1287.07","1287.07","0","-0.36535325","USD","1286.70464675","74.95","C","P","-1296.107631","-9.402984","12.92","0","","","0","0","SELL","","4611270975","36276267211","00010161.691ae952.01.01","","","014ced35.0001b1c3.6919650a.0001","","","N/A","0d.9fa4.14.01.000fa4:76191","20251116;073325","","","","","EXECUTION","0","0","MKT","C1","N","0","","","","","","0.0","0.0"
"U14404500","","","USD","1","STK","ETF","GDX","VANECK GOLD MINERS ETF","229726316","US92189F1066","ISIN","92189F106","US92189F1066","BBG000PLNQN7","ARCA","","GDX","","","","US","8555574684","1","","","20251117","","20251117;093002","","20251117","","20251118","ExchTrade","IBKR","-0.0558","75.63","-4.220154","4.220154","0","-0.00002165","USD","4.22013235","74.95","C","FP;P","-4.253088","-0.032956","0.0379","0","","","0","0","SELL","","4611270975","36277430573","0001296f.691b202a.01.01","","","014ced35.0001b1c3.6919650a.0001","","","N/A","014ced35.00022c1f.691aeab0.0008","20251116;073325","","","","","EXECUTION","0","0","MKT","C1","N","0","","","","","","0.0","0.0"
"U14404500","","","USD","1","STK","ETF","IAUM","ISHARES GOLD TRUST MICRO","499640636","US46436F1030","ISIN","46436F103","US46436F1030","BBG011K3SN42","ARCA","","IAUM","","","","US","8615855140","1","","","20251128","","20251128;093243","","20251128","","20251201","ExchTrade","DARK","23","41.845","962.435","-962.435","0","-0.35536325","USD","-962.79036325","42.03","O","P","962.79036325","0","4.255","0","","","0","0","BUY","","4648525162","36506593621","0000e95f.69299a49.01.01","","","014ced35.0001b1c3.69293085.0001","","","N/A","EXC-23489","20251128;093243","","","","","EXECUTION","0","0","MKT","C1","N","0","","","","","","0.0","0.0"
"U14404500","","","USD","1","STK","ETF","IAUM","ISHARES GOLD TRUST MICRO","499640636","US46436F1030","ISIN","46436F103","US46436F1030","BBG011K3SN42","ARCA","","IAUM","","","","US","8615855399","1","","","20251128","","20251128;093243","","20251128","","20251201","ExchTrade","IBKR","0.0001","41.85","0.004185","-0.004185","0","-0.000000022","USD","-0.004185022","42.03","O","FP;P","0.004185022","0","0","0","","","0","0","BUY","","4648525162","36506593643","0001296f.6929b3c7.01.01","","","014ced35.0001b1c3.69293085.0001","","","N/A","014ced35.00022c25.6930adef.0001","20251128;093243","","","","","EXECUTION","0","0","MKT","C1","N","0","","","","","","0.0","0.0"
"U14404500","","","USD","1","STK","ETF","IAUM","ISHARES GOLD TRUST MICRO","499640636","US46436F1030","ISIN","46436F103","US46436F1030","BBG011K3SN42","ARCA","","IAUM","","","","US","8615855719","1","","","20251128","","20251128;093243","","20251128","","20251201","ExchTrade","IBKR","0.8976","41.845","37.560072","-37.560072","0","-0.000199267","USD","-37.560271267","42.03","O","P;RP","37.560271267","0","0.1661","0","","","0","0","BUY","","4648525162","36506593667","0001296f.6929b3c5.01.01","","","014ced35.0001b1c3.69293085.0001","","","N/A","014ced35.00022c25.6930adee.0001","20251128;093243","","","","","EXECUTION","0","0","MKT","C1","N","0","","","","","","0.0","0.0"
"U14404500","","","USD","1","STK","ETF","IAUM","ISHARES GOLD TRUST MICRO","499640636","US46436F1030","ISIN","46436F103","US46436F1030","BBG011K3SN42","ARCA","","IAUM","","","","US","8907547798","1","","","20260129","","20260129;103439","","20260129","","20260130","ExchTrade","IBKR","-0.1976","51.33","-10.142808","10.142808","0","-0.101580682","USD","10.041227318","53.79","C","FP;P","-7.294063","2.747164","-0.4861","0","","","0","0","SELL","","4828704091","37643373074","0001296f.697bbada.01.01","","","014ced35.0001b1c3.697af05f.0001","","","N/A","014ced35.00022c25.6986408c.0001","20260129;103439","","","","","EXECUTION","0","0","MKT","C1","N","0","","","","","","0.0","0.0"
"U14404500","","","USD","1","STK","ETF","IAUM","ISHARES GOLD TRUST MICRO","499640636","US46436F1030","ISIN","46436F103","US46436F1030","BBG011K3SN42","ARCA","","IAUM","","","","US","8907547844","1","","","20260129","","20260129;103439","","20260129","","20260130","ExchTrade","IEX","-68","51.33","-3490.44","3490.44","0","-0.47961462","USD","3489.96038538","53.79","C","P","-2505.644504","984.315882","-167.28","0","","","0","0","SELL","","4828704091","37643373130","000154a9.697b81a3.01.01","","","014ced35.0001b1c3.697af05f.0001","","","N/A","MTCH61404zeZImj000038l8","20260129;103439","","","","","EXECUTION","0","0","MKT","C1","N","0","","","","","","0.0","0.0"
"U14404500","","","USD","1","STK","ETF","IAUM","ISHARES GOLD TRUST MICRO","499640636","US46436F1030","ISIN","46436F103","US46436F1030","BBG011K3SN42","ARCA","","IAUM","","","","US","8907548007","1","","","20260129","","20260129;103439","","20260129","","20260130","ExchTrade","DARK","-200","51.33","-10266","10266","0","-0.579369668","USD","10265.420630332","53.79","C","P","-7488.482281","2776.938349","-492","0","","","0","0","SELL","","4828704091","37643373188","0002158b.697b86b7.01.01","","","014ced35.0001b1c3.697af05f.0001","","","N/A","1297140527809126544","20260129;103439","","","","","EXECUTION","0","0","MKT","C1","N","0","","","","","","0.0","0.0"
"U14404500","","","USD","1","STK","ETF","IAUM","ISHARES GOLD TRUST MICRO","499640636","US46436F1030","ISIN","46436F103","US46436F1030","BBG011K3SN42","ARCA","","IAUM","","","","US","8910236827","1","","","20260129","","20260129;122636","","20260129","","20260130","ExchTrade","IBKR","0.3757","53.37","20.051109","-20.051109","0","-0.200733606","USD","-20.251842606","53.79","O","P;RP","20.251842606","0","0.1578","0","","","0","0","BUY","","4830373849","37651593538","0001296f.697bf7be.01.01","","","014ced35.0001b1c3.697af277.0001","","","N/A","014ced35.00022c25.69869635.0001","20260129;122636","","","","","EXECUTION","0","0","MKT","C1","N","0","","","","","","0.0","0.0"
"U14404500","","","USD","1","STK","ETF","IAUM","ISHARES GOLD TRUST MICRO","499640636","US46436F1030","ISIN","46436F103","US46436F1030","BBG011K3SN42","ARCA","","IAUM","","","","US","8910236925","1","","","20260129","","20260129;122636","","20260129","","20260130","ExchTrade","DARK","187","53.3687","9979.9469","-9979.9469","0","-0.343439724","USD","-9980.290339724","53.79","O","P","9980.290339724","0","78.7831","0","","","0","0","BUY","","4830373849","37651593593","00030f00.697ca36d.01.01","","","014ced35.0001b1c3.697af277.0001","","","N/A","1780613717738729366","20260129;122636","","","","","EXECUTION","0","0","MKT","C1","N","0","","","","","","0.0","0.0"
"U14404500","","","USD","1","STK","ETF","IAUM","ISHARES GOLD TRUST MICRO","499640636","US46436F1030","ISIN","46436F103","US46436F1030","BBG011K3SN42","ARCA","","IAUM","","","","US","8910905691","1","","","20260129","","20260129;130813","","20260129","","20260130","ExchTrade","IBKR","-0.3757","53.36","-20.047352","20.047352","0","-0.20076927","USD","19.84658273","53.79","C","FP;P","-20.251843","-0.40526","-0.1616","0","","","0","0","SELL","","4830808025","37653480127","0001296f.697c05e8.01.01","","","014ced35.0001b1c3.697af323.0001","","","N/A","014ced35.00022c25.6986a72b.0001","20260129;130808","","","","","EXECUTION","0","0","LMT","C1","N","0","","","","","","0.0","0.0"
"U14404500","","","USD","1","STK","ETF","IAUM","ISHARES GOLD TRUST MICRO","499640636","US46436F1030","ISIN","46436F103","US46436F1030","BBG011K3SN42","ARCA","","IAUM","","","","US","8910905697","1","","","20260129","","20260129;130813","","20260129","","20260130","ExchTrade","ARCA","-187","53.36","-9978.32","9978.32","0","-0.080704724","USD","9978.239295276","53.79","C","P","-9980.29034","-2.051044","-80.41","0","","","0","0","SELL","","4830808025","37653480141","00010358.697beb37.01.01","","","014ced35.0001b1c3.697af323.0001","","","N/A","0d.a467.0f.01.000fde:201615","20260129;130808","","","","","EXECUTION","0","0","LMT","C1","N","0","","","","","","0.0","0.0"
"U14404500","","","USD","1","STK","ETF","IAUM","ISHARES GOLD TRUST MICRO","499640636","US46436F1030","ISIN","46436F103","US46436F1030","BBG011K3SN42","ARCA","","IAUM","","","","US","8915355290","1","","","20260130","","20260130;093337","","20260130","","20260202","ExchTrade","DARK","196","50.848","9966.208","-9966.208","0","-0.72570421","USD","-9966.93370421","48.48","O","P","9966.93370421","0","-464.128","0","","","0","0","BUY","","4833508128","37674691035","0000f321.697c9ab2.01.01","","","014ced35.0001b1c3.697c3fb7.0001","","","N/A","2241821","20260130;093337","","","","","EXECUTION","0","0","MKT","C1","N","0","","","","","","0.0","0.0"
"U14404500","","","USD","1","STK","ETF","IAUM","ISHARES GOLD TRUST MICRO","499640636","US46436F1030","ISIN","46436F103","US46436F1030","BBG011K3SN42","ARCA","","IAUM","","","","US","8915413343","1","","","20260130","","20260130;093337","","20260130","","20260202","ExchTrade","IBKR","0.6645","50.8499","33.78975855","-33.78975855","0","-0.002460359","USD","-33.792218909","48.48","O","P;RP","33.792218909","0","-1.5748","0","","","0","0","BUY","","4833508128","37674831707","0001296f.697cbf00.01.01","","","014ced35.0001b1c3.697c3fb7.0001","","","N/A","014ced35.00022c25.69876829.0001","20260130;093337","","","","","EXECUTION","0","0","MKT","C1","N","0","","","","","","0.0","0.0"
"U14404500","","","USD","1","STK","ETF","IAUM","ISHARES GOLD TRUST MICRO","499640636","US46436F1030","ISIN","46436F103","US46436F1030","BBG011K3SN42","ARCA","","IAUM","","","","US","8916491864","1","","","20260130","","20260130;095822","","20260130","","20260202","ExchTrade","IBKR","-0.6645","50.02","-33.23829","33.23829","0","-0.332889679","USD","32.905400321","48.48","C","FP;P","-33.790956","-0.885556","1.0233","0","","","0","0","SELL","","4834255173","37677202340","0001296f.697cdb88.01.01","","","014ced35.0001b1c3.697c4093.0001","","","N/A","014ced35.00022c25.6987a793.0001","20260130;095822","","","","","EXECUTION","0","0","MKT","C1","N","0","","","","","","0.0","0.0"
"U14404500","","","USD","1","STK","ETF","IAUM","ISHARES GOLD TRUST MICRO","499640636","US46436F1030","ISIN","46436F103","US46436F1030","BBG011K3SN42","ARCA","","IAUM","","","","US","8916493189","1","","","20260130","","20260130;095822","","20260130","","20260202","ExchTrade","DARK","-196","50.03","-9805.88","9805.88","0","-0.415994419","USD","9805.464005581","48.48","C","P","-9966.934967","-161.470961","303.8","0","","","0","0","SELL","","4834255173","37677202386","0002264f.697ce98c.01.01","","","014ced35.0001b1c3.697c4093.0001","","","N/A","nyd4#1188f8a2c9e0c","20260130;095822","","","","","EXECUTION","0","0","MKT","C1","N","0","","","","","","0.0","0.0"
"U14404500","","","USD","1","STK","ETF","IAUM","ISHARES GOLD TRUST MICRO","499640636","US46436F1030","ISIN","46436F103","US46436F1030","BBG011K3SN42","ARCA","","IAUM","","","","US","9044713735","1","","","20260223","","20260223;094015","","20260223","","20260224","ExchTrade","IBKR","0.1238","51.68","6.397984","-6.397984","0","-0.064051625","USD","-6.462035625","52.2","O","FP;P","6.462035625","0","0.0644","0","","","0","0","BUY","","4911959951","38160654232","0001296f.699c7828.01.01","","","014ced35.0001b1c3.699be3ec.0001","","","N/A","014ced35.00022c25.69aa6bc5.0001","20260223;094015","","","","","EXECUTION","0","0","MKT","C1","N","0","","","","","","0.0","0.0"
"U14404500","","","USD","1","STK","ETF","IAUM","ISHARES GOLD TRUST MICRO","499640636","US46436F1030","ISIN","46436F103","US46436F1030","BBG011K3SN42","ARCA","","IAUM","","","","US","9044728963","1","","","20260223","","20260223;094015","","20260223","","20260224","ExchTrade","NASDAQ","145","51.68","7493.6","-7493.6","0","-0.750230385","USD","-7494.350230385","52.2","O","P","7494.350230385","0","75.4","0","","","0","0","BUY","","4911959951","38160690372","00013911.699c6ded.01.01","","","014ced35.0001b1c3.699be3ec.0001","","","N/A","0312430271","20260223;094015","","","","","EXECUTION","0","0","MKT","C1","N","0","","","","","","0.0","0.0"
"U14404500","","","USD","1","STK","ETF","IAUM","ISHARES GOLD TRUST MICRO","499640636","US46436F1030","ISIN","46436F103","US46436F1030","BBG011K3SN42","ARCA","","IAUM","","","","US","10012811656","1","","","20260806","","20260806;094309","","20260806","","20260807","ExchTrade","DARK","235","42.538","9996.43","-9996.43","0","-0.870809538","USD","-9997.300809538","42.33","O","P","9997.300809538","0","-48.88","0","","","0","0","BUY","","5498894980","41905387362","0000f321.6a7468c9.01.01","","","014ced35.0001b1c3.6a740d65.0001","","","N/A","3029315","20260806;094309","","","","","EXECUTION","0","0","MKT","C1","N","0","","","","","","0.0","0.0"
"U14404500","","","USD","1","STK","ETF","IAUM","ISHARES GOLD TRUST MICRO","499640636","US46436F1030","ISIN","46436F103","US46436F1030","BBG011K3SN42","ARCA","","IAUM","","","","US","10012827565","1","","","20260806","","20260806;094309","","20260806","","20260807","ExchTrade","IBKR","0.0839","42.54","3.569106","-3.569106","0","-0.000310898","USD","-3.569416898","42.33","O","FP;P","3.569416898","0","-0.0176","0","","","0","0","BUY","","5498894980","41905387486","0001296f.6a749442.01.01","","","014ced35.0001b1c3.6a740d65.0001","","","N/A","014ced35.00022c25.6ad7f404.0001","20260806;094309","","","","","EXECUTION","0","0","MKT","C1","N","0","","","","","","0.0","0.0"
"U14404500","","","USD","1","STK","ETF","IAUM","ISHARES GOLD TRUST MICRO","499640636","US46436F1030","ISIN","46436F103","US46436F1030","BBG011K3SN42","ARCA","","IAUM","","","","US","10015282510","1","","","20260806","","20260806;112011","","20260806","","20260807","ExchTrade","DARK","-236","42.392","-10004.512","10004.512","0","-1.126628057","USD","10003.385371943","42.33","C","","-11366.84081","-1363.455438","14.632","0","","","0","0","SELL","","5500384193","41912416911","0000d5d6.6a74c659.01.01","","","014ced35.0001b1c3.6a740ecf.0001","","","N/A","SD_6221489032","20260806;101641","","","","","EXECUTION","0","0","STP","C1","N","0","","","","","","0.0","0.0"
"U14404500","","","USD","1","STK","ETF","IAUM","ISHARES GOLD TRUST MICRO","499640636","US46436F1030","ISIN","46436F103","US46436F1030","BBG011K3SN42","ARCA","","IAUM","","","","US","10038768496","1","","","20260811","","20260811;105427","","20260811","","20260812","ExchTrade","NASDAQ","228","43.79","9984.12","-9984.12","0","-1.52887053","USD","-9985.64887053","43.57","O","P","9985.64887053","0","-50.16","0","","","0","0","BUY","","5514305094","42006085345","00013911.6a7bb75a.01.01","","","014ced35.0001b1c3.6a7aa5ce.0001","","","N/A","0330631361","20260811;105427","","","","","EXECUTION","0","0","MKT","C1","N","0","","","","","","0.0","0.0"
"U14404500","","","USD","1","STK","ETF","IAUM","ISHARES GOLD TRUST MICRO","499640636","US46436F1030","ISIN","46436F103","US46436F1030","BBG011K3SN42","ARCA","","IAUM","","","","US","10038768702","1","","","20260811","","20260811;105427","","20260811","","20260812","ExchTrade","IBKR","0.3626","43.79","15.878254","-15.878254","0","-0.001343641","USD","-15.879597641","43.57","O","FP;P","15.879597641","0","-0.0798","0","","","0","0","BUY","","5514305094","42006085359","0001296f.6a7b4d98.01.01","","","014ced35.0001b1c3.6a7aa5ce.0001","","","N/A","014ced35.00022c25.6ae0864c.0001","20260811;105427","","","","","EXECUTION","0","0","MKT","C1","N","0","","","","","","0.0","0.0"
"U14404500","","","USD","1","STK","ETF","IAUM","ISHARES GOLD TRUST MICRO","499640636","US46436F1030","ISIN","46436F103","US46436F1030","BBG011K3SN42","ARCA","","IAUM","","","","US","10039157038","1","","","20260811","","20260811;111947","","20260811","","20260812","ExchTrade","ARCA","-230","43.7","-10051","10051","0","-0.736182275","USD","10050.263817725","43.57","C","","-9892.261786","158.002031","29.9","0","","","0","0","SELL","","5514540519","42007123295","00010358.6a7b1b2d.01.01","","","014ced35.0001b1c3.6a7aa5dd.0001","","","N/A","0d.a467.0f.01.00108c:162359","20260811;105802","","","","","EXECUTION","0","0","STPLMT","C1","N","0","","","","","","0.0","0.0"
"U14404500","","","USD","1","STK","ETF","IAUM","ISHARES GOLD TRUST MICRO","499640636","US46436F1030","ISIN","46436F103","US46436F1030","BBG011K3SN42","ARCA","","IAUM","","","","US","10094781941","1","","","20260820","","20260820;111353","","20260820","","20260821","ExchTrade","IBKR","0.6931","45.165","31.3038615","-31.3038615","0","-0.313409398","USD","-31.617270898","45.15","O","P;RP","31.617270898","0","-0.0104","0","","","0","0","BUY","","5547798901","42225937378","0001296f.6a873b6c.01.01","","","014ced35.0001b1c3.6a868507.0001","","","N/A","014ced35.00022c25.6af107b2.0001","20260820;111353","","","","","EXECUTION","0","0","MKT","C1","N","0","","","","","","0.0","0.0"
"U14404500","","","USD","1","STK","ETF","IAUM","ISHARES GOLD TRUST MICRO","499640636","US46436F1030","ISIN","46436F103","US46436F1030","BBG011K3SN42","ARCA","","IAUM","","","","US","10094782053","1","","","20260820","","20260820;111353","","20260820","","20260821","ExchTrade","IBKR","0.0001","45.17","0.004517","-0.004517","0","-0.01000737","USD","-0.01452437","45.15","O","FP;P","0.01452437","0","0","0","","","0","0","BUY","","5547798901","42225937392","0001296f.6a873b6e.01.01","","","014ced35.0001b1c3.6a868507.0001","","","N/A","014ced35.00022c25.6af107b3.0001","20260820;111353","","","","","EXECUTION","0","0","MKT","C1","N","0","","","","","","0.0","0.0"
"U14404500","","","USD","1","STK","ETF","IAUM","ISHARES GOLD TRUST MICRO","499640636","US46436F1030","ISIN","46436F103","US46436F1030","BBG011K3SN42","ARCA","","IAUM","","","","US","10094782237","1","","","20260820","","20260820;111353","","20260820","","20260821","ExchTrade","DARK","110","45.1699","4968.689","-4968.689","0","-0.049311202","USD","-4968.738311202","45.15","O","P","4968.738311202","0","-2.189","0","","","0","0","BUY","","5547798901","42225937401","00014729.6a86f8d1.01.01","","","014ced35.0001b1c3.6a868507.0001","","","N/A","SD_1513811643","20260820;111353","","","","","EXECUTION","0","0","MKT","C1","N","0","","","","","","0.0","0.0"
"U14404500","","","USD","1","STK","ETF","IAUM","ISHARES GOLD TRUST MICRO","499640636","US46436F1030","ISIN","46436F103","US46436F1030","BBG011K3SN42","ARCA","","IAUM","","","","US","10131740786","1","","","20260827","","20260827;123822","","20260827","","20260828","ExchTrade","IBKRATS","108","45.92","4959.36","-4959.36","0","-0.40020183","USD","-4959.76020183","45.93","O","P","4959.76020183","0","1.08","0","","","0","0","BUY","","5570042975","42374368624","0000dcc7.6a9031be.01.01","","","014ced35.0001b1c3.6a8fc05c.0001","","","N/A","289878150B","20260827;123822","","","","","EXECUTION","0","0","LMT","C1","N","0","","","","","","0.0","0.0"
"U14404500","","","USD","1","STK","ETF","IAUM","ISHARES GOLD TRUST MICRO","499640636","US46436F1030","ISIN","46436F103","US46436F1030","BBG011K3SN42","ARCA","","IAUM","","","","US","10131740975","1","","","20260827","","20260827;123822","","20260827","","20260828","ExchTrade","IBKR","0.885","45.92","40.6392","-40.6392","0","-0.003279432","USD","-40.642479432","45.93","O","FP;P","40.642479432","0","0.0088","0","","","0","0","BUY","","5570042975","42374368643","0001296f.6a9080ed.01.01","","","014ced35.0001b1c3.6a8fc05c.0001","","","N/A","014ced35.00022c25.6afc5c82.0001","20260827;123822","","","","","EXECUTION","0","0","LMT","C1","N","0","","","","","","0.0","0.0"
"U14404500","","","USD","1","STK","ETF","IAUM","ISHARES GOLD TRUST MICRO","499640636","US46436F1030","ISIN","46436F103","US46436F1030","BBG011K3SN42","ARCA","","IAUM","","","","US","10139103308","1","","","20260828","","20260828;121651","","20260828","","20260831","ExchTrade","IBKRATS","-112","44.82","-5019.84","5019.84","0","-0.540272824","USD","5019.299727176","44.43","C","","-4905.231024","114.068703","43.68","0","","","0","0","SELL","","5574558495","42404312390","0000dcc7.6a918283.01.01","","","014ced35.0001b1c3.6a910ff7.0001","","","N/A","376263050S","20260828;121651","","","","","EXECUTION","0","0","MKT","C1","N","0","","","","","","0.0","0.0"
"U14404500","","","USD","1","STK","ETF","IAUM","ISHARES GOLD TRUST MICRO","499640636","US46436F1030","ISIN","46436F103","US46436F1030","BBG011K3SN42","ARCA","","IAUM","","","","US","10162084669","1","","","20260902","","20260902;131311","","20260902","","20260903","ExchTrade","DARK","-100","43.542","-4354.2","4354.2","0","-0.47975377","USD","4353.72024623","43.76","C","","-4475.360781","-121.640534","-21.8","0","","","0","0","SELL","","5588547682","42499103469","0000d5d6.6a987910.01.01","","","014ced35.0001b1c3.6a97a85a.0001","","","N/A","SD_3404169607","20260902;131311","","","","","EXECUTION","0","0","LMT","C1","N","0","","","","","","0.0","0.0"
"U14404500","","","USD","1","STK","ETF","KWEB","KRANESH CSI CHINA INTERNET","132310537","US5007673065","ISIN","500767306","US5007673065","BBG004XB9HY6","ARCA","","KWEB","","","","US","8292965261","1","","","20251002","","20251002;093651","","20251002","","20251003","ExchTrade","IBKR","0.5619","43.25","24.302175","-24.302175","0","-0.243325113","USD","-24.545500113","42.94","O","P;RP","24.545500113","0","-0.1742","0","","","0","0","BUY","","4449398173","35319323302","0001296f.68de79ef.01.01","","","014ced35.0001b1c3.68ddfe08.0001","","","N/A","014ced35.00013802.68eb4a7a.0001","20251002;093651","","","","","EXECUTION","0","0","MKT","C1","N","0","","","","","","0.0","0.0"
"U14404500","","","USD","1","STK","ETF","KWEB","KRANESH CSI CHINA INTERNET","132310537","US5007673065","ISIN","500767306","US5007673065","BBG004XB9HY6","ARCA","","KWEB","","","","US","8292970590","1","","","20251002","","20251002;093651","","20251002","","20251003","ExchTrade","DARK","11","43.245","475.695","-475.695","0","-0.109498879","USD","-475.804498879","42.94","O","P","475.804498879","0","-3.355","0","","","0","0","BUY","","4449398173","35319323352","0002264f.68de8854.01.01","","","014ced35.0001b1c3.68ddfe08.0001","","","N/A","nyd4#8186ab0159734","20251002;093651","","","","","EXECUTION","0","0","MKT","C1","N","0","","","","","","0.0","0.0"
"U14404500","","","USD","1","STK","ETF","KWEB","KRANESH CSI CHINA INTERNET","132310537","US5007673065","ISIN","500767306","US5007673065","BBG004XB9HY6","ARCA","","KWEB","","","","US","8688402401","1","","","20251215","","20251215;093649","","20251215","","20251216","ExchTrade","ARCA","-11","36.64","-403.04","403.04","0","-0.33668325","USD","402.70331675","36.26","C","P","-475.69781","-72.657809","4.18","0","","","0","0","SELL","","4693377247","36792230726","00010358.694012ea.01.01","","","014ced35.0001b1c3.693e4834.0002","","","N/A","0d.a467.12.01.000fbc:120103","20251215;093621","","","","","EXECUTION","0","0","LMT","C1","N","0","","","","","","0.0","0.0"
"U14404500","","","USD","1","STK","ETF","KWEB","KRANESH CSI CHINA INTERNET","132310537","US5007673065","ISIN","500767306","US5007673065","BBG004XB9HY6","ARCA","","KWEB","","","","US","8688402841","1","","","20251215","","20251215;093649","","20251215","","20251216","ExchTrade","IBKR","-0.5619","36.64","-20.588016","20.588016","0","-0.000205655","USD","20.587810345","36.26","C","FP;P","-24.299365","-3.711349","0.2135","0","","","0","0","SELL","","4693377247","36792230774","0001296f.694029a7.01.01","","","014ced35.0001b1c3.693e4834.0002","","","N/A","014ced35.00013802.6977d0eb.0001","20251215;093621","","","","","EXECUTION","0","0","LMT","C1","N","0","","","","","","0.0","0.0"
"U14404500","","","USD","1","STK","ETF","QQQ","INVESCO QQQ TRUST SERIES 1","320227571","US46090E1038","ISIN","46090E103","US46090E1038","BBG000BSWKH7","NASDAQ","","QQQ","","","","US","10094134685","1","","","20260820","","20260820;103906","","20260820","","20260821","ExchTrade","DARK","6","713.04","4278.24","-4278.24","0","-0.35147525","USD","-4278.59147525","710.93","O","P","4278.59147525","0","-12.66","0","","","0","0","BUY","","5547404082","42224171642","0000e1ae.6a86f906.01.01","","","014ced35.0001b1c3.6a8683b7.0001","","","N/A","SD_7345321070","20260820;103906","","","","","EXECUTION","0","0","MKT","C1","N","0","","","","","","0.0","0.0"
"U14404500","","","USD","1","STK","ETF","QQQ","INVESCO QQQ TRUST SERIES 1","320227571","US46090E1038","ISIN","46090E103","US46090E1038","BBG000BSWKH7","NASDAQ","","QQQ","","","","US","10094134760","1","","","20260820","","20260820;103906","","20260820","","20260821","ExchTrade","IBKR","0.5592","713.06","398.743152","-398.743152","0","-0.000113518","USD","-398.743265518","710.93","O","FP;P","398.743265518","0","-1.1911","0","","","0","0","BUY","","5547404082","42224171654","00012971.6a8747eb.01.01","","","014ced35.0001b1c3.6a8683b7.0001","","","N/A","014ced35.0002005c.6a86c1e8.0001","20260820;103906","","","","","EXECUTION","0","0","MKT","C1","N","0","","","","","","0.0","0.0"
"U14404500","","","USD","1","STK","ETF","QQQ","INVESCO QQQ TRUST SERIES 1","320227571","US46090E1038","ISIN","46090E103","US46090E1038","BBG000BSWKH7","NASDAQ","","QQQ","","","","US","10162079709","1","","","20260902","","20260902;131224","","20260902","","20260903","ExchTrade","NASDAQ","-6","707.96","-4247.76","4247.76","0","-0.432349106","USD","4247.327650894","709.24","C","P","-4278.591475","-31.263824","-7.68","0","","","0","0","SELL","","5588544524","42499090265","00013800.6a989185.01.01","","","014ced35.0001b1c3.6a97a856.0001","","","N/A","0348360842","20260902;131214","","","","","EXECUTION","0","0","LMT","C1","N","0","","","","","","0.0","0.0"
"U14404500","","","USD","1","STK","ETF","QQQ","INVESCO QQQ TRUST SERIES 1","320227571","US46090E1038","ISIN","46090E103","US46090E1038","BBG000BSWKH7","NASDAQ","","QQQ","","","","US","10162079804","1","","","20260902","","20260902;131227","","20260902","","20260903","ExchTrade","IBKR","-0.5592","707.97","-395.896824","395.896824","0","-0.008378036","USD","395.888445964","709.24","C","FP;P","-398.743266","-2.85482","-0.7102","0","","","0","0","SELL","","5588544524","42499090280","00012971.6a98b898.01.01","","","014ced35.0001b1c3.6a97a856.0001","","","N/A","014ced35.0002005c.6a98028c.0001","20260902;131214","","","","","EXECUTION","0","0","LMT","C1","N","0","","","","","","0.0","0.0"
"U14404500","","","USD","1","STK","ETF","SGOV","ISHARES 0-3 MONTH TREASURY B","424099317","US46436E7186","ISIN","46436E718","US46436E7186","BBG00TZR7XN3","NYSE","","SGOV","","","","US","9705760066","1","","","20260615","","20260615;093001","","20260615","","20260616","ExchTrade","NYSE","1","100.52","100.52","-100.52","0","-0.35146025","USD","-100.87146025","100.53","O","P","100.87146025","0","0.01","0","","","0","0","BUY","","5311721291","40692996138","00012dc9.6a2fdf72.01.01","","","014ced35.0001b1c3.6a2f7d5b.0001","","","N/A","0d.a1cf.11.06.000d3c:59031","20260615;091724","","","","","EXECUTION","0","0","MKT","C1","N","0","","","","","","0.0","0.0"
"U14404500","","","USD","1","STK","ETF","SGOV","ISHARES 0-3 MONTH TREASURY B","424099317","US46436E7186","ISIN","46436E718","US46436E7186","BBG00TZR7XN3","NYSE","","SGOV","","","","US","9705767342","1","","","20260615","","20260615;093001","","20260615","","20260616","ExchTrade","NYSE","44","100.52","4422.88","-4422.88","0","-0.052932","USD","-4422.932932","100.53","O","P","4422.932932","0","0.44","0","","","0","0","BUY","","5311721291","40693002079","00012dc9.6a2fdf71.01.01","","","014ced35.0001b1c3.6a2f7d5b.0001","","","N/A","0d.a1cf.11.06.000d3c:59030","20260615;091724","","","","","EXECUTION","0","0","MKT","C1","N","0","","","","","","0.0","0.0"
"U14404500","","","USD","1","STK","ETF","SGOV","ISHARES 0-3 MONTH TREASURY B","424099317","US46436E7186","ISIN","46436E718","US46436E7186","BBG00TZR7XN3","NYSE","","SGOV","","","","US","9706144216","1","","","20260615","","20260615;093006","","20260615","","20260616","ExchTrade","IBKR","0.7619","100.525","76.5899975","-76.5899975","0","-0.000154666","USD","-76.590152166","100.53","O","P;RP","76.590152166","0","0.0038","0","","","0","0","BUY","","5311721291","40693776881","00012978.6a2ff527.01.01","","","014ced35.0001b1c3.6a2f7d5b.0001","","","N/A","014ced35.000230c1.6ae25458.0001","20260615;091724","","","","","EXECUTION","0","0","MKT","C1","N","0","","","","","","0.0","0.0"
"U14404500","","","USD","1","STK","ETF","SGOV","ISHARES 0-3 MONTH TREASURY B","424099317","US46436E7186","ISIN","46436E718","US46436E7186","BBG00TZR7XN3","NYSE","","SGOV","","","","US","9844327251","1","","","20260708","","20260708;093345","","20260708","","20260709","ExchTrade","IBDRIPUS","0.1144","100.47","11.493768","-11.493768","0","-0.011525439","USD","-11.505293439","100.47","O","R","11.505293439","0","0","0","","","0","0","BUY","","5396721413","41242989489","0000f993.6a4f4e8c.01.01","","","","","","N/A","N/A","20260708;093345","","","","","EXECUTION","0","0","","C1","N","0","","","","","","0.0","0.0"
"U14404500","","","USD","1","STK","ETF","SGOV","ISHARES 0-3 MONTH TREASURY B","424099317","US46436E7186","ISIN","46436E718","US46436E7186","BBG00TZR7XN3","NYSE","","SGOV","","","","US","10020203009","1","","","20260807","","20260807;093113","","20260807","","20260810","ExchTrade","IBDRIPUS","0.1191","100.485","11.9677635","-11.9677635","0","-0.012000737","USD","-11.979764237","100.48","O","R","11.979764237","0","-0.0006","0","","","0","0","BUY","","5503276666","41935754197","0000f993.6a765410.01.01","","","","","","N/A","N/A","20260807;093113","","","","","EXECUTION","0","0","","C1","N","0","","","","","","0.0","0.0"
"U14404500","","","USD","1","STK","ETF","SGOV","ISHARES 0-3 MONTH TREASURY B","424099317","US46436E7186","ISIN","46436E718","US46436E7186","BBG00TZR7XN3","NYSE","","SGOV","","","","US","10094064373","1","","","20260820","","20260820;103419","","20260820","","20260821","ExchTrade","DARK","-45","100.595","-4526.775","4526.775","0","-0.461418815","USD","4526.313581185","100.59","C","P","-4523.804392","2.509189","0.225","0","","","0","0","SELL","","5547361709","42223909280","0001451b.6a871210.01.01","","","014ced35.0001b1c3.6a868362.0001","","","N/A","3796838","20260820;103419","","","","","EXECUTION","0","0","MKT","C1","N","0","","","","","","0.0","0.0"
"U14404500","","","USD","1","STK","ETF","SGOV","ISHARES 0-3 MONTH TREASURY B","424099317","US46436E7186","ISIN","46436E718","US46436E7186","BBG00TZR7XN3","NYSE","","SGOV","","","","US","10094066287","1","","","20260820","","20260820;103419","","20260820","","20260821","ExchTrade","IBKR","-0.9954","100.59","-100.127286","100.127286","0","-0.002458791","USD","100.124827209","100.59","C","FP;P","-100.075209","0.049618","0","0","","","0","0","SELL","","5547361709","42223909341","00012978.6a8755ac.01.01","","","014ced35.0001b1c3.6a868362.0001","","","N/A","014ced35.000230c1.6b612bd8.0001","20260820;103419","","","","","EXECUTION","0","0","MKT","C1","N","0","","","","","","0.0","0.0"
"U14404500","","","USD","1","STK","ETF","SIVR","ABRDN PHYSICAL SILVER SHARES","334909235","US0032641088","ISIN","003264108","US0032641088","BBG000NK15L3","ARCA","","SIVR","","","","US","8885518422","1","","","20260126","","20260126;150255","","20260126","","20260127","ExchTrade","DARK","8","103.05","824.4","-824.4","0","-0.35185725","USD","-824.75185725","103.3","O","P","824.75185725","0","2","0","","","0","0","BUY","","4815045769","37562750909","0002264f.69784516.01.01","","","014ced35.0001b1c3.6976fe53.0001","","","N/A","nyd4#e188e6078c632","20260126;150255","","","","","EXECUTION","0","0","MKT","C1","N","0","","","","","","0.0","0.0"
"U14404500","","","USD","1","STK","ETF","SIVR","ABRDN PHYSICAL SILVER SHARES","334909235","US0032641088","ISIN","003264108","US0032641088","BBG000NK15L3","ARCA","","SIVR","","","","US","8885518431","1","","","20260126","","20260126;150255","","20260126","","20260127","ExchTrade","IBKR","0.7334","103.02","75.554868","-75.554868","0","-0.00014668","USD","-75.55501468","103.3","O","P;RP","75.55501468","0","0.2054","0","","","0","0","BUY","","4815045769","37562750942","00012978.6978658c.01.01","","","014ced35.0001b1c3.6976fe53.0001","","","N/A","014ced35.00022c1f.697aa2da.0001","20260126;150255","","","","","EXECUTION","0","0","MKT","C1","N","0","","","","","","0.0","0.0"
"U14404500","","","USD","1","STK","ETF","SIVR","ABRDN PHYSICAL SILVER SHARES","334909235","US0032641088","ISIN","003264108","US0032641088","BBG000NK15L3","ARCA","","SIVR","","","","US","8885518445","1","","","20260126","","20260126;150255","","20260126","","20260127","ExchTrade","IBKR","0.0004","103.08","0.041232","-0.041232","0","-0.00000008","USD","-0.04123208","103.3","O","FP;P","0.04123208","0","0.0001","0","","","0","0","BUY","","4815045769","37562751013","00012978.6978658e.01.01","","","014ced35.0001b1c3.6976fe53.0001","","","N/A","014ced35.00022c1f.697aa2db.0001","20260126;150255","","","","","EXECUTION","0","0","MKT","C1","N","0","","","","","","0.0","0.0"
"U14404500","","","USD","1","STK","ETF","SIVR","ABRDN PHYSICAL SILVER SHARES","334909235","US0032641088","ISIN","003264108","US0032641088","BBG000NK15L3","ARCA","","SIVR","","","","US","8893557755","1","","","20260127","","20260127;151559","","20260127","","20260128","ExchTrade","IBKR","0.0001","105.43","0.010543","-0.010543","0","-0.01000737","USD","-0.02055037","106.7","O","FP;P","0.02055037","0","0.0001","0","","","0","0","BUY","","4819996657","37592797582","00012978.697992b6.01.01","","","014ced35.0001b1c3.69785230.0001","","","N/A","014ced35.00022c1f.697cfcb6.0001","20260127;151559","","","","","EXECUTION","0","0","MKT","C1","N","0","","","","","","0.0","0.0"
"U14404500","","","USD","1","STK","ETF","SIVR","ABRDN PHYSICAL SILVER SHARES","334909235","US0032641088","ISIN","003264108","US0032641088","BBG000NK15L3","ARCA","","SIVR","","","","US","8893557810","1","","","20260127","","20260127;151559","","20260127","","20260128","ExchTrade","IBKR","0.8225","105.42","86.70795","-86.70795","0","-0.3404144","USD","-87.0483644","106.7","O","P;RP","87.0483644","0","1.0528","0","","","0","0","BUY","","4819996657","37592797591","00012978.697992b4.01.01","","","014ced35.0001b1c3.69785230.0001","","","N/A","014ced35.00022c1f.697cfcb5.0001","20260127;151559","","","","","EXECUTION","0","0","MKT","C1","N","0","","","","","","0.0","0.0"
"U14404500","","","USD","1","STK","ETF","SIVR","ABRDN PHYSICAL SILVER SHARES","334909235","US0032641088","ISIN","003264108","US0032641088","BBG000NK15L3","ARCA","","SIVR","","","","US","8893558005","1","","","20260127","","20260127;151559","","20260127","","20260128","ExchTrade","IBKRATS","8","105.41","843.28","-843.28","0","-0.0016","USD","-843.2816","106.7","O","P","843.2816","0","10.32","0","","","0","0","BUY","","4819996657","37592797613","00018d32.6978e806.01.01","","","014ced35.0001b1c3.69785230.0001","","","N/A","117812950B","20260127;151559","","","","","EXECUTION","0","0","MKT","C1","N","0","","","","","","0.0","0.0"
"U14404500","","","USD","1","STK","ETF","SIVR","ABRDN PHYSICAL SILVER SHARES","334909235","US0032641088","ISIN","003264108","US0032641088","BBG000NK15L3","ARCA","","SIVR","","","","US","8907536561","1","","","20260129","","20260129;103511","","20260129","","20260130","ExchTrade","IBKRATS","-17","103.65","-1762.05","1762.05","0","-0.35697225","USD","1761.69302775","110.85","C","P","-1772.048383","-10.355354","-122.4","0","","","0","0","SELL","","4828697398","37643376041","000249dc.697bc7a3.01.01","","","014ced35.0001b1c3.697af064.0001","","","N/A","291775800S","20260129;103511","","","","","EXECUTION","0","0","MKT","C1","N","0","","","","","","0.0","0.0"
"U14404500","","","USD","1","STK","ETF","SIVR","ABRDN PHYSICAL SILVER SHARES","334909235","US0032641088","ISIN","003264108","US0032641088","BBG000NK15L3","ARCA","","SIVR","","","","US","8907536695","1","","","20260129","","20260129;103511","","20260129","","20260130","ExchTrade","IBKR","-0.5564","103.64","-57.665296","57.665296","0","-0.000219778","USD","57.665076222","110.85","C","FP;P","-58.650235","-0.985159","-4.0116","0","","","0","0","SELL","","4828697398","37643376091","00012978.697be054.01.01","","","014ced35.0001b1c3.697af064.0001","","","N/A","014ced35.00022c1f.69805730.0001","20260129;103511","","","","","EXECUTION","0","0","MKT","C1","N","0","","","","","","0.0","0.0"
"U14404500","","","USD","1","STK","ETF","SOLZ","SOLANA ETF","769653646","US92864M8221","ISIN","92864M822","US92864M8221","BBG01SXP66P8","NASDAQ","","SOLZ","","","","US","8292953445","1","","","20251002","","20251002;093722","","20251002","","20251003","ExchTrade","IBKR","0.8375","23.995","20.0958125","-20.0958125","0","-0.201291754","USD","-20.297104254","24.68","O","P;RP","20.297104254","0","0.5737","0","","","0","0","BUY","","4449390168","35319281687","00012978.68de89f1.01.01","","","014ced35.0001b1c3.68ddfe10.0001","","","N/A","014ced35.00022b69.6b38ade4.0001","20251002;093722","","","","","EXECUTION","0","0","MKT","C1","N","0","","","","","","0.0","0.0"
"U14404500","","","USD","1","STK","ETF","SOLZ","SOLANA ETF","769653646","US92864M8221","ISIN","92864M822","US92864M8221","BBG01SXP66P8","NASDAQ","","SOLZ","","","","US","8292953803","1","","","20251002","","20251002;093722","","20251002","","20251003","ExchTrade","DARK","20","23.995","479.9","-479.9","0","-0.153591421","USD","-480.053591421","24.68","O","P","480.053591421","0","13.7","0","","","0","0","BUY","","4449390168","35319281707","0001f951.68de6a32.01.01","","","014ced35.0001b1c3.68ddfe10.0001","","","N/A","EXC-43163","20251002;093722","","","","","EXECUTION","0","0","MKT","C1","N","0","","","","","","0.0","0.0"
"U14404500","","","USD","1","STK","ETF","SOLZ","SOLANA ETF","769653646","US92864M8221","ISIN","92864M822","US92864M8221","BBG01SXP66P8","NASDAQ","","SOLZ","","","","US","8292953819","1","","","20251002","","20251002;093722","","20251002","","20251003","ExchTrade","IBKR","0.0001","24","0.0024","-0.0024","0","-0.000000022","USD","-0.002400022","24.68","O","FP;P","0.002400022","0","0.0001","0","","","0","0","BUY","","4449390168","35319281716","00012978.68de89f3.01.01","","","014ced35.0001b1c3.68ddfe10.0001","","","N/A","014ced35.00022b69.6b38ade5.0001","20251002;093722","","","","","EXECUTION","0","0","MKT","C1","N","0","","","","","","0.0","0.0"
"U14404500","","","USD","1","STK","ETF","SOLZ","SOLANA ETF","769653646","US92864M8221","ISIN","92864M822","US92864M8221","BBG01SXP66P8","NASDAQ","","SOLZ","","","","US","8467244049","1","","","20251031","","20251031;093000","","20251031","","20251103","ExchTrade","IBDRIPUS","0.0385","19.48","0.74998","-0.74998","0","-0.000759078","USD","-0.750739078","19.62","O","R","0.750739078","0","0.0054","0","","","0","0","BUY","","4557053724","35950168935","0000f993.6904e2a8.01.01","","","","","","N/A","N/A","20251031;093000","","","","","EXECUTION","0","0","","C1","N","0","","","","","","0.0","0.0"
"U14404500","","","USD","1","STK","ETF","SOLZ","SOLANA ETF","769653646","US92864M8221","ISIN","92864M822","US92864M8221","BBG01SXP66P8","NASDAQ","","SOLZ","","","","US","8616042814","1","","","20251128","","20251128;093000","","20251128","","20251201","ExchTrade","IBDRIPUS","0.0277","14.8","0.40996","-0.40996","0","-0.000416411","USD","-0.410376411","14.1","O","R","0.410376411","0","-0.0194","0","","","0","0","BUY","","4648647337","36506925911","0000f993.6929c78a.01.01","","","","","","N/A","N/A","20251128;093000","","","","","EXECUTION","0","0","","C1","N","0","","","","","","0.0","0.0"
"U14404500","","","USD","1","STK","ETF","SOLZ","SOLANA ETF","769653646","US92864M8221","ISIN","92864M822","US92864M8221","BBG01SXP66P8","NASDAQ","","SOLZ","","","","US","8701787370","1","","","20251217","","20251217;093001","","20251217","","20251218","ExchTrade","IBDRIPUS","0.0324","13.25","0.4293","-0.4293","0","-0.000436096","USD","-0.429736096","12.62","O","R","0.429736096","0","-0.0204","0","","","0","0","BUY","","4701682461","36845494054","0000f993.6943f48e.01.01","","","","","","N/A","N/A","20251217;093001","","","","","EXECUTION","0","0","","C1","N","0","","","","","","0.0","0.0"
"U14404500","","","USD","1","STK","ETF","SOLZ","SOLANA ETF","769653646","US92864M8221","ISIN","92864M822","US92864M8221","BBG01SXP66P8","NASDAQ","","SOLZ","","","","US","8871184606","1","","","20260123","","20260123;093000","","20260123","","20260126","ExchTrade","IBDRIPUS","0.0408","12.98","0.529584","-0.529584","0","-0.000538133","USD","-0.530122133","12.95","O","R","0.530122133","0","-0.0012","0","","","0","0","BUY","","4806384537","37513533175","0000f993.69738e8e.01.01","","","","","","N/A","N/A","20260123;093000","","","","","EXECUTION","0","0","","C1","N","0","","","","","","0.0","0.0"
"U14404500","","","USD","1","STK","ETF","SOLZ","SOLANA ETF","769653646","US92864M8221","ISIN","92864M822","US92864M8221","BBG01SXP66P8","NASDAQ","","SOLZ","","","","US","9036766887","1","","","20260220","","20260220;093001","","20260220","","20260223","ExchTrade","IBDRIPUS","0.0391","8.43","0.329613","-0.329613","0","-0.000337675","USD","-0.329950675","8.61","O","R","0.329950675","0","0.007","0","","","0","0","BUY","","4907375785","38130633480","0000f993.69988fec.01.01","","","","","","N/A","N/A","20260220;093001","","","","","EXECUTION","0","0","","C1","N","0","","","","","","0.0","0.0"
"U14404500","","","USD","1","STK","ETF","SOLZ","SOLANA ETF","769653646","US92864M8221","ISIN","92864M822","US92864M8221","BBG01SXP66P8","NASDAQ","","SOLZ","","","","US","9191523495","1","","","20260320","","20260320;093001","","20260320","","20260323","ExchTrade","IBDRIPUS","0.0275","9.06","0.24915","-0.24915","0","-0.000254833","USD","-0.249404833","9.01","O","R","0.249404833","0","-0.0014","0","","","0","0","BUY","","4999459172","38731270921","0000f993.69bd739a.01.01","","","","","","N/A","N/A","20260320;093001","","","","","EXECUTION","0","0","","C1","N","0","","","","","","0.0","0.0"
"U14404500","","","USD","1","STK","ETF","SOLZ","SOLANA ETF","769653646","US92864M8221","ISIN","92864M822","US92864M8221","BBG01SXP66P8","NASDAQ","","SOLZ","","","","US","9378619262","1","","","20260424","","20260424;093001","","20260424","","20260427","ExchTrade","IBDRIPUS","0.0344","8.7","0.29928","-0.29928","0","-0.00030638","USD","-0.29958638","8.7","O","R","0.29958638","0","0","0","","","0","0","BUY","","5112327209","39469091308","0000f993.69eb7c42.01.01","","","","","","N/A","N/A","20260424;093001","","","","","EXECUTION","0","0","","C1","N","0","","","","","","0.0","0.0"
"U14404500","","","USD","1","STK","ETF","SOLZ","SOLANA ETF","769653646","US92864M8221","ISIN","92864M822","US92864M8221","BBG01SXP66P8","NASDAQ","","SOLZ","","","","US","9553652413","1","","","20260522","","20260522;093001","","20260522","","20260526","ExchTrade","IBDRIPUS","0.0296","8.77","0.259592","-0.259592","0","-0.000265792","USD","-0.259857792","8.4977","O","R","0.259857792","0","-0.0081","0","","","0","0","BUY","","5218685756","40127047549","0000f993.6a10792c.01.01","","","","","","N/A","N/A","20260522;093001","","","","","EXECUTION","0","0","","C1","N","0","","","","","","0.0","0.0"
"U14404500","","","USD","1","STK","ETF","SOLZ","SOLANA ETF","769653646","US92864M8221","ISIN","92864M822","US92864M8221","BBG01SXP66P8","NASDAQ","","SOLZ","","","","US","9744544540","1","","","20260622","","20260622;093002","","20260622","","20260623","ExchTrade","IBDRIPUS","0.0322","7.44","0.239568","-0.239568","0","-0.000246281","USD","-0.239814281","7.28","O","R","0.239814281","0","-0.0052","0","","","0","0","BUY","","5335387223","40846631605","0000f993.6a39f44c.01.01","","","","","","N/A","N/A","20260622;093002","","","","","EXECUTION","0","0","","C1","N","0","","","","","","0.0","0.0"
"U14404500","","","USD","1","STK","ETF","SOLZ","SOLANA ETF","769653646","US92864M8221","ISIN","92864M822","US92864M8221","BBG01SXP66P8","NASDAQ","","SOLZ","","","","US","9933008460","1","","","20260724","","20260724;093001","","20260724","","20260727","ExchTrade","IBDRIPUS","0.0349","7.445","0.2598305","-0.2598305","0","-0.000267106","USD","-0.260097606","7.3806","O","R","0.260097606","0","-0.0022","0","","","0","0","BUY","","5450744803","41597854599","0000f993.6a637a96.01.01","","","","","","N/A","N/A","20260724;093001","","","","","EXECUTION","0","0","","C1","N","0","","","","","","0.0","0.0"
"U14404500","","","USD","1","STK","ETF","SOLZ","SOLANA ETF","769653646","US92864M8221","ISIN","92864M822","US92864M8221","BBG01SXP66P8","NASDAQ","","SOLZ","","","","US","10099381163","1","","","20260821","","20260821;093001","","20260821","","20260824","ExchTrade","IBDRIPUS","0.0254","9.05","0.22987","-0.22987","0","-0.000235195","USD","-0.230105195","9.08","O","R","0.230105195","0","0.0008","0","","","0","0","BUY","","5550517444","42247760955","0000f993.6a886ed6.01.01","","","","","","N/A","N/A","20260821;093001","","","","","EXECUTION","0","0","","C1","N","0","","","","","","0.0","0.0"
"U14404500","","","USD","1","STK","ETF","VOO","VANGUARD S&P 500 ETF","136155102","US9229083632","ISIN","922908363","US9229083632","BBG0015VYNT4","ARCA","","VOO","","","","US","8293441758","1","","","20251002","","20251002;093221","","20251002","","20251003","ExchTrade","IBDRIPUS","0.1019","616.25","62.795875","-62.795875","0","-0.062864652","USD","-62.858739652","615.25","O","R","62.858739652","0","-0.1019","0","","","0","0","BUY","","4449707079","35320590255","0000f993.68e0215e.01.01","","","","","","N/A","N/A","20251002;093221","","","","","EXECUTION","0","0","","C1","N","0","","","","","","0.0","0.0"
"U14404500","","","USD","1","STK","ETF","VOO","VANGUARD S&P 500 ETF","136155102","US9229083632","ISIN","922908363","US9229083632","BBG0015VYNT4","ARCA","","VOO","","","","US","8435957304","1","","","20251027","","20251027;093000","","20251027","","20251028","ExchTrade","ARCA","1","627.76","627.76","-627.76","0","-0.35107925","USD","-628.11107925","630","O","P","628.11107925","0","2.24","0","","","0","0","BUY","","4537323635","35836220408","0001ebb8.68ff1d20.01.01","","","014ced35.0001b1c3.68fda079.0001","","","N/A","0d.a2bc.0f.01.000f8d:34594","20251026;074845","","","","","EXECUTION","0","0","MKT","C1","N","0","","","","","","0.0","0.0"
"U14404500","","","USD","1","STK","ETF","VOO","VANGUARD S&P 500 ETF","136155102","US9229083632","ISIN","922908363","US9229083632","BBG0015VYNT4","ARCA","","VOO","","","","US","8436006404","1","","","20251027","","20251027;093007","","20251027","","20251028","ExchTrade","IBKR","0.5928","627.859","372.1948152","-372.1948152","0","-0.000131602","USD","-372.194946802","630","O","P;RP","372.194946802","0","1.2692","0","","","0","0","BUY","","4537323635","35836338952","00012978.68ff74d3.01.01","","","014ced35.0001b1c3.68fda079.0001","","","N/A","014ced35.0001102f.68ff2ebe.0001","20251026;074845","","","","","EXECUTION","0","0","MKT","C1","N","0","","","","","","0.0","0.0"
"U14404500","","","USD","1","STK","ETF","VOO","VANGUARD S&P 500 ETF","136155102","US9229083632","ISIN","922908363","US9229083632","BBG0015VYNT4","ARCA","","VOO","","","","US","8483785791","1","","","20251104","","20251104;093000","","20251104","","20251105","ExchTrade","ARCA","-17","621.71","-10569.07","10569.07","0","-0.36535325","USD","10568.70464675","620.99","C","","-9648.290309","920.414339","12.24","0","","","0","0","SELL","","4567251879","36012915689","0001ebb8.6909af67.01.01","","","014ced35.0001b1c3.690842b0.0001","","","N/A","0d.a2bc.14.01.000f95:51059","20251103;221948","","","","","EXECUTION","0","0","MKT","C1","N","0","","","","","","0.0","0.0"
"U14404500","","","USD","1","STK","ETF","VOO","VANGUARD S&P 500 ETF","136155102","US9229083632","ISIN","922908363","US9229083632","BBG0015VYNT4","ARCA","","VOO","","","","US","8576704208","1","","","20251120","","20251120;093000","","20251120","","20251121","ExchTrade","ARCA","2","618.78","1237.56","-1237.56","0","-0.35190125","USD","-1237.91190125","599.96","O","P","1237.91190125","0","-37.64","0","","","0","0","BUY","","4624707534","36357194644","0001ebb8.691ec9c6.01.01","","","014ced35.0001b1c3.691d5a2a.0001","","","N/A","0d.a2bc.13.01.000fa7:51407","20251119;174608","","","","","EXECUTION","0","0","MKT","C1","N","0","","","","","","0.0","0.0"
"U14404500","","","USD","1","STK","ETF","VOO","VANGUARD S&P 500 ETF","136155102","US9229083632","ISIN","922908363","US9229083632","BBG0015VYNT4","ARCA","","VOO","","","","US","8576752779","1","","","20251120","","20251120;093000","","20251120","","20251121","ExchTrade","IBKR","0.0847","618.7643","52.40933621","-52.40933621","0","-0.000018803","USD","-52.409355013","599.96","O","P;RP","52.409355013","0","-1.5927","0","","","0","0","BUY","","4624707534","36357283682","00012978.691f0dc0.01.01","","","014ced35.0001b1c3.691d5a2a.0001","","","N/A","014ced35.0001102f.691edeb5.0001","20251119;174608","","","","","EXECUTION","0","0","MKT","C1","N","0","","","","","","0.0","0.0"
"U14404500","","","USD","1","STK","ETF","VOO","VANGUARD S&P 500 ETF","136155102","US9229083632","ISIN","922908363","US9229083632","BBG0015VYNT4","ARCA","","VOO","","","","US","8608965001","1","","","20251126","","20251126;093000","","20251126","","20251128","ExchTrade","ARCA","4","623.16","2492.64","-2492.64","0","-0.35354525","USD","-2492.99354525","624.95","O","P","2492.99354525","0","7.16","0","","","0","0","BUY","","4644188053","36474779240","0001ebb8.6926afb5.01.01","","","014ced35.0001b1c3.69268db1.0001","","","N/A","0d.a2bc.11.01.000fad:24450","20251126;084813","","","","","EXECUTION","0","0","MKT","C1","N","0","","","","","","0.0","0.0"
"U14404500","","","USD","1","STK","ETF","VOO","VANGUARD S&P 500 ETF","136155102","US9229083632","ISIN","922908363","US9229083632","BBG0015VYNT4","ARCA","","VOO","","","","US","8609199939","1","","","20251126","","20251126;093000","","20251126","","20251128","ExchTrade","IBKR","0.0118","623.03","7.351754","-7.351754","0","-0.00000262","USD","-7.35175662","624.95","O","P;RP","7.35175662","0","0.0227","0","","","0","0","BUY","","4644188053","36475266866","00012978.6926f697.01.01","","","014ced35.0001b1c3.69268db1.0001","","","N/A","014ced35.0001102f.6926c6c7.0001","20251126;084813","","","","","EXECUTION","0","0","MKT","C1","N","0","","","","","","0.0","0.0"
"U14404500","","","USD","1","STK","ETF","VOO","VANGUARD S&P 500 ETF","136155102","US9229083632","ISIN","922908363","US9229083632","BBG0015VYNT4","ARCA","","VOO","","","","US","8615849527","1","","","20251128","","20251128;093208","","20251128","","20251201","ExchTrade","IBKRATS","4","626.48","2505.92","-2505.92","0","-0.35114525","USD","-2506.27114525","628.41","O","P","2506.27114525","0","7.72","0","","","0","0","BUY","","4648521400","36506585485","000249df.6929a4af.01.01","","","014ced35.0001b1c3.69293078.0001","","","N/A","376217450B","20251128;093208","","","","","EXECUTION","0","0","MKT","C1","N","0","","","","","","0.0","0.0"
"U14404500","","","USD","1","STK","ETF","VOO","VANGUARD S&P 500 ETF","136155102","US9229083632","ISIN","922908363","US9229083632","BBG0015VYNT4","ARCA","","VOO","","","","US","8616048865","1","","","20251128","","20251128;093433","","20251128","","20251201","ExchTrade","IBKR","0.7883","626.72","494.043376","-494.043376","0","-0.000175003","USD","-494.043551003","628.41","O","FP;P","494.043551003","0","1.3322","0","","","0","0","BUY","","4648521400","36506969140","00012978.6929c198.01.01","","","014ced35.0001b1c3.69293078.0001","","","N/A","014ced35.0001102f.69296e9a.0001","20251128;093208","","","","","EXECUTION","0","0","MKT","C1","N","0","","","","","","0.0","0.0"
"U14404500","","","USD","1","STK","ETF","VOO","VANGUARD S&P 500 ETF","136155102","US9229083632","ISIN","922908363","US9229083632","BBG0015VYNT4","ARCA","","VOO","","","","US","8737662836","1","","","20251226","","20251226;093417","","20251226","","20251229","ExchTrade","IBDRIPUS","0.0901","635.52","57.260352","-57.260352","0","-0.057320458","USD","-57.317672458","634.84","O","R","57.317672458","0","-0.0613","0","","","0","0","BUY","","4723807677","36998232228","0000f993.6950a186.01.01","","","","","","N/A","N/A","20251226;093417","","","","","EXECUTION","0","0","","C1","N","0","","","","","","0.0","0.0"
"U14404500","","","USD","1","STK","ETF","VOO","VANGUARD S&P 500 ETF","136155102","US9229083632","ISIN","922908363","US9229083632","BBG0015VYNT4","ARCA","","VOO","","","","US","9122086921","1","","","20260306","","20260306;141826","","20260306","","20260309","ExchTrade","DARK","6","620.6691","3724.0146","-3724.0146","0","-0.35145725","USD","-3724.36605725","618.43","O","IA;P","3724.36605725","0","-13.4346","0","","","0","0","BUY","","4958061136","38452657303","00030e5e.6c11c1b2.01.01","","","014ced35.0001b1c3.69aa684a.0001","","","N/A","372953832B","20260306;141826","","","","","EXECUTION","0","0","MKT","C1","N","0","","","","","","0.0","0.0"
"U14404500","","","USD","1","STK","ETF","VOO","VANGUARD S&P 500 ETF","136155102","US9229083632","ISIN","922908363","US9229083632","BBG0015VYNT4","ARCA","","VOO","","","","US","9122086966","1","","","20260306","","20260306;141826","","20260306","","20260309","ExchTrade","IBKR","0.2502","620.67","155.291634","-155.291634","0","-0.00005004","USD","-155.29168404","618.43","O","FP;P","155.29168404","0","-0.5604","0","","","0","0","BUY","","4958061136","38452657310","00012978.69ab9aa0.01.01","","","014ced35.0001b1c3.69aa684a.0001","","","N/A","014ced35.0001102f.69ab7df6.0001","20260306;141826","","","","","EXECUTION","0","0","MKT","C1","N","0","","","","","","0.0","0.0"
"U14404500","","","USD","1","STK","ETF","VOO","VANGUARD S&P 500 ETF","136155102","US9229083632","ISIN","922908363","US9229083632","BBG0015VYNT4","ARCA","","VOO","","","","US","9122087004","1","","","20260306","","20260306;141826","","20260306","","20260309","ExchTrade","DARK","1","620.6675","620.6675","-620.6675","0","-0.0002","USD","-620.6677","618.43","O","P","620.6677","0","-2.2375","0","","","0","0","BUY","","4958061136","38452657316","00030f00.69aba8be.01.01","","","014ced35.0001b1c3.69aa684a.0001","","","N/A","1839200095313090097","20260306;141826","","","","","EXECUTION","0","0","MKT","C1","N","0","","","","","","0.0","0.0"
"U14404500","","","USD","1","STK","ETF","VOO","VANGUARD S&P 500 ETF","136155102","US9229083632","ISIN","922908363","US9229083632","BBG0015VYNT4","ARCA","","VOO","","","","US","9254441131","1","","","20260401","","20260401;093230","","20260401","","20260402","ExchTrade","DARK","1","601.535","601.535","-601.535","0","-0.35045725","USD","-601.88545725","602.3","O","P","601.88545725","0","0.765","0","","","0","0","BUY","","5037046383","38981584341","00030f00.69ccf9ae.01.01","","","014ced35.0001b1c3.69cc9d83.0001","","","N/A","1857243081124879160","20260401;093230","","","","","EXECUTION","0","0","MKT","C1","N","0","","","","","","0.0","0.0"
"U14404500","","","USD","1","STK","ETF","VOO","VANGUARD S&P 500 ETF","136155102","US9229083632","ISIN","922908363","US9229083632","BBG0015VYNT4","ARCA","","VOO","","","","US","9254441972","1","","","20260401","","20260401;093230","","20260401","","20260402","ExchTrade","DARK","9","601.5386","5413.8474","-5413.8474","0","-0.0018","USD","-5413.8492","602.3","O","IA;P","5413.8492","0","6.8526","0","","","0","0","BUY","","5037046383","38981584422","00030e5e.6c613212.01.01","","","014ced35.0001b1c3.69cc9d83.0001","","","N/A","199811318B","20260401;093230","","","","","EXECUTION","0","0","MKT","C1","N","0","","","","","","0.0","0.0"
"U14404500","","","USD","1","STK","ETF","VOO","VANGUARD S&P 500 ETF","136155102","US9229083632","ISIN","922908363","US9229083632","BBG0015VYNT4","ARCA","","VOO","","","","US","9254472061","1","","","20260401","","20260401;093230","","20260401","","20260402","ExchTrade","IBKR","0.4731","601.54","284.588574","-284.588574","0","-0.00009462","USD","-284.58866862","602.3","O","P;RP","284.58866862","0","0.3596","0","","","0","0","BUY","","5037046383","38981634714","00012978.69cd39c1.01.01","","","014ced35.0001b1c3.69cc9d83.0001","","","N/A","014ced35.0001102f.69ccdf18.0001","20260401;093230","","","","","EXECUTION","0","0","MKT","C1","N","0","","","","","","0.0","0.0"
"U14404500","","","USD","1","STK","ETF","VOO","VANGUARD S&P 500 ETF","136155102","US9229083632","ISIN","922908363","US9229083632","BBG0015VYNT4","ARCA","","VOO","","","","US","9255879989","1","","","20260401","","20260401;093546","","20260401","","20260402","ExchTrade","IBDRIPUS","0.1199","602.15","72.197785","-72.197785","0","-0.07227483","USD","-72.27005983","602.3","O","R","72.27005983","0","0.018","0","","","0","0","BUY","","5037926936","38985170300","0000f993.69cfbe82.01.01","","","","","","N/A","N/A","20260401;093546","","","","","EXECUTION","0","0","","C1","N","0","","","","","","0.0","0.0"
"U14404500","","","USD","1","STK","ETF","VOO","VANGUARD S&P 500 ETF","136155102","US9229083632","ISIN","922908363","US9229083632","BBG0015VYNT4","ARCA","","VOO","","","","US","9340302717","1","","","20260417","","20260417;102815","","20260417","","20260420","ExchTrade","IBKR","0.6009","652.048","391.8156432","-391.8156432","0","-0.35037743","USD","-392.16602063","652.78","O","P;RP","392.16602063","0","0.4399","0","","","0","0","BUY","","5089276370","39322773722","00012978.69e288b4.01.01","","","014ced35.0001b1c3.69e1b6d0.0001","","","N/A","014ced35.0001102f.69e21fcc.0001","20260417;102815","","","","","EXECUTION","0","0","MKT","C1","N","0","","","","","","0.0","0.0"
"U14404500","","","USD","1","STK","ETF","VOO","VANGUARD S&P 500 ETF","136155102","US9229083632","ISIN","922908363","US9229083632","BBG0015VYNT4","ARCA","","VOO","","","","US","9340302852","1","","","20260417","","20260417;102815","","20260417","","20260420","ExchTrade","IBKRATS","4","652.03","2608.12","-2608.12","0","-0.0008","USD","-2608.1208","652.78","O","P","2608.1208","0","3","0","","","0","0","BUY","","5089276370","39322773793","00022cc0.69e22d2d.01.01","","","014ced35.0001b1c3.69e1b6d0.0001","","","N/A","376305900B","20260417;102815","","","","","EXECUTION","0","0","MKT","C1","N","0","","","","","","0.0","0.0"
"U14404500","","","USD","1","STK","ETF","VOO","VANGUARD S&P 500 ETF","136155102","US9229083632","ISIN","922908363","US9229083632","BBG0015VYNT4","ARCA","","VOO","","","","US","9459426749","1","","","20260507","","20260507;152841","","20260507","","20260508","ExchTrade","DARK","-22","671.5814","-14774.7908","14774.7908","0","-0.66337394","USD","14774.12742606","672.54","C","IA","-12708.466294","2065.661131","-21.0892","0","","","0","0","SELL","","5161654026","39771434870","00030e5e.6ce7ae5c.01.01","","","014ced35.0001b1c3.69fc1971.0001","","","N/A","286761601S","20260507;152841","","","","","EXECUTION","0","0","MKT","C1","N","0","","","","","","0.0","0.0"
"U14404500","","","USD","1","STK","ETF","VOO","VANGUARD S&P 500 ETF","136155102","US9229083632","ISIN","922908363","US9229083632","BBG0015VYNT4","ARCA","","VOO","","","","US","9461345159","1","","","20260508","","20260508;065930","","20260508","","20260511","ExchTrade","ARCA","21","675.72","14190.12","-14190.12","0","-0.32092025","USD","-14190.44092025","678.04","O","P","14190.44092025","0","48.72","0","","","0","0","BUY","","5162795170","39785118720","0001ebb8.69fd8265.01.01","","","014ced35.0001b1c3.69fd63f0.0001","","","N/A","0d.a2bc.14.01.001036:20719","20260508;065921","","","","","EXECUTION","0","0","LMT","C1","N","0","","","","","","0.0","0.0"
"U14404500","","","USD","1","STK","ETF","VOO","VANGUARD S&P 500 ETF","136155102","US9229083632","ISIN","922908363","US9229083632","BBG0015VYNT4","ARCA","","VOO","","","","US","9461775987","1","","","20260508","","20260508;093002","","20260508","","20260511","ExchTrade","IBKR","0.8951","675.69","604.810119","-604.810119","0","-0.000181705","USD","-604.810300705","678.04","O","P;RP","604.810300705","0","2.1035","0","","","0","0","BUY","","5162795170","39786360150","00012978.69fdd4f3.01.01","","","014ced35.0001b1c3.69fd63f0.0001","","","N/A","014ced35.0001102f.69fd9fe9.0001","20260508;065921","","","","","EXECUTION","0","0","LMT","C1","N","0","","","","","","0.0","0.0"
"U14404500","","","USD","1","STK","ETF","VOO","VANGUARD S&P 500 ETF","136155102","US9229083632","ISIN","922908363","US9229083632","BBG0015VYNT4","ARCA","","VOO","","","","US","9461818746","1","","","20260508","","20260508;093005","","20260508","","20260511","ExchTrade","IBKR","0.0001","675.56","0.067556","-0.067556","0","-0.00000002","USD","-0.06755602","678.04","O","FP;P","0.06755602","0","0.0002","0","","","0","0","BUY","","5162795170","39786435969","00012978.69fddb8b.01.01","","","014ced35.0001b1c3.69fd63f0.0001","","","N/A","014ced35.0001102f.69fda04b.0001","20260508;065921","","","","","EXECUTION","0","0","LMT","C1","N","0","","","","","","0.0","0.0"
"U14404500","","","USD","1","STK","ETF","VOO","VANGUARD S&P 500 ETF","136155102","US9229083632","ISIN","922908363","US9229083632","BBG0015VYNT4","ARCA","","VOO","","","","US","9604608232","1","","","20260601","","20260601;095644","","20260601","","20260602","ExchTrade","ARCA","-1","695.16","-695.16","695.16","0","-0.363375546","USD","694.796624454","697.3","C","P","-578.431426","116.365199","-2.14","0","","","0","0","SELL","","5249673493","40317518203","0001ebb8.6a1d4163.01.01","","","014ced35.0001b1c3.6a1d0aa4.0001","","","N/A","0d.a2bc.12.01.00104c:43923","20260601;095525","","","","","EXECUTION","0","0","LMT","C1","N","0","","","","","","0.0","0.0"
"U14404500","","","USD","1","STK","ETF","VOO","VANGUARD S&P 500 ETF","136155102","US9229083632","ISIN","922908363","US9229083632","BBG0015VYNT4","ARCA","","VOO","","","","US","9604608853","1","","","20260601","","20260601;095644","","20260601","","20260602","ExchTrade","IBKR","-0.02","695.16","-13.9032","13.9032","0","-0.000294366","USD","13.902905634","697.3","C","FP;P","-11.568629","2.334277","-0.0428","0","","","0","0","SELL","","5249673493","40317518248","00012978.6a1e24de.01.01","","","014ced35.0001b1c3.6a1d0aa4.0001","","","N/A","014ced35.0001102f.6a1d603e.0001","20260601;095525","","","","","EXECUTION","0","0","LMT","C1","N","0","","","","","","0.0","0.0"
"U14404500","","","USD","1","STK","ETF","VOO","VANGUARD S&P 500 ETF","136155102","US9229083632","ISIN","922908363","US9229083632","BBG0015VYNT4","ARCA","","VOO","","","","US","9604641901","1","","","20260601","","20260601;095644","","20260601","","20260602","ExchTrade","ARCA","-2","695.16","-1390.32","1390.32","0","-0.026236592","USD","1390.293763408","697.3","C","P","-1156.931206","233.362557","-4.28","0","","","0","0","SELL","","5249673493","40317575318","0001ebb8.6a1d4164.01.01","","","014ced35.0001b1c3.6a1d0aa4.0001","","","N/A","0d.a2bc.12.01.00104c:43924","20260601;095525","","","","","EXECUTION","0","0","LMT","C1","N","0","","","","","","0.0","0.0"
"U14404500","","","USD","1","STK","ETF","VOO","VANGUARD S&P 500 ETF","136155102","US9229083632","ISIN","922908363","US9229083632","BBG0015VYNT4","ARCA","","VOO","","","","US","9808825899","1","","","20260701","","20260701;093929","","20260701","","20260702","ExchTrade","IBDRIPUS","0.1402","683.13","95.774826","-95.774826","0","-0.095873681","USD","-95.870699681","685.46","O","R","95.870699681","0","0.3267","0","","","0","0","BUY","","5374940051","41096210460","0000f993.6a495516.01.01","","","","","","N/A","N/A","20260701;093929","","","","","EXECUTION","0","0","","C1","N","0","","","","","","0.0","0.0"
"U14404500","","","USD","1","STK","ETF","VOO","VANGUARD S&P 500 ETF","136155102","US9229083632","ISIN","922908363","US9229083632","BBG0015VYNT4","ARCA","","VOO","","","","US","9809713589","1","","","20260701","","20260701;104451","","20260701","","20260702","ExchTrade","IBKR","0.1351","686.32","92.721832","-92.721832","0","-0.350284675","USD","-93.072116675","685.46","O","FP;P","93.072116675","0","-0.1162","0","","","0","0","BUY","","5375479276","41099703048","00012978.6a45b1a2.01.01","","","014ced35.0001b1c3.6a449891.0001","","","N/A","014ced35.0001102f.6a450eb6.0001","20260701;104451","","","","","EXECUTION","0","0","MKT","C1","N","0","","","","","","0.0","0.0"
"U14404500","","","USD","1","STK","ETF","VOO","VANGUARD S&P 500 ETF","136155102","US9229083632","ISIN","922908363","US9229083632","BBG0015VYNT4","ARCA","","VOO","","","","US","9809716836","1","","","20260701","","20260701;104451","","20260701","","20260702","ExchTrade","DARK","4","686.305","2745.22","-2745.22","0","-0.000812","USD","-2745.220812","685.46","O","P","2745.220812","0","-3.38","0","","","0","0","BUY","","5375479276","41099703254","0002264f.6a4562ca.01.01","","","014ced35.0001b1c3.6a449891.0001","","","N/A","nyd5#818be31a60a92","20260701;104451","","","","","EXECUTION","0","0","MKT","C1","N","0","","","","","","0.0","0.0"
"ClientAccountID","AccountAlias","Model","CurrencyPrimary","FXRateToBase","AssetClass","SubCategory","Symbol","Description","Conid","SecurityID","SecurityIDType","CUSIP","ISIN","FIGI","ListingExchange","UnderlyingConid","UnderlyingSymbol","UnderlyingSecurityID","UnderlyingListingExchange","Issuer","IssuerCountryCode","Multiplier","Strike","Expiry","Put/Call","PrincipalAdjustFactor","Date","ReportDate","SettleDate","TaxDescription","Quantity","TaxAmount","OrderID","TradeID","TradePrice","Source","Code","LevelOfDetail","SerialNumber","DeliveryType","CommodityType","Fineness","Weight"
"ClientAccountID","AccountAlias","Model","CurrencyPrimary","FXRateToBase","AssetClass","SubCategory","Symbol","Description","Conid","SecurityID","SecurityIDType","CUSIP","ISIN","FIGI","ListingExchange","UnderlyingConid","UnderlyingSymbol","UnderlyingSecurityID","UnderlyingListingExchange","Issuer","IssuerCountryCode","Multiplier","Strike","Expiry","Put/Call","PrincipalAdjustFactor","Report Date","Date/Time","ActionDescription","Amount","Proceeds","Value","Quantity","CostBasis","FifoPnlRealized","MtmPnl","Code","Type","TransactionID","ActionID","LevelOfDetail","SerialNumber","DeliveryType","CommodityType","Fineness","Weight"
"ClientAccountID","AccountAlias","Model","CurrencyPrimary","FXRateToBase","AssetClass","SubCategory","Symbol","Description","Conid","SecurityID","SecurityIDType","CUSIP","ISIN","FIGI","ListingExchange","UnderlyingConid","UnderlyingSymbol","UnderlyingSecurityID","UnderlyingListingExchange","Issuer","IssuerCountryCode","Multiplier","Strike","Expiry","Put/Call","PrincipalAdjustFactor","Date/Time","SettleDate","AvailableForTradingDate","Amount","Type","DividendType","TradeID","Code","TransactionID","ReportDate","ExDate","ClientReference","ActionID","LevelOfDetail","SerialNumber","DeliveryType","CommodityType","Fineness","Weight"
"U14404500","","","USD","1","STK","ETF","VOO","VOO(US9229083632) PAYMENT IN LIEU OF DIVIDEND - US TAX","136155102","US9229083632","ISIN","922908363","US9229083632","BBG0015VYNT4","ARCA","","VOO","","","","US","1","","","","","20251001;202000","20251001","","-0.52","Withholding Tax","","","","35302356736","20251001","","","157652947","DETAIL","","","","0.0","0.0"
"U14404500","","","USD","1","STK","ETF","VOO","VOO(US9229083632) CASH DIVIDEND USD 1.74 PER SHARE - US TAX","136155102","US9229083632","ISIN","922908363","US9229083632","BBG0015VYNT4","ARCA","","VOO","","","","US","1","","","","","20251001;202000","20251001","","-10.56","Withholding Tax","","","","35302356763","20251001","","","157652947","DETAIL","","","","0.0","0.0"
"U14404500","","","USD","1","STK","ETF","SOLZ","SOLZ(US92864M8221) CASH DIVIDEND USD 0.0426 PER SHARE - US TAX","769653646","US92864M8221","ISIN","92864M822","US92864M8221","BBG01SXP66P8","NASDAQ","","SOLZ","","","","US","1","","","","","20251030;202000","20251030","","-0.01","Withholding Tax","","","","35931765095","20251030","","","152399206","DETAIL","","","","0.0","0.0"
"U14404500","","","USD","1","STK","ETF","SOLZ","SOLZ(US92864M8221) PAYMENT IN LIEU OF DIVIDEND - US TAX","769653646","US92864M8221","ISIN","92864M822","US92864M8221","BBG01SXP66P8","NASDAQ","","SOLZ","","","","US","1","","","","","20251030;202000","20251030","","-0.13","Withholding Tax","","","","35931765130","20251030","","","152399206","DETAIL","","","","0.0","0.0"
"U14404500","","","USD","1","STK","ETF","SOLZ","SOLZ(US92864M8221) CASH DIVIDEND USD 0.0426 PER SHARE - US TAX","769653646","US92864M8221","ISIN","92864M822","US92864M8221","BBG01SXP66P8","NASDAQ","","SOLZ","","","","US","1","","","","","20251030;202000","20251030","","0.01","Withholding Tax","","","","37659092223","20260129","","","152399206","DETAIL","","","","0.0","0.0"
"U14404500","","","USD","1","STK","ETF","SOLZ","SOLZ(US92864M8221) PAYMENT IN LIEU OF DIVIDEND - US TAX","769653646","US92864M8221","ISIN","92864M822","US92864M8221","BBG01SXP66P8","NASDAQ","","SOLZ","","","","US","1","","","","","20251030;202000","20251030","","0.13","Withholding Tax","","","","37659092239","20260129","","","152399206","DETAIL","","","","0.0","0.0"
"U14404500","","","USD","1","STK","ETF","SOLZ","SOLZ(US92864M8221) PAYMENT IN LIEU OF DIVIDEND - US TAX","769653646","US92864M8221","ISIN","92864M822","US92864M8221","BBG01SXP66P8","NASDAQ","","SOLZ","","","","US","1","","","","","20251030;202000","20251030","","-0.05","Withholding Tax","","","","37659092247","20260129","","","152399206","DETAIL","","","","0.0","0.0"
"U14404500","","","USD","1","STK","ETF","SOLZ","SOLZ(US92864M8221) CASH DIVIDEND USD 0.0232 PER SHARE - US TAX","769653646","US92864M8221","ISIN","92864M822","US92864M8221","BBG01SXP66P8","NASDAQ","","SOLZ","","","","US","1","","","","","20251126;202000","20251126","","-0.07","Withholding Tax","","","","36482410938","20251126","","","152399209","DETAIL","","","","0.0","0.0"
"U14404500","","","USD","1","STK","ETF","SOLZ","SOLZ(US92864M8221) CASH DIVIDEND USD 0.0232 PER SHARE - US TAX","769653646","US92864M8221","ISIN","92864M822","US92864M8221","BBG01SXP66P8","NASDAQ","","SOLZ","","","","US","1","","","","","20251126;202000","20251126","","0.07","Withholding Tax","","","","37659092325","20260129","","","152399209","DETAIL","","","","0.0","0.0"
"U14404500","","","USD","1","STK","ETF","SOLZ","SOLZ(US92864M8221) CASH DIVIDEND USD 0.0232 PER SHARE - US TAX","769653646","US92864M8221","ISIN","92864M822","US92864M8221","BBG01SXP66P8","NASDAQ","","SOLZ","","","","US","1","","","","","20251126;202000","20251126","","-0.03","Withholding Tax","","","","37659092337","20260129","","","152399209","DETAIL","","","","0.0","0.0"
"U14404500","","","USD","1","STK","ETF","SOLZ","SOLZ(US92864M8221) PAYMENT IN LIEU OF DIVIDEND - US TAX","769653646","US92864M8221","ISIN","92864M822","US92864M8221","BBG01SXP66P8","NASDAQ","","SOLZ","","","","US","1","","","","","20251216;202000","20251216","","-0.07","Withholding Tax","","","","36825658382","20251216","","","152399211","DETAIL","","","","0.0","0.0"
"U14404500","","","USD","1","STK","ETF","SOLZ","SOLZ(US92864M8221) PAYMENT IN LIEU OF DIVIDEND - US TAX","769653646","US92864M8221","ISIN","92864M822","US92864M8221","BBG01SXP66P8","NASDAQ","","SOLZ","","","","US","1","","","","","20251216;202000","20251216","","0.07","Withholding Tax","","","","37659092370","20260129","","","152399211","DETAIL","","","","0.0","0.0"
"U14404500","","","USD","1","STK","ETF","SOLZ","SOLZ(US92864M8221) PAYMENT IN LIEU OF DIVIDEND - US TAX","769653646","US92864M8221","ISIN","92864M822","US92864M8221","BBG01SXP66P8","NASDAQ","","SOLZ","","","","US","1","","","","","20251216;202000","20251216","","-0.03","Withholding Tax","","","","37659092379","20260129","","","152399211","DETAIL","","","","0.0","0.0"
"U14404500","","","USD","1","STK","ETF","VOO","VOO(US9229083632) CASH DIVIDEND USD 1.771 PER SHARE - US TAX","136155102","US9229083632","ISIN","922908363","US9229083632","BBG0015VYNT4","ARCA","","VOO","","","","US","1","","","","","20251224;202000","20251224","","-10.11","Withholding Tax","","","","36980827193","20251224","","","159833268","DETAIL","","","","0.0","0.0"
"U14404500","","","USD","1","STK","ETF","SOLZ","SOLZ(US92864M8221) CASH DIVIDEND USD 0.0296 PER SHARE - US TAX","769653646","US92864M8221","ISIN","92864M822","US92864M8221","BBG01SXP66P8","NASDAQ","","SOLZ","","","","US","1","","","","","20260122;202000","20260122","","-0.09","Withholding Tax","","","","37490011025","20260122","","","164157075","DETAIL","","","","0.0","0.0"
"U14404500","","","USD","1","STK","ETF","SOLZ","SOLZ(US92864M8221) CASH DIVIDEND USD 0.0187 PER SHARE - US TAX","769653646","US92864M8221","ISIN","92864M822","US92864M8221","BBG01SXP66P8","NASDAQ","","SOLZ","","","","US","1","","","","","20260219;202000","20260219","","-0.06","Withholding Tax","","","","38116012091","20260219","","","164157076","DETAIL","","","","0.0","0.0"
"U14404500","","","USD","1","STK","ETF","SOLZ","SOLZ(US92864M8221) CASH DIVIDEND USD 0.0136 PER SHARE - US TAX","769653646","US92864M8221","ISIN","92864M822","US92864M8221","BBG01SXP66P8","NASDAQ","","SOLZ","","","","US","1","","","","","20260319;202000","20260319","","-0.04","Withholding Tax","","","","38711560190","20260319","","","164157077","DETAIL","","","","0.0","0.0"
"U14404500","","","USD","1","STK","ETF","VOO","VOO(US9229083632) CASH DIVIDEND USD 1.8724 PER SHARE - US TAX","136155102","US9229083632","ISIN","922908363","US9229083632","BBG0015VYNT4","ARCA","","VOO","","","","US","1","","","","","20260331;202000","20260331","","-12.75","Withholding Tax","","","","38961669206","20260331","","","164711865","DETAIL","","","","0.0","0.0"
"U14404500","","","USD","1","STK","ETF","SOLZ","SOLZ(US92864M8221) CASH DIVIDEND USD 0.0167 PER SHARE - US TAX","769653646","US92864M8221","ISIN","92864M822","US92864M8221","BBG01SXP66P8","NASDAQ","","SOLZ","","","","US","1","","","","","20260423;202000","20260423","","-0.01","Withholding Tax","","","","39454374138","20260423","","","164157078","DETAIL","","","","0.0","0.0"
"U14404500","","","USD","1","STK","ETF","SOLZ","SOLZ(US92864M8221) PAYMENT IN LIEU OF DIVIDEND - US TAX","769653646","US92864M8221","ISIN","92864M822","US92864M8221","BBG01SXP66P8","NASDAQ","","SOLZ","","","","US","1","","","","","20260423;202000","20260423","","-0.04","Withholding Tax","","","","39454374155","20260423","","","164157078","DETAIL","","","","0.0","0.0"
"U14404500","","","USD","1","STK","ETF","SOLZ","SOLZ(US92864M8221) CASH DIVIDEND USD 0.0149 PER SHARE - US TAX","769653646","US92864M8221","ISIN","92864M822","US92864M8221","BBG01SXP66P8","NASDAQ","","SOLZ","","","","US","1","","","","","20260521;202000","20260521","","-0.05","Withholding Tax","","","","40102900078","20260521","","","164157079","DETAIL","","","","0.0","0.0"
"U14404500","","","USD","1","STK","ETF","SOLZ","SOLZ(US92864M8221) CASH DIVIDEND USD 0.0132 PER SHARE - US TAX","769653646","US92864M8221","ISIN","92864M822","US92864M8221","BBG01SXP66P8","NASDAQ","","SOLZ","","","","US","1","","","","","20260618;202000","20260618","","-0.04","Withholding Tax","","","","40804536659","20260618","","","164157080","DETAIL","","","","0.0","0.0"
"U14404500","","","USD","1","STK","ETF","VOO","VOO(US9229083632) CASH DIVIDEND USD 1.9622 PER SHARE - US TAX","136155102","US9229083632","ISIN","922908363","US9229083632","BBG0015VYNT4","ARCA","","VOO","","","","US","1","","","","","20260630;202000","20260630","","-16.91","Withholding Tax","","","","41072231473","20260630","","","168706551","DETAIL","","","","0.0","0.0"
"U14404500","","","USD","1","STK","ETF","SGOV","SGOV(US46436E7186) CASH DIVIDEND USD 0.295765 PER SHARE - US TAX","424099317","US46436E7186","ISIN","46436E718","US46436E7186","BBG00TZR7XN3","NYSE","","SGOV","","","","US","1","","","","","20260707;202000","20260707","","-2.03","Withholding Tax","","","","41220065715","20260707","","","169554802","DETAIL","","","","0.0","0.0"
"U14404500","","","USD","1","STK","ETF","SOLZ","SOLZ(US92864M8221) CASH DIVIDEND USD 0.0148 PER SHARE - US TAX","769653646","US92864M8221","ISIN","92864M822","US92864M8221","BBG01SXP66P8","NASDAQ","","SOLZ","","","","US","1","","","","","20260723;202000","20260723","","-0.05","Withholding Tax","","","","41577176900","20260723","","","164157081","DETAIL","","","","0.0","0.0"
"U14404500","","","USD","1","STK","ETF","SGOV","SGOV(US46436E7186) CASH DIVIDEND USD 0.306812 PER SHARE - US TAX","424099317","US46436E7186","ISIN","46436E718","US46436E7186","BBG00TZR7XN3","NYSE","","SGOV","","","","US","1","","","","","20260806;202000","20260806","","-2.11","Withholding Tax","","","","41916177268","20260806","","","170575522","DETAIL","","","","0.0","0.0"
"U14404500","","","USD","1","STK","ETF","SOLZ","SOLZ(US92864M8221) CASH DIVIDEND USD 0.0126 PER SHARE - US TAX","769653646","US92864M8221","ISIN","92864M822","US92864M8221","BBG01SXP66P8","NASDAQ","","SOLZ","","","","US","1","","","","","20260820;202000","20260820","","-0.04","Withholding Tax","","","","42229172454","20260820","","","164157082","DETAIL","","","","0.0","0.0"
"U14404500","","","USD","1","STK","ETF","VOO","VOO(US9229083632) CASH DIVIDEND USD 1.74 PER SHARE (Ordinary Dividend)","136155102","US9229083632","ISIN","922908363","US9229083632","BBG0015VYNT4","ARCA","","VOO","","","","US","1","","","","","20251001;202000","20251001","","70.42","Dividends","Ordinary Dividend","","","35302356754","20251001","20250929","","157652947","DETAIL","","","","0.0","0.0"
"U14404500","","","USD","1","STK","ETF","SOLZ","SOLZ(US92864M8221) CASH DIVIDEND USD 0.0426 PER SHARE (Ordinary Dividend)","769653646","US92864M8221","ISIN","92864M822","US92864M8221","BBG01SXP66P8","NASDAQ","","SOLZ","","","","US","1","","","","","20251030;202000","20251030","","0.04","Dividends","Ordinary Dividend","","","35931765064","20251030","20251029","","152399206","DETAIL","","","","0.0","0.0"
"U14404500","","","USD","1","STK","ETF","SOLZ","SOLZ(US92864M8221) CASH DIVIDEND USD 0.0232 PER SHARE (Ordinary Dividend)","769653646","US92864M8221","ISIN","92864M822","US92864M8221","BBG01SXP66P8","NASDAQ","","SOLZ","","","","US","1","","","","","20251126;202000","20251126","","0.48","Dividends","Ordinary Dividend","","","36482410920","20251126","20251125","","152399209","DETAIL","","","","0.0","0.0"
"U14404500","","","USD","1","STK","ETF","SOLZ","SOLZ(US92864M8221) CASH DIVIDEND USD 0.024 PER SHARE (Ordinary Dividend)","769653646","US92864M8221","ISIN","92864M822","US92864M8221","BBG01SXP66P8","NASDAQ","","SOLZ","","","","US","1","","","","","20251216;202000","20251216","","0.02","Dividends","Ordinary Dividend","","","36825658346","20251216","20251215","","152399211","DETAIL","","","","0.0","0.0"
"U14404500","","","USD","1","STK","ETF","VOO","VOO(US9229083632) CASH DIVIDEND USD 1.771 PER SHARE (Ordinary Dividend)","136155102","US9229083632","ISIN","922908363","US9229083632","BBG0015VYNT4","ARCA","","VOO","","","","US","1","","","","","20251224;202000","20251224","","67.39","Dividends","Ordinary Dividend","","","36980827173","20251224","20251222","","159833268","DETAIL","","","","0.0","0.0"
"U14404500","","","USD","1","STK","ETF","SOLZ","SOLZ(US92864M8221) CASH DIVIDEND USD 0.0296 PER SHARE (Ordinary Dividend)","769653646","US92864M8221","ISIN","92864M822","US92864M8221","BBG01SXP66P8","NASDAQ","","SOLZ","","","","US","1","","","","","20260122;202000","20260122","","0.62","Dividends","Ordinary Dividend","","","37490011001","20260122","20260121","","164157075","DETAIL","","","","0.0","0.0"
"U14404500","","","USD","1","STK","ETF","SOLZ","SOLZ(US92864M8221) CASH DIVIDEND USD 0.0187 PER SHARE (Ordinary Dividend)","769653646","US92864M8221","ISIN","92864M822","US92864M8221","BBG01SXP66P8","NASDAQ","","SOLZ","","","","US","1","","","","","20260219;202000","20260219","","0.39","Dividends","Ordinary Dividend","","","38116012077","20260219","20260218","","164157076","DETAIL","","","","0.0","0.0"
"U14404500","","","USD","1","STK","ETF","SOLZ","SOLZ(US92864M8221) CASH DIVIDEND USD 0.0136 PER SHARE (Ordinary Dividend)","769653646","US92864M8221","ISIN","92864M822","US92864M8221","BBG01SXP66P8","NASDAQ","","SOLZ","","","","US","1","","","","","20260319;202000","20260319","","0.29","Dividends","Ordinary Dividend","","","38711560182","20260319","20260318","","164157077","DETAIL","","","","0.0","0.0"
"U14404500","","","USD","1","STK","ETF","VOO","VOO(US9229083632) CASH DIVIDEND USD 1.8724 PER SHARE (Ordinary Dividend)","136155102","US9229083632","ISIN","922908363","US9229083632","BBG0015VYNT4","ARCA","","VOO","","","","US","1","","","","","20260331;202000","20260331","","84.99","Dividends","Ordinary Dividend","","","38961669199","20260331","20260327","","164711865","DETAIL","","","","0.0","0.0"
"U14404500","","","USD","1","STK","ETF","SOLZ","SOLZ(US92864M8221) CASH DIVIDEND USD 0.0167 PER SHARE (Ordinary Dividend)","769653646","US92864M8221","ISIN","92864M822","US92864M8221","BBG01SXP66P8","NASDAQ","","SOLZ","","","","US","1","","","","","20260423;202000","20260423","","0.08","Dividends","Ordinary Dividend","","","39454374133","20260423","20260422","","164157078","DETAIL","","","","0.0","0.0"
"U14404500","","","USD","1","STK","ETF","SOLZ","SOLZ(US92864M8221) CASH DIVIDEND USD 0.0149 PER SHARE (Ordinary Dividend)","769653646","US92864M8221","ISIN","92864M822","US92864M8221","BBG01SXP66P8","NASDAQ","","SOLZ","","","","US","1","","","","","20260521;202000","20260521","","0.31","Dividends","Ordinary Dividend","","","40102900051","20260521","20260520","","164157079","DETAIL","","","","0.0","0.0"
"U14404500","","","USD","1","STK","ETF","SOLZ","SOLZ(US92864M8221) CASH DIVIDEND USD 0.0132 PER SHARE (Ordinary Dividend)","769653646","US92864M8221","ISIN","92864M822","US92864M8221","BBG01SXP66P8","NASDAQ","","SOLZ","","","","US","1","","","","","20260618;202000","20260618","","0.28","Dividends","Ordinary Dividend","","","40804536651","20260618","20260617","","164157080","DETAIL","","","","0.0","0.0"
"U14404500","","","USD","1","STK","ETF","VOO","VOO(US9229083632) CASH DIVIDEND USD 1.9622 PER SHARE (Ordinary Dividend)","136155102","US9229083632","ISIN","922908363","US9229083632","BBG0015VYNT4","ARCA","","VOO","","","","US","1","","","","","20260630;202000","20260630","","112.75","Dividends","Ordinary Dividend","","","41072231452","20260630","20260626","","168706551","DETAIL","","","","0.0","0.0"
"U14404500","","","USD","1","STK","ETF","SGOV","SGOV(US46436E7186) CASH DIVIDEND USD 0.295765 PER SHARE (Ordinary Dividend)","424099317","US46436E7186","ISIN","46436E718","US46436E7186","BBG00TZR7XN3","NYSE","","SGOV","","","","US","1","","","","","20260707;202000","20260707","","13.53","Dividends","Ordinary Dividend","","","41220065681","20260707","20260701","","169554802","DETAIL","","","","0.0","0.0"
"U14404500","","","USD","1","STK","ETF","SOLZ","SOLZ(US92864M8221) CASH DIVIDEND USD 0.0148 PER SHARE (Ordinary Dividend)","769653646","US92864M8221","ISIN","92864M822","US92864M8221","BBG01SXP66P8","NASDAQ","","SOLZ","","","","US","1","","","","","20260723;202000","20260723","","0.31","Dividends","Ordinary Dividend","","","41577176874","20260723","20260722","","164157081","DETAIL","","","","0.0","0.0"
"U14404500","","","USD","1","STK","ETF","SGOV","SGOV(US46436E7186) CASH DIVIDEND USD 0.306812 PER SHARE (Ordinary Dividend)","424099317","US46436E7186","ISIN","46436E718","US46436E7186","BBG00TZR7XN3","NYSE","","SGOV","","","","US","1","","","","","20260806;202000","20260806","","14.08","Dividends","Ordinary Dividend","","","41916177252","20260806","20260803","","170575522","DETAIL","","","","0.0","0.0"
"U14404500","","","USD","1","STK","ETF","SOLZ","SOLZ(US92864M8221) CASH DIVIDEND USD 0.0126 PER SHARE (Ordinary Dividend)","769653646","US92864M8221","ISIN","92864M822","US92864M8221","BBG01SXP66P8","NASDAQ","","SOLZ","","","","US","1","","","","","20260820;202000","20260820","","0.27","Dividends","Ordinary Dividend","","","42229172445","20260820","20260819","","164157082","DETAIL","","","","0.0","0.0"
"U14404500","","","USD","1","STK","ETF","VOO","VOO(US9229083632) PAYMENT IN LIEU OF DIVIDEND (Ordinary Dividend)","136155102","US9229083632","ISIN","922908363","US9229083632","BBG0015VYNT4","ARCA","","VOO","","","","US","1","","","","","20251001;202000","20251001","","3.48","Payment In Lieu Of Dividends","Ordinary Dividend","","","35302356727","20251001","20250929","","157652947","DETAIL","","","","0.0","0.0"
"U14404500","","","USD","1","STK","ETF","SOLZ","SOLZ(US92864M8221) PAYMENT IN LIEU OF DIVIDEND (Ordinary Dividend)","769653646","US92864M8221","ISIN","92864M822","US92864M8221","BBG01SXP66P8","NASDAQ","","SOLZ","","","","US","1","","","","","20251030;202000","20251030","","0.85","Payment In Lieu Of Dividends","Ordinary Dividend","","","35931765108","20251030","20251029","","152399206","DETAIL","","","","0.0","0.0"
"U14404500","","","USD","1","STK","ETF","SOLZ","SOLZ(US92864M8221) PAYMENT IN LIEU OF DIVIDEND (Ordinary Dividend)","769653646","US92864M8221","ISIN","92864M822","US92864M8221","BBG01SXP66P8","NASDAQ","","SOLZ","","","","US","1","","","","","20251216;202000","20251216","","0.48","Payment In Lieu Of Dividends","Ordinary Dividend","","","36825658363","20251216","20251215","","152399211","DETAIL","","","","0.0","0.0"
"U14404500","","","USD","1","STK","ETF","SOLZ","SOLZ(US92864M8221) PAYMENT IN LIEU OF DIVIDEND (Ordinary Dividend)","769653646","US92864M8221","ISIN","92864M822","US92864M8221","BBG01SXP66P8","NASDAQ","","SOLZ","","","","US","1","","","","","20260423;202000","20260423","","0.27","Payment In Lieu Of Dividends","Ordinary Dividend","","","39454374146","20260423","20260422","","164157078","DETAIL","","","","0.0","0.0"
"U14404500","","","USD","1","","","","CASH RECEIPTS / ELECTRONIC FUND TRANSFERS","","","","","","","","","","","","","","0","","","","","20251001","20251001","20251001","300","Deposits/Withdrawals","","","","35287606119","20251001","","FROM NORTH LANE","","DETAIL","","","","0.0","0.0"
"U14404500","","","USD","1","","","","CASH RECEIPTS / ELECTRONIC FUND TRANSFERS","","","","","","","","","","","","","","0","","","","","20251110","20251110","20251110","1500","Deposits/Withdrawals","","","","36134688447","20251110","","FROM BANK OF AMERICA","","DETAIL","","","","0.0","0.0"
"U14404500","","","USD","1","","","","CASH RECEIPTS / ELECTRONIC FUND TRANSFERS","","","","","","","","","","","","","","0","","","","","20251128","20251128","20251128","3100","Deposits/Withdrawals","","","","36505617119","20251128","","FROM BANK OF AMERICA","","DETAIL","","","","0.0","0.0"
"U14404500","","","USD","1","","","","CASH RECEIPTS / ELECTRONIC FUND TRANSFERS","","","","","","","","","","","","","","0","","","","","20251229","20251229","20251229","3100","Deposits/Withdrawals","","","","37017954077","20251229","","FROM BANK OF AMERICA","","DETAIL","","","","0.0","0.0"
"U14404500","","","USD","1","","","","CASH RECEIPTS / ELECTRONIC FUND TRANSFERS","","","","","","","","","","","","","","0","","","","","20260121","20260121","20260121","1730","Deposits/Withdrawals","","","","37450238106","20260121","","FROM BANK OF AMERICA","","DETAIL","","","","0.0","0.0"
"U14404500","","","USD","1","","","","CASH RECEIPTS / ELECTRONIC FUND TRANSFERS","","","","","","","","","","","","","","0","","","","","20260331","20260331","20260331","2900","Deposits/Withdrawals","","","","38945834292","20260331","","FROM BANK OF AMERICA","","DETAIL","","","","0.0","0.0"
"U14404500","","","USD","1","","","","CASH RECEIPTS / ELECTRONIC FUND TRANSFERS","","","","","","","","","","","","","","0","","","","","20260428","20260428","20260428","3000","Deposits/Withdrawals","","","","39527891647","20260428","","FROM BANK OF AMERICA","","DETAIL","","","","0.0","0.0"
"U14404500","","","USD","1","","","","CASH RECEIPTS / ELECTRONIC FUND TRANSFERS","","","","","","","","","","","","","","0","","","","","20260602","20260602","20260602","2500","Deposits/Withdrawals","","","","40354919357","20260602","","FROM BANK OF AMERICA","","DETAIL","","","","0.0","0.0"
"U14404500","","","USD","1","","","","CASH RECEIPTS / ELECTRONIC FUND TRANSFERS","","","","","","","","","","","","","","0","","","","","20260701","20260701","20260701","2838","Deposits/Withdrawals","","","","41088600711","20260701","","FROM BANK OF AMERICA","","DETAIL","","","","0.0","0.0"
"U14404500","","","USD","1","","","","USD DEBIT INT FOR SEP-2025","","","","","","","","","","","","","","0","","","","","20251003","20251003","","-19.66","Broker Interest Paid","","","","35364575990","20251003","","","","DETAIL","","","","0.0","0.0"
"U14404500","","","USD","1","","","","USD DEBIT INT FOR OCT-2025","","","","","","","","","","","","","","0","","","","","20251105","20251105","","-46.98","Broker Interest Paid","","","","36053516974","20251105","","","","DETAIL","","","","0.0","0.0"
"U14404500","","","USD","1","","","","USD DEBIT INT FOR NOV-2025","","","","","","","","","","","","","","0","","","","","20251203","20251203","","-6.55","Broker Interest Paid","","","","36595048731","20251203","","","","DETAIL","","","","0.0","0.0"
"U14404500","","","USD","1","","","","USD DEBIT INT FOR DEC-2025","","","","","","","","","","","","","","0","","","","","20260106","20260106","","-13.09","Broker Interest Paid","","","","37163626793","20260106","","","","DETAIL","","","","0.0","0.0"
"U14404500","","","USD","1","","","","USD DEBIT INT FOR APR-2026","","","","","","","","","","","","","","0","","","","","20260505","20260505","","-3.36","Broker Interest Paid","","","","39694864213","20260505","","","","DETAIL","","","","0.0","0.0"
"U14404500","","","USD","1","","","","USD DEBIT INT FOR AUG-2026","","","","","","","","","","","","","","0","","","","","20260903","20260903","","-9.94","Broker Interest Paid","","","","42529972668","20260903","","","","DETAIL","","","","0.0","0.0"
"U14404500","","","USD","1","","","","USD CREDIT INT FOR JAN-2026","","","","","","","","","","","","","","0","","","","","20260204","20260204","","0.4","Broker Interest Received","","","","37808292344","20260204","","","","DETAIL","","","","0.0","0.0"
"U14404500","","","USD","1","","","","USD CREDIT INT FOR FEB-2026","","","","","","","","","","","","","","0","","","","","20260304","20260304","","4.38","Broker Interest Received","","","","38380257464","20260304","","","","DETAIL","","","","0.0","0.0"
"U14404500","","","USD","1","","","","USD CREDIT INT FOR MAY-2026","","","","","","","","","","","","","","0","","","","","20260603","20260603","","0.6","Broker Interest Received","","","","40419172556","20260603","","","","DETAIL","","","","0.0","0.0"
"U14404500","","","USD","1","STK","ETF","KWEB","Refund (KWEB, 0.56, 2025-10-02)","132310537","US5007673065","ISIN","500767306","US5007673065","BBG004XB9HY6","ARCA","","KWEB","","","","US","1","","","","","20251103","20251002","","0.243325113","Commission Adjustments","","8292965261","","35975945262","20251103","","","","DETAIL","","","","0.0","0.0"
"U14404500","","","USD","1","STK","ETF","KWEB","Refund (KWEB, 11, 2025-10-02)","132310537","US5007673065","ISIN","500767306","US5007673065","BBG004XB9HY6","ARCA","","KWEB","","","","US","1","","","","","20251103","20251002","","0.109498879","Commission Adjustments","","8292970590","","35975945263","20251103","","","","DETAIL","","","","0.0","0.0"
"U14404500","","","USD","1","STK","ETF","KWEB","Refund (KWEB, -11, 2025-12-15)","132310537","US5007673065","ISIN","500767306","US5007673065","BBG004XB9HY6","ARCA","","KWEB","","","","US","1","","","","","20251215","20251215","","0.33668325","Commission Adjustments","","8688402401","","36792760556","20251215","","","","DETAIL","","","","0.0","0.0"
"U14404500","","","USD","1","STK","ETF","KWEB","Refund (KWEB, -0.56, 2025-12-15)","132310537","US5007673065","ISIN","500767306","US5007673065","BBG004XB9HY6","ARCA","","KWEB","","","","US","1","","","","","20251215","20251215","","0.000205655","Commission Adjustments","","8688402841","","36792760713","20251215","","","","DETAIL","","","","0.0","0.0"
"ClientAccountID","AccountAlias","Model","CurrencyPrimary","FromDate","ToDate","StartingAccrualBalance","InterestAccrued","AccrualReversal","FXTranslation","EndingAccrualBalance"
"U14404500","","","BASE_SUMMARY","20250924","20260923","-8.46","-87.16","94.2","-0","-1.42"
"ClientAccountID","AccountAlias","Model","CurrencyPrimary","FXRateToBase","AssetClass","SubCategory","Symbol","Description","Conid","SecurityID","SecurityIDType","CUSIP","ISIN","FIGI","ListingExchange","UnderlyingConid","UnderlyingSymbol","UnderlyingSecurityID","UnderlyingListingExchange","Issuer","IssuerCountryCode","Multiplier","Strike","Expiry","Put/Call","PrincipalAdjustFactor","ReportDate","Date","DateTime","SettleDate","Type","Direction","TransferCompany","TransferAccount","TransferAccountName","DeliveringBroker","Quantity","TransferPrice","PositionAmount","PositionAmountInBase","PnlAmount","PnlAmountInBase","CashTransfer","Code","ClientReference","TransactionID","LevelOfDetail","PositionInstructionID","PositionInstructionSetID","SerialNumber","DeliveryType","CommodityType","Fineness","Weight"
"CurrencyPrimary","AssetClass","SubCategory","Symbol","Description","Conid","SecurityID","SecurityIDType","CUSIP","ISIN","FIGI","ListingExchange","UnderlyingConid","UnderlyingSymbol","UnderlyingSecurityID","UnderlyingListingExchange","Issuer","IssuerCountryCode","Multiplier","Strike","Expiry","Put/Call","PrincipalAdjustFactor","Maturity","IssueDate","UnderlyingCategory","SettlementPolicyMethod","Code","SerialNumber","DeliveryType","CommodityType","Fineness","Weight"
"USD","STK","ETF","GDX","VANECK GOLD MINERS ETF","229726316","US92189F1066","ISIN","92189F106","US92189F1066","BBG000PLNQN7","ARCA","","GDX","","","","US","1","","","","","","","","","","","","","0.0","0.0"
"USD","STK","ETF","IAUM","ISHARES GOLD TRUST MICRO","499640636","US46436F1030","ISIN","46436F103","US46436F1030","BBG011K3SN42","ARCA","","IAUM","","","","US","1","","","","","","","","","","","","","0.0","0.0"
"USD","STK","ETF","IBIT","ISHARES BITCOIN TRUST ETF","677037673","US46438F1012","ISIN","46438F101","US46438F1012","BBG01KYQ6PV3","NASDAQ","","IBIT","","","","US","1","","","","","","","","","","","","","0.0","0.0"
"USD","STK","ETF","KWEB","KRANESH CSI CHINA INTERNET","132310537","US5007673065","ISIN","500767306","US5007673065","BBG004XB9HY6","ARCA","","KWEB","","","","US","1","","","","","","","","","","","","","0.0","0.0"
"USD","STK","ETF","QQQ","INVESCO QQQ TRUST SERIES 1","320227571","US46090E1038","ISIN","46090E103","US46090E1038","BBG000BSWKH7","NASDAQ","","QQQ","","","","US","1","","","","","","","","","","","","","0.0","0.0"
"USD","STK","ETF","SGOV","ISHARES 0-3 MONTH TREASURY B","424099317","US46436E7186","ISIN","46436E718","US46436E7186","BBG00TZR7XN3","NYSE","","SGOV","","","","US","1","","","","","","","","","","","","","0.0","0.0"
"USD","STK","ETF","SIVR","ABRDN PHYSICAL SILVER SHARES","334909235","US0032641088","ISIN","003264108","US0032641088","BBG000NK15L3","ARCA","","SIVR","","","","US","1","","","","","","","","","","","","","0.0","0.0"
"USD","STK","ETF","SOLZ","SOLANA ETF","769653646","US92864M8221","ISIN","92864M822","US92864M8221","BBG01SXP66P8","NASDAQ","","SOLZ","","","","US","1","","","","","","","","","","","","","0.0","0.0"
"USD","STK","ETF","VOO","VANGUARD S&P 500 ETF","136155102","US9229083632","ISIN","922908363","US9229083632","BBG0015VYNT4","ARCA","","VOO","","","","US","1","","","","","","","","","","","","","0.0","0.0"
"Date/Time","FromCurrency","ToCurrency","Rate"
"20250924","CHF","USD","1.2576"
"20250925","CHF","USD","1.2507"
"20250926","CHF","USD","1.2533"
"20250928","CHF","USD","1.2534"
"20250929","CHF","USD","1.2536"
"20250930","CHF","USD","1.2556"
"20251001","CHF","USD","1.2546"
"20251002","CHF","USD","1.2534"
"20251003","CHF","USD","1.2574"
"20251005","CHF","USD","1.2557"
"20251006","CHF","USD","1.258"
"20251007","CHF","USD","1.2527"
"20251008","CHF","USD","1.2469"
"20251009","CHF","USD","1.2402"
"20251010","CHF","USD","1.2514"
"20251012","CHF","USD","1.2479"
"20251013","CHF","USD","1.2436"
"20251014","CHF","USD","1.2484"
"20251015","CHF","USD","1.2551"
"20251016","CHF","USD","1.2613"
"20251017","CHF","USD","1.2603"
"20251019","CHF","USD","1.261"
"20251020","CHF","USD","1.2617"
"20251021","CHF","USD","1.2556"
"20251022","CHF","USD","1.2562"
"20251023","CHF","USD","1.2576"
"20251024","CHF","USD","1.2568"
"20251026","CHF","USD","1.2548"
"20251027","CHF","USD","1.2572"
"20251028","CHF","USD","1.2604"
"20251029","CHF","USD","1.2498"
"20251030","CHF","USD","1.247"
"20251031","CHF","USD","1.2429"
"20251102","CHF","USD","1.243"
"20251103","CHF","USD","1.2374"
"20251104","CHF","USD","1.2338"
"20251105","CHF","USD","1.2341"
"20251106","CHF","USD","1.2403"
"20251107","CHF","USD","1.2421"
"20251109","CHF","USD","1.2419"
"20251110","CHF","USD","1.2422"
"20251111","CHF","USD","1.2491"
"20251112","CHF","USD","1.2534"
"20251113","CHF","USD","1.2613"
"20251114","CHF","USD","1.2595"
"20251116","CHF","USD","1.2591"
"20251117","CHF","USD","1.256"
"20251118","CHF","USD","1.2504"
"20251119","CHF","USD","1.2414"
"20251120","CHF","USD","1.241"
"20251121","CHF","USD","1.2368"
"20251123","CHF","USD","1.2385"
"20251124","CHF","USD","1.2371"
"20251125","CHF","USD","1.2381"
"20251126","CHF","USD","1.2432"
"20251127","CHF","USD","1.2426"
"20251128","CHF","USD","1.2442"
"20251130","CHF","USD","1.2428"
"20251201","CHF","USD","1.2426"
"20251202","CHF","USD","1.2455"
"20251203","CHF","USD","1.2506"
"20251204","CHF","USD","1.2442"
"20251205","CHF","USD","1.2427"
"20251207","CHF","USD","1.244"
"20251208","CHF","USD","1.2395"
"20251209","CHF","USD","1.2404"
"20251210","CHF","USD","1.2501"
"20251211","CHF","USD","1.2573"
"20251212","CHF","USD","1.2563"
"20251214","CHF","USD","1.2564"
"20251215","CHF","USD","1.2558"
"20251216","CHF","USD","1.2576"
"20251217","CHF","USD","1.2568"
"20251218","CHF","USD","1.2593"
"20251219","CHF","USD","1.2573"
"20251221","CHF","USD","1.2573"
"20251222","CHF","USD","1.2629"
"20251223","CHF","USD","1.2695"
"20251224","CHF","USD","1.2682"
"20251225","CHF","USD","1.2698"
"20251226","CHF","USD","1.2666"
"20251228","CHF","USD","1.2675"
"20251229","CHF","USD","1.2673"
"20251230","CHF","USD","1.2629"
"20251231","CHF","USD","1.2615"
"20260101","CHF","USD","1.2613"
"20260102","CHF","USD","1.2621"
"20260104","CHF","USD","1.2637"
"20260105","CHF","USD","1.2633"
"20260106","CHF","USD","1.2566"
"20260107","CHF","USD","1.2534"
"20260108","CHF","USD","1.2519"
"20260109","CHF","USD","1.248"
"20260111","CHF","USD","1.2489"
"20260112","CHF","USD","1.2539"
"20260113","CHF","USD","1.2484"
"20260114","CHF","USD","1.25"
"20260115","CHF","USD","1.245"
"20260116","CHF","USD","1.2454"
"20260118","CHF","USD","1.2479"
"20260119","CHF","USD","1.254"
"20260120","CHF","USD","1.266"
"20260121","CHF","USD","1.257"
"20260122","CHF","USD","1.2674"
"20260123","CHF","USD","1.2813"
"20260125","CHF","USD","1.2896"
"20260126","CHF","USD","1.2871"
"20260127","CHF","USD","1.3137"
"20260128","CHF","USD","1.3015"
"20260129","CHF","USD","1.3084"
"20260130","CHF","USD","1.2935"
"20260201","CHF","USD","1.2957"
"20260202","CHF","USD","1.2826"
"20260203","CHF","USD","1.2899"
"20260204","CHF","USD","1.2863"
"20260205","CHF","USD","1.285"
"20260206","CHF","USD","1.2891"
"20260208","CHF","USD","1.2891"
"20260209","CHF","USD","1.3052"
"20260210","CHF","USD","1.3019"
"20260211","CHF","USD","1.2958"
"20260212","CHF","USD","1.2998"
"20260213","CHF","USD","1.3026"
"20260215","CHF","USD","1.301"
"20260216","CHF","USD","1.2993"
"20260217","CHF","USD","1.2986"
"20260218","CHF","USD","1.2935"
"20260219","CHF","USD","1.2902"
"20260220","CHF","USD","1.2892"
"20260222","CHF","USD","1.2918"
"20260223","CHF","USD","1.2907"
"20260224","CHF","USD","1.2919"
"20260225","CHF","USD","1.2942"
"20260226","CHF","USD","1.2919"
"20260227","CHF","USD","1.3003"
"20260301","CHF","USD","1.3027"
"20260302","CHF","USD","1.2831"
"20260303","CHF","USD","1.2788"
"20260304","CHF","USD","1.2835"
"20260305","CHF","USD","1.2804"
"20260306","CHF","USD","1.2887"
"20260308","CHF","USD","1.2828"
"20260309","CHF","USD","1.2865"
"20260310","CHF","USD","1.2844"
"20260311","CHF","USD","1.2811"
"20260312","CHF","USD","1.2721"
"20260313","CHF","USD","1.2636"
"20260315","CHF","USD","1.2656"
"20260316","CHF","USD","1.2695"
"20260317","CHF","USD","1.2744"
"20260318","CHF","USD","1.2606"
"20260319","CHF","USD","1.2688"
"20260320","CHF","USD","1.269"
"20260322","CHF","USD","1.269"
"20260323","CHF","USD","1.2716"
"20260324","CHF","USD","1.2686"
"20260325","CHF","USD","1.2632"
"20260326","CHF","USD","1.2575"
"20260327","CHF","USD","1.2515"
"20260329","CHF","USD","1.2535"
"20260330","CHF","USD","1.2508"
"20260331","CHF","USD","1.251"
"20260401","CHF","USD","1.259"
"20260402","CHF","USD","1.2518"
"20260403","CHF","USD","1.2489"
"20260405","CHF","USD","1.2484"
"20260406","CHF","USD","1.253"
"20260407","CHF","USD","1.2535"
"20260408","CHF","USD","1.2637"
"20260409","CHF","USD","1.2651"
"20260410","CHF","USD","1.2672"
"20260412","CHF","USD","1.2648"
"20260413","CHF","USD","1.2757"
"20260414","CHF","USD","1.2806"
"20260415","CHF","USD","1.2788"
"20260416","CHF","USD","1.2762"
"20260417","CHF","USD","1.2792"
"20260419","CHF","USD","1.2794"
"20260420","CHF","USD","1.2847"
"20260421","CHF","USD","1.2807"
"20260422","CHF","USD","1.2742"
"20260423","CHF","USD","1.2715"
"20260424","CHF","USD","1.274"
"20260426","CHF","USD","1.2711"
"20260427","CHF","USD","1.273"
"20260428","CHF","USD","1.2669"
"20260429","CHF","USD","1.2634"
"20260430","CHF","USD","1.2798"
"20260501","CHF","USD","1.2789"
"20260503","CHF","USD","1.281"
"20260504","CHF","USD","1.2757"
"20260505","CHF","USD","1.277"
"20260506","CHF","USD","1.284"
"20260507","CHF","USD","1.2811"
"20260508","CHF","USD","1.2878"
"20260510","CHF","USD","1.2853"
"20260511","CHF","USD","1.2852"
"20260512","CHF","USD","1.2811"
"20260513","CHF","USD","1.2791"
"20260514","CHF","USD","1.2759"
"20260515","CHF","USD","1.2708"
"20260517","CHF","USD","1.2715"
"20260518","CHF","USD","1.2748"
"20260519","CHF","USD","1.2675"
"20260520","CHF","USD","1.2703"
"20260521","CHF","USD","1.2711"
"20260522","CHF","USD","1.2738"
"20260524","CHF","USD","1.2749"
"20260525","CHF","USD","1.2776"
"20260526","CHF","USD","1.2728"
"20260527","CHF","USD","1.2705"
"20260528","CHF","USD","1.2755"
"20260529","CHF","USD","1.2803"
"20260531","CHF","USD","1.2802"
"20260601","CHF","USD","1.2711"
"20260602","CHF","USD","1.2702"
"20260603","CHF","USD","1.2624"
"20260604","CHF","USD","1.2665"
"20260605","CHF","USD","1.2559"
"20260607","CHF","USD","1.2562"
"20260608","CHF","USD","1.2535"
"20260609","CHF","USD","1.2528"
"20260610","CHF","USD","1.25"
"20260611","CHF","USD","1.2582"
"20260612","CHF","USD","1.2545"
"20260614","CHF","USD","1.2557"
"20260615","CHF","USD","1.2584"
"20260616","CHF","USD","1.2607"
"20260617","CHF","USD","1.2504"
"20260618","CHF","USD","1.2427"
"20260619","CHF","USD","1.2391"
"20260621","CHF","USD","1.2385"
"20260622","CHF","USD","1.2367"
"20260623","CHF","USD","1.2351"
"20260624","CHF","USD","1.231"
"20260625","CHF","USD","1.2343"
"20260626","CHF","USD","1.2348"
"20260628","CHF","USD","1.2362"
"20260629","CHF","USD","1.2383"
"20260630","CHF","USD","1.237"
"20260701","CHF","USD","1.2353"
"20260702","CHF","USD","1.2445"
"20260703","CHF","USD","1.2448"
"20260705","CHF","USD","1.2449"
"20260706","CHF","USD","1.2419"
"20260707","CHF","USD","1.237"
"20260708","CHF","USD","1.2369"
"20260709","CHF","USD","1.2392"
"20260710","CHF","USD","1.2368"
"20260712","CHF","USD","1.2383"
"20260713","CHF","USD","1.2273"
"20260714","CHF","USD","1.2357"
"20260715","CHF","USD","1.2416"
"20260716","CHF","USD","1.2365"
"20260717","CHF","USD","1.2385"
"20260719","CHF","USD","1.2369"
"20260720","CHF","USD","1.2342"
"20260721","CHF","USD","1.2303"
"20260722","CHF","USD","1.2279"
"20260723","CHF","USD","1.2242"
"20260724","CHF","USD","1.2222"
"20260726","CHF","USD","1.2249"
"20260727","CHF","USD","1.2206"
"20260728","CHF","USD","1.2205"
"20260729","CHF","USD","1.2292"
"20260730","CHF","USD","1.2421"
"20260731","CHF","USD","1.2383"
"20260802","CHF","USD","1.2399"
"20260803","CHF","USD","1.234"
"20260804","CHF","USD","1.2361"
"20260805","CHF","USD","1.2389"
"20260806","CHF","USD","1.231"
"20260807","CHF","USD","1.2376"
"20260809","CHF","USD","1.2375"
"20260810","CHF","USD","1.2341"
"20260811","CHF","USD","1.2332"
"20260812","CHF","USD","1.229"
"20260813","CHF","USD","1.2283"
"20260814","CHF","USD","1.2296"
"20260816","CHF","USD","1.2311"
"20260817","CHF","USD","1.2332"
"20260818","CHF","USD","1.2309"
"20260819","CHF","USD","1.2542"
"20260820","CHF","USD","1.2493"
"20260821","CHF","USD","1.248"
"20260823","CHF","USD","1.2472"
"20260824","CHF","USD","1.2461"
"20260825","CHF","USD","1.2477"
"20260826","CHF","USD","1.2418"
"20260827","CHF","USD","1.2435"
"20260828","CHF","USD","1.2355"
"20260830","CHF","USD","1.2376"
"20260831","CHF","USD","1.237"
"20260901","CHF","USD","1.232"
"20260902","CHF","USD","1.2301"
"20260903","CHF","USD","1.2382"
"20260904","CHF","USD","1.2348"
"20260906","CHF","USD","1.2358"
"20260907","CHF","USD","1.2353"
"20260908","CHF","USD","1.2352"
"20260909","CHF","USD","1.2343"
"20260910","CHF","USD","1.2303"
"20260911","CHF","USD","1.2248"
"20260913","CHF","USD","1.2241"
"20260914","CHF","USD","1.2234"
"20260915","CHF","USD","1.2213"
"20260916","CHF","USD","1.2108"
"20260917","CHF","USD","1.2127"
"20260918","CHF","USD","1.2164"
"20260920","CHF","USD","1.2168"
"20260921","CHF","USD","1.2177"
"20260922","CHF","USD","1.2187"
"20260923","CHF","USD","1.2118"
"20250924","MXN","USD","0.054276"
"20250925","MXN","USD","0.054115"
"20250926","MXN","USD","0.054453"
"20250928","MXN","USD","0.054437"
"20250929","MXN","USD","0.054452"
"20250930","MXN","USD","0.054603"
"20251001","MXN","USD","0.05441"
"20251002","MXN","USD","0.054251"
"20251003","MXN","USD","0.054361"
"20251005","MXN","USD","0.054352"
"20251006","MXN","USD","0.054529"
"20251007","MXN","USD","0.054373"
"20251008","MXN","USD","0.054534"
"20251009","MXN","USD","0.054368"
"20251010","MXN","USD","0.053773"
"20251012","MXN","USD","0.053778"
"20251013","MXN","USD","0.05414"
"20251014","MXN","USD","0.054048"
"20251015","MXN","USD","0.054177"
"20251016","MXN","USD","0.054241"
"20251017","MXN","USD","0.054415"
"20251019","MXN","USD","0.05442"
"20251020","MXN","USD","0.054373"
"20251021","MXN","USD","0.054243"
"20251022","MXN","USD","0.054253"
"20251023","MXN","USD","0.05435"
"20251024","MXN","USD","0.054174"
"20251026","MXN","USD","0.054282"
"20251027","MXN","USD","0.054354"
"20251028","MXN","USD","0.054258"
"20251029","MXN","USD","0.054103"
"20251030","MXN","USD","0.053973"
"20251031","MXN","USD","0.053838"
"20251102","MXN","USD","0.053907"
"20251103","MXN","USD","0.054073"
"20251104","MXN","USD","0.053496"
"20251105","MXN","USD","0.053776"
"20251106","MXN","USD","0.053824"
"20251107","MXN","USD","0.054199"
"20251109","MXN","USD","0.054183"
"20251110","MXN","USD","0.054409"
"20251111","MXN","USD","0.054587"
"20251112","MXN","USD","0.054652"
"20251113","MXN","USD","0.054592"
"20251114","MXN","USD","0.054627"
"20251116","MXN","USD","0.054631"
"20251117","MXN","USD","0.054275"
"20251118","MXN","USD","0.054508"
"20251119","MXN","USD","0.054528"
"20251120","MXN","USD","0.054388"
"20251121","MXN","USD","0.054112"
"20251123","MXN","USD","0.054116"
"20251124","MXN","USD","0.05403"
"20251125","MXN","USD","0.054396"
"20251126","MXN","USD","0.054517"
"20251127","MXN","USD","0.05449"
"20251128","MXN","USD","0.054654"
"20251130","MXN","USD","0.05466"
"20251201","MXN","USD","0.054631"
"20251202","MXN","USD","0.054693"
"20251203","MXN","USD","0.054687"
"20251204","MXN","USD","0.054841"
"20251205","MXN","USD","0.055015"
"20251207","MXN","USD","0.055024"
"20251208","MXN","USD","0.05475"
"20251209","MXN","USD","0.054948"
"20251210","MXN","USD","0.055045"
"20251211","MXN","USD","0.055406"
"20251212","MXN","USD","0.055501"
"20251214","MXN","USD","0.055508"
"20251215","MXN","USD","0.055598"
"20251216","MXN","USD","0.055641"
"20251217","MXN","USD","0.055515"
"20251218","MXN","USD","0.05556"
"20251219","MXN","USD","0.055444"
"20251221","MXN","USD","0.055457"
"20251222","MXN","USD","0.055604"
"20251223","MXN","USD","0.055863"
"20251224","MXN","USD","0.055721"
"20251225","MXN","USD","0.055766"
"20251226","MXN","USD","0.055843"
"20251228","MXN","USD","0.05583"
"20251229","MXN","USD","0.05562"
"20251230","MXN","USD","0.055581"
"20251231","MXN","USD","0.055528"
"20260101","MXN","USD","0.055597"
"20260102","MXN","USD","0.055848"
"20260104","MXN","USD","0.055849"
"20260105","MXN","USD","0.0558"
"20260106","MXN","USD","0.055577"
"20260107","MXN","USD","0.055609"
"20260108","MXN","USD","0.055636"
"20260109","MXN","USD","0.055627"
"20260111","MXN","USD","0.055647"
"20260112","MXN","USD","0.055783"
"20260113","MXN","USD","0.056076"
"20260114","MXN","USD","0.056203"
"20260115","MXN","USD","0.056639"
"20260116","MXN","USD","0.056731"
"20260118","MXN","USD","0.056718"
"20260119","MXN","USD","0.056911"
"20260120","MXN","USD","0.056826"
"20260121","MXN","USD","0.057203"
"20260122","MXN","USD","0.057242"
"20260123","MXN","USD","0.057579"
"20260125","MXN","USD","0.0576"
"20260126","MXN","USD","0.057592"
"20260127","MXN","USD","0.058369"
"20260128","MXN","USD","0.058189"
"20260129","MXN","USD","0.058058"
"20260130","MXN","USD","0.057256"
"20260201","MXN","USD","0.057257"
"20260202","MXN","USD","0.057483"
"20260203","MXN","USD","0.058032"
"20260204","MXN","USD","0.057656"
"20260205","MXN","USD","0.05712"
"20260206","MXN","USD","0.057928"
"20260208","MXN","USD","0.057928"
"20260209","MXN","USD","0.058156"
"20260210","MXN","USD","0.058156"
"20260211","MXN","USD","0.058201"
"20260212","MXN","USD","0.058051"
"20260213","MXN","USD","0.058261"
"20260215","MXN","USD","0.058263"
"20260216","MXN","USD","0.058252"
"20260217","MXN","USD","0.058383"
"20260218","MXN","USD","0.05812"
"20260219","MXN","USD","0.057957"
"20260220","MXN","USD","0.058365"
"20260222","MXN","USD","0.058348"
"20260223","MXN","USD","0.057885"
"20260224","MXN","USD","0.058209"
"20260225","MXN","USD","0.058258"
"20260226","MXN","USD","0.058159"
"20260227","MXN","USD","0.058064"
"20260301","MXN","USD","0.057667"
"20260302","MXN","USD","0.057756"
"20260303","MXN","USD","0.056487"
"20260304","MXN","USD","0.056874"
"20260305","MXN","USD","0.056406"
"20260306","MXN","USD","0.056178"
"20260308","MXN","USD","0.056125"
"20260309","MXN","USD","0.056781"
"20260310","MXN","USD","0.056825"
"20260311","MXN","USD","0.056578"
"20260312","MXN","USD","0.055972"
"20260313","MXN","USD","0.055721"
"20260315","MXN","USD","0.055699"
"20260316","MXN","USD","0.05654"
"20260317","MXN","USD","0.056626"
"20260318","MXN","USD","0.05598"
"20260319","MXN","USD","0.05638"
"20260320","MXN","USD","0.055811"
"20260322","MXN","USD","0.055832"
"20260323","MXN","USD","0.056228"
"20260324","MXN","USD","0.056355"
"20260325","MXN","USD","0.056272"
"20260326","MXN","USD","0.055719"
"20260327","MXN","USD","0.055185"
"20260329","MXN","USD","0.055171"
"20260330","MXN","USD","0.055175"
"20260331","MXN","USD","0.055758"
"20260401","MXN","USD","0.056119"
"20260402","MXN","USD","0.055977"
"20260403","MXN","USD","0.055931"
"20260405","MXN","USD","0.055932"
"20260406","MXN","USD","0.056298"
"20260407","MXN","USD","0.056493"
"20260408","MXN","USD","0.057315"
"20260409","MXN","USD","0.057583"
"20260410","MXN","USD","0.057795"
"20260412","MXN","USD","0.057805"
"20260413","MXN","USD","0.057793"
"20260414","MXN","USD","0.057936"
"20260415","MXN","USD","0.057959"
"20260416","MXN","USD","0.057957"
"20260417","MXN","USD","0.05776"
"20260419","MXN","USD","0.057655"
"20260420","MXN","USD","0.057817"
"20260421","MXN","USD","0.05772"
"20260422","MXN","USD","0.057684"
"20260423","MXN","USD","0.057384"
"20260424","MXN","USD","0.057513"
"20260426","MXN","USD","0.057518"
"20260427","MXN","USD","0.057535"
"20260428","MXN","USD","0.057503"
"20260429","MXN","USD","0.057011"
"20260430","MXN","USD","0.057256"
"20260501","MXN","USD","0.05728"
"20260503","MXN","USD","0.057287"
"20260504","MXN","USD","0.057099"
"20260505","MXN","USD","0.057547"
"20260506","MXN","USD","0.057952"
"20260507","MXN","USD","0.057768"
"20260508","MXN","USD","0.058209"
"20260510","MXN","USD","0.058101"
"20260511","MXN","USD","0.058174"
"20260512","MXN","USD","0.058056"
"20260513","MXN","USD","0.058224"
"20260514","MXN","USD","0.058063"
"20260515","MXN","USD","0.05767"
"20260517","MXN","USD","0.05767"
"20260518","MXN","USD","0.057881"
"20260519","MXN","USD","0.057439"
"20260520","MXN","USD","0.057759"
"20260521","MXN","USD","0.057789"
"20260522","MXN","USD","0.057709"
"20260524","MXN","USD","0.057703"
"20260525","MXN","USD","0.05788"
"20260526","MXN","USD","0.057776"
"20260527","MXN","USD","0.057604"
"20260528","MXN","USD","0.057743"
"20260529","MXN","USD","0.057622"
"20260531","MXN","USD","0.057612"
"20260601","MXN","USD","0.057588"
"20260602","MXN","USD","0.057842"
"20260603","MXN","USD","0.05767"
"20260604","MXN","USD","0.057852"
"20260605","MXN","USD","0.057216"
"20260607","MXN","USD","0.057215"
"20260608","MXN","USD","0.057254"
"20260609","MXN","USD","0.057313"
"20260610","MXN","USD","0.057408"
"20260611","MXN","USD","0.057979"
"20260612","MXN","USD","0.058069"
"20260614","MXN","USD","0.058069"
"20260615","MXN","USD","0.058081"
"20260616","MXN","USD","0.058116"
"20260617","MXN","USD","0.057766"
"20260618","MXN","USD","0.057589"
"20260619","MXN","USD","0.05769"
"20260621","MXN","USD","0.05769"
"20260622","MXN","USD","0.057577"
"20260623","MXN","USD","0.056966"
"20260624","MXN","USD","0.056799"
"20260625","MXN","USD","0.057138"
"20260626","MXN","USD","0.057105"
"20260628","MXN","USD","0.057099"
"20260629","MXN","USD","0.057236"
"20260630","MXN","USD","0.057184"
"20260701","MXN","USD","0.056962"
"20260702","MXN","USD","0.057249"
"20260703","MXN","USD","0.057244"
"20260705","MXN","USD","0.057185"
"20260706","MXN","USD","0.057507"
"20260707","MXN","USD","0.057087"
"20260708","MXN","USD","0.056887"
"20260709","MXN","USD","0.056993"
"20260710","MXN","USD","0.057235"
"20260712","MXN","USD","0.057238"
"20260713","MXN","USD","0.057053"
"20260714","MXN","USD","0.057384"
"20260715","MXN","USD","0.05751"
"20260716","MXN","USD","0.057402"
"20260717","MXN","USD","0.057017"
"20260719","MXN","USD","0.057021"
"20260720","MXN","USD","0.057373"
"20260721","MXN","USD","0.057463"
"20260722","MXN","USD","0.057481"
"20260723","MXN","USD","0.057071"
"20260724","MXN","USD","0.057197"
"20260726","MXN","USD","0.057192"
"20260727","MXN","USD","0.057289"
"20260728","MXN","USD","0.057362"
"20260729","MXN","USD","0.057332"
"20260730","MXN","USD","0.057666"
"20260731","MXN","USD","0.057683"
"20260802","MXN","USD","0.05764"
"20260803","MXN","USD","0.057703"
"20260804","MXN","USD","0.057942"
"20260805","MXN","USD","0.058014"
"20260806","MXN","USD","0.058104"
"20260807","MXN","USD","0.058363"
"20260809","MXN","USD","0.058365"
"20260810","MXN","USD","0.058338"
"20260811","MXN","USD","0.058532"
"20260812","MXN","USD","0.058624"
"20260813","MXN","USD","0.058732"
"20260814","MXN","USD","0.058738"
"20260816","MXN","USD","0.058741"
"20260817","MXN","USD","0.058691"
"20260818","MXN","USD","0.058596"
"20260819","MXN","USD","0.059015"
"20260820","MXN","USD","0.058978"
"20260821","MXN","USD","0.059102"
"20260823","MXN","USD","0.059137"
"20260824","MXN","USD","0.058995"
"20260825","MXN","USD","0.059"
"20260826","MXN","USD","0.058973"
"20260827","MXN","USD","0.058909"
"20260828","MXN","USD","0.058703"
"20260830","MXN","USD","0.058701"
"20260831","MXN","USD","0.058827"
"20260901","MXN","USD","0.058846"
"20260902","MXN","USD","0.05892"
"20260903","MXN","USD","0.059098"
"20260904","MXN","USD","0.059215"
"20260906","MXN","USD","0.059201"
"20260907","MXN","USD","0.059102"
"20260908","MXN","USD","0.059132"
"20260909","MXN","USD","0.059186"
"20260910","MXN","USD","0.058853"
"20260911","MXN","USD","0.058919"
"20260913","MXN","USD","0.058933"
"20260914","MXN","USD","0.058349"
"20260915","MXN","USD","0.058309"
"20260916","MXN","USD","0.057975"
"20260917","MXN","USD","0.058247"
"20260918","MXN","USD","0.058041"
"20260920","MXN","USD","0.058043"
"20260921","MXN","USD","0.058066"
"20260922","MXN","USD","0.057824"
"20260923","MXN","USD","0.057052"
"20250924","QAR","USD","0.27437"
"20250925","QAR","USD","0.27437"
"20250926","QAR","USD","0.27437"
"20250928","QAR","USD","0.27435"
"20250929","QAR","USD","0.27436"
"20250930","QAR","USD","0.27435"
"20251001","QAR","USD","0.27436"
"20251002","QAR","USD","0.27436"
"20251003","QAR","USD","0.27436"
"20251005","QAR","USD","0.27435"
"20251006","QAR","USD","0.27436"
"20251007","QAR","USD","0.27435"
"20251008","QAR","USD","0.27436"
"20251009","QAR","USD","0.27436"
"20251010","QAR","USD","0.27435"
"20251012","QAR","USD","0.27435"
"20251013","QAR","USD","0.27434"
"20251014","QAR","USD","0.27396"
"20251015","QAR","USD","0.27435"
"20251016","QAR","USD","0.27398"
"20251017","QAR","USD","0.27435"
"20251019","QAR","USD","0.27434"
"20251020","QAR","USD","0.27434"
"20251021","QAR","USD","0.27434"
"20251022","QAR","USD","0.27448"
"20251023","QAR","USD","0.27436"
"20251024","QAR","USD","0.27436"
"20251026","QAR","USD","0.27435"
"20251027","QAR","USD","0.27436"
"20251028","QAR","USD","0.27436"
"20251029","QAR","USD","0.27436"
"20251030","QAR","USD","0.27434"
"20251031","QAR","USD","0.27434"
"20251102","QAR","USD","0.27435"
"20251103","QAR","USD","0.27435"
"20251104","QAR","USD","0.27436"
"20251105","QAR","USD","0.27437"
"20251106","QAR","USD","0.27437"
"20251107","QAR","USD","0.27437"
"20251109","QAR","USD","0.27435"
"20251110","QAR","USD","0.27435"
"20251111","QAR","USD","0.27435"
"20251112","QAR","USD","0.27435"
"20251113","QAR","USD","0.27435"
"20251114","QAR","USD","0.27435"
"20251116","QAR","USD","0.27435"
"20251117","QAR","USD","0.27433"
"20251118","QAR","USD","0.27445"
"20251119","QAR","USD","0.27435"
"20251120","QAR","USD","0.27435"
"20251121","QAR","USD","0.27435"
"20251123","QAR","USD","0.2744"
"20251124","QAR","USD","0.27453"
"20251125","QAR","USD","0.2744"
"20251126","QAR","USD","0.27439"
"20251127","QAR","USD","0.27442"
"20251128","QAR","USD","0.27442"
"20251130","QAR","USD","0.27442"
"20251201","QAR","USD","0.27442"
"20251202","QAR","USD","0.27442"
"20251203","QAR","USD","0.27442"
"20251204","QAR","USD","0.27442"
"20251205","QAR","USD","0.27435"
"20251207","QAR","USD","0.27442"
"20251208","QAR","USD","0.27454"
"20251209","QAR","USD","0.27435"
"20251210","QAR","USD","0.27454"
"20251211","QAR","USD","0.27435"
"20251212","QAR","USD","0.27435"
"20251214","QAR","USD","0.27435"
"20251215","QAR","USD","0.27442"
"20251216","QAR","USD","0.2736"
"20251217","QAR","USD","0.2736"
"20251218","QAR","USD","0.27442"
"20251219","QAR","USD","0.27442"
"20251221","QAR","USD","0.2736"
"20251222","QAR","USD","0.27454"
"20251223","QAR","USD","0.27434"
"20251224","QAR","USD","0.27434"
"20251225","QAR","USD","0.27429"
"20251226","QAR","USD","0.27429"
"20251228","QAR","USD","0.2736"
"20251229","QAR","USD","0.27434"
"20251230","QAR","USD","0.27434"
"20251231","QAR","USD","0.2736"
"20260101","QAR","USD","0.2736"
"20260102","QAR","USD","0.2736"
"20260104","QAR","USD","0.2736"
"20260105","QAR","USD","0.27435"
"20260106","QAR","USD","0.2736"
"20260107","QAR","USD","0.27434"
"20260108","QAR","USD","0.27444"
"20260109","QAR","USD","0.2736"
"20260111","QAR","USD","0.2736"
"20260112","QAR","USD","0.2736"
"20260113","QAR","USD","0.2736"
"20260114","QAR","USD","0.27435"
"20260115","QAR","USD","0.27454"
"20260116","QAR","USD","0.27454"
"20260118","QAR","USD","0.27435"
"20260119","QAR","USD","0.27437"
"20260120","QAR","USD","0.27437"
"20260121","QAR","USD","0.2736"
"20260122","QAR","USD","0.27439"
"20260123","QAR","USD","0.27439"
"20260125","QAR","USD","0.27439"
"20260126","QAR","USD","0.27439"
"20260127","QAR","USD","0.27439"
"20260128","QAR","USD","0.27439"
"20260129","QAR","USD","0.27439"
"20260130","QAR","USD","0.27439"
"20260201","QAR","USD","0.27439"
"20260202","QAR","USD","0.27439"
"20260203","QAR","USD","0.27435"
"20260204","QAR","USD","0.27435"
"20260205","QAR","USD","0.27435"
"20260206","QAR","USD","0.2736"
"20260208","QAR","USD","0.27435"
"20260209","QAR","USD","0.2736"
"20260210","QAR","USD","0.2736"
"20260211","QAR","USD","0.2736"
"20260212","QAR","USD","0.27439"
"20260213","QAR","USD","0.27439"
"20260215","QAR","USD","0.27435"
"20260216","QAR","USD","0.2736"
"20260217","QAR","USD","0.2736"
"20260218","QAR","USD","0.2736"
"20260219","QAR","USD","0.27437"
"20260220","QAR","USD","0.27454"
"20260222","QAR","USD","0.27437"
"20260223","QAR","USD","0.2736"
"20260224","QAR","USD","0.2736"
"20260225","QAR","USD","0.27441"
"20260226","QAR","USD","0.27437"
"20260227","QAR","USD","0.27437"
"20260301","QAR","USD","0.27435"
"20260302","QAR","USD","0.2736"
"20260303","QAR","USD","0.27427"
"20260304","QAR","USD","0.27416"
"20260305","QAR","USD","0.27416"
"20260306","QAR","USD","0.27416"
"20260308","QAR","USD","0.2736"
"20260309","QAR","USD","0.2736"
"20260310","QAR","USD","0.27372"
"20260311","QAR","USD","0.27442"
"20260312","QAR","USD","0.2743"
"20260313","QAR","USD","0.27442"
"20260315","QAR","USD","0.2736"
"20260316","QAR","USD","0.2736"
"20260317","QAR","USD","0.27372"
"20260318","QAR","USD","0.2736"
"20260319","QAR","USD","0.27439"
"20260320","QAR","USD","0.2736"
"20260322","QAR","USD","0.2736"
"20260323","QAR","USD","0.27372"
"20260324","QAR","USD","0.27372"
"20260325","QAR","USD","0.27427"
"20260326","QAR","USD","0.27372"
"20260327","QAR","USD","0.27372"
"20260329","QAR","USD","0.27427"
"20260330","QAR","USD","0.27415"
"20260331","QAR","USD","0.27447"
"20260401","QAR","USD","0.27439"
"20260402","QAR","USD","0.27427"
"20260403","QAR","USD","0.27427"
"20260405","QAR","USD","0.2742"
"20260406","QAR","USD","0.2742"
"20260407","QAR","USD","0.27427"
"20260408","QAR","USD","0.27427"
"20260409","QAR","USD","0.27427"
"20260410","QAR","USD","0.27427"
"20260412","QAR","USD","0.27431"
"20260413","QAR","USD","0.2743"
"20260414","QAR","USD","0.2743"
"20260415","QAR","USD","0.2744"
"20260416","QAR","USD","0.27427"
"20260417","QAR","USD","0.27427"
"20260419","QAR","USD","0.27427"
"20260420","QAR","USD","0.27447"
"20260421","QAR","USD","0.27443"
"20260422","QAR","USD","0.27447"
"20260423","QAR","USD","0.27431"
"20260424","QAR","USD","0.27431"
"20260426","QAR","USD","0.27435"
"20260427","QAR","USD","0.27431"
"20260428","QAR","USD","0.27445"
"20260429","QAR","USD","0.27445"
"20260430","QAR","USD","0.27444"
"20260501","QAR","USD","0.27444"
"20260503","QAR","USD","0.27435"
"20260504","QAR","USD","0.27447"
"20260505","QAR","USD","0.27435"
"20260506","QAR","USD","0.27435"
"20260507","QAR","USD","0.27435"
"20260508","QAR","USD","0.2745"
"20260510","QAR","USD","0.27435"
"20260511","QAR","USD","0.27445"
"20260512","QAR","USD","0.27433"
"20260513","QAR","USD","0.27445"
"20260514","QAR","USD","0.27433"
"20260515","QAR","USD","0.27446"
"20260517","QAR","USD","0.27435"
"20260518","QAR","USD","0.27435"
"20260519","QAR","USD","0.27445"
"20260520","QAR","USD","0.27433"
"20260521","QAR","USD","0.27433"
"20260522","QAR","USD","0.27445"
"20260524","QAR","USD","0.27435"
"20260525","QAR","USD","0.27433"
"20260526","QAR","USD","0.27445"
"20260527","QAR","USD","0.27457"
"20260528","QAR","USD","0.27457"
"20260529","QAR","USD","0.27457"
"20260531","QAR","USD","0.27457"
"20260601","QAR","USD","0.27445"
"20260602","QAR","USD","0.27457"
"20260603","QAR","USD","0.27445"
"20260604","QAR","USD","0.27451"
"20260605","QAR","USD","0.27451"
"20260607","QAR","USD","0.27435"
"20260608","QAR","USD","0.27442"
"20260609","QAR","USD","0.2743"
"20260610","QAR","USD","0.2743"
"20260611","QAR","USD","0.2743"
"20260612","QAR","USD","0.2743"
"20260614","QAR","USD","0.2743"
"20260615","QAR","USD","0.27442"
"20260616","QAR","USD","0.27454"
"20260617","QAR","USD","0.2743"
"20260618","QAR","USD","0.27454"
"20260619","QAR","USD","0.27454"
"20260621","QAR","USD","0.27435"
"20260622","QAR","USD","0.27427"
"20260623","QAR","USD","0.27447"
"20260624","QAR","USD","0.27447"
"20260625","QAR","USD","0.27459"
"20260626","QAR","USD","0.2746"
"20260628","QAR","USD","0.2746"
"20260629","QAR","USD","0.27434"
"20260630","QAR","USD","0.27447"
"20260701","QAR","USD","0.27434"
"20260702","QAR","USD","0.27434"
"20260703","QAR","USD","0.27434"
"20260705","QAR","USD","0.27431"
"20260706","QAR","USD","0.27431"
"20260707","QAR","USD","0.27444"
"20260708","QAR","USD","0.27431"
"20260709","QAR","USD","0.27444"
"20260710","QAR","USD","0.27444"
"20260712","QAR","USD","0.27435"
"20260713","QAR","USD","0.27429"
"20260714","QAR","USD","0.27433"
"20260715","QAR","USD","0.27427"
"20260716","QAR","USD","0.27433"
"20260717","QAR","USD","0.27427"
"20260719","QAR","USD","0.27435"
"20260720","QAR","USD","0.27445"
"20260721","QAR","USD","0.27433"
"20260722","QAR","USD","0.27445"
"20260723","QAR","USD","0.27429"
"20260724","QAR","USD","0.27441"
"20260726","QAR","USD","0.27435"
"20260727","QAR","USD","0.27441"
"20260728","QAR","USD","0.27441"
"20260729","QAR","USD","0.27429"
"20260730","QAR","USD","0.27441"
"20260731","QAR","USD","0.27453"
"20260802","QAR","USD","0.27427"
"20260803","QAR","USD","0.27453"
"20260804","QAR","USD","0.27453"
"20260805","QAR","USD","0.27429"
"20260806","QAR","USD","0.27441"
"20260807","QAR","USD","0.27453"
"20260809","QAR","USD","0.27427"
"20260810","QAR","USD","0.27429"
"20260811","QAR","USD","0.27441"
"20260812","QAR","USD","0.27429"
"20260813","QAR","USD","0.27441"
"20260814","QAR","USD","0.27441"
"20260816","QAR","USD","0.27427"
"20260817","QAR","USD","0.27433"
"20260818","QAR","USD","0.27433"
"20260819","QAR","USD","0.27445"
"20260820","QAR","USD","0.27435"
"20260821","QAR","USD","0.27435"
"20260823","QAR","USD","0.27435"
"20260824","QAR","USD","0.27433"
"20260825","QAR","USD","0.27427"
"20260826","QAR","USD","0.27433"
"20260827","QAR","USD","0.27433"
"20260828","QAR","USD","0.27433"
"20260830","QAR","USD","0.27435"
"20260831","QAR","USD","0.27433"
"20260901","QAR","USD","0.27433"
"20260902","QAR","USD","0.27433"
"20260903","QAR","USD","0.27433"
"20260904","QAR","USD","0.27433"
"20260906","QAR","USD","0.27433"
"20260907","QAR","USD","0.27433"
"20260908","QAR","USD","0.27433"
"20260909","QAR","USD","0.27433"
"20260910","QAR","USD","0.27433"
"20260911","QAR","USD","0.27433"
"20260913","QAR","USD","0.27435"
"20260914","QAR","USD","0.27433"
"20260915","QAR","USD","0.27458"
"20260916","QAR","USD","0.27447"
"20260917","QAR","USD","0.27435"
"20260918","QAR","USD","0.27439"
"20260920","QAR","USD","0.27435"
"20260921","QAR","USD","0.27447"
"20260922","QAR","USD","0.27435"
"20260923","QAR","USD","0.27447"
"20250924","SAR","USD","0.26661"
"20250925","SAR","USD","0.26662"
"20250926","SAR","USD","0.26663"
"20250928","SAR","USD","0.26662"
"20250929","SAR","USD","0.26664"
"20250930","SAR","USD","0.26665"
"20251001","SAR","USD","0.26664"
"20251002","SAR","USD","0.26665"
"20251003","SAR","USD","0.26664"
"20251005","SAR","USD","0.26663"
"20251006","SAR","USD","0.26661"
"20251007","SAR","USD","0.26661"
"20251008","SAR","USD","0.26661"
"20251009","SAR","USD","0.26661"
"20251010","SAR","USD","0.26661"
"20251012","SAR","USD","0.2666"
"20251013","SAR","USD","0.26665"
"20251014","SAR","USD","0.26665"
"20251015","SAR","USD","0.26664"
"20251016","SAR","USD","0.26663"
"20251017","SAR","USD","0.26664"
"20251019","SAR","USD","0.26664"
"20251020","SAR","USD","0.26664"
"20251021","SAR","USD","0.26664"
"20251022","SAR","USD","0.26664"
"20251023","SAR","USD","0.26665"
"20251024","SAR","USD","0.26666"
"20251026","SAR","USD","0.26663"
"20251027","SAR","USD","0.26666"
"20251028","SAR","USD","0.26666"
"20251029","SAR","USD","0.26665"
"20251030","SAR","USD","0.26665"
"20251031","SAR","USD","0.26665"
"20251102","SAR","USD","0.26665"
"20251103","SAR","USD","0.26664"
"20251104","SAR","USD","0.26665"
"20251105","SAR","USD","0.26663"
"20251106","SAR","USD","0.26664"
"20251107","SAR","USD","0.26664"
"20251109","SAR","USD","0.26664"
"20251110","SAR","USD","0.26663"
"20251111","SAR","USD","0.26663"
"20251112","SAR","USD","0.26664"
"20251113","SAR","USD","0.26667"
"20251114","SAR","USD","0.26667"
"20251116","SAR","USD","0.26666"
"20251117","SAR","USD","0.26665"
"20251118","SAR","USD","0.26666"
"20251119","SAR","USD","0.26665"
"20251120","SAR","USD","0.26664"
"20251121","SAR","USD","0.26663"
"20251123","SAR","USD","0.26664"
"20251124","SAR","USD","0.26662"
"20251125","SAR","USD","0.26662"
"20251126","SAR","USD","0.26662"
"20251127","SAR","USD","0.26657"
"20251128","SAR","USD","0.26656"
"20251130","SAR","USD","0.26656"
"20251201","SAR","USD","0.26646"
"20251202","SAR","USD","0.26639"
"20251203","SAR","USD","0.26647"
"20251204","SAR","USD","0.26647"
"20251205","SAR","USD","0.26647"
"20251207","SAR","USD","0.26643"
"20251208","SAR","USD","0.26643"
"20251209","SAR","USD","0.26648"
"20251210","SAR","USD","0.26647"
"20251211","SAR","USD","0.26648"
"20251212","SAR","USD","0.26649"
"20251214","SAR","USD","0.26648"
"20251215","SAR","USD","0.26652"
"20251216","SAR","USD","0.26662"
"20251217","SAR","USD","0.2666"
"20251218","SAR","USD","0.26661"
"20251219","SAR","USD","0.26661"
"20251221","SAR","USD","0.26662"
"20251222","SAR","USD","0.26664"
"20251223","SAR","USD","0.26662"
"20251224","SAR","USD","0.26662"
"20251225","SAR","USD","0.26662"
"20251226","SAR","USD","0.26662"
"20251228","SAR","USD","0.26662"
"20251229","SAR","USD","0.26662"
"20251230","SAR","USD","0.26661"
"20251231","SAR","USD","0.26661"
"20260101","SAR","USD","0.26665"
"20260102","SAR","USD","0.26665"
"20260104","SAR","USD","0.26663"
"20260105","SAR","USD","0.26663"
"20260106","SAR","USD","0.26663"
"20260107","SAR","USD","0.26666"
"20260108","SAR","USD","0.26667"
"20260109","SAR","USD","0.26666"
"20260111","SAR","USD","0.26666"
"20260112","SAR","USD","0.26666"
"20260113","SAR","USD","0.26665"
"20260114","SAR","USD","0.26665"
"20260115","SAR","USD","0.26666"
"20260116","SAR","USD","0.26667"
"20260118","SAR","USD","0.26667"
"20260119","SAR","USD","0.26667"
"20260120","SAR","USD","0.26667"
"20260121","SAR","USD","0.26667"
"20260122","SAR","USD","0.26667"
"20260123","SAR","USD","0.26667"
"20260125","SAR","USD","0.26668"
"20260126","SAR","USD","0.26667"
"20260127","SAR","USD","0.26667"
"20260128","SAR","USD","0.26665"
"20260129","SAR","USD","0.26663"
"20260130","SAR","USD","0.26662"
"20260201","SAR","USD","0.26662"
"20260202","SAR","USD","0.26665"
"20260203","SAR","USD","0.26666"
"20260204","SAR","USD","0.26666"
"20260205","SAR","USD","0.26666"
"20260206","SAR","USD","0.26665"
"20260208","SAR","USD","0.26663"
"20260209","SAR","USD","0.26664"
"20260210","SAR","USD","0.2666"
"20260211","SAR","USD","0.26665"
"20260212","SAR","USD","0.26665"
"20260213","SAR","USD","0.26665"
"20260215","SAR","USD","0.26665"
"20260216","SAR","USD","0.26665"
"20260217","SAR","USD","0.26665"
"20260218","SAR","USD","0.26664"
"20260219","SAR","USD","0.26662"
"20260220","SAR","USD","0.26659"
"20260222","SAR","USD","0.26658"
"20260223","SAR","USD","0.26655"
"20260224","SAR","USD","0.26657"
"20260225","SAR","USD","0.2666"
"20260226","SAR","USD","0.26664"
"20260227","SAR","USD","0.2666"
"20260301","SAR","USD","0.2666"
"20260302","SAR","USD","0.26645"
"20260303","SAR","USD","0.26645"
"20260304","SAR","USD","0.2664"
"20260305","SAR","USD","0.26643"
"20260306","SAR","USD","0.26644"
"20260308","SAR","USD","0.26644"
"20260309","SAR","USD","0.26636"
"20260310","SAR","USD","0.26645"
"20260311","SAR","USD","0.26648"
"20260312","SAR","USD","0.26648"
"20260313","SAR","USD","0.2665"
"20260315","SAR","USD","0.26649"
"20260316","SAR","USD","0.26649"
"20260317","SAR","USD","0.26632"
"20260318","SAR","USD","0.26637"
"20260319","SAR","USD","0.26635"
"20260320","SAR","USD","0.26633"
"20260322","SAR","USD","0.26633"
"20260323","SAR","USD","0.26636"
"20260324","SAR","USD","0.2664"
"20260325","SAR","USD","0.26655"
"20260326","SAR","USD","0.26655"
"20260327","SAR","USD","0.2665"
"20260329","SAR","USD","0.2665"
"20260330","SAR","USD","0.26647"
"20260331","SAR","USD","0.26647"
"20260401","SAR","USD","0.26644"
"20260402","SAR","USD","0.2664"
"20260403","SAR","USD","0.26633"
"20260405","SAR","USD","0.26633"
"20260406","SAR","USD","0.26633"
"20260407","SAR","USD","0.26631"
"20260408","SAR","USD","0.26648"
"20260409","SAR","USD","0.26647"
"20260410","SAR","USD","0.26648"
"20260412","SAR","USD","0.26648"
"20260413","SAR","USD","0.26646"
"20260414","SAR","USD","0.2665"
"20260415","SAR","USD","0.26654"
"20260416","SAR","USD","0.26657"
"20260417","SAR","USD","0.26658"
"20260419","SAR","USD","0.26658"
"20260420","SAR","USD","0.2666"
"20260421","SAR","USD","0.26663"
"20260422","SAR","USD","0.26663"
"20260423","SAR","USD","0.26662"
"20260424","SAR","USD","0.26661"
"20260426","SAR","USD","0.26661"
"20260427","SAR","USD","0.26662"
"20260428","SAR","USD","0.26662"
"20260429","SAR","USD","0.26663"
"20260430","SAR","USD","0.26663"
"20260501","SAR","USD","0.26663"
"20260503","SAR","USD","0.26663"
"20260504","SAR","USD","0.26661"
"20260505","SAR","USD","0.26649"
"20260506","SAR","USD","0.26657"
"20260507","SAR","USD","0.2666"
"20260508","SAR","USD","0.26656"
"20260510","SAR","USD","0.26656"
"20260511","SAR","USD","0.26654"
"20260512","SAR","USD","0.26651"
"20260513","SAR","USD","0.26652"
"20260514","SAR","USD","0.26648"
"20260515","SAR","USD","0.26648"
"20260517","SAR","USD","0.26648"
"20260518","SAR","USD","0.26647"
"20260519","SAR","USD","0.26649"
"20260520","SAR","USD","0.26649"
"20260521","SAR","USD","0.26647"
"20260522","SAR","USD","0.26648"
"20260524","SAR","USD","0.26648"
"20260525","SAR","USD","0.2665"
"20260526","SAR","USD","0.26648"
"20260527","SAR","USD","0.26648"
"20260528","SAR","USD","0.26647"
"20260529","SAR","USD","0.26648"
"20260531","SAR","USD","0.26647"
"20260601","SAR","USD","0.26647"
"20260602","SAR","USD","0.26644"
"20260603","SAR","USD","0.26638"
"20260604","SAR","USD","0.26635"
"20260605","SAR","USD","0.26633"
"20260607","SAR","USD","0.26633"
"20260608","SAR","USD","0.26633"
"20260609","SAR","USD","0.26632"
"20260610","SAR","USD","0.2664"
"20260611","SAR","USD","0.26638"
"20260612","SAR","USD","0.26646"
"20260614","SAR","USD","0.26647"
"20260615","SAR","USD","0.26649"
"20260616","SAR","USD","0.26647"
"20260617","SAR","USD","0.26645"
"20260618","SAR","USD","0.26643"
"20260619","SAR","USD","0.26641"
"20260621","SAR","USD","0.26641"
"20260622","SAR","USD","0.26635"
"20260623","SAR","USD","0.26638"
"20260624","SAR","USD","0.26635"
"20260625","SAR","USD","0.26632"
"20260626","SAR","USD","0.26629"
"20260628","SAR","USD","0.26629"
"20260629","SAR","USD","0.26629"
"20260630","SAR","USD","0.26616"
"20260701","SAR","USD","0.2663"
"20260702","SAR","USD","0.26633"
"20260703","SAR","USD","0.26634"
"20260705","SAR","USD","0.26634"
"20260706","SAR","USD","0.2663"
"20260707","SAR","USD","0.26635"
"20260708","SAR","USD","0.26631"
"20260709","SAR","USD","0.26637"
"20260710","SAR","USD","0.26635"
"20260712","SAR","USD","0.26636"
"20260713","SAR","USD","0.26632"
"20260714","SAR","USD","0.26624"
"20260715","SAR","USD","0.26631"
"20260716","SAR","USD","0.26627"
"20260717","SAR","USD","0.26627"
"20260719","SAR","USD","0.26629"
"20260720","SAR","USD","0.2663"
"20260721","SAR","USD","0.26639"
"20260722","SAR","USD","0.26639"
"20260723","SAR","USD","0.26641"
"20260724","SAR","USD","0.26639"
"20260726","SAR","USD","0.26639"
"20260727","SAR","USD","0.26639"
"20260728","SAR","USD","0.26638"
"20260729","SAR","USD","0.26635"
"20260730","SAR","USD","0.26632"
"20260731","SAR","USD","0.26628"
"20260802","SAR","USD","0.26628"
"20260803","SAR","USD","0.26627"
"20260804","SAR","USD","0.26626"
"20260805","SAR","USD","0.26626"
"20260806","SAR","USD","0.26635"
"20260807","SAR","USD","0.26633"
"20260809","SAR","USD","0.26633"
"20260810","SAR","USD","0.26632"
"20260811","SAR","USD","0.26633"
"20260812","SAR","USD","0.26634"
"20260813","SAR","USD","0.26637"
"20260814","SAR","USD","0.26635"
"20260816","SAR","USD","0.26636"
"20260817","SAR","USD","0.26635"
"20260818","SAR","USD","0.26635"
"20260819","SAR","USD","0.26633"
"20260820","SAR","USD","0.26633"
"20260821","SAR","USD","0.26634"
"20260823","SAR","USD","0.26633"
"20260824","SAR","USD","0.26633"
"20260825","SAR","USD","0.26634"
"20260826","SAR","USD","0.26634"
"20260827","SAR","USD","0.26634"
"20260828","SAR","USD","0.26635"
"20260830","SAR","USD","0.26635"
"20260831","SAR","USD","0.26634"
"20260901","SAR","USD","0.26635"
"20260902","SAR","USD","0.26631"
"20260903","SAR","USD","0.26631"
"20260904","SAR","USD","0.26631"
"20260906","SAR","USD","0.26631"
"20260907","SAR","USD","0.26629"
"20260908","SAR","USD","0.26632"
"20260909","SAR","USD","0.26632"
"20260910","SAR","USD","0.26631"
"20260911","SAR","USD","0.26627"
"20260913","SAR","USD","0.26629"
"20260914","SAR","USD","0.26626"
"20260915","SAR","USD","0.26623"
"20260916","SAR","USD","0.26623"
"20260917","SAR","USD","0.2662"
"20260918","SAR","USD","0.26621"
"20260920","SAR","USD","0.26622"
"20260921","SAR","USD","0.26622"
"20260922","SAR","USD","0.26629"
"20260923","SAR","USD","0.2663"
"20250924","ZAR","USD","0.057659"
"20250925","ZAR","USD","0.057385"
"20250926","ZAR","USD","0.057686"
"20250928","ZAR","USD","0.057675"
"20250929","ZAR","USD","0.057894"
"20250930","ZAR","USD","0.057911"
"20251001","ZAR","USD","0.058016"
"20251002","ZAR","USD","0.057814"
"20251003","ZAR","USD","0.058021"
"20251005","ZAR","USD","0.058072"
"20251006","ZAR","USD","0.05823"
"20251007","ZAR","USD","0.058065"
"20251008","ZAR","USD","0.058282"
"20251009","ZAR","USD","0.058081"
"20251010","ZAR","USD","0.057134"
"20251012","ZAR","USD","0.057529"
"20251013","ZAR","USD","0.057732"
"20251014","ZAR","USD","0.057538"
"20251015","ZAR","USD","0.057647"
"20251016","ZAR","USD","0.057668"
"20251017","ZAR","USD","0.057577"
"20251019","ZAR","USD","0.057577"
"20251020","ZAR","USD","0.058053"
"20251021","ZAR","USD","0.057495"
"20251022","ZAR","USD","0.057461"
"20251023","ZAR","USD","0.057694"
"20251024","ZAR","USD","0.057921"
"20251026","ZAR","USD","0.057922"
"20251027","ZAR","USD","0.058055"
"20251028","ZAR","USD","0.058292"
"20251029","ZAR","USD","0.058119"
"20251030","ZAR","USD","0.057842"
"20251031","ZAR","USD","0.057718"
"20251102","ZAR","USD","0.057887"
"20251103","ZAR","USD","0.057761"
"20251104","ZAR","USD","0.057037"
"20251105","ZAR","USD","0.057447"
"20251106","ZAR","USD","0.057563"
"20251107","ZAR","USD","0.057806"
"20251109","ZAR","USD","0.057762"
"20251110","ZAR","USD","0.058281"
"20251111","ZAR","USD","0.05827"
"20251112","ZAR","USD","0.058533"
"20251113","ZAR","USD","0.058672"
"20251114","ZAR","USD","0.058541"
"20251116","ZAR","USD","0.058541"
"20251117","ZAR","USD","0.05824"
"20251118","ZAR","USD","0.058191"
"20251119","ZAR","USD","0.058153"
"20251120","ZAR","USD","0.058019"
"20251121","ZAR","USD","0.057551"
"20251123","ZAR","USD","0.057587"
"20251124","ZAR","USD","0.057806"
"20251125","ZAR","USD","0.058072"
"20251126","ZAR","USD","0.058352"
"20251127","ZAR","USD","0.058295"
"20251128","ZAR","USD","0.058427"
"20251130","ZAR","USD","0.05843"
"20251201","ZAR","USD","0.058505"
"20251202","ZAR","USD","0.058461"
"20251203","ZAR","USD","0.058691"
"20251204","ZAR","USD","0.058832"
"20251205","ZAR","USD","0.05907"
"20251207","ZAR","USD","0.059071"
"20251208","ZAR","USD","0.058683"
"20251209","ZAR","USD","0.058617"
"20251210","ZAR","USD","0.05908"
"20251211","ZAR","USD","0.059269"
"20251212","ZAR","USD","0.059222"
"20251214","ZAR","USD","0.059224"
"20251215","ZAR","USD","0.059527"
"20251216","ZAR","USD","0.059679"
"20251217","ZAR","USD","0.059622"
"20251218","ZAR","USD","0.059768"
"20251219","ZAR","USD","0.059615"
"20251221","ZAR","USD","0.059626"
"20251222","ZAR","USD","0.059836"
"20251223","ZAR","USD","0.059934"
"20251224","ZAR","USD","0.060019"
"20251225","ZAR","USD","0.060063"
"20251226","ZAR","USD","0.059998"
"20251228","ZAR","USD","0.059998"
"20251229","ZAR","USD","0.059979"
"20251230","ZAR","USD","0.060284"
"20251231","ZAR","USD","0.060373"
"20260101","ZAR","USD","0.060565"
"20260102","ZAR","USD","0.06062"
"20260104","ZAR","USD","0.060619"
"20260105","ZAR","USD","0.061101"
"20260106","ZAR","USD","0.061145"
"20260107","ZAR","USD","0.060772"
"20260108","ZAR","USD","0.060502"
"20260109","ZAR","USD","0.060658"
"20260111","ZAR","USD","0.060656"
"20260112","ZAR","USD","0.060997"
"20260113","ZAR","USD","0.060975"
"20260114","ZAR","USD","0.060957"
"20260115","ZAR","USD","0.061206"
"20260116","ZAR","USD","0.060952"
"20260118","ZAR","USD","0.060954"
"20260119","ZAR","USD","0.061034"
"20260120","ZAR","USD","0.060892"
"20260121","ZAR","USD","0.061492"
"20260122","ZAR","USD","0.062009"
"20260123","ZAR","USD","0.062039"
"20260125","ZAR","USD","0.062039"
"20260126","ZAR","USD","0.062319"
"20260127","ZAR","USD","0.063037"
"20260128","ZAR","USD","0.063409"
"20260129","ZAR","USD","0.06355"
"20260130","ZAR","USD","0.061975"
"20260201","ZAR","USD","0.061964"
"20260202","ZAR","USD","0.062163"
"20260203","ZAR","USD","0.062611"
"20260204","ZAR","USD","0.062201"
"20260205","ZAR","USD","0.061301"
"20260206","ZAR","USD","0.062343"
"20260208","ZAR","USD","0.062339"
"20260209","ZAR","USD","0.0629"
"20260210","ZAR","USD","0.062714"
"20260211","ZAR","USD","0.063039"
"20260212","ZAR","USD","0.062636"
"20260213","ZAR","USD","0.062716"
"20260215","ZAR","USD","0.062713"
"20260216","ZAR","USD","0.062572"
"20260217","ZAR","USD","0.062421"
"20260218","ZAR","USD","0.062243"
"20260219","ZAR","USD","0.061938"
"20260220","ZAR","USD","0.062343"
"20260222","ZAR","USD","0.062345"
"20260223","ZAR","USD","0.062405"
"20260224","ZAR","USD","0.062586"
"20260225","ZAR","USD","0.063098"
"20260226","ZAR","USD","0.062747"
"20260227","ZAR","USD","0.062758"
"20260301","ZAR","USD","0.062749"
"20260302","ZAR","USD","0.06208"
"20260303","ZAR","USD","0.060499"
"20260304","ZAR","USD","0.061194"
"20260305","ZAR","USD","0.06005"
"20260306","ZAR","USD","0.060375"
"20260308","ZAR","USD","0.060368"
"20260309","ZAR","USD","0.0614"
"20260310","ZAR","USD","0.061394"
"20260311","ZAR","USD","0.060641"
"20260312","ZAR","USD","0.059541"
"20260313","ZAR","USD","0.059042"
"20260315","ZAR","USD","0.058979"
"20260316","ZAR","USD","0.059964"
"20260317","ZAR","USD","0.059998"
"20260318","ZAR","USD","0.05885"
"20260319","ZAR","USD","0.059676"
"20260320","ZAR","USD","0.058794"
"20260322","ZAR","USD","0.058789"
"20260323","ZAR","USD","0.059611"
"20260324","ZAR","USD","0.058927"
"20260325","ZAR","USD","0.058942"
"20260326","ZAR","USD","0.058431"
"20260327","ZAR","USD","0.058467"
"20260329","ZAR","USD","0.058467"
"20260330","ZAR","USD","0.058187"
"20260331","ZAR","USD","0.059022"
"20260401","ZAR","USD","0.059475"
"20260402","ZAR","USD","0.059004"
"20260403","ZAR","USD","0.05882"
"20260405","ZAR","USD","0.05882"
"20260406","ZAR","USD","0.059305"
"20260407","ZAR","USD","0.059506"
"20260408","ZAR","USD","0.061012"
"20260409","ZAR","USD","0.061039"
"20260410","ZAR","USD","0.060958"
"20260412","ZAR","USD","0.060335"
"20260413","ZAR","USD","0.060898"
"20260414","ZAR","USD","0.061186"
"20260415","ZAR","USD","0.061071"
"20260416","ZAR","USD","0.060938"
"20260417","ZAR","USD","0.061308"
"20260419","ZAR","USD","0.061315"
"20260420","ZAR","USD","0.061105"
"20260421","ZAR","USD","0.060609"
"20260422","ZAR","USD","0.060721"
"20260423","ZAR","USD","0.06011"
"20260424","ZAR","USD","0.060475"
"20260426","ZAR","USD","0.060588"
"20260427","ZAR","USD","0.060451"
"20260428","ZAR","USD","0.060448"
"20260429","ZAR","USD","0.059404"
"20260430","ZAR","USD","0.059984"
"20260501","ZAR","USD","0.060061"
"20260503","ZAR","USD","0.060061"
"20260504","ZAR","USD","0.059536"
"20260505","ZAR","USD","0.059984"
"20260506","ZAR","USD","0.061011"
"20260507","ZAR","USD","0.060551"
"20260508","ZAR","USD","0.061033"
"20260510","ZAR","USD","0.060948"
"20260511","ZAR","USD","0.060845"
"20260512","ZAR","USD","0.060546"
"20260513","ZAR","USD","0.060958"
"20260514","ZAR","USD","0.060666"
"20260515","ZAR","USD","0.059883"
"20260517","ZAR","USD","0.059885"
"20260518","ZAR","USD","0.060338"
"20260519","ZAR","USD","0.059867"
"20260520","ZAR","USD","0.060709"
"20260521","ZAR","USD","0.060782"
"20260522","ZAR","USD","0.060656"
"20260524","ZAR","USD","0.061169"
"20260525","ZAR","USD","0.061386"
"20260526","ZAR","USD","0.061062"
"20260527","ZAR","USD","0.061105"
"20260528","ZAR","USD","0.061603"
"20260529","ZAR","USD","0.061614"
"20260531","ZAR","USD","0.061576"
"20260601","ZAR","USD","0.06129"
"20260602","ZAR","USD","0.061589"
"20260603","ZAR","USD","0.061142"
"20260604","ZAR","USD","0.061308"
"20260605","ZAR","USD","0.06037"
"20260607","ZAR","USD","0.060353"
"20260608","ZAR","USD","0.06053"
"20260609","ZAR","USD","0.060536"
"20260610","ZAR","USD","0.060307"
"20260611","ZAR","USD","0.061503"
"20260612","ZAR","USD","0.061438"
"20260614","ZAR","USD","0.061384"
"20260615","ZAR","USD","0.061687"
"20260616","ZAR","USD","0.061758"
"20260617","ZAR","USD","0.060977"
"20260618","ZAR","USD","0.060813"
"20260619","ZAR","USD","0.06088"
"20260621","ZAR","USD","0.060644"
"20260622","ZAR","USD","0.06097"
"20260623","ZAR","USD","0.06045"
"20260624","ZAR","USD","0.060373"
"20260625","ZAR","USD","0.060636"
"20260626","ZAR","USD","0.06083"
"20260628","ZAR","USD","0.060728"
"20260629","ZAR","USD","0.060903"
"20260630","ZAR","USD","0.061004"
"20260701","ZAR","USD","0.060919"
"20260702","ZAR","USD","0.061523"
"20260703","ZAR","USD","0.061589"
"20260705","ZAR","USD","0.061579"
"20260706","ZAR","USD","0.061731"
"20260707","ZAR","USD","0.061367"
"20260708","ZAR","USD","0.06092"
"20260709","ZAR","USD","0.061253"
"20260710","ZAR","USD","0.061166"
"20260712","ZAR","USD","0.061204"
"20260713","ZAR","USD","0.060712"
"20260714","ZAR","USD","0.061068"
"20260715","ZAR","USD","0.061242"
"20260716","ZAR","USD","0.060953"
"20260717","ZAR","USD","0.060574"
"20260719","ZAR","USD","0.060652"
"20260720","ZAR","USD","0.0605"
"20260721","ZAR","USD","0.060714"
"20260722","ZAR","USD","0.060977"
"20260723","ZAR","USD","0.059448"
"20260724","ZAR","USD","0.059398"
"20260726","ZAR","USD","0.059435"
"20260727","ZAR","USD","0.059654"
"20260728","ZAR","USD","0.059902"
"20260729","ZAR","USD","0.060044"
"20260730","ZAR","USD","0.060623"
"20260731","ZAR","USD","0.060391"
"20260802","ZAR","USD","0.060427"
"20260803","ZAR","USD","0.060511"
"20260804","ZAR","USD","0.061035"
"20260805","ZAR","USD","0.061283"
"20260806","ZAR","USD","0.061116"
"20260807","ZAR","USD","0.061957"
"20260809","ZAR","USD","0.061957"
"20260810","ZAR","USD","0.061728"
"20260811","ZAR","USD","0.061709"
"20260812","ZAR","USD","0.061922"
"20260813","ZAR","USD","0.061784"
"20260814","ZAR","USD","0.061747"
"20260816","ZAR","USD","0.061799"
"20260817","ZAR","USD","0.061628"
"20260818","ZAR","USD","0.061512"
"20260819","ZAR","USD","0.062118"
"20260820","ZAR","USD","0.061994"
"20260821","ZAR","USD","0.062439"
"20260823","ZAR","USD","0.062402"
"20260824","ZAR","USD","0.062412"
"20260825","ZAR","USD","0.062783"
"20260826","ZAR","USD","0.062657"
"20260827","ZAR","USD","0.06252"
"20260828","ZAR","USD","0.061849"
"20260830","ZAR","USD","0.061881"
"20260831","ZAR","USD","0.062049"
"20260901","ZAR","USD","0.06184"
"20260902","ZAR","USD","0.062287"
"20260903","ZAR","USD","0.062526"
"20260904","ZAR","USD","0.062641"
"20260906","ZAR","USD","0.062635"
"20260907","ZAR","USD","0.062515"
"20260908","ZAR","USD","0.062483"
"20260909","ZAR","USD","0.062326"
"20260910","ZAR","USD","0.061719"
"20260911","ZAR","USD","0.062046"
"20260913","ZAR","USD","0.062078"
"20260914","ZAR","USD","0.061526"
"20260915","ZAR","USD","0.061541"
"20260916","ZAR","USD","0.061037"
"20260917","ZAR","USD","0.061491"
"20260918","ZAR","USD","0.061509"
"20260920","ZAR","USD","0.061477"
"20260921","ZAR","USD","0.061545"
"20260922","ZAR","USD","0.0618"
"20260923","ZAR","USD","0.061123"
"20250924","INR","USD","0.011264"
"20250925","INR","USD","0.011265"
"20250926","INR","USD","0.011277"
"20250928","INR","USD","0.011277"
"20250929","INR","USD","0.011273"
"20250930","INR","USD","0.011256"
"20251001","INR","USD","0.011276"
"20251002","INR","USD","0.011271"
"20251003","INR","USD","0.01127"
"20251005","INR","USD","0.01127"
"20251006","INR","USD","0.011271"
"20251007","INR","USD","0.011269"
"20251008","INR","USD","0.011266"
"20251009","INR","USD","0.011253"
"20251010","INR","USD","0.011267"
"20251012","INR","USD","0.011267"
"20251013","INR","USD","0.011278"
"20251014","INR","USD","0.011264"
"20251015","INR","USD","0.011388"
"20251016","INR","USD","0.011365"
"20251017","INR","USD","0.011363"
"20251019","INR","USD","0.011363"
"20251020","INR","USD","0.01138"
"20251021","INR","USD","0.011361"
"20251022","INR","USD","0.011397"
"20251023","INR","USD","0.011392"
"20251024","INR","USD","0.011385"
"20251026","INR","USD","0.011385"
"20251027","INR","USD","0.011335"
"20251028","INR","USD","0.011333"
"20251029","INR","USD","0.011311"
"20251030","INR","USD","0.011283"
"20251031","INR","USD","0.011265"
"20251102","INR","USD","0.011265"
"20251103","INR","USD","0.011271"
"20251104","INR","USD","0.01127"
"20251105","INR","USD","0.011292"
"20251106","INR","USD","0.011277"
"20251107","INR","USD","0.011278"
"20251109","INR","USD","0.011278"
"20251110","INR","USD","0.011273"
"20251111","INR","USD","0.011304"
"20251112","INR","USD","0.011288"
"20251113","INR","USD","0.011259"
"20251114","INR","USD","0.011275"
"20251116","INR","USD","0.011275"
"20251117","INR","USD","0.011282"
"20251118","INR","USD","0.011293"
"20251119","INR","USD","0.011301"
"20251120","INR","USD","0.011272"
"20251121","INR","USD","0.011156"
"20251123","INR","USD","0.011161"
"20251124","INR","USD","0.011217"
"20251125","INR","USD","0.011217"
"20251126","INR","USD","0.011216"
"20251127","INR","USD","0.01119"
"20251128","INR","USD","0.011191"
"20251130","INR","USD","0.011191"
"20251201","INR","USD","0.011159"
"20251202","INR","USD","0.011121"
"20251203","INR","USD","0.01109"
"20251204","INR","USD","0.011131"
"20251205","INR","USD","0.011118"
"20251207","INR","USD","0.011118"
"20251208","INR","USD","0.011095"
"20251209","INR","USD","0.011123"
"20251210","INR","USD","0.011137"
"20251211","INR","USD","0.01108"
"20251212","INR","USD","0.011039"
"20251214","INR","USD","0.011039"
"20251215","INR","USD","0.011016"
"20251216","INR","USD","0.010995"
"20251217","INR","USD","0.011061"
"20251218","INR","USD","0.011078"
"20251219","INR","USD","0.011164"
"20251221","INR","USD","0.011164"
"20251222","INR","USD","0.01116"
"20251223","INR","USD","0.011181"
"20251224","INR","USD","0.011134"
"20251225","INR","USD","0.011144"
"20251226","INR","USD","0.011136"
"20251228","INR","USD","0.011136"
"20251229","INR","USD","0.011123"
"20251230","INR","USD","0.01114"
"20251231","INR","USD","0.011127"
"20260101","INR","USD","0.011115"
"20260102","INR","USD","0.011109"
"20260104","INR","USD","0.011109"
"20260105","INR","USD","0.011082"
"20260106","INR","USD","0.011098"
"20260107","INR","USD","0.011128"
"20260108","INR","USD","0.011123"
"20260109","INR","USD","0.011081"
"20260111","INR","USD","0.011081"
"20260112","INR","USD","0.011095"
"20260113","INR","USD","0.011076"
"20260114","INR","USD","0.011081"
"20260115","INR","USD","0.011067"
"20260116","INR","USD","0.011024"
"20260118","INR","USD","0.011024"
"20260119","INR","USD","0.011001"
"20260120","INR","USD","0.010975"
"20260121","INR","USD","0.010924"
"20260122","INR","USD","0.010921"
"20260123","INR","USD","0.010908"
"20260125","INR","USD","0.010908"
"20260126","INR","USD","0.010904"
"20260127","INR","USD","0.010932"
"20260128","INR","USD","0.010864"
"20260129","INR","USD","0.010895"
"20260130","INR","USD","0.010906"
"20260201","INR","USD","0.010906"
"20260202","INR","USD","0.010955"
"20260203","INR","USD","0.011059"
"20260204","INR","USD","0.011063"
"20260205","INR","USD","0.011072"
"20260206","INR","USD","0.011038"
"20260208","INR","USD","0.011038"
"20260209","INR","USD","0.011019"
"20260210","INR","USD","0.011039"
"20260211","INR","USD","0.011021"
"20260212","INR","USD","0.011042"
"20260213","INR","USD","0.011043"
"20260215","INR","USD","0.011043"
"20260216","INR","USD","0.011016"
"20260217","INR","USD","0.011034"
"20260218","INR","USD","0.011013"
"20260219","INR","USD","0.010984"
"20260220","INR","USD","0.011022"
"20260222","INR","USD","0.011022"
"20260223","INR","USD","0.010987"
"20260224","INR","USD","0.010999"
"20260225","INR","USD","0.011002"
"20260226","INR","USD","0.01099"
"20260227","INR","USD","0.01098"
"20260301","INR","USD","0.01098"
"20260302","INR","USD","0.010919"
"20260303","INR","USD","0.010864"
"20260304","INR","USD","0.010855"
"20260305","INR","USD","0.010895"
"20260306","INR","USD","0.010877"
"20260308","INR","USD","0.010877"
"20260309","INR","USD","0.010851"
"20260310","INR","USD","0.010873"
"20260311","INR","USD","0.010842"
"20260312","INR","USD","0.010824"
"20260313","INR","USD","0.010806"
"20260315","INR","USD","0.010806"
"20260316","INR","USD","0.010839"
"20260317","INR","USD","0.010823"
"20260318","INR","USD","0.010738"
"20260319","INR","USD","0.010763"
"20260320","INR","USD","0.010673"
"20260322","INR","USD","0.010673"
"20260323","INR","USD","0.010728"
"20260324","INR","USD","0.010633"
"20260325","INR","USD","0.010649"
"20260326","INR","USD","0.010605"
"20260327","INR","USD","0.010551"
"20260329","INR","USD","0.010551"
"20260330","INR","USD","0.010596"
"20260331","INR","USD","0.010697"
"20260401","INR","USD","0.010727"
"20260402","INR","USD","0.010755"
"20260403","INR","USD","0.010786"
"20260405","INR","USD","0.010786"
"20260406","INR","USD","0.010745"
"20260407","INR","USD","0.010768"
"20260408","INR","USD","0.010827"
"20260409","INR","USD","0.010814"
"20260410","INR","USD","0.010742"
"20260412","INR","USD","0.010742"
"20260413","INR","USD","0.010726"
"20260414","INR","USD","0.010734"
"20260415","INR","USD","0.010708"
"20260416","INR","USD","0.010747"
"20260417","INR","USD","0.010799"
"20260419","INR","USD","0.010799"
"20260420","INR","USD","0.010739"
"20260421","INR","USD","0.010696"
"20260422","INR","USD","0.010661"
"20260423","INR","USD","0.010626"
"20260424","INR","USD","0.01061"
"20260426","INR","USD","0.01061"
"20260427","INR","USD","0.010616"
"20260428","INR","USD","0.010577"
"20260429","INR","USD","0.010541"
"20260430","INR","USD","0.010536"
"20260501","INR","USD","0.010537"
"20260503","INR","USD","0.010537"
"20260504","INR","USD","0.010516"
"20260505","INR","USD","0.010505"
"20260506","INR","USD","0.010569"
"20260507","INR","USD","0.010609"
"20260508","INR","USD","0.010589"
"20260510","INR","USD","0.01059"
"20260511","INR","USD","0.010492"
"20260512","INR","USD","0.010456"
"20260513","INR","USD","0.010448"
"20260514","INR","USD","0.010442"
"20260515","INR","USD","0.01042"
"20260517","INR","USD","0.01042"
"20260518","INR","USD","0.010379"
"20260519","INR","USD","0.010359"
"20260520","INR","USD","0.010327"
"20260521","INR","USD","0.010394"
"20260522","INR","USD","0.010449"
"20260524","INR","USD","0.010449"
"20260525","INR","USD","0.0105"
"20260526","INR","USD","0.01045"
"20260527","INR","USD","0.010449"
"20260528","INR","USD","0.01045"
"20260529","INR","USD","0.010525"
"20260531","INR","USD","0.010525"
"20260601","INR","USD","0.010527"
"20260602","INR","USD","0.010496"
"20260603","INR","USD","0.010448"
"20260604","INR","USD","0.01044"
"20260605","INR","USD","0.010532"
"20260607","INR","USD","0.010532"
"20260608","INR","USD","0.010448"
"20260609","INR","USD","0.010487"
"20260610","INR","USD","0.010496"
"20260611","INR","USD","0.010442"
"20260612","INR","USD","0.010514"
"20260614","INR","USD","0.010514"
"20260615","INR","USD","0.010558"
"20260616","INR","USD","0.010574"
"20260617","INR","USD","0.010579"
"20260618","INR","USD","0.0106"
"20260619","INR","USD","0.010602"
"20260621","INR","USD","0.010601"
"20260622","INR","USD","0.010562"
"20260623","INR","USD","0.010555"
"20260624","INR","USD","0.010563"
"20260625","INR","USD","0.010593"
"20260626","INR","USD","0.010598"
"20260628","INR","USD","0.010598"
"20260629","INR","USD","0.010577"
"20260630","INR","USD","0.010564"
"20260701","INR","USD","0.010498"
"20260702","INR","USD","0.010482"
"20260703","INR","USD","0.010503"
"20260705","INR","USD","0.010503"
"20260706","INR","USD","0.010482"
"20260707","INR","USD","0.01053"
"20260708","INR","USD","0.010465"
"20260709","INR","USD","0.010483"
"20260710","INR","USD","0.01049"
"20260712","INR","USD","0.01049"
"20260713","INR","USD","0.010458"
"20260714","INR","USD","0.010394"
"20260715","INR","USD","0.010389"
"20260716","INR","USD","0.010379"
"20260717","INR","USD","0.010386"
"20260719","INR","USD","0.010386"
"20260720","INR","USD","0.010368"
"20260721","INR","USD","0.010391"
"20260722","INR","USD","0.010355"
"20260723","INR","USD","0.010354"
"20260724","INR","USD","0.010355"
"20260726","INR","USD","0.010355"
"20260727","INR","USD","0.010426"
"20260728","INR","USD","0.010432"
"20260729","INR","USD","0.010455"
"20260730","INR","USD","0.010451"
"20260731","INR","USD","0.010483"
"20260802","INR","USD","0.010483"
"20260803","INR","USD","0.010489"
"20260804","INR","USD","0.010484"
"20260805","INR","USD","0.010513"
"20260806","INR","USD","0.010509"
"20260807","INR","USD","0.010503"
"20260809","INR","USD","0.010503"
"20260810","INR","USD","0.010493"
"20260811","INR","USD","0.010478"
"20260812","INR","USD","0.010489"
"20260813","INR","USD","0.010477"
"20260814","INR","USD","0.010477"
"20260816","INR","USD","0.010477"
"20260817","INR","USD","0.010459"
"20260818","INR","USD","0.010451"
"20260819","INR","USD","0.010443"
"20260820","INR","USD","0.010448"
"20260821","INR","USD","0.010449"
"20260823","INR","USD","0.010449"
"20260824","INR","USD","0.010444"
"20260825","INR","USD","0.01048"
"20260826","INR","USD","0.010479"
"20260827","INR","USD","0.010466"
"20260828","INR","USD","0.010484"
"20260830","INR","USD","0.010484"
"20260831","INR","USD","0.010508"
"20260901","INR","USD","0.010531"
"20260902","INR","USD","0.010529"
"20260903","INR","USD","0.010583"
"20260904","INR","USD","0.010583"
"20260906","INR","USD","0.010583"
"20260907","INR","USD","0.010583"
"20260908","INR","USD","0.010546"
"20260909","INR","USD","0.010514"
"20260910","INR","USD","0.010477"
"20260911","INR","USD","0.010465"
"20260913","INR","USD","0.010465"
"20260914","INR","USD","0.010463"
"20260915","INR","USD","0.01042"
"20260916","INR","USD","0.01042"
"20260917","INR","USD","0.010424"
"20260918","INR","USD","0.010424"
"20260920","INR","USD","0.010424"
"20260921","INR","USD","0.010436"
"20260922","INR","USD","0.010461"
"20260923","INR","USD","0.010444"
"20250924","THB","USD","0.031134"
"20250925","THB","USD","0.03105"
"20250926","THB","USD","0.031025"
"20250928","THB","USD","0.031032"
"20250929","THB","USD","0.031033"
"20250930","THB","USD","0.030811"
"20251001","THB","USD","0.030826"
"20251002","THB","USD","0.030826"
"20251003","THB","USD","0.030926"
"20251005","THB","USD","0.030888"
"20251006","THB","USD","0.030826"
"20251007","THB","USD","0.03076"
"20251008","THB","USD","0.030769"
"20251009","THB","USD","0.03052"
"20251010","THB","USD","0.030604"
"20251012","THB","USD","0.030604"
"20251013","THB","USD","0.030713"
"20251014","THB","USD","0.0306"
"20251015","THB","USD","0.030722"
"20251016","THB","USD","0.030774"
"20251017","THB","USD","0.030539"
"20251019","THB","USD","0.030539"
"20251020","THB","USD","0.030698"
"20251021","THB","USD","0.030451"
"20251022","THB","USD","0.030501"
"20251023","THB","USD","0.030502"
"20251024","THB","USD","0.030593"
"20251026","THB","USD","0.030576"
"20251027","THB","USD","0.030623"
"20251028","THB","USD","0.030922"
"20251029","THB","USD","0.030858"
"20251030","THB","USD","0.030866"
"20251031","THB","USD","0.030872"
"20251102","THB","USD","0.030874"
"20251103","THB","USD","0.030812"
"20251104","THB","USD","0.03069"
"20251105","THB","USD","0.030788"
"20251106","THB","USD","0.030864"
"20251107","THB","USD","0.030869"
"20251109","THB","USD","0.030869"
"20251110","THB","USD","0.030931"
"20251111","THB","USD","0.030827"
"20251112","THB","USD","0.030904"
"20251113","THB","USD","0.030893"
"20251114","THB","USD","0.030856"
"20251116","THB","USD","0.030859"
"20251117","THB","USD","0.030815"
"20251118","THB","USD","0.030866"
"20251119","THB","USD","0.0308"
"20251120","THB","USD","0.030807"
"20251121","THB","USD","0.030862"
"20251123","THB","USD","0.030869"
"20251124","THB","USD","0.030874"
"20251125","THB","USD","0.031003"
"20251126","THB","USD","0.031013"
"20251127","THB","USD","0.031027"
"20251128","THB","USD","0.031143"
"20251130","THB","USD","0.031143"
"20251201","THB","USD","0.031221"
"20251202","THB","USD","0.031223"
"20251203","THB","USD","0.031363"
"20251204","THB","USD","0.031245"
"20251205","THB","USD","0.031373"
"20251207","THB","USD","0.031373"
"20251208","THB","USD","0.031351"
"20251209","THB","USD","0.031406"
"20251210","THB","USD","0.031499"
"20251211","THB","USD","0.031618"
"20251212","THB","USD","0.031651"
"20251214","THB","USD","0.031651"
"20251215","THB","USD","0.031784"
"20251216","THB","USD","0.031803"
"20251217","THB","USD","0.031769"
"20251218","THB","USD","0.031853"
"20251219","THB","USD","0.031818"
"20251221","THB","USD","0.031822"
"20251222","THB","USD","0.032108"
"20251223","THB","USD","0.032118"
"20251224","THB","USD","0.03217"
"20251225","THB","USD","0.032179"
"20251226","THB","USD","0.032218"
"20251228","THB","USD","0.032216"
"20251229","THB","USD","0.031615"
"20251230","THB","USD","0.031797"
"20251231","THB","USD","0.031746"
"20260101","THB","USD","0.031746"
"20260102","THB","USD","0.031766"
"20260104","THB","USD","0.031766"
"20260105","THB","USD","0.03194"
"20260106","THB","USD","0.032024"
"20260107","THB","USD","0.031905"
"20260108","THB","USD","0.031751"
"20260109","THB","USD","0.031857"
"20260111","THB","USD","0.031857"
"20260112","THB","USD","0.032023"
"20260113","THB","USD","0.031741"
"20260114","THB","USD","0.031803"
"20260115","THB","USD","0.031834"
"20260116","THB","USD","0.031802"
"20260118","THB","USD","0.031802"
"20260119","THB","USD","0.031993"
"20260120","THB","USD","0.032198"
"20260121","THB","USD","0.032038"
"20260122","THB","USD","0.032149"
"20260123","THB","USD","0.032272"
"20260125","THB","USD","0.032274"
"20260126","THB","USD","0.032077"
"20260127","THB","USD","0.032338"
"20260128","THB","USD","0.032143"
"20260129","THB","USD","0.032019"
"20260130","THB","USD","0.031676"
"20260201","THB","USD","0.031676"
"20260202","THB","USD","0.031676"
"20260203","THB","USD","0.031586"
"20260204","THB","USD","0.031527"
"20260205","THB","USD","0.031454"
"20260206","THB","USD","0.031743"
"20260208","THB","USD","0.031746"
"20260209","THB","USD","0.032134"
"20260210","THB","USD","0.03202"
"20260211","THB","USD","0.032211"
"20260212","THB","USD","0.032219"
"20260213","THB","USD","0.032196"
"20260215","THB","USD","0.032196"
"20260216","THB","USD","0.032134"
"20260217","THB","USD","0.031985"
"20260218","THB","USD","0.031957"
"20260219","THB","USD","0.032098"
"20260220","THB","USD","0.032196"
"20260222","THB","USD","0.032196"
"20260223","THB","USD","0.032274"
"20260224","THB","USD","0.032175"
"20260225","THB","USD","0.032175"
"20260226","THB","USD","0.032154"
"20260227","THB","USD","0.032201"
"20260301","THB","USD","0.032201"
"20260302","THB","USD","0.03186"
"20260303","THB","USD","0.031633"
"20260304","THB","USD","0.031674"
"20260305","THB","USD","0.031484"
"20260306","THB","USD","0.031471"
"20260308","THB","USD","0.031471"
"20260309","THB","USD","0.031581"
"20260310","THB","USD","0.031697"
"20260311","THB","USD","0.031377"
"20260312","THB","USD","0.031069"
"20260313","THB","USD","0.030825"
"20260315","THB","USD","0.030817"
"20260316","THB","USD","0.030945"
"20260317","THB","USD","0.030941"
"20260318","THB","USD","0.030499"
"20260319","THB","USD","0.030797"
"20260320","THB","USD","0.030437"
"20260322","THB","USD","0.030437"
"20260323","THB","USD","0.030917"
"20260324","THB","USD","0.030641"
"20260325","THB","USD","0.030592"
"20260326","THB","USD","0.030335"
"20260327","THB","USD","0.030391"
"20260329","THB","USD","0.030391"
"20260330","THB","USD","0.030481"
"20260331","THB","USD","0.030689"
"20260401","THB","USD","0.030633"
"20260402","THB","USD","0.030642"
"20260403","THB","USD","0.0306"
"20260405","THB","USD","0.0306"
"20260406","THB","USD","0.030698"
"20260407","THB","USD","0.030783"
"20260408","THB","USD","0.031182"
"20260409","THB","USD","0.031245"
"20260410","THB","USD","0.031213"
"20260412","THB","USD","0.031221"
"20260413","THB","USD","0.031211"
"20260414","THB","USD","0.031265"
"20260415","THB","USD","0.031226"
"20260416","THB","USD","0.031236"
"20260417","THB","USD","0.031309"
"20260419","THB","USD","0.031304"
"20260420","THB","USD","0.03123"
"20260421","THB","USD","0.03106"
"20260422","THB","USD","0.031008"
"20260423","THB","USD","0.030788"
"20260424","THB","USD","0.030923"
"20260426","THB","USD","0.030902"
"20260427","THB","USD","0.030913"
"20260428","THB","USD","0.030764"
"20260429","THB","USD","0.030521"
"20260430","THB","USD","0.030766"
"20260501","THB","USD","0.030812"
"20260503","THB","USD","0.030821"
"20260504","THB","USD","0.030539"
"20260505","THB","USD","0.030708"
"20260506","THB","USD","0.031049"
"20260507","THB","USD","0.030979"
"20260508","THB","USD","0.031057"
"20260510","THB","USD","0.031051"
"20260511","THB","USD","0.030965"
"20260512","THB","USD","0.030907"
"20260513","THB","USD","0.030926"
"20260514","THB","USD","0.03084"
"20260515","THB","USD","0.0306"
"20260517","THB","USD","0.0306"
"20260518","THB","USD","0.030714"
"20260519","THB","USD","0.030565"
"20260520","THB","USD","0.030691"
"20260521","THB","USD","0.030656"
"20260522","THB","USD","0.030604"
"20260524","THB","USD","0.030604"
"20260525","THB","USD","0.030785"
"20260526","THB","USD","0.030594"
"20260527","THB","USD","0.030658"
"20260528","THB","USD","0.030623"
"20260529","THB","USD","0.03074"
"20260531","THB","USD","0.030764"
"20260601","THB","USD","0.030609"
"20260602","THB","USD","0.030614"
"20260603","THB","USD","0.030539"
"20260604","THB","USD","0.030634"
"20260605","THB","USD","0.030474"
"20260607","THB","USD","0.030474"
"20260608","THB","USD","0.030432"
"20260609","THB","USD","0.030383"
"20260610","THB","USD","0.030342"
"20260611","THB","USD","0.030489"
"20260612","THB","USD","0.030555"
"20260614","THB","USD","0.030548"
"20260615","THB","USD","0.030703"
"20260616","THB","USD","0.030759"
"20260617","THB","USD","0.030595"
"20260618","THB","USD","0.030506"
"20260619","THB","USD","0.030414"
"20260621","THB","USD","0.030414"
"20260622","THB","USD","0.030336"
"20260623","THB","USD","0.030103"
"20260624","THB","USD","0.029933"
"20260625","THB","USD","0.029982"
"20260626","THB","USD","0.029979"
"20260628","THB","USD","0.029976"
"20260629","THB","USD","0.030052"
"20260630","THB","USD","0.030101"
"20260701","THB","USD","0.029976"
"20260702","THB","USD","0.0301"
"20260703","THB","USD","0.030152"
"20260705","THB","USD","0.030152"
"20260706","THB","USD","0.030046"
"20260707","THB","USD","0.029993"
"20260708","THB","USD","0.029884"
"20260709","THB","USD","0.029957"
"20260710","THB","USD","0.030043"
"20260712","THB","USD","0.030039"
"20260713","THB","USD","0.029846"
"20260714","THB","USD","0.029869"
"20260715","THB","USD","0.029775"
"20260716","THB","USD","0.029775"
"20260717","THB","USD","0.029735"
"20260719","THB","USD","0.029735"
"20260720","THB","USD","0.029722"
"20260721","THB","USD","0.029654"
"20260722","THB","USD","0.029604"
"20260723","THB","USD","0.029566"
"20260724","THB","USD","0.029669"
"20260726","THB","USD","0.029678"
"20260727","THB","USD","0.029733"
"20260728","THB","USD","0.02985"
"20260729","THB","USD","0.029855"
"20260730","THB","USD","0.029927"
"20260731","THB","USD","0.029922"
"20260802","THB","USD","0.029922"
"20260803","THB","USD","0.029958"
"20260804","THB","USD","0.030071"
"20260805","THB","USD","0.03018"
"20260806","THB","USD","0.030193"
"20260807","THB","USD","0.030253"
"20260809","THB","USD","0.030253"
"20260810","THB","USD","0.030301"
"20260811","THB","USD","0.030173"
"20260812","THB","USD","0.030198"
"20260813","THB","USD","0.030148"
"20260814","THB","USD","0.03018"
"20260816","THB","USD","0.03018"
"20260817","THB","USD","0.030266"
"20260818","THB","USD","0.030201"
"20260819","THB","USD","0.030385"
"20260820","THB","USD","0.030421"
"20260821","THB","USD","0.030609"
"20260823","THB","USD","0.03059"
"20260824","THB","USD","0.030567"
"20260825","THB","USD","0.030595"
"20260826","THB","USD","0.030466"
"20260827","THB","USD","0.030404"
"20260828","THB","USD","0.030161"
"20260830","THB","USD","0.030161"
"20260831","THB","USD","0.030154"
"20260901","THB","USD","0.030022"
"20260902","THB","USD","0.030119"
"20260903","THB","USD","0.030367"
"20260904","THB","USD","0.030372"
"20260906","THB","USD","0.030372"
"20260907","THB","USD","0.030423"
"20260908","THB","USD","0.030386"
"20260909","THB","USD","0.030377"
"20260910","THB","USD","0.030186"
"20260911","THB","USD","0.030216"
"20260913","THB","USD","0.030216"
"20260914","THB","USD","0.030116"
"20260915","THB","USD","0.030048"
"20260916","THB","USD","0.029956"
"20260917","THB","USD","0.030039"
"20260918","THB","USD","0.030008"
"20260920","THB","USD","0.030008"
"20260921","THB","USD","0.030083"
"20260922","THB","USD","0.030202"
"20260923","THB","USD","0.029915"
"20250924","CNY","USD","0.14021"
"20250925","CNY","USD","0.14016"
"20250926","CNY","USD","0.14018"
"20250928","CNY","USD","0.14018"
"20250929","CNY","USD","0.14046"
"20250930","CNY","USD","0.14046"
"20251001","CNY","USD","0.14046"
"20251002","CNY","USD","0.14046"
"20251003","CNY","USD","0.14046"
"20251005","CNY","USD","0.14046"
"20251006","CNY","USD","0.14046"
"20251007","CNY","USD","0.14046"
"20251008","CNY","USD","0.14046"
"20251009","CNY","USD","0.14028"
"20251010","CNY","USD","0.14015"
"20251012","CNY","USD","0.14015"
"20251013","CNY","USD","0.14021"
"20251014","CNY","USD","0.14008"
"20251015","CNY","USD","0.14032"
"20251016","CNY","USD","0.14037"
"20251017","CNY","USD","0.14031"
"20251019","CNY","USD","0.14031"
"20251020","CNY","USD","0.14045"
"20251021","CNY","USD","0.1404"
"20251022","CNY","USD","0.14032"
"20251023","CNY","USD","0.1404"
"20251024","CNY","USD","0.14042"
"20251026","CNY","USD","0.14042"
"20251027","CNY","USD","0.14064"
"20251028","CNY","USD","0.14086"
"20251029","CNY","USD","0.14087"
"20251030","CNY","USD","0.14064"
"20251031","CNY","USD","0.1405"
"20251102","CNY","USD","0.1405"
"20251103","CNY","USD","0.14043"
"20251104","CNY","USD","0.14026"
"20251105","CNY","USD","0.14032"
"20251106","CNY","USD","0.14046"
"20251107","CNY","USD","0.1404"
"20251109","CNY","USD","0.1404"
"20251110","CNY","USD","0.14046"
"20251111","CNY","USD","0.1405"
"20251112","CNY","USD","0.14059"
"20251113","CNY","USD","0.14093"
"20251114","CNY","USD","0.14085"
"20251116","CNY","USD","0.14085"
"20251117","CNY","USD","0.14069"
"20251118","CNY","USD","0.14069"
"20251119","CNY","USD","0.14062"
"20251120","CNY","USD","0.14052"
"20251121","CNY","USD","0.1407"
"20251123","CNY","USD","0.1407"
"20251124","CNY","USD","0.14079"
"20251125","CNY","USD","0.14115"
"20251126","CNY","USD","0.14132"
"20251127","CNY","USD","0.14125"
"20251128","CNY","USD","0.14134"
"20251130","CNY","USD","0.14134"
"20251201","CNY","USD","0.14141"
"20251202","CNY","USD","0.14142"
"20251203","CNY","USD","0.14157"
"20251204","CNY","USD","0.14141"
"20251205","CNY","USD","0.14144"
"20251207","CNY","USD","0.14144"
"20251208","CNY","USD","0.14141"
"20251209","CNY","USD","0.14157"
"20251210","CNY","USD","0.14155"
"20251211","CNY","USD","0.14168"
"20251212","CNY","USD","0.14174"
"20251214","CNY","USD","0.14174"
"20251215","CNY","USD","0.14189"
"20251216","CNY","USD","0.142"
"20251217","CNY","USD","0.14197"
"20251218","CNY","USD","0.14201"
"20251219","CNY","USD","0.14202"
"20251221","CNY","USD","0.14202"
"20251222","CNY","USD","0.14211"
"20251223","CNY","USD","0.14228"
"20251224","CNY","USD","0.14255"
"20251225","CNY","USD","0.14274"
"20251226","CNY","USD","0.14272"
"20251228","CNY","USD","0.14272"
"20251229","CNY","USD","0.14273"
"20251230","CNY","USD","0.14293"
"20251231","CNY","USD","0.14299"
"20260101","CNY","USD","0.14299"
"20260102","CNY","USD","0.14299"
"20260104","CNY","USD","0.14299"
"20260105","CNY","USD","0.14309"
"20260106","CNY","USD","0.14319"
"20260107","CNY","USD","0.14291"
"20260108","CNY","USD","0.14318"
"20260109","CNY","USD","0.14332"
"20260111","CNY","USD","0.14332"
"20260112","CNY","USD","0.14341"
"20260113","CNY","USD","0.14331"
"20260114","CNY","USD","0.1434"
"20260115","CNY","USD","0.14355"
"20260116","CNY","USD","0.1435"
"20260118","CNY","USD","0.1435"
"20260119","CNY","USD","0.14359"
"20260120","CNY","USD","0.14365"
"20260121","CNY","USD","0.1436"
"20260122","CNY","USD","0.1434"
"20260123","CNY","USD","0.14361"
"20260125","CNY","USD","0.14361"
"20260126","CNY","USD","0.14379"
"20260127","CNY","USD","0.14379"
"20260128","CNY","USD","0.14396"
"20260129","CNY","USD","0.14392"
"20260130","CNY","USD","0.14385"
"20260201","CNY","USD","0.14385"
"20260202","CNY","USD","0.14396"
"20260203","CNY","USD","0.14413"
"20260204","CNY","USD","0.14406"
"20260205","CNY","USD","0.14413"
"20260206","CNY","USD","0.14411"
"20260208","CNY","USD","0.14411"
"20260209","CNY","USD","0.14446"
"20260210","CNY","USD","0.1447"
"20260211","CNY","USD","0.14465"
"20260212","CNY","USD","0.1449"
"20260213","CNY","USD","0.14475"
"20260215","CNY","USD","0.14475"
"20260216","CNY","USD","0.14475"
"20260217","CNY","USD","0.14475"
"20260218","CNY","USD","0.14475"
"20260219","CNY","USD","0.14475"
"20260220","CNY","USD","0.14475"
"20260222","CNY","USD","0.14475"
"20260223","CNY","USD","0.14475"
"20260224","CNY","USD","0.14527"
"20260225","CNY","USD","0.14557"
"20260226","CNY","USD","0.14617"
"20260227","CNY","USD","0.14581"
"20260301","CNY","USD","0.14581"
"20260302","CNY","USD","0.14529"
"20260303","CNY","USD","0.14492"
"20260304","CNY","USD","0.14498"
"20260305","CNY","USD","0.14511"
"20260306","CNY","USD","0.14498"
"20260308","CNY","USD","0.14498"
"20260309","CNY","USD","0.14477"
"20260310","CNY","USD","0.14541"
"20260311","CNY","USD","0.14564"
"20260312","CNY","USD","0.14558"
"20260313","CNY","USD","0.145"
"20260315","CNY","USD","0.145"
"20260316","CNY","USD","0.14501"
"20260317","CNY","USD","0.1452"
"20260318","CNY","USD","0.1455"
"20260319","CNY","USD","0.14492"
"20260320","CNY","USD","0.14521"
"20260322","CNY","USD","0.14521"
"20260323","CNY","USD","0.14532"
"20260324","CNY","USD","0.14509"
"20260325","CNY","USD","0.14489"
"20260326","CNY","USD","0.14469"
"20260327","CNY","USD","0.14468"
"20260329","CNY","USD","0.14468"
"20260330","CNY","USD","0.14467"
"20260331","CNY","USD","0.14495"
"20260401","CNY","USD","0.1455"
"20260402","CNY","USD","0.14521"
"20260403","CNY","USD","0.14529"
"20260405","CNY","USD","0.14529"
"20260406","CNY","USD","0.14529"
"20260407","CNY","USD","0.14583"
"20260408","CNY","USD","0.14642"
"20260409","CNY","USD","0.14637"
"20260410","CNY","USD","0.14646"
"20260412","CNY","USD","0.14646"
"20260413","CNY","USD","0.1464"
"20260414","CNY","USD","0.14672"
"20260415","CNY","USD","0.14667"
"20260416","CNY","USD","0.1466"
"20260417","CNY","USD","0.14668"
"20260419","CNY","USD","0.14668"
"20260420","CNY","USD","0.14668"
"20260421","CNY","USD","0.14659"
"20260422","CNY","USD","0.14646"
"20260423","CNY","USD","0.14649"
"20260424","CNY","USD","0.14628"
"20260426","CNY","USD","0.14628"
"20260427","CNY","USD","0.14656"
"20260428","CNY","USD","0.14625"
"20260429","CNY","USD","0.14624"
"20260430","CNY","USD","0.14645"
"20260501","CNY","USD","0.14645"
"20260503","CNY","USD","0.14645"
"20260504","CNY","USD","0.14641"
"20260505","CNY","USD","0.14641"
"20260506","CNY","USD","0.14682"
"20260507","CNY","USD","0.14702"
"20260508","CNY","USD","0.14705"
"20260510","CNY","USD","0.14705"
"20260511","CNY","USD","0.14717"
"20260512","CNY","USD","0.14723"
"20260513","CNY","USD","0.14725"
"20260514","CNY","USD","0.14738"
"20260515","CNY","USD","0.14685"
"20260517","CNY","USD","0.14685"
"20260518","CNY","USD","0.14705"
"20260519","CNY","USD","0.14674"
"20260520","CNY","USD","0.14703"
"20260521","CNY","USD","0.14699"
"20260522","CNY","USD","0.14717"
"20260524","CNY","USD","0.14717"
"20260525","CNY","USD","0.1474"
"20260526","CNY","USD","0.14735"
"20260527","CNY","USD","0.14751"
"20260528","CNY","USD","0.1475"
"20260529","CNY","USD","0.14779"
"20260531","CNY","USD","0.14779"
"20260601","CNY","USD","0.14782"
"20260602","CNY","USD","0.14787"
"20260603","CNY","USD","0.14772"
"20260604","CNY","USD","0.14763"
"20260605","CNY","USD","0.14781"
"20260607","CNY","USD","0.14781"
"20260608","CNY","USD","0.14742"
"20260609","CNY","USD","0.14766"
"20260610","CNY","USD","0.1476"
"20260611","CNY","USD","0.14757"
"20260612","CNY","USD","0.14786"
"20260614","CNY","USD","0.14786"
"20260615","CNY","USD","0.14799"
"20260616","CNY","USD","0.14801"
"20260617","CNY","USD","0.14797"
"20260618","CNY","USD","0.14773"
"20260619","CNY","USD","0.14773"
"20260621","CNY","USD","0.14773"
"20260622","CNY","USD","0.14761"
"20260623","CNY","USD","0.14727"
"20260624","CNY","USD","0.14682"
"20260625","CNY","USD","0.1471"
"20260626","CNY","USD","0.1471"
"20260628","CNY","USD","0.1471"
"20260629","CNY","USD","0.14719"
"20260630","CNY","USD","0.14737"
"20260701","CNY","USD","0.14718"
"20260702","CNY","USD","0.1473"
"20260703","CNY","USD","0.14748"
"20260705","CNY","USD","0.14748"
"20260706","CNY","USD","0.14714"
"20260707","CNY","USD","0.14719"
"20260708","CNY","USD","0.14699"
"20260709","CNY","USD","0.14721"
"20260710","CNY","USD","0.14756"
"20260712","CNY","USD","0.14756"
"20260713","CNY","USD","0.14749"
"20260714","CNY","USD","0.1477"
"20260715","CNY","USD","0.14774"
"20260716","CNY","USD","0.14764"
"20260717","CNY","USD","0.14756"
"20260719","CNY","USD","0.14756"
"20260720","CNY","USD","0.14778"
"20260721","CNY","USD","0.1478"
"20260722","CNY","USD","0.14765"
"20260723","CNY","USD","0.14771"
"20260724","CNY","USD","0.14766"
"20260726","CNY","USD","0.14766"
"20260727","CNY","USD","0.1478"
"20260728","CNY","USD","0.14768"
"20260729","CNY","USD","0.14779"
"20260730","CNY","USD","0.14804"
"20260731","CNY","USD","0.14812"
"20260802","CNY","USD","0.14812"
"20260803","CNY","USD","0.14809"
"20260804","CNY","USD","0.14807"
"20260805","CNY","USD","0.14815"
"20260806","CNY","USD","0.14817"
"20260807","CNY","USD","0.1482"
"20260809","CNY","USD","0.1482"
"20260810","CNY","USD","0.14824"
"20260811","CNY","USD","0.14825"
"20260812","CNY","USD","0.14828"
"20260813","CNY","USD","0.1483"
"20260814","CNY","USD","0.14833"
"20260816","CNY","USD","0.14833"
"20260817","CNY","USD","0.14835"
"20260818","CNY","USD","0.1483"
"20260819","CNY","USD","0.14859"
"20260820","CNY","USD","0.14874"
"20260821","CNY","USD","0.14878"
"20260823","CNY","USD","0.14878"
"20260824","CNY","USD","0.14876"
"20260825","CNY","USD","0.1488"
"20260826","CNY","USD","0.14875"
"20260827","CNY","USD","0.14881"
"20260828","CNY","USD","0.14866"
"20260830","CNY","USD","0.14866"
"20260831","CNY","USD","0.14882"
"20260901","CNY","USD","0.14879"
"20260902","CNY","USD","0.14883"
"20260903","CNY","USD","0.14884"
"20260904","CNY","USD","0.149"
"20260906","CNY","USD","0.149"
"20260907","CNY","USD","0.14901"
"20260908","CNY","USD","0.14902"
"20260909","CNY","USD","0.14908"
"20260910","CNY","USD","0.14911"
"20260911","CNY","USD","0.14907"
"20260913","CNY","USD","0.14907"
"20260914","CNY","USD","0.14907"
"20260915","CNY","USD","0.149"
"20260916","CNY","USD","0.14911"
"20260917","CNY","USD","0.14909"
"20260918","CNY","USD","0.14931"
"20260920","CNY","USD","0.14931"
"20260921","CNY","USD","0.14936"
"20260922","CNY","USD","0.14926"
"20260923","CNY","USD","0.149"
"20250924","AUD","USD","0.6583"
"20250925","AUD","USD","0.65404"
"20250926","AUD","USD","0.65468"
"20250928","AUD","USD","0.65495"
"20250929","AUD","USD","0.6577"
"20250930","AUD","USD","0.66133"
"20251001","AUD","USD","0.66132"
"20251002","AUD","USD","0.65962"
"20251003","AUD","USD","0.66027"
"20251005","AUD","USD","0.65865"
"20251006","AUD","USD","0.66179"
"20251007","AUD","USD","0.65808"
"20251008","AUD","USD","0.65863"
"20251009","AUD","USD","0.65553"
"20251010","AUD","USD","0.64727"
"20251012","AUD","USD","0.65146"
"20251013","AUD","USD","0.65148"
"20251014","AUD","USD","0.6486"
"20251015","AUD","USD","0.65121"
"20251016","AUD","USD","0.64849"
"20251017","AUD","USD","0.64962"
"20251019","AUD","USD","0.64955"
"20251020","AUD","USD","0.65129"
"20251021","AUD","USD","0.64884"
"20251022","AUD","USD","0.64888"
"20251023","AUD","USD","0.65133"
"20251024","AUD","USD","0.65133"
"20251026","AUD","USD","0.65435"
"20251027","AUD","USD","0.65559"
"20251028","AUD","USD","0.65858"
"20251029","AUD","USD","0.65746"
"20251030","AUD","USD","0.65548"
"20251031","AUD","USD","0.65452"
"20251102","AUD","USD","0.65472"
"20251103","AUD","USD","0.6538"
"20251104","AUD","USD","0.64894"
"20251105","AUD","USD","0.65063"
"20251106","AUD","USD","0.64798"
"20251107","AUD","USD","0.64942"
"20251109","AUD","USD","0.64972"
"20251110","AUD","USD","0.65362"
"20251111","AUD","USD","0.65274"
"20251112","AUD","USD","0.65417"
"20251113","AUD","USD","0.65305"
"20251114","AUD","USD","0.6536"
"20251116","AUD","USD","0.65341"
"20251117","AUD","USD","0.64938"
"20251118","AUD","USD","0.65081"
"20251119","AUD","USD","0.64789"
"20251120","AUD","USD","0.64401"
"20251121","AUD","USD","0.64564"
"20251123","AUD","USD","0.64625"
"20251124","AUD","USD","0.64643"
"20251125","AUD","USD","0.64696"
"20251126","AUD","USD","0.6518"
"20251127","AUD","USD","0.65341"
"20251128","AUD","USD","0.65513"
"20251130","AUD","USD","0.65404"
"20251201","AUD","USD","0.65439"
"20251202","AUD","USD","0.65657"
"20251203","AUD","USD","0.66018"
"20251204","AUD","USD","0.66099"
"20251205","AUD","USD","0.66406"
"20251207","AUD","USD","0.66365"
"20251208","AUD","USD","0.66244"
"20251209","AUD","USD","0.66421"
"20251210","AUD","USD","0.66758"
"20251211","AUD","USD","0.6664"
"20251212","AUD","USD","0.66525"
"20251214","AUD","USD","0.66422"
"20251215","AUD","USD","0.66404"
"20251216","AUD","USD","0.66325"
"20251217","AUD","USD","0.66048"
"20251218","AUD","USD","0.66129"
"20251219","AUD","USD","0.6612"
"20251221","AUD","USD","0.6612"
"20251222","AUD","USD","0.66577"
"20251223","AUD","USD","0.67021"
"20251224","AUD","USD","0.67052"
"20251225","AUD","USD","0.6703"
"20251226","AUD","USD","0.67155"
"20251228","AUD","USD","0.6702"
"20251229","AUD","USD","0.66939"
"20251230","AUD","USD","0.66957"
"20251231","AUD","USD","0.66732"
"20260101","AUD","USD","0.66718"
"20260102","AUD","USD","0.66944"
"20260104","AUD","USD","0.6682"
"20260105","AUD","USD","0.67149"
"20260106","AUD","USD","0.67382"
"20260107","AUD","USD","0.67208"
"20260108","AUD","USD","0.66994"
"20260109","AUD","USD","0.66862"
"20260111","AUD","USD","0.66795"
"20260112","AUD","USD","0.67103"
"20260113","AUD","USD","0.66808"
"20260114","AUD","USD","0.66828"
"20260115","AUD","USD","0.66989"
"20260116","AUD","USD","0.66832"
"20260118","AUD","USD","0.6674"
"20260119","AUD","USD","0.67143"
"20260120","AUD","USD","0.67373"
"20260121","AUD","USD","0.67618"
"20260122","AUD","USD","0.6841"
"20260123","AUD","USD","0.68963"
"20260125","AUD","USD","0.69239"
"20260126","AUD","USD","0.69168"
"20260127","AUD","USD","0.70119"
"20260128","AUD","USD","0.70408"
"20260129","AUD","USD","0.70498"
"20260130","AUD","USD","0.69633"
"20260201","AUD","USD","0.69505"
"20260202","AUD","USD","0.69479"
"20260203","AUD","USD","0.7022"
"20260204","AUD","USD","0.69985"
"20260205","AUD","USD","0.69275"
"20260206","AUD","USD","0.70154"
"20260208","AUD","USD","0.70102"
"20260209","AUD","USD","0.70938"
"20260210","AUD","USD","0.7075"
"20260211","AUD","USD","0.71274"
"20260212","AUD","USD","0.70911"
"20260213","AUD","USD","0.7075"
"20260215","AUD","USD","0.70602"
"20260216","AUD","USD","0.70722"
"20260217","AUD","USD","0.70864"
"20260218","AUD","USD","0.70427"
"20260219","AUD","USD","0.70583"
"20260220","AUD","USD","0.70837"
"20260222","AUD","USD","0.70778"
"20260223","AUD","USD","0.70558"
"20260224","AUD","USD","0.70578"
"20260225","AUD","USD","0.71236"
"20260226","AUD","USD","0.7106"
"20260227","AUD","USD","0.71161"
"20260301","AUD","USD","0.70365"
"20260302","AUD","USD","0.70944"
"20260303","AUD","USD","0.70352"
"20260304","AUD","USD","0.70761"
"20260305","AUD","USD","0.70077"
"20260306","AUD","USD","0.703"
"20260308","AUD","USD","0.6984"
"20260309","AUD","USD","0.70765"
"20260310","AUD","USD","0.71193"
"20260311","AUD","USD","0.71522"
"20260312","AUD","USD","0.70763"
"20260313","AUD","USD","0.69811"
"20260315","AUD","USD","0.69953"
"20260316","AUD","USD","0.70716"
"20260317","AUD","USD","0.71049"
"20260318","AUD","USD","0.70236"
"20260319","AUD","USD","0.70874"
"20260320","AUD","USD","0.70226"
"20260322","AUD","USD","0.69987"
"20260323","AUD","USD","0.70107"
"20260324","AUD","USD","0.69969"
"20260325","AUD","USD","0.69474"
"20260326","AUD","USD","0.68866"
"20260327","AUD","USD","0.68735"
"20260329","AUD","USD","0.68675"
"20260330","AUD","USD","0.68527"
"20260331","AUD","USD","0.69005"
"20260401","AUD","USD","0.69287"
"20260402","AUD","USD","0.69105"
"20260403","AUD","USD","0.68912"
"20260405","AUD","USD","0.68863"
"20260406","AUD","USD","0.69185"
"20260407","AUD","USD","0.69764"
"20260408","AUD","USD","0.70436"
"20260409","AUD","USD","0.70836"
"20260410","AUD","USD","0.7062"
"20260412","AUD","USD","0.70028"
"20260413","AUD","USD","0.70956"
"20260414","AUD","USD","0.71267"
"20260415","AUD","USD","0.71704"
"20260416","AUD","USD","0.71621"
"20260417","AUD","USD","0.7168"
"20260419","AUD","USD","0.71245"
"20260420","AUD","USD","0.71781"
"20260421","AUD","USD","0.7154"
"20260422","AUD","USD","0.71606"
"20260423","AUD","USD","0.71284"
"20260424","AUD","USD","0.71493"
"20260426","AUD","USD","0.71325"
"20260427","AUD","USD","0.71859"
"20260428","AUD","USD","0.71819"
"20260429","AUD","USD","0.71159"
"20260430","AUD","USD","0.72012"
"20260501","AUD","USD","0.72034"
"20260503","AUD","USD","0.72172"
"20260504","AUD","USD","0.7167"
"20260505","AUD","USD","0.7183"
"20260506","AUD","USD","0.72373"
"20260507","AUD","USD","0.72069"
"20260508","AUD","USD","0.72468"
"20260510","AUD","USD","0.7223"
"20260511","AUD","USD","0.7249"
"20260512","AUD","USD","0.72402"
"20260513","AUD","USD","0.72581"
"20260514","AUD","USD","0.72204"
"20260515","AUD","USD","0.71478"
"20260517","AUD","USD","0.71475"
"20260518","AUD","USD","0.71685"
"20260519","AUD","USD","0.7107"
"20260520","AUD","USD","0.71529"
"20260521","AUD","USD","0.71499"
"20260522","AUD","USD","0.71275"
"20260524","AUD","USD","0.71565"
"20260525","AUD","USD","0.71752"
"20260526","AUD","USD","0.71671"
"20260527","AUD","USD","0.71412"
"20260528","AUD","USD","0.71628"
"20260529","AUD","USD","0.71843"
"20260531","AUD","USD","0.71699"
"20260601","AUD","USD","0.71601"
"20260602","AUD","USD","0.71802"
"20260603","AUD","USD","0.71279"
"20260604","AUD","USD","0.71339"
"20260605","AUD","USD","0.7046"
"20260607","AUD","USD","0.70258"
"20260608","AUD","USD","0.70449"
"20260609","AUD","USD","0.70277"
"20260610","AUD","USD","0.69971"
"20260611","AUD","USD","0.70508"
"20260612","AUD","USD","0.7046"
"20260614","AUD","USD","0.70405"
"20260615","AUD","USD","0.7071"
"20260616","AUD","USD","0.70672"
"20260617","AUD","USD","0.70132"
"20260618","AUD","USD","0.70142"
"20260619","AUD","USD","0.7013"
"20260621","AUD","USD","0.70165"
"20260622","AUD","USD","0.70011"
"20260623","AUD","USD","0.69167"
"20260624","AUD","USD","0.69003"
"20260625","AUD","USD","0.69101"
"20260626","AUD","USD","0.68958"
"20260628","AUD","USD","0.6891"
"20260629","AUD","USD","0.68869"
"20260630","AUD","USD","0.69198"
"20260701","AUD","USD","0.68936"
"20260702","AUD","USD","0.69218"
"20260703","AUD","USD","0.69405"
"20260705","AUD","USD","0.69345"
"20260706","AUD","USD","0.69561"
"20260707","AUD","USD","0.6929"
"20260708","AUD","USD","0.69307"
"20260709","AUD","USD","0.69412"
"20260710","AUD","USD","0.69522"
"20260712","AUD","USD","0.69482"
"20260713","AUD","USD","0.69175"
"20260714","AUD","USD","0.69747"
"20260715","AUD","USD","0.70062"
"20260716","AUD","USD","0.69977"
"20260717","AUD","USD","0.69818"
"20260719","AUD","USD","0.69665"
"20260720","AUD","USD","0.6999"
"20260721","AUD","USD","0.69992"
"20260722","AUD","USD","0.69967"
"20260723","AUD","USD","0.69682"
"20260724","AUD","USD","0.69827"
"20260726","AUD","USD","0.7001"
"20260727","AUD","USD","0.69897"
"20260728","AUD","USD","0.69739"
"20260729","AUD","USD","0.6955"
"20260730","AUD","USD","0.70292"
"20260731","AUD","USD","0.7023"
"20260802","AUD","USD","0.70467"
"20260803","AUD","USD","0.70008"
"20260804","AUD","USD","0.70463"
"20260805","AUD","USD","0.70572"
"20260806","AUD","USD","0.7032"
"20260807","AUD","USD","0.70676"
"20260809","AUD","USD","0.7069"
"20260810","AUD","USD","0.7054"
"20260811","AUD","USD","0.70618"
"20260812","AUD","USD","0.7063"
"20260813","AUD","USD","0.70598"
"20260814","AUD","USD","0.70845"
"20260816","AUD","USD","0.70868"
"20260817","AUD","USD","0.71045"
"20260818","AUD","USD","0.70864"
"20260819","AUD","USD","0.7125"
"20260820","AUD","USD","0.71131"
"20260821","AUD","USD","0.71705"
"20260823","AUD","USD","0.71635"
"20260824","AUD","USD","0.71501"
"20260825","AUD","USD","0.71635"
"20260826","AUD","USD","0.71729"
"20260827","AUD","USD","0.71943"
"20260828","AUD","USD","0.71614"
"20260830","AUD","USD","0.71569"
"20260831","AUD","USD","0.71668"
"20260901","AUD","USD","0.71449"
"20260902","AUD","USD","0.71696"
"20260903","AUD","USD","0.72005"
"20260904","AUD","USD","0.72025"
"20260906","AUD","USD","0.71967"
"20260907","AUD","USD","0.72188"
"20260908","AUD","USD","0.72163"
"20260909","AUD","USD","0.7218"
"20260910","AUD","USD","0.71577"
"20260911","AUD","USD","0.71701"
"20260913","AUD","USD","0.71645"
"20260914","AUD","USD","0.714"
"20260915","AUD","USD","0.71315"
"20260916","AUD","USD","0.70873"
"20260917","AUD","USD","0.71098"
"20260918","AUD","USD","0.71252"
"20260920","AUD","USD","0.71148"
"20260921","AUD","USD","0.71189"
"20260922","AUD","USD","0.71143"
"20260923","AUD","USD","0.70396"
"20250924","KRW","USD","0.00071178"
"20250925","KRW","USD","0.00070967"
"20250926","KRW","USD","0.00070936"
"20250928","KRW","USD","0.00070937"
"20250929","KRW","USD","0.00071434"
"20250930","KRW","USD","0.00071214"
"20251001","KRW","USD","0.0007129"
"20251002","KRW","USD","0.00071124"
"20251003","KRW","USD","0.00071044"
"20251005","KRW","USD","0.00071174"
"20251006","KRW","USD","0.00070891"
"20251007","KRW","USD","0.00070622"
"20251008","KRW","USD","0.00070348"
"20251009","KRW","USD","0.00070277"
"20251010","KRW","USD","0.00069952"
"20251012","KRW","USD","0.00069952"
"20251013","KRW","USD","0.000701"
"20251014","KRW","USD","0.0006999"
"20251015","KRW","USD","0.00070358"
"20251016","KRW","USD","0.00070578"
"20251017","KRW","USD","0.0007033"
"20251019","KRW","USD","0.00070336"
"20251020","KRW","USD","0.00070352"
"20251021","KRW","USD","0.00069866"
"20251022","KRW","USD","0.0006983"
"20251023","KRW","USD","0.00069596"
"20251024","KRW","USD","0.00069495"
"20251026","KRW","USD","0.00069494"
"20251027","KRW","USD","0.00069946"
"20251028","KRW","USD","0.00069848"
"20251029","KRW","USD","0.00070111"
"20251030","KRW","USD","0.00069932"
"20251031","KRW","USD","0.00069969"
"20251102","KRW","USD","0.00069832"
"20251103","KRW","USD","0.00069932"
"20251104","KRW","USD","0.00069262"
"20251105","KRW","USD","0.0006941"
"20251106","KRW","USD","0.00069019"
"20251107","KRW","USD","0.00068683"
"20251109","KRW","USD","0.00068681"
"20251110","KRW","USD","0.00068649"
"20251111","KRW","USD","0.00068455"
"20251112","KRW","USD","0.00068057"
"20251113","KRW","USD","0.00067997"
"20251114","KRW","USD","0.00069007"
"20251116","KRW","USD","0.00068941"
"20251117","KRW","USD","0.00068387"
"20251118","KRW","USD","0.00068519"
"20251119","KRW","USD","0.00068165"
"20251120","KRW","USD","0.00067827"
"20251121","KRW","USD","0.00068035"
"20251123","KRW","USD","0.00068039"
"20251124","KRW","USD","0.00067803"
"20251125","KRW","USD","0.00068241"
"20251126","KRW","USD","0.0006796"
"20251127","KRW","USD","0.00068385"
"20251128","KRW","USD","0.00068142"
"20251130","KRW","USD","0.00068138"
"20251201","KRW","USD","0.0006795"
"20251202","KRW","USD","0.000681"
"20251203","KRW","USD","0.00068209"
"20251204","KRW","USD","0.00067815"
"20251205","KRW","USD","0.00067853"
"20251207","KRW","USD","0.00067938"
"20251208","KRW","USD","0.00068044"
"20251209","KRW","USD","0.00068045"
"20251210","KRW","USD","0.00068072"
"20251211","KRW","USD","0.00067972"
"20251212","KRW","USD","0.00067814"
"20251214","KRW","USD","0.00067801"
"20251215","KRW","USD","0.00068056"
"20251216","KRW","USD","0.00067896"
"20251217","KRW","USD","0.00067785"
"20251218","KRW","USD","0.0006777"
"20251219","KRW","USD","0.00067764"
"20251221","KRW","USD","0.00067762"
"20251222","KRW","USD","0.00067595"
"20251223","KRW","USD","0.00067576"
"20251224","KRW","USD","0.00069136"
"20251225","KRW","USD","0.00069151"
"20251226","KRW","USD","0.00069309"
"20251228","KRW","USD","0.0006933"
"20251229","KRW","USD","0.00069656"
"20251230","KRW","USD","0.00069519"
"20251231","KRW","USD","0.00069374"
"20260101","KRW","USD","0.00069314"
"20260102","KRW","USD","0.00069319"
"20260104","KRW","USD","0.00069325"
"20260105","KRW","USD","0.00069207"
"20260106","KRW","USD","0.00069123"
"20260107","KRW","USD","0.00069049"
"20260108","KRW","USD","0.00068892"
"20260109","KRW","USD","0.00068599"
"20260111","KRW","USD","0.00068623"
"20260112","KRW","USD","0.00068183"
"20260113","KRW","USD","0.00067768"
"20260114","KRW","USD","0.00068357"
"20260115","KRW","USD","0.00068022"
"20260116","KRW","USD","0.00067855"
"20260118","KRW","USD","0.00067874"
"20260119","KRW","USD","0.0006786"
"20260120","KRW","USD","0.0006753"
"20260121","KRW","USD","0.00068262"
"20260122","KRW","USD","0.00068299"
"20260123","KRW","USD","0.00069142"
"20260125","KRW","USD","0.0006918"
"20260126","KRW","USD","0.00069164"
"20260127","KRW","USD","0.00069835"
"20260128","KRW","USD","0.00069912"
"20260129","KRW","USD","0.00069851"
"20260130","KRW","USD","0.00068927"
"20260201","KRW","USD","0.00068927"
"20260202","KRW","USD","0.00068751"
"20260203","KRW","USD","0.00068944"
"20260204","KRW","USD","0.00068394"
"20260205","KRW","USD","0.00067948"
"20260206","KRW","USD","0.00068327"
"20260208","KRW","USD","0.00068327"
"20260209","KRW","USD","0.0006858"
"20260210","KRW","USD","0.00068641"
"20260211","KRW","USD","0.00069143"
"20260212","KRW","USD","0.00069413"
"20260213","KRW","USD","0.000694"
"20260215","KRW","USD","0.00069413"
"20260216","KRW","USD","0.00069239"
"20260217","KRW","USD","0.00069237"
"20260218","KRW","USD","0.00069308"
"20260219","KRW","USD","0.00068989"
"20260220","KRW","USD","0.00069199"
"20260222","KRW","USD","0.00069216"
"20260223","KRW","USD","0.00069233"
"20260224","KRW","USD","0.00069371"
"20260225","KRW","USD","0.00070097"
"20260226","KRW","USD","0.00069784"
"20260227","KRW","USD","0.00069443"
"20260301","KRW","USD","0.00069319"
"20260302","KRW","USD","0.00068786"
"20260303","KRW","USD","0.00067528"
"20260304","KRW","USD","0.00068368"
"20260305","KRW","USD","0.00067476"
"20260306","KRW","USD","0.00067475"
"20260308","KRW","USD","0.00067327"
"20260309","KRW","USD","0.00068395"
"20260310","KRW","USD","0.00067869"
"20260311","KRW","USD","0.00067642"
"20260312","KRW","USD","0.00066967"
"20260313","KRW","USD","0.0006668"
"20260315","KRW","USD","0.00066656"
"20260316","KRW","USD","0.00067126"
"20260317","KRW","USD","0.0006721"
"20260318","KRW","USD","0.00066296"
"20260319","KRW","USD","0.00067142"
"20260320","KRW","USD","0.00066432"
"20260322","KRW","USD","0.00066421"
"20260323","KRW","USD","0.00067239"
"20260324","KRW","USD","0.00066839"
"20260325","KRW","USD","0.00066451"
"20260326","KRW","USD","0.00066328"
"20260327","KRW","USD","0.00066295"
"20260329","KRW","USD","0.00066295"
"20260330","KRW","USD","0.00065891"
"20260331","KRW","USD","0.00066367"
"20260401","KRW","USD","0.00066092"
"20260402","KRW","USD","0.00066214"
"20260403","KRW","USD","0.00066188"
"20260405","KRW","USD","0.00066188"
"20260406","KRW","USD","0.00066273"
"20260407","KRW","USD","0.0006682"
"20260408","KRW","USD","0.00067612"
"20260409","KRW","USD","0.00067817"
"20260410","KRW","USD","0.00067322"
"20260412","KRW","USD","0.0006742"
"20260413","KRW","USD","0.00067595"
"20260414","KRW","USD","0.00067917"
"20260415","KRW","USD","0.00067789"
"20260416","KRW","USD","0.00067587"
"20260417","KRW","USD","0.000682"
"20260419","KRW","USD","0.00068161"
"20260420","KRW","USD","0.0006793"
"20260421","KRW","USD","0.00067476"
"20260422","KRW","USD","0.00067623"
"20260423","KRW","USD","0.00067449"
"20260424","KRW","USD","0.00067723"
"20260426","KRW","USD","0.0006774"
"20260427","KRW","USD","0.00067852"
"20260428","KRW","USD","0.00067898"
"20260429","KRW","USD","0.00067179"
"20260430","KRW","USD","0.00067839"
"20260501","KRW","USD","0.00067954"
"20260503","KRW","USD","0.00067966"
"20260504","KRW","USD","0.0006774"
"20260505","KRW","USD","0.00068056"
"20260506","KRW","USD","0.00069179"
"20260507","KRW","USD","0.00068591"
"20260508","KRW","USD","0.00068407"
"20260510","KRW","USD","0.00068409"
"20260511","KRW","USD","0.00067828"
"20260512","KRW","USD","0.00066963"
"20260513","KRW","USD","0.00067131"
"20260514","KRW","USD","0.00066976"
"20260515","KRW","USD","0.00066757"
"20260517","KRW","USD","0.0006676"
"20260518","KRW","USD","0.00067139"
"20260519","KRW","USD","0.00066319"
"20260520","KRW","USD","0.0006677"
"20260521","KRW","USD","0.0006649"
"20260522","KRW","USD","0.00065769"
"20260524","KRW","USD","0.00065821"
"20260525","KRW","USD","0.00066121"
"20260526","KRW","USD","0.00066345"
"20260527","KRW","USD","0.00066566"
"20260528","KRW","USD","0.00066843"
"20260529","KRW","USD","0.00066338"
"20260531","KRW","USD","0.00066462"
"20260601","KRW","USD","0.00066059"
"20260602","KRW","USD","0.00065906"
"20260603","KRW","USD","0.00065153"
"20260604","KRW","USD","0.00065238"
"20260605","KRW","USD","0.00064128"
"20260607","KRW","USD","0.00064129"
"20260608","KRW","USD","0.00065494"
"20260609","KRW","USD","0.00065654"
"20260610","KRW","USD","0.00065659"
"20260611","KRW","USD","0.00065957"
"20260612","KRW","USD","0.00065868"
"20260614","KRW","USD","0.00065876"
"20260615","KRW","USD","0.00066068"
"20260616","KRW","USD","0.00066252"
"20260617","KRW","USD","0.00065447"
"20260618","KRW","USD","0.00064999"
"20260619","KRW","USD","0.00065388"
"20260621","KRW","USD","0.00065359"
"20260622","KRW","USD","0.00065024"
"20260623","KRW","USD","0.00065234"
"20260624","KRW","USD","0.00064832"
"20260625","KRW","USD","0.00064731"
"20260626","KRW","USD","0.00065138"
"20260628","KRW","USD","0.00065141"
"20260629","KRW","USD","0.00064901"
"20260630","KRW","USD","0.00064602"
"20260701","KRW","USD","0.00064483"
"20260702","KRW","USD","0.00064937"
"20260703","KRW","USD","0.00065385"
"20260705","KRW","USD","0.00065458"
"20260706","KRW","USD","0.00065374"
"20260707","KRW","USD","0.00066036"
"20260708","KRW","USD","0.00066442"
"20260709","KRW","USD","0.00066415"
"20260710","KRW","USD","0.00066696"
"20260712","KRW","USD","0.00066704"
"20260713","KRW","USD","0.00066742"
"20260714","KRW","USD","0.00067142"
"20260715","KRW","USD","0.00067302"
"20260716","KRW","USD","0.00067579"
"20260717","KRW","USD","0.00067206"
"20260719","KRW","USD","0.00067143"
"20260720","KRW","USD","0.00067741"
"20260721","KRW","USD","0.00067491"
"20260722","KRW","USD","0.00067697"
"20260723","KRW","USD","0.00067772"
"20260724","KRW","USD","0.00068506"
"20260726","KRW","USD","0.00068513"
"20260727","KRW","USD","0.00068256"
"20260728","KRW","USD","0.00068817"
"20260729","KRW","USD","0.00069291"
"20260730","KRW","USD","0.00070242"
"20260731","KRW","USD","0.00069303"
"20260802","KRW","USD","0.00069303"
"20260803","KRW","USD","0.00069962"
"20260804","KRW","USD","0.00069943"
"20260805","KRW","USD","0.00070347"
"20260806","KRW","USD","0.00070263"
"20260807","KRW","USD","0.0007103"
"20260809","KRW","USD","0.0007103"
"20260810","KRW","USD","0.00070529"
"20260811","KRW","USD","0.00070833"
"20260812","KRW","USD","0.00070519"
"20260813","KRW","USD","0.00070486"
"20260814","KRW","USD","0.00070601"
"20260816","KRW","USD","0.00070616"
"20260817","KRW","USD","0.00070577"
"20260818","KRW","USD","0.00070775"
"20260819","KRW","USD","0.0007202"
"20260820","KRW","USD","0.00071715"
"20260821","KRW","USD","0.00072145"
"20260823","KRW","USD","0.0007215"
"20260824","KRW","USD","0.00072298"
"20260825","KRW","USD","0.00072343"
"20260826","KRW","USD","0.00072189"
"20260827","KRW","USD","0.00072373"
"20260828","KRW","USD","0.00072641"
"20260830","KRW","USD","0.00072605"
"20260831","KRW","USD","0.00073119"
"20260901","KRW","USD","0.00072788"
"20260902","KRW","USD","0.00073611"
"20260903","KRW","USD","0.00073714"
"20260904","KRW","USD","0.00074291"
"20260906","KRW","USD","0.00074375"
"20260907","KRW","USD","0.00074347"
"20260908","KRW","USD","0.00074616"
"20260909","KRW","USD","0.00074624"
"20260910","KRW","USD","0.00074081"
"20260911","KRW","USD","0.00074543"
"20260913","KRW","USD","0.0007437"
"20260914","KRW","USD","0.00074202"
"20260915","KRW","USD","0.00073356"
"20260916","KRW","USD","0.00072603"
"20260917","KRW","USD","0.0007242"
"20260918","KRW","USD","0.00072138"
"20260920","KRW","USD","0.0007214"
"20260921","KRW","USD","0.00072745"
"20260922","KRW","USD","0.00073856"
"20260923","KRW","USD","0.00073202"
"20250924","ILS","USD","0.29841"
"20250925","ILS","USD","0.29808"
"20250926","ILS","USD","0.29829"
"20250928","ILS","USD","0.29836"
"20250929","ILS","USD","0.3038"
"20250930","ILS","USD","0.30229"
"20251001","ILS","USD","0.30126"
"20251002","ILS","USD","0.3013"
"20251003","ILS","USD","0.30354"
"20251005","ILS","USD","0.30347"
"20251006","ILS","USD","0.3058"
"20251007","ILS","USD","0.3049"
"20251008","ILS","USD","0.30625"
"20251009","ILS","USD","0.30707"
"20251010","ILS","USD","0.30235"
"20251012","ILS","USD","0.30235"
"20251013","ILS","USD","0.30423"
"20251014","ILS","USD","0.30192"
"20251015","ILS","USD","0.30515"
"20251016","ILS","USD","0.30207"
"20251017","ILS","USD","0.30297"
"20251019","ILS","USD","0.3021"
"20251020","ILS","USD","0.30422"
"20251021","ILS","USD","0.30322"
"20251022","ILS","USD","0.30279"
"20251023","ILS","USD","0.30431"
"20251024","ILS","USD","0.30493"
"20251026","ILS","USD","0.30518"
"20251027","ILS","USD","0.3072"
"20251028","ILS","USD","0.30718"
"20251029","ILS","USD","0.30671"
"20251030","ILS","USD","0.3072"
"20251031","ILS","USD","0.3069"
"20251102","ILS","USD","0.3069"
"20251103","ILS","USD","0.30735"
"20251104","ILS","USD","0.30512"
"20251105","ILS","USD","0.30719"
"20251106","ILS","USD","0.30643"
"20251107","ILS","USD","0.30821"
"20251109","ILS","USD","0.30821"
"20251110","ILS","USD","0.31011"
"20251111","ILS","USD","0.31037"
"20251112","ILS","USD","0.3128"
"20251113","ILS","USD","0.31002"
"20251114","ILS","USD","0.30931"
"20251116","ILS","USD","0.30932"
"20251117","ILS","USD","0.307"
"20251118","ILS","USD","0.30511"
"20251119","ILS","USD","0.30612"
"20251120","ILS","USD","0.30426"
"20251121","ILS","USD","0.30583"
"20251123","ILS","USD","0.30575"
"20251124","ILS","USD","0.30654"
"20251125","ILS","USD","0.30507"
"20251126","ILS","USD","0.30603"
"20251127","ILS","USD","0.30616"
"20251128","ILS","USD","0.30677"
"20251130","ILS","USD","0.30684"
"20251201","ILS","USD","0.30646"
"20251202","ILS","USD","0.30732"
"20251203","ILS","USD","0.30942"
"20251204","ILS","USD","0.30852"
"20251205","ILS","USD","0.30847"
"20251207","ILS","USD","0.30848"
"20251208","ILS","USD","0.31039"
"20251209","ILS","USD","0.30955"
"20251210","ILS","USD","0.3105"
"20251211","ILS","USD","0.31211"
"20251212","ILS","USD","0.31056"
"20251214","ILS","USD","0.31067"
"20251215","ILS","USD","0.31144"
"20251216","ILS","USD","0.30972"
"20251217","ILS","USD","0.30866"
"20251218","ILS","USD","0.3113"
"20251219","ILS","USD","0.31216"
"20251221","ILS","USD","0.31217"
"20251222","ILS","USD","0.31215"
"20251223","ILS","USD","0.31387"
"20251224","ILS","USD","0.3136"
"20251225","ILS","USD","0.31397"
"20251226","ILS","USD","0.31307"
"20251228","ILS","USD","0.31307"
"20251229","ILS","USD","0.31408"
"20251230","ILS","USD","0.31442"
"20251231","ILS","USD","0.31406"
"20260101","ILS","USD","0.31388"
"20260102","ILS","USD","0.31371"
"20260104","ILS","USD","0.31371"
"20260105","ILS","USD","0.31614"
"20260106","ILS","USD","0.31626"
"20260107","ILS","USD","0.31496"
"20260108","ILS","USD","0.3152"
"20260109","ILS","USD","0.31736"
"20260111","ILS","USD","0.31735"
"20260112","ILS","USD","0.31801"
"20260113","ILS","USD","0.31727"
"20260114","ILS","USD","0.31698"
"20260115","ILS","USD","0.31732"
"20260116","ILS","USD","0.31785"
"20260118","ILS","USD","0.31783"
"20260119","ILS","USD","0.31655"
"20260120","ILS","USD","0.31545"
"20260121","ILS","USD","0.31745"
"20260122","ILS","USD","0.31854"
"20260123","ILS","USD","0.31887"
"20260125","ILS","USD","0.31872"
"20260126","ILS","USD","0.3208"
"20260127","ILS","USD","0.32335"
"20260128","ILS","USD","0.32371"
"20260129","ILS","USD","0.32419"
"20260130","ILS","USD","0.32152"
"20260201","ILS","USD","0.32166"
"20260202","ILS","USD","0.3231"
"20260203","ILS","USD","0.32311"
"20260204","ILS","USD","0.32183"
"20260205","ILS","USD","0.31903"
"20260206","ILS","USD","0.32057"
"20260208","ILS","USD","0.32051"
"20260209","ILS","USD","0.3235"
"20260210","ILS","USD","0.32459"
"20260211","ILS","USD","0.32548"
"20260212","ILS","USD","0.32535"
"20260213","ILS","USD","0.32365"
"20260215","ILS","USD","0.32353"
"20260216","ILS","USD","0.32382"
"20260217","ILS","USD","0.32283"
"20260218","ILS","USD","0.31969"
"20260219","ILS","USD","0.31883"
"20260220","ILS","USD","0.32069"
"20260222","ILS","USD","0.32063"
"20260223","ILS","USD","0.32036"
"20260224","ILS","USD","0.32181"
"20260225","ILS","USD","0.3239"
"20260226","ILS","USD","0.32051"
"20260227","ILS","USD","0.3189"
"20260301","ILS","USD","0.31879"
"20260302","ILS","USD","0.32446"
"20260303","ILS","USD","0.3235"
"20260304","ILS","USD","0.32569"
"20260305","ILS","USD","0.32354"
"20260306","ILS","USD","0.32325"
"20260308","ILS","USD","0.32324"
"20260309","ILS","USD","0.32394"
"20260310","ILS","USD","0.32355"
"20260311","ILS","USD","0.32024"
"20260312","ILS","USD","0.3182"
"20260313","ILS","USD","0.31804"
"20260315","ILS","USD","0.31804"
"20260316","ILS","USD","0.32037"
"20260317","ILS","USD","0.32327"
"20260318","ILS","USD","0.32016"
"20260319","ILS","USD","0.32155"
"20260320","ILS","USD","0.31925"
"20260322","ILS","USD","0.31925"
"20260323","ILS","USD","0.32124"
"20260324","ILS","USD","0.3202"
"20260325","ILS","USD","0.32067"
"20260326","ILS","USD","0.31911"
"20260327","ILS","USD","0.31772"
"20260329","ILS","USD","0.31755"
"20260330","ILS","USD","0.31526"
"20260331","ILS","USD","0.31822"
"20260401","ILS","USD","0.31992"
"20260402","ILS","USD","0.31947"
"20260403","ILS","USD","0.31934"
"20260405","ILS","USD","0.31906"
"20260406","ILS","USD","0.31809"
"20260407","ILS","USD","0.32014"
"20260408","ILS","USD","0.32363"
"20260409","ILS","USD","0.32766"
"20260410","ILS","USD","0.32899"
"20260412","ILS","USD","0.32899"
"20260413","ILS","USD","0.3291"
"20260414","ILS","USD","0.3317"
"20260415","ILS","USD","0.33367"
"20260416","ILS","USD","0.33379"
"20260417","ILS","USD","0.33693"
"20260419","ILS","USD","0.33693"
"20260420","ILS","USD","0.33501"
"20260421","ILS","USD","0.33284"
"20260422","ILS","USD","0.333"
"20260423","ILS","USD","0.33312"
"20260424","ILS","USD","0.33478"
"20260426","ILS","USD","0.33472"
"20260427","ILS","USD","0.33528"
"20260428","ILS","USD","0.33766"
"20260429","ILS","USD","0.33499"
"20260430","ILS","USD","0.33985"
"20260501","ILS","USD","0.33969"
"20260503","ILS","USD","0.33982"
"20260504","ILS","USD","0.33798"
"20260505","ILS","USD","0.34044"
"20260506","ILS","USD","0.34387"
"20260507","ILS","USD","0.34259"
"20260508","ILS","USD","0.34489"
"20260510","ILS","USD","0.3447"
"20260511","ILS","USD","0.34449"
"20260512","ILS","USD","0.34312"
"20260513","ILS","USD","0.34426"
"20260514","ILS","USD","0.34475"
"20260515","ILS","USD","0.34285"
"20260517","ILS","USD","0.34291"
"20260518","ILS","USD","0.34515"
"20260519","ILS","USD","0.34246"
"20260520","ILS","USD","0.3444"
"20260521","ILS","USD","0.34441"
"20260522","ILS","USD","0.34508"
"20260524","ILS","USD","0.34504"
"20260525","ILS","USD","0.34737"
"20260526","ILS","USD","0.35164"
"20260527","ILS","USD","0.35389"
"20260528","ILS","USD","0.35461"
"20260529","ILS","USD","0.35524"
"20260531","ILS","USD","0.35521"
"20260601","ILS","USD","0.35459"
"20260602","ILS","USD","0.35074"
"20260603","ILS","USD","0.3479"
"20260604","ILS","USD","0.34484"
"20260605","ILS","USD","0.33872"
"20260607","ILS","USD","0.33872"
"20260608","ILS","USD","0.33981"
"20260609","ILS","USD","0.33851"
"20260610","ILS","USD","0.33591"
"20260611","ILS","USD","0.34121"
"20260612","ILS","USD","0.34224"
"20260614","ILS","USD","0.34221"
"20260615","ILS","USD","0.3437"
"20260616","ILS","USD","0.34224"
"20260617","ILS","USD","0.33892"
"20260618","ILS","USD","0.33957"
"20260619","ILS","USD","0.33773"
"20260621","ILS","USD","0.33775"
"20260622","ILS","USD","0.33673"
"20260623","ILS","USD","0.33356"
"20260624","ILS","USD","0.33524"
"20260625","ILS","USD","0.3354"
"20260626","ILS","USD","0.33305"
"20260628","ILS","USD","0.33337"
"20260629","ILS","USD","0.3349"
"20260630","ILS","USD","0.33584"
"20260701","ILS","USD","0.3345"
"20260702","ILS","USD","0.33349"
"20260703","ILS","USD","0.33363"
"20260705","ILS","USD","0.33362"
"20260706","ILS","USD","0.33407"
"20260707","ILS","USD","0.32871"
"20260708","ILS","USD","0.32879"
"20260709","ILS","USD","0.33163"
"20260710","ILS","USD","0.33291"
"20260712","ILS","USD","0.33251"
"20260713","ILS","USD","0.32999"
"20260714","ILS","USD","0.33269"
"20260715","ILS","USD","0.33431"
"20260716","ILS","USD","0.33095"
"20260717","ILS","USD","0.32859"
"20260719","ILS","USD","0.32864"
"20260720","ILS","USD","0.32729"
"20260721","ILS","USD","0.3277"
"20260722","ILS","USD","0.32632"
"20260723","ILS","USD","0.32531"
"20260724","ILS","USD","0.32749"
"20260726","ILS","USD","0.32772"
"20260727","ILS","USD","0.32723"
"20260728","ILS","USD","0.32759"
"20260729","ILS","USD","0.32478"
"20260730","ILS","USD","0.3271"
"20260731","ILS","USD","0.32732"
"20260802","ILS","USD","0.32711"
"20260803","ILS","USD","0.32813"
"20260804","ILS","USD","0.33259"
"20260805","ILS","USD","0.33264"
"20260806","ILS","USD","0.33144"
"20260807","ILS","USD","0.33341"
"20260809","ILS","USD","0.33341"
"20260810","ILS","USD","0.33292"
"20260811","ILS","USD","0.33286"
"20260812","ILS","USD","0.33523"
"20260813","ILS","USD","0.33759"
"20260814","ILS","USD","0.33807"
"20260816","ILS","USD","0.33809"
"20260817","ILS","USD","0.33665"
"20260818","ILS","USD","0.33413"
"20260819","ILS","USD","0.33596"
"20260820","ILS","USD","0.33274"
"20260821","ILS","USD","0.3347"
"20260823","ILS","USD","0.33473"
"20260824","ILS","USD","0.33299"
"20260825","ILS","USD","0.33645"
"20260826","ILS","USD","0.33613"
"20260827","ILS","USD","0.3373"
"20260828","ILS","USD","0.33384"
"20260830","ILS","USD","0.33348"
"20260831","ILS","USD","0.33447"
"20260901","ILS","USD","0.32941"
"20260902","ILS","USD","0.33068"
"20260903","ILS","USD","0.33232"
"20260904","ILS","USD","0.332"
"20260906","ILS","USD","0.33199"
"20260907","ILS","USD","0.33168"
"20260908","ILS","USD","0.33127"
"20260909","ILS","USD","0.33057"
"20260910","ILS","USD","0.32767"
"20260911","ILS","USD","0.32973"
"20260913","ILS","USD","0.32973"
"20260914","ILS","USD","0.32879"
"20260915","ILS","USD","0.32924"
"20260916","ILS","USD","0.32799"
"20260917","ILS","USD","0.33004"
"20260918","ILS","USD","0.33053"
"20260920","ILS","USD","0.33052"
"20260921","ILS","USD","0.332"
"20260922","ILS","USD","0.33248"
"20260923","ILS","USD","0.32922"
"20250924","JPY","USD","0.0067158"
"20250925","JPY","USD","0.0066756"
"20250926","JPY","USD","0.0066885"
"20250928","JPY","USD","0.0066887"
"20250929","JPY","USD","0.0067295"
"20250930","JPY","USD","0.0067597"
"20251001","JPY","USD","0.0067994"
"20251002","JPY","USD","0.0067907"
"20251003","JPY","USD","0.0067807"
"20251005","JPY","USD","0.0066878"
"20251006","JPY","USD","0.006651"
"20251007","JPY","USD","0.0065834"
"20251008","JPY","USD","0.0065487"
"20251009","JPY","USD","0.0065324"
"20251010","JPY","USD","0.0066148"
"20251012","JPY","USD","0.0065873"
"20251013","JPY","USD","0.0065661"
"20251014","JPY","USD","0.0065865"
"20251015","JPY","USD","0.0066194"
"20251016","JPY","USD","0.0066474"
"20251017","JPY","USD","0.0066387"
"20251019","JPY","USD","0.0066386"
"20251020","JPY","USD","0.0066333"
"20251021","JPY","USD","0.0065819"
"20251022","JPY","USD","0.0065804"
"20251023","JPY","USD","0.0065535"
"20251024","JPY","USD","0.0065413"
"20251026","JPY","USD","0.0065431"
"20251027","JPY","USD","0.0065412"
"20251028","JPY","USD","0.0065743"
"20251029","JPY","USD","0.0065471"
"20251030","JPY","USD","0.0064874"
"20251031","JPY","USD","0.0064933"
"20251102","JPY","USD","0.0064905"
"20251103","JPY","USD","0.0064847"
"20251104","JPY","USD","0.0065078"
"20251105","JPY","USD","0.0064888"
"20251106","JPY","USD","0.0065331"
"20251107","JPY","USD","0.0065179"
"20251109","JPY","USD","0.0065039"
"20251110","JPY","USD","0.0064879"
"20251111","JPY","USD","0.0064869"
"20251112","JPY","USD","0.0064593"
"20251113","JPY","USD","0.0064709"
"20251114","JPY","USD","0.006471"
"20251116","JPY","USD","0.0064765"
"20251117","JPY","USD","0.0064407"
"20251118","JPY","USD","0.0064299"
"20251119","JPY","USD","0.0063628"
"20251120","JPY","USD","0.0063507"
"20251121","JPY","USD","0.0063941"
"20251123","JPY","USD","0.0063963"
"20251124","JPY","USD","0.0063726"
"20251125","JPY","USD","0.0064075"
"20251126","JPY","USD","0.006391"
"20251127","JPY","USD","0.0063977"
"20251128","JPY","USD","0.0064031"
"20251130","JPY","USD","0.0064055"
"20251201","JPY","USD","0.0064318"
"20251202","JPY","USD","0.0064153"
"20251203","JPY","USD","0.0064417"
"20251204","JPY","USD","0.0064464"
"20251205","JPY","USD","0.0064369"
"20251207","JPY","USD","0.0064421"
"20251208","JPY","USD","0.0064133"
"20251209","JPY","USD","0.0063738"
"20251210","JPY","USD","0.0064095"
"20251211","JPY","USD","0.0064276"
"20251212","JPY","USD","0.0064175"
"20251214","JPY","USD","0.0064171"
"20251215","JPY","USD","0.0064427"
"20251216","JPY","USD","0.0064631"
"20251217","JPY","USD","0.0064226"
"20251218","JPY","USD","0.0064286"
"20251219","JPY","USD","0.0063395"
"20251221","JPY","USD","0.0063417"
"20251222","JPY","USD","0.0063678"
"20251223","JPY","USD","0.0064008"
"20251224","JPY","USD","0.0064129"
"20251225","JPY","USD","0.0064185"
"20251226","JPY","USD","0.0063871"
"20251228","JPY","USD","0.0063871"
"20251229","JPY","USD","0.0064086"
"20251230","JPY","USD","0.0063931"
"20251231","JPY","USD","0.0063827"
"20260101","JPY","USD","0.006383"
"20260102","JPY","USD","0.0063756"
"20260104","JPY","USD","0.0063794"
"20260105","JPY","USD","0.0063936"
"20260106","JPY","USD","0.0063827"
"20260107","JPY","USD","0.006379"
"20260108","JPY","USD","0.0063746"
"20260109","JPY","USD","0.0063324"
"20260111","JPY","USD","0.0063245"
"20260112","JPY","USD","0.0063225"
"20260113","JPY","USD","0.0062824"
"20260114","JPY","USD","0.0063111"
"20260115","JPY","USD","0.006304"
"20260116","JPY","USD","0.0063249"
"20260118","JPY","USD","0.0063375"
"20260119","JPY","USD","0.0063236"
"20260120","JPY","USD","0.0063229"
"20260121","JPY","USD","0.006317"
"20260122","JPY","USD","0.0063121"
"20260123","JPY","USD","0.006422"
"20260125","JPY","USD","0.0064642"
"20260126","JPY","USD","0.0064847"
"20260127","JPY","USD","0.0065699"
"20260128","JPY","USD","0.0065185"
"20260129","JPY","USD","0.0065316"
"20260130","JPY","USD","0.0064609"
"20260201","JPY","USD","0.0064547"
"20260202","JPY","USD","0.0064265"
"20260203","JPY","USD","0.0064192"
"20260204","JPY","USD","0.0063739"
"20260205","JPY","USD","0.0063677"
"20260206","JPY","USD","0.00636"
"20260208","JPY","USD","0.006341"
"20260209","JPY","USD","0.0064146"
"20260210","JPY","USD","0.0064775"
"20260211","JPY","USD","0.0065248"
"20260212","JPY","USD","0.0065474"
"20260213","JPY","USD","0.0065489"
"20260215","JPY","USD","0.0065499"
"20260216","JPY","USD","0.0065138"
"20260217","JPY","USD","0.0065237"
"20260218","JPY","USD","0.0064586"
"20260219","JPY","USD","0.0064519"
"20260220","JPY","USD","0.0064486"
"20260222","JPY","USD","0.0064481"
"20260223","JPY","USD","0.0064658"
"20260224","JPY","USD","0.0064143"
"20260225","JPY","USD","0.0063951"
"20260226","JPY","USD","0.0064046"
"20260227","JPY","USD","0.0064067"
"20260301","JPY","USD","0.0064094"
"20260302","JPY","USD","0.006355"
"20260303","JPY","USD","0.0063408"
"20260304","JPY","USD","0.0063672"
"20260305","JPY","USD","0.0063468"
"20260306","JPY","USD","0.0063373"
"20260308","JPY","USD","0.0063269"
"20260309","JPY","USD","0.0063426"
"20260310","JPY","USD","0.0063269"
"20260311","JPY","USD","0.0062911"
"20260312","JPY","USD","0.0062754"
"20260313","JPY","USD","0.0062605"
"20260315","JPY","USD","0.0062658"
"20260316","JPY","USD","0.0062873"
"20260317","JPY","USD","0.0062892"
"20260318","JPY","USD","0.0062546"
"20260319","JPY","USD","0.0063408"
"20260320","JPY","USD","0.0062802"
"20260322","JPY","USD","0.0062758"
"20260323","JPY","USD","0.0063118"
"20260324","JPY","USD","0.006301"
"20260325","JPY","USD","0.0062707"
"20260326","JPY","USD","0.0062579"
"20260327","JPY","USD","0.0062373"
"20260329","JPY","USD","0.006241"
"20260330","JPY","USD","0.0062602"
"20260331","JPY","USD","0.0063004"
"20260401","JPY","USD","0.0062972"
"20260402","JPY","USD","0.0062654"
"20260403","JPY","USD","0.0062663"
"20260405","JPY","USD","0.0062661"
"20260406","JPY","USD","0.0062623"
"20260407","JPY","USD","0.0062648"
"20260408","JPY","USD","0.0063054"
"20260409","JPY","USD","0.0062895"
"20260410","JPY","USD","0.0062777"
"20260412","JPY","USD","0.0062637"
"20260413","JPY","USD","0.0062716"
"20260414","JPY","USD","0.0062972"
"20260415","JPY","USD","0.0062901"
"20260416","JPY","USD","0.0062835"
"20260417","JPY","USD","0.0063044"
"20260419","JPY","USD","0.006297"
"20260420","JPY","USD","0.0062963"
"20260421","JPY","USD","0.0062742"
"20260422","JPY","USD","0.0062707"
"20260423","JPY","USD","0.0062601"
"20260424","JPY","USD","0.0062745"
"20260426","JPY","USD","0.0062654"
"20260427","JPY","USD","0.0062726"
"20260428","JPY","USD","0.006265"
"20260429","JPY","USD","0.0062325"
"20260430","JPY","USD","0.0063849"
"20260501","JPY","USD","0.0063672"
"20260503","JPY","USD","0.0063794"
"20260504","JPY","USD","0.0063592"
"20260505","JPY","USD","0.0063333"
"20260506","JPY","USD","0.0063945"
"20260507","JPY","USD","0.0063718"
"20260508","JPY","USD","0.0063826"
"20260510","JPY","USD","0.0063908"
"20260511","JPY","USD","0.0063603"
"20260512","JPY","USD","0.0063446"
"20260513","JPY","USD","0.0063335"
"20260514","JPY","USD","0.0063135"
"20260515","JPY","USD","0.0062983"
"20260517","JPY","USD","0.0063017"
"20260518","JPY","USD","0.0062951"
"20260519","JPY","USD","0.0062862"
"20260520","JPY","USD","0.0062921"
"20260521","JPY","USD","0.0062897"
"20260522","JPY","USD","0.0062814"
"20260524","JPY","USD","0.006295"
"20260525","JPY","USD","0.0062923"
"20260526","JPY","USD","0.0062773"
"20260527","JPY","USD","0.0062688"
"20260528","JPY","USD","0.0062796"
"20260529","JPY","USD","0.0062785"
"20260531","JPY","USD","0.0062746"
"20260601","JPY","USD","0.0062628"
"20260602","JPY","USD","0.0062527"
"20260603","JPY","USD","0.0062466"
"20260604","JPY","USD","0.006249"
"20260605","JPY","USD","0.0062376"
"20260607","JPY","USD","0.0062401"
"20260608","JPY","USD","0.0062431"
"20260609","JPY","USD","0.0062355"
"20260610","JPY","USD","0.0062282"
"20260611","JPY","USD","0.0062513"
"20260612","JPY","USD","0.0062411"
"20260614","JPY","USD","0.0062445"
"20260615","JPY","USD","0.0062363"
"20260616","JPY","USD","0.0062319"
"20260617","JPY","USD","0.0062242"
"20260618","JPY","USD","0.0061958"
"20260619","JPY","USD","0.0061994"
"20260621","JPY","USD","0.0062012"
"20260622","JPY","USD","0.0061883"
"20260623","JPY","USD","0.006189"
"20260624","JPY","USD","0.0061801"
"20260625","JPY","USD","0.0061803"
"20260626","JPY","USD","0.0061821"
"20260628","JPY","USD","0.0061829"
"20260629","JPY","USD","0.0061751"
"20260630","JPY","USD","0.0061507"
"20260701","JPY","USD","0.0061499"
"20260702","JPY","USD","0.0062066"
"20260703","JPY","USD","0.0061967"
"20260705","JPY","USD","0.0061985"
"20260706","JPY","USD","0.0061694"
"20260707","JPY","USD","0.0061686"
"20260708","JPY","USD","0.0061491"
"20260709","JPY","USD","0.006158"
"20260710","JPY","USD","0.0061842"
"20260712","JPY","USD","0.0061831"
"20260713","JPY","USD","0.0061553"
"20260714","JPY","USD","0.0061627"
"20260715","JPY","USD","0.0061654"
"20260716","JPY","USD","0.0061586"
"20260717","JPY","USD","0.0061578"
"20260719","JPY","USD","0.0061556"
"20260720","JPY","USD","0.0061539"
"20260721","JPY","USD","0.0061275"
"20260722","JPY","USD","0.0061289"
"20260723","JPY","USD","0.0061027"
"20260724","JPY","USD","0.0061031"
"20260726","JPY","USD","0.0061119"
"20260727","JPY","USD","0.006107"
"20260728","JPY","USD","0.0061026"
"20260729","JPY","USD","0.0061189"
"20260730","JPY","USD","0.0062691"
"20260731","JPY","USD","0.0063458"
"20260802","JPY","USD","0.0063622"
"20260803","JPY","USD","0.006362"
"20260804","JPY","USD","0.0063393"
"20260805","JPY","USD","0.0063384"
"20260806","JPY","USD","0.0063107"
"20260807","JPY","USD","0.0063373"
"20260809","JPY","USD","0.0063408"
"20260810","JPY","USD","0.0062771"
"20260811","JPY","USD","0.0062776"
"20260812","JPY","USD","0.0062726"
"20260813","JPY","USD","0.006269"
"20260814","JPY","USD","0.0062767"
"20260816","JPY","USD","0.0062772"
"20260817","JPY","USD","0.0062708"
"20260818","JPY","USD","0.0062647"
"20260819","JPY","USD","0.0063228"
"20260820","JPY","USD","0.0062866"
"20260821","JPY","USD","0.0062899"
"20260823","JPY","USD","0.0062887"
"20260824","JPY","USD","0.0062853"
"20260825","JPY","USD","0.0062809"
"20260826","JPY","USD","0.006277"
"20260827","JPY","USD","0.0062735"
"20260828","JPY","USD","0.0062469"
"20260830","JPY","USD","0.0062475"
"20260831","JPY","USD","0.0062601"
"20260901","JPY","USD","0.0062426"
"20260902","JPY","USD","0.0063007"
"20260903","JPY","USD","0.0064182"
"20260904","JPY","USD","0.0064002"
"20260906","JPY","USD","0.0064111"
"20260907","JPY","USD","0.0064788"
"20260908","JPY","USD","0.0064935"
"20260909","JPY","USD","0.0065126"
"20260910","JPY","USD","0.0064753"
"20260911","JPY","USD","0.0065133"
"20260913","JPY","USD","0.0065127"
"20260914","JPY","USD","0.0064792"
"20260915","JPY","USD","0.006447"
"20260916","JPY","USD","0.0063976"
"20260917","JPY","USD","0.0064114"
"20260918","JPY","USD","0.0063742"
"20260920","JPY","USD","0.0063763"
"20260921","JPY","USD","0.0063538"
"20260922","JPY","USD","0.0063531"
"20260923","JPY","USD","0.0063155"
"20250924","PLN","USD","0.27513"
"20250925","PLN","USD","0.27304"
"20250926","PLN","USD","0.27425"
"20250928","PLN","USD","0.27418"
"20250929","PLN","USD","0.27475"
"20250930","PLN","USD","0.27499"
"20251001","PLN","USD","0.27529"
"20251002","PLN","USD","0.27513"
"20251003","PLN","USD","0.27608"
"20251005","PLN","USD","0.27564"
"20251006","PLN","USD","0.27538"
"20251007","PLN","USD","0.27412"
"20251008","PLN","USD","0.27336"
"20251009","PLN","USD","0.27162"
"20251010","PLN","USD","0.27255"
"20251012","PLN","USD","0.27243"
"20251013","PLN","USD","0.2716"
"20251014","PLN","USD","0.27237"
"20251015","PLN","USD","0.27392"
"20251016","PLN","USD","0.2751"
"20251017","PLN","USD","0.27465"
"20251019","PLN","USD","0.27472"
"20251020","PLN","USD","0.27479"
"20251021","PLN","USD","0.27341"
"20251022","PLN","USD","0.2742"
"20251023","PLN","USD","0.27469"
"20251024","PLN","USD","0.27387"
"20251026","PLN","USD","0.27402"
"20251027","PLN","USD","0.27513"
"20251028","PLN","USD","0.27538"
"20251029","PLN","USD","0.27348"
"20251030","PLN","USD","0.2724"
"20251031","PLN","USD","0.27113"
"20251102","PLN","USD","0.27095"
"20251103","PLN","USD","0.27079"
"20251104","PLN","USD","0.26952"
"20251105","PLN","USD","0.27008"
"20251106","PLN","USD","0.27173"
"20251107","PLN","USD","0.27281"
"20251109","PLN","USD","0.27253"
"20251110","PLN","USD","0.27298"
"20251111","PLN","USD","0.27379"
"20251112","PLN","USD","0.27389"
"20251113","PLN","USD","0.27497"
"20251114","PLN","USD","0.27494"
"20251116","PLN","USD","0.27502"
"20251117","PLN","USD","0.27377"
"20251118","PLN","USD","0.27327"
"20251119","PLN","USD","0.27284"
"20251120","PLN","USD","0.27209"
"20251121","PLN","USD","0.27169"
"20251123","PLN","USD","0.27175"
"20251124","PLN","USD","0.27195"
"20251125","PLN","USD","0.27402"
"20251126","PLN","USD","0.27399"
"20251127","PLN","USD","0.27416"
"20251128","PLN","USD","0.27373"
"20251130","PLN","USD","0.27376"
"20251201","PLN","USD","0.2744"
"20251202","PLN","USD","0.27466"
"20251203","PLN","USD","0.27619"
"20251204","PLN","USD","0.27503"
"20251205","PLN","USD","0.27533"
"20251207","PLN","USD","0.27522"
"20251208","PLN","USD","0.27459"
"20251209","PLN","USD","0.27503"
"20251210","PLN","USD","0.27683"
"20251211","PLN","USD","0.27787"
"20251212","PLN","USD","0.27798"
"20251214","PLN","USD","0.27789"
"20251215","PLN","USD","0.27849"
"20251216","PLN","USD","0.27889"
"20251217","PLN","USD","0.27853"
"20251218","PLN","USD","0.27889"
"20251219","PLN","USD","0.27836"
"20251221","PLN","USD","0.27866"
"20251222","PLN","USD","0.27896"
"20251223","PLN","USD","0.27938"
"20251224","PLN","USD","0.27942"
"20251225","PLN","USD","0.27951"
"20251226","PLN","USD","0.27928"
"20251228","PLN","USD","0.27922"
"20251229","PLN","USD","0.27848"
"20251230","PLN","USD","0.27817"
"20251231","PLN","USD","0.27863"
"20260101","PLN","USD","0.27903"
"20260102","PLN","USD","0.27843"
"20260104","PLN","USD","0.27826"
"20260105","PLN","USD","0.27826"
"20260106","PLN","USD","0.27771"
"20260107","PLN","USD","0.27746"
"20260108","PLN","USD","0.27685"
"20260109","PLN","USD","0.27624"
"20260111","PLN","USD","0.27612"
"20260112","PLN","USD","0.27706"
"20260113","PLN","USD","0.27635"
"20260114","PLN","USD","0.27653"
"20260115","PLN","USD","0.27565"
"20260116","PLN","USD","0.27486"
"20260118","PLN","USD","0.27441"
"20260119","PLN","USD","0.27568"
"20260120","PLN","USD","0.27763"
"20260121","PLN","USD","0.2774"
"20260122","PLN","USD","0.27999"
"20260123","PLN","USD","0.28097"
"20260125","PLN","USD","0.28146"
"20260126","PLN","USD","0.28234"
"20260127","PLN","USD","0.28676"
"20260128","PLN","USD","0.2843"
"20260129","PLN","USD","0.28468"
"20260130","PLN","USD","0.28122"
"20260201","PLN","USD","0.2813"
"20260202","PLN","USD","0.27921"
"20260203","PLN","USD","0.2798"
"20260204","PLN","USD","0.27988"
"20260205","PLN","USD","0.27862"
"20260206","PLN","USD","0.28013"
"20260208","PLN","USD","0.28009"
"20260209","PLN","USD","0.28321"
"20260210","PLN","USD","0.28185"
"20260211","PLN","USD","0.28161"
"20260212","PLN","USD","0.2818"
"20260213","PLN","USD","0.28188"
"20260215","PLN","USD","0.28185"
"20260216","PLN","USD","0.28125"
"20260217","PLN","USD","0.28106"
"20260218","PLN","USD","0.27952"
"20260219","PLN","USD","0.2789"
"20260220","PLN","USD","0.27909"
"20260222","PLN","USD","0.27919"
"20260223","PLN","USD","0.27926"
"20260224","PLN","USD","0.27924"
"20260225","PLN","USD","0.28008"
"20260226","PLN","USD","0.27944"
"20260227","PLN","USD","0.2798"
"20260301","PLN","USD","0.27938"
"20260302","PLN","USD","0.27577"
"20260303","PLN","USD","0.27065"
"20260304","PLN","USD","0.27264"
"20260305","PLN","USD","0.2715"
"20260306","PLN","USD","0.27209"
"20260308","PLN","USD","0.27204"
"20260309","PLN","USD","0.2739"
"20260310","PLN","USD","0.2721"
"20260311","PLN","USD","0.27226"
"20260312","PLN","USD","0.26927"
"20260313","PLN","USD","0.26678"
"20260315","PLN","USD","0.26708"
"20260316","PLN","USD","0.26959"
"20260317","PLN","USD","0.27083"
"20260318","PLN","USD","0.2677"
"20260319","PLN","USD","0.27154"
"20260320","PLN","USD","0.27063"
"20260322","PLN","USD","0.27036"
"20260323","PLN","USD","0.27266"
"20260324","PLN","USD","0.27175"
"20260325","PLN","USD","0.27033"
"20260326","PLN","USD","0.26956"
"20260327","PLN","USD","0.26865"
"20260329","PLN","USD","0.26849"
"20260330","PLN","USD","0.26707"
"20260331","PLN","USD","0.26937"
"20260401","PLN","USD","0.27053"
"20260402","PLN","USD","0.26984"
"20260403","PLN","USD","0.26928"
"20260405","PLN","USD","0.26928"
"20260406","PLN","USD","0.27037"
"20260407","PLN","USD","0.27144"
"20260408","PLN","USD","0.27404"
"20260409","PLN","USD","0.27544"
"20260410","PLN","USD","0.27586"
"20260412","PLN","USD","0.27577"
"20260413","PLN","USD","0.27707"
"20260414","PLN","USD","0.27831"
"20260415","PLN","USD","0.27864"
"20260416","PLN","USD","0.27793"
"20260417","PLN","USD","0.27833"
"20260419","PLN","USD","0.27794"
"20260420","PLN","USD","0.27864"
"20260421","PLN","USD","0.27702"
"20260422","PLN","USD","0.27582"
"20260423","PLN","USD","0.27533"
"20260424","PLN","USD","0.27624"
"20260426","PLN","USD","0.27596"
"20260427","PLN","USD","0.27589"
"20260428","PLN","USD","0.27572"
"20260429","PLN","USD","0.27409"
"20260430","PLN","USD","0.27567"
"20260501","PLN","USD","0.27619"
"20260503","PLN","USD","0.27646"
"20260504","PLN","USD","0.27458"
"20260505","PLN","USD","0.27524"
"20260506","PLN","USD","0.27752"
"20260507","PLN","USD","0.27699"
"20260508","PLN","USD","0.27814"
"20260510","PLN","USD","0.27779"
"20260511","PLN","USD","0.27791"
"20260512","PLN","USD","0.27606"
"20260513","PLN","USD","0.27575"
"20260514","PLN","USD","0.27494"
"20260515","PLN","USD","0.27366"
"20260517","PLN","USD","0.27374"
"20260518","PLN","USD","0.2748"
"20260519","PLN","USD","0.27307"
"20260520","PLN","USD","0.27379"
"20260521","PLN","USD","0.27395"
"20260522","PLN","USD","0.2737"
"20260524","PLN","USD","0.27371"
"20260525","PLN","USD","0.27517"
"20260526","PLN","USD","0.27461"
"20260527","PLN","USD","0.27457"
"20260528","PLN","USD","0.27557"
"20260529","PLN","USD","0.27559"
"20260531","PLN","USD","0.2755"
"20260601","PLN","USD","0.27459"
"20260602","PLN","USD","0.27461"
"20260603","PLN","USD","0.27335"
"20260604","PLN","USD","0.27406"
"20260605","PLN","USD","0.27149"
"20260607","PLN","USD","0.27138"
"20260608","PLN","USD","0.27193"
"20260609","PLN","USD","0.27214"
"20260610","PLN","USD","0.27133"
"20260611","PLN","USD","0.27252"
"20260612","PLN","USD","0.27246"
"20260614","PLN","USD","0.27262"
"20260615","PLN","USD","0.27263"
"20260616","PLN","USD","0.27388"
"20260617","PLN","USD","0.27086"
"20260618","PLN","USD","0.26899"
"20260619","PLN","USD","0.26925"
"20260621","PLN","USD","0.26925"
"20260622","PLN","USD","0.26746"
"20260623","PLN","USD","0.26569"
"20260624","PLN","USD","0.26509"
"20260625","PLN","USD","0.26541"
"20260626","PLN","USD","0.26547"
"20260628","PLN","USD","0.26562"
"20260629","PLN","USD","0.26638"
"20260630","PLN","USD","0.2657"
"20260701","PLN","USD","0.26503"
"20260702","PLN","USD","0.2666"
"20260703","PLN","USD","0.26652"
"20260705","PLN","USD","0.26666"
"20260706","PLN","USD","0.26676"
"20260707","PLN","USD","0.26532"
"20260708","PLN","USD","0.26493"
"20260709","PLN","USD","0.26391"
"20260710","PLN","USD","0.26379"
"20260712","PLN","USD","0.26391"
"20260713","PLN","USD","0.2627"
"20260714","PLN","USD","0.26404"
"20260715","PLN","USD","0.26532"
"20260716","PLN","USD","0.26427"
"20260717","PLN","USD","0.26354"
"20260719","PLN","USD","0.26356"
"20260720","PLN","USD","0.26343"
"20260721","PLN","USD","0.26344"
"20260722","PLN","USD","0.2637"
"20260723","PLN","USD","0.2627"
"20260724","PLN","USD","0.26344"
"20260726","PLN","USD","0.26343"
"20260727","PLN","USD","0.26317"
"20260728","PLN","USD","0.26331"
"20260729","PLN","USD","0.26507"
"20260730","PLN","USD","0.2677"
"20260731","PLN","USD","0.2676"
"20260802","PLN","USD","0.26771"
"20260803","PLN","USD","0.26694"
"20260804","PLN","USD","0.2684"
"20260805","PLN","USD","0.26857"
"20260806","PLN","USD","0.2678"
"20260807","PLN","USD","0.26886"
"20260809","PLN","USD","0.26894"
"20260810","PLN","USD","0.26828"
"20260811","PLN","USD","0.26836"
"20260812","PLN","USD","0.26768"
"20260813","PLN","USD","0.2675"
"20260814","PLN","USD","0.26859"
"20260816","PLN","USD","0.26854"
"20260817","PLN","USD","0.26839"
"20260818","PLN","USD","0.26765"
"20260819","PLN","USD","0.27052"
"20260820","PLN","USD","0.27041"
"20260821","PLN","USD","0.27079"
"20260823","PLN","USD","0.27082"
"20260824","PLN","USD","0.27085"
"20260825","PLN","USD","0.27136"
"20260826","PLN","USD","0.27025"
"20260827","PLN","USD","0.26876"
"20260828","PLN","USD","0.26675"
"20260830","PLN","USD","0.26678"
"20260831","PLN","USD","0.26829"
"20260901","PLN","USD","0.26734"
"20260902","PLN","USD","0.26763"
"20260903","PLN","USD","0.26905"
"20260904","PLN","USD","0.26943"
"20260906","PLN","USD","0.26932"
"20260907","PLN","USD","0.26967"
"20260908","PLN","USD","0.26948"
"20260909","PLN","USD","0.26964"
"20260910","PLN","USD","0.26839"
"20260911","PLN","USD","0.26827"
"20260913","PLN","USD","0.26822"
"20260914","PLN","USD","0.26609"
"20260915","PLN","USD","0.26581"
"20260916","PLN","USD","0.26283"
"20260917","PLN","USD","0.26336"
"20260918","PLN","USD","0.26321"
"20260920","PLN","USD","0.26316"
"20260921","PLN","USD","0.2638"
"20260922","PLN","USD","0.26321"
"20260923","PLN","USD","0.26012"
"20250924","GBP","USD","1.3447"
"20250925","GBP","USD","1.3344"
"20250926","GBP","USD","1.3404"
"20250928","GBP","USD","1.3404"
"20250929","GBP","USD","1.343"
"20250930","GBP","USD","1.3445"
"20251001","GBP","USD","1.3477"
"20251002","GBP","USD","1.344"
"20251003","GBP","USD","1.3479"
"20251005","GBP","USD","1.3438"
"20251006","GBP","USD","1.3485"
"20251007","GBP","USD","1.3424"
"20251008","GBP","USD","1.3404"
"20251009","GBP","USD","1.3304"
"20251010","GBP","USD","1.336"
"20251012","GBP","USD","1.3351"
"20251013","GBP","USD","1.3333"
"20251014","GBP","USD","1.332"
"20251015","GBP","USD","1.3402"
"20251016","GBP","USD","1.3434"
"20251017","GBP","USD","1.3426"
"20251019","GBP","USD","1.343"
"20251020","GBP","USD","1.3405"
"20251021","GBP","USD","1.3369"
"20251022","GBP","USD","1.3356"
"20251023","GBP","USD","1.3326"
"20251024","GBP","USD","1.3314"
"20251026","GBP","USD","1.3314"
"20251027","GBP","USD","1.3335"
"20251028","GBP","USD","1.3272"
"20251029","GBP","USD","1.3195"
"20251030","GBP","USD","1.3151"
"20251031","GBP","USD","1.3153"
"20251102","GBP","USD","1.3134"
"20251103","GBP","USD","1.314"
"20251104","GBP","USD","1.302"
"20251105","GBP","USD","1.3051"
"20251106","GBP","USD","1.3138"
"20251107","GBP","USD","1.3163"
"20251109","GBP","USD","1.3149"
"20251110","GBP","USD","1.3175"
"20251111","GBP","USD","1.315"
"20251112","GBP","USD","1.3133"
"20251113","GBP","USD","1.3192"
"20251114","GBP","USD","1.3172"
"20251116","GBP","USD","1.3154"
"20251117","GBP","USD","1.3155"
"20251118","GBP","USD","1.3145"
"20251119","GBP","USD","1.3059"
"20251120","GBP","USD","1.3073"
"20251121","GBP","USD","1.3098"
"20251123","GBP","USD","1.3102"
"20251124","GBP","USD","1.3104"
"20251125","GBP","USD","1.3165"
"20251126","GBP","USD","1.3243"
"20251127","GBP","USD","1.324"
"20251128","GBP","USD","1.3238"
"20251130","GBP","USD","1.3226"
"20251201","GBP","USD","1.3214"
"20251202","GBP","USD","1.3213"
"20251203","GBP","USD","1.3353"
"20251204","GBP","USD","1.3327"
"20251205","GBP","USD","1.3332"
"20251207","GBP","USD","1.3322"
"20251208","GBP","USD","1.3321"
"20251209","GBP","USD","1.3298"
"20251210","GBP","USD","1.3382"
"20251211","GBP","USD","1.3387"
"20251212","GBP","USD","1.3371"
"20251214","GBP","USD","1.3379"
"20251215","GBP","USD","1.3377"
"20251216","GBP","USD","1.3423"
"20251217","GBP","USD","1.3375"
"20251218","GBP","USD","1.3382"
"20251219","GBP","USD","1.3378"
"20251221","GBP","USD","1.3379"
"20251222","GBP","USD","1.3462"
"20251223","GBP","USD","1.3518"
"20251224","GBP","USD","1.3506"
"20251225","GBP","USD","1.3524"
"20251226","GBP","USD","1.35"
"20251228","GBP","USD","1.35"
"20251229","GBP","USD","1.3513"
"20251230","GBP","USD","1.3469"
"20251231","GBP","USD","1.3474"
"20260101","GBP","USD","1.3474"
"20260102","GBP","USD","1.346"
"20260104","GBP","USD","1.3466"
"20260105","GBP","USD","1.3542"
"20260106","GBP","USD","1.3502"
"20260107","GBP","USD","1.3458"
"20260108","GBP","USD","1.344"
"20260109","GBP","USD","1.3402"
"20260111","GBP","USD","1.3397"
"20260112","GBP","USD","1.3464"
"20260113","GBP","USD","1.3422"
"20260114","GBP","USD","1.3445"
"20260115","GBP","USD","1.3382"
"20260116","GBP","USD","1.3382"
"20260118","GBP","USD","1.3352"
"20260119","GBP","USD","1.3425"
"20260120","GBP","USD","1.3442"
"20260121","GBP","USD","1.3431"
"20260122","GBP","USD","1.3502"
"20260123","GBP","USD","1.3645"
"20260125","GBP","USD","1.366"
"20260126","GBP","USD","1.368"
"20260127","GBP","USD","1.3848"
"20260128","GBP","USD","1.3808"
"20260129","GBP","USD","1.3811"
"20260130","GBP","USD","1.3688"
"20260201","GBP","USD","1.3684"
"20260202","GBP","USD","1.3667"
"20260203","GBP","USD","1.3698"
"20260204","GBP","USD","1.3653"
"20260205","GBP","USD","1.353"
"20260206","GBP","USD","1.3614"
"20260208","GBP","USD","1.3597"
"20260209","GBP","USD","1.3696"
"20260210","GBP","USD","1.3643"
"20260211","GBP","USD","1.3628"
"20260212","GBP","USD","1.3623"
"20260213","GBP","USD","1.3652"
"20260215","GBP","USD","1.365"
"20260216","GBP","USD","1.3631"
"20260217","GBP","USD","1.3569"
"20260218","GBP","USD","1.3494"
"20260219","GBP","USD","1.3465"
"20260220","GBP","USD","1.3484"
"20260222","GBP","USD","1.3488"
"20260223","GBP","USD","1.3493"
"20260224","GBP","USD","1.3489"
"20260225","GBP","USD","1.3559"
"20260226","GBP","USD","1.3483"
"20260227","GBP","USD","1.3487"
"20260301","GBP","USD","1.3486"
"20260302","GBP","USD","1.3406"
"20260303","GBP","USD","1.3357"
"20260304","GBP","USD","1.3374"
"20260305","GBP","USD","1.3358"
"20260306","GBP","USD","1.3414"
"20260308","GBP","USD","1.3339"
"20260309","GBP","USD","1.3441"
"20260310","GBP","USD","1.3417"
"20260311","GBP","USD","1.3412"
"20260312","GBP","USD","1.3343"
"20260313","GBP","USD","1.3226"
"20260315","GBP","USD","1.3234"
"20260316","GBP","USD","1.3319"
"20260317","GBP","USD","1.3356"
"20260318","GBP","USD","1.3258"
"20260319","GBP","USD","1.3431"
"20260320","GBP","USD","1.3341"
"20260322","GBP","USD","1.331"
"20260323","GBP","USD","1.3427"
"20260324","GBP","USD","1.3411"
"20260325","GBP","USD","1.3366"
"20260326","GBP","USD","1.333"
"20260327","GBP","USD","1.326"
"20260329","GBP","USD","1.3262"
"20260330","GBP","USD","1.3184"
"20260331","GBP","USD","1.3226"
"20260401","GBP","USD","1.3307"
"20260402","GBP","USD","1.3227"
"20260403","GBP","USD","1.3193"
"20260405","GBP","USD","1.3193"
"20260406","GBP","USD","1.3236"
"20260407","GBP","USD","1.3294"
"20260408","GBP","USD","1.3395"
"20260409","GBP","USD","1.3436"
"20260410","GBP","USD","1.3463"
"20260412","GBP","USD","1.339"
"20260413","GBP","USD","1.3507"
"20260414","GBP","USD","1.3567"
"20260415","GBP","USD","1.3561"
"20260416","GBP","USD","1.3527"
"20260417","GBP","USD","1.3517"
"20260419","GBP","USD","1.35"
"20260420","GBP","USD","1.3534"
"20260421","GBP","USD","1.3509"
"20260422","GBP","USD","1.3503"
"20260423","GBP","USD","1.3466"
"20260424","GBP","USD","1.3532"
"20260426","GBP","USD","1.3506"
"20260427","GBP","USD","1.3534"
"20260428","GBP","USD","1.3518"
"20260429","GBP","USD","1.3476"
"20260430","GBP","USD","1.3604"
"20260501","GBP","USD","1.3576"
"20260503","GBP","USD","1.36"
"20260504","GBP","USD","1.3532"
"20260505","GBP","USD","1.3539"
"20260506","GBP","USD","1.3593"
"20260507","GBP","USD","1.3551"
"20260508","GBP","USD","1.3633"
"20260510","GBP","USD","1.3602"
"20260511","GBP","USD","1.361"
"20260512","GBP","USD","1.354"
"20260513","GBP","USD","1.3524"
"20260514","GBP","USD","1.3402"
"20260515","GBP","USD","1.3324"
"20260517","GBP","USD","1.3326"
"20260518","GBP","USD","1.3433"
"20260519","GBP","USD","1.3394"
"20260520","GBP","USD","1.3435"
"20260521","GBP","USD","1.3431"
"20260522","GBP","USD","1.3431"
"20260524","GBP","USD","1.3461"
"20260525","GBP","USD","1.3506"
"20260526","GBP","USD","1.3447"
"20260527","GBP","USD","1.3428"
"20260528","GBP","USD","1.3444"
"20260529","GBP","USD","1.3456"
"20260531","GBP","USD","1.3458"
"20260601","GBP","USD","1.3455"
"20260602","GBP","USD","1.3465"
"20260603","GBP","USD","1.3418"
"20260604","GBP","USD","1.3424"
"20260605","GBP","USD","1.3342"
"20260607","GBP","USD","1.333"
"20260608","GBP","USD","1.334"
"20260609","GBP","USD","1.3379"
"20260610","GBP","USD","1.3368"
"20260611","GBP","USD","1.3417"
"20260612","GBP","USD","1.3408"
"20260614","GBP","USD","1.3408"
"20260615","GBP","USD","1.3413"
"20260616","GBP","USD","1.3427"
"20260617","GBP","USD","1.3294"
"20260618","GBP","USD","1.3205"
"20260619","GBP","USD","1.3233"
"20260621","GBP","USD","1.319"
"20260622","GBP","USD","1.3249"
"20260623","GBP","USD","1.3204"
"20260624","GBP","USD","1.3168"
"20260625","GBP","USD","1.3191"
"20260626","GBP","USD","1.3202"
"20260628","GBP","USD","1.3206"
"20260629","GBP","USD","1.3259"
"20260630","GBP","USD","1.3261"
"20260701","GBP","USD","1.3275"
"20260702","GBP","USD","1.3347"
"20260703","GBP","USD","1.3353"
"20260705","GBP","USD","1.3352"
"20260706","GBP","USD","1.339"
"20260707","GBP","USD","1.3359"
"20260708","GBP","USD","1.3389"
"20260709","GBP","USD","1.3409"
"20260710","GBP","USD","1.3402"
"20260712","GBP","USD","1.3387"
"20260713","GBP","USD","1.3347"
"20260714","GBP","USD","1.3391"
"20260715","GBP","USD","1.354"
"20260716","GBP","USD","1.3479"
"20260717","GBP","USD","1.3453"
"20260719","GBP","USD","1.3452"
"20260720","GBP","USD","1.3431"
"20260721","GBP","USD","1.3375"
"20260722","GBP","USD","1.3375"
"20260723","GBP","USD","1.3315"
"20260724","GBP","USD","1.3324"
"20260726","GBP","USD","1.3336"
"20260727","GBP","USD","1.3288"
"20260728","GBP","USD","1.3289"
"20260729","GBP","USD","1.3368"
"20260730","GBP","USD","1.3466"
"20260731","GBP","USD","1.3483"
"20260802","GBP","USD","1.349"
"20260803","GBP","USD","1.3433"
"20260804","GBP","USD","1.3452"
"20260805","GBP","USD","1.3468"
"20260806","GBP","USD","1.3454"
"20260807","GBP","USD","1.3492"
"20260809","GBP","USD","1.3498"
"20260810","GBP","USD","1.3507"
"20260811","GBP","USD","1.3508"
"20260812","GBP","USD","1.3495"
"20260813","GBP","USD","1.3487"
"20260814","GBP","USD","1.3534"
"20260816","GBP","USD","1.3541"
"20260817","GBP","USD","1.3543"
"20260818","GBP","USD","1.3532"
"20260819","GBP","USD","1.3606"
"20260820","GBP","USD","1.3631"
"20260821","GBP","USD","1.3644"
"20260823","GBP","USD","1.3632"
"20260824","GBP","USD","1.3631"
"20260825","GBP","USD","1.3648"
"20260826","GBP","USD","1.3597"
"20260827","GBP","USD","1.3593"
"20260828","GBP","USD","1.3535"
"20260830","GBP","USD","1.3534"
"20260831","GBP","USD","1.3549"
"20260901","GBP","USD","1.3516"
"20260902","GBP","USD","1.3486"
"20260903","GBP","USD","1.3525"
"20260904","GBP","USD","1.3522"
"20260906","GBP","USD","1.3518"
"20260907","GBP","USD","1.3541"
"20260908","GBP","USD","1.354"
"20260909","GBP","USD","1.3547"
"20260910","GBP","USD","1.3512"
"20260911","GBP","USD","1.3525"
"20260913","GBP","USD","1.3525"
"20260914","GBP","USD","1.35"
"20260915","GBP","USD","1.3477"
"20260916","GBP","USD","1.338"
"20260917","GBP","USD","1.3358"
"20260918","GBP","USD","1.3395"
"20260920","GBP","USD","1.3391"
"20260921","GBP","USD","1.3368"
"20260922","GBP","USD","1.3343"
"20260923","GBP","USD","1.324"
"20250924","IDR","USD","0.00005997"
"20250925","IDR","USD","0.000059737"
"20250926","IDR","USD","0.000059773"
"20250928","IDR","USD","0.000059773"
"20250929","IDR","USD","0.000059988"
"20250930","IDR","USD","0.000060006"
"20251001","IDR","USD","0.000060223"
"20251002","IDR","USD","0.000060295"
"20251003","IDR","USD","0.000060478"
"20251005","IDR","USD","0.000060478"
"20251006","IDR","USD","0.000060423"
"20251007","IDR","USD","0.000060459"
"20251008","IDR","USD","0.000060386"
"20251009","IDR","USD","0.000060441"
"20251010","IDR","USD","0.000060423"
"20251012","IDR","USD","0.000060423"
"20251013","IDR","USD","0.000060386"
"20251014","IDR","USD","0.000060332"
"20251015","IDR","USD","0.000060368"
"20251016","IDR","USD","0.00006035"
"20251017","IDR","USD","0.000060314"
"20251019","IDR","USD","0.000060314"
"20251020","IDR","USD","0.000060332"
"20251021","IDR","USD","0.000060277"
"20251022","IDR","USD","0.000060332"
"20251023","IDR","USD","0.000060168"
"20251024","IDR","USD","0.000060259"
"20251026","IDR","USD","0.000060259"
"20251027","IDR","USD","0.000060187"
"20251028","IDR","USD","0.000060223"
"20251029","IDR","USD","0.000060187"
"20251030","IDR","USD","0.000060096"
"20251031","IDR","USD","0.000060132"
"20251102","IDR","USD","0.000060132"
"20251103","IDR","USD","0.000060042"
"20251104","IDR","USD","0.000059891"
"20251105","IDR","USD","0.000059862"
"20251106","IDR","USD","0.000059902"
"20251107","IDR","USD","0.000059936"
"20251109","IDR","USD","0.000059936"
"20251110","IDR","USD","0.00006006"
"20251111","IDR","USD","0.000059934"
"20251112","IDR","USD","0.000059891"
"20251113","IDR","USD","0.000059791"
"20251114","IDR","USD","0.000059902"
"20251116","IDR","USD","0.000059902"
"20251117","IDR","USD","0.000059791"
"20251118","IDR","USD","0.000059737"
"20251119","IDR","USD","0.000059907"
"20251120","IDR","USD","0.000059773"
"20251121","IDR","USD","0.000059902"
"20251123","IDR","USD","0.000059902"
"20251124","IDR","USD","0.000059907"
"20251125","IDR","USD","0.000060024"
"20251126","IDR","USD","0.000060024"
"20251127","IDR","USD","0.000060096"
"20251128","IDR","USD","0.000060042"
"20251130","IDR","USD","0.000060042"
"20251201","IDR","USD","0.000060042"
"20251202","IDR","USD","0.000060168"
"20251203","IDR","USD","0.000060168"
"20251204","IDR","USD","0.000060078"
"20251205","IDR","USD","0.000060096"
"20251207","IDR","USD","0.000060096"
"20251208","IDR","USD","0.000059916"
"20251209","IDR","USD","0.000060006"
"20251210","IDR","USD","0.000059934"
"20251211","IDR","USD","0.000059988"
"20251212","IDR","USD","0.000060096"
"20251214","IDR","USD","0.000060096"
"20251215","IDR","USD","0.000060006"
"20251216","IDR","USD","0.000059916"
"20251217","IDR","USD","0.000059934"
"20251218","IDR","USD","0.000059827"
"20251219","IDR","USD","0.000059737"
"20251221","IDR","USD","0.000059737"
"20251222","IDR","USD","0.00005963"
"20251223","IDR","USD","0.00005963"
"20251224","IDR","USD","0.000059684"
"20251225","IDR","USD","0.000059684"
"20251226","IDR","USD","0.000059684"
"20251228","IDR","USD","0.000059684"
"20251229","IDR","USD","0.000059577"
"20251230","IDR","USD","0.000059666"
"20251231","IDR","USD","0.00005997"
"20260101","IDR","USD","0.00005997"
"20260102","IDR","USD","0.000059809"
"20260104","IDR","USD","0.000059809"
"20260105","IDR","USD","0.000059737"
"20260106","IDR","USD","0.000059701"
"20260107","IDR","USD","0.000059613"
"20260108","IDR","USD","0.000059559"
"20260109","IDR","USD","0.000059524"
"20260111","IDR","USD","0.000059524"
"20260112","IDR","USD","0.000059418"
"20260113","IDR","USD","0.000059294"
"20260114","IDR","USD","0.000059312"
"20260115","IDR","USD","0.000059224"
"20260116","IDR","USD","0.000059224"
"20260118","IDR","USD","0.000059224"
"20260119","IDR","USD","0.000059032"
"20260120","IDR","USD","0.000058997"
"20260121","IDR","USD","0.000059049"
"20260122","IDR","USD","0.000059224"
"20260123","IDR","USD","0.000059471"
"20260125","IDR","USD","0.000059471"
"20260126","IDR","USD","0.000059613"
"20260127","IDR","USD","0.000059648"
"20260128","IDR","USD","0.000059862"
"20260129","IDR","USD","0.00005971"
"20260130","IDR","USD","0.000059577"
"20260201","IDR","USD","0.000059577"
"20260202","IDR","USD","0.000059559"
"20260203","IDR","USD","0.000059666"
"20260204","IDR","USD","0.00005963"
"20260205","IDR","USD","0.000059418"
"20260206","IDR","USD","0.000059294"
"20260208","IDR","USD","0.000059294"
"20260209","IDR","USD","0.000059524"
"20260210","IDR","USD","0.000059542"
"20260211","IDR","USD","0.000059595"
"20260212","IDR","USD","0.000059471"
"20260213","IDR","USD","0.000059418"
"20260215","IDR","USD","0.000059418"
"20260216","IDR","USD","0.000059418"
"20260217","IDR","USD","0.000059418"
"20260218","IDR","USD","0.000059242"
"20260219","IDR","USD","0.000059259"
"20260220","IDR","USD","0.000059294"
"20260222","IDR","USD","0.000059294"
"20260223","IDR","USD","0.000059559"
"20260224","IDR","USD","0.000059453"
"20260225","IDR","USD","0.000059577"
"20260226","IDR","USD","0.000059684"
"20260227","IDR","USD","0.000059648"
"20260301","IDR","USD","0.000059648"
"20260302","IDR","USD","0.000059312"
"20260303","IDR","USD","0.00005933"
"20260304","IDR","USD","0.000059224"
"20260305","IDR","USD","0.000059242"
"20260306","IDR","USD","0.000059154"
"20260308","IDR","USD","0.000059154"
"20260309","IDR","USD","0.000059032"
"20260310","IDR","USD","0.000059321"
"20260311","IDR","USD","0.000059277"
"20260312","IDR","USD","0.000059207"
"20260313","IDR","USD","0.000059032"
"20260315","IDR","USD","0.000059032"
"20260316","IDR","USD","0.000058858"
"20260317","IDR","USD","0.000058893"
"20260318","IDR","USD","0.000058893"
"20260319","IDR","USD","0.000058893"
"20260320","IDR","USD","0.000058893"
"20260322","IDR","USD","0.000058893"
"20260323","IDR","USD","0.000058893"
"20260324","IDR","USD","0.000058893"
"20260325","IDR","USD","0.000059137"
"20260326","IDR","USD","0.000059172"
"20260327","IDR","USD","0.000058945"
"20260329","IDR","USD","0.000058945"
"20260330","IDR","USD","0.000058858"
"20260331","IDR","USD","0.000058843"
"20260401","IDR","USD","0.000058893"
"20260402","IDR","USD","0.000058843"
"20260403","IDR","USD","0.000058843"
"20260405","IDR","USD","0.000058843"
"20260406","IDR","USD","0.000058703"
"20260407","IDR","USD","0.000058498"
"20260408","IDR","USD","0.000058789"
"20260409","IDR","USD","0.000058531"
"20260410","IDR","USD","0.000058514"
"20260412","IDR","USD","0.000058514"
"20260413","IDR","USD","0.00005848"
"20260414","IDR","USD","0.000058428"
"20260415","IDR","USD","0.00005836"
"20260416","IDR","USD","0.000058377"
"20260417","IDR","USD","0.00005819"
"20260419","IDR","USD","0.00005819"
"20260420","IDR","USD","0.000058241"
"20260421","IDR","USD","0.000058329"
"20260422","IDR","USD","0.000058224"
"20260423","IDR","USD","0.000057854"
"20260424","IDR","USD","0.000058165"
"20260426","IDR","USD","0.000058165"
"20260427","IDR","USD","0.000058173"
"20260428","IDR","USD","0.000058089"
"20260429","IDR","USD","0.00005787"
"20260430","IDR","USD","0.00005777"
"20260501","IDR","USD","0.00005777"
"20260503","IDR","USD","0.00005777"
"20260504","IDR","USD","0.000057571"
"20260505","IDR","USD","0.000057422"
"20260506","IDR","USD","0.000057521"
"20260507","IDR","USD","0.000057687"
"20260508","IDR","USD","0.000057587"
"20260510","IDR","USD","0.000057587"
"20260511","IDR","USD","0.000057438"
"20260512","IDR","USD","0.000057161"
"20260513","IDR","USD","0.000057257"
"20260514","IDR","USD","0.000057257"
"20260515","IDR","USD","0.000057257"
"20260517","IDR","USD","0.000057257"
"20260518","IDR","USD","0.000056673"
"20260519","IDR","USD","0.000056497"
"20260520","IDR","USD","0.000056802"
"20260521","IDR","USD","0.000056673"
"20260522","IDR","USD","0.000056513"
"20260524","IDR","USD","0.000056513"
"20260525","IDR","USD","0.000056386"
"20260526","IDR","USD","0.000056243"
"20260527","IDR","USD","0.000056243"
"20260528","IDR","USD","0.000056243"
"20260529","IDR","USD","0.00005596"
"20260531","IDR","USD","0.00005596"
"20260601","IDR","USD","0.00005596"
"20260602","IDR","USD","0.00005607"
"20260603","IDR","USD","0.000055726"
"20260604","IDR","USD","0.000055479"
"20260605","IDR","USD","0.000055509"
"20260607","IDR","USD","0.000055509"
"20260608","IDR","USD","0.000055021"
"20260609","IDR","USD","0.000055386"
"20260610","IDR","USD","0.000055703"
"20260611","IDR","USD","0.000055617"
"20260612","IDR","USD","0.00005596"
"20260614","IDR","USD","0.00005596"
"20260615","IDR","USD","0.000056515"
"20260616","IDR","USD","0.000056515"
"20260617","IDR","USD","0.000056386"
"20260618","IDR","USD","0.000056481"
"20260619","IDR","USD","0.000056243"
"20260621","IDR","USD","0.000056243"
"20260622","IDR","USD","0.000056085"
"20260623","IDR","USD","0.000056054"
"20260624","IDR","USD","0.000055772"
"20260625","IDR","USD","0.000055804"
"20260626","IDR","USD","0.000055835"
"20260628","IDR","USD","0.000055835"
"20260629","IDR","USD","0.000056054"
"20260630","IDR","USD","0.000055928"
"20260701","IDR","USD","0.000055757"
"20260702","IDR","USD","0.000055577"
"20260703","IDR","USD","0.00005571"
"20260705","IDR","USD","0.00005571"
"20260706","IDR","USD","0.000055586"
"20260707","IDR","USD","0.000055633"
"20260708","IDR","USD","0.000055574"
"20260709","IDR","USD","0.000055325"
"20260710","IDR","USD","0.000055402"
"20260712","IDR","USD","0.000055402"
"20260713","IDR","USD","0.000055233"
"20260714","IDR","USD","0.000055294"
"20260715","IDR","USD","0.000055356"
"20260716","IDR","USD","0.000055602"
"20260717","IDR","USD","0.000055897"
"20260719","IDR","USD","0.000055897"
"20260720","IDR","USD","0.000055757"
"20260721","IDR","USD","0.000055913"
"20260722","IDR","USD","0.000055928"
"20260723","IDR","USD","0.000055882"
"20260724","IDR","USD","0.000055741"
"20260726","IDR","USD","0.000055741"
"20260727","IDR","USD","0.00005554"
"20260728","IDR","USD","0.000055371"
"20260729","IDR","USD","0.000055402"
"20260730","IDR","USD","0.00005531"
"20260731","IDR","USD","0.000055574"
"20260802","IDR","USD","0.000055574"
"20260803","IDR","USD","0.000055602"
"20260804","IDR","USD","0.000055494"
"20260805","IDR","USD","0.000055772"
"20260806","IDR","USD","0.000055819"
"20260807","IDR","USD","0.000055897"
"20260809","IDR","USD","0.000055897"
"20260810","IDR","USD","0.000056322"
"20260811","IDR","USD","0.00005607"
"20260812","IDR","USD","0.00005596"
"20260813","IDR","USD","0.000055975"
"20260814","IDR","USD","0.000056101"
"20260816","IDR","USD","0.000056101"
"20260817","IDR","USD","0.000056101"
"20260818","IDR","USD","0.000056007"
"20260819","IDR","USD","0.000056085"
"20260820","IDR","USD","0.000056362"
"20260821","IDR","USD","0.000056529"
"20260823","IDR","USD","0.000056529"
"20260824","IDR","USD","0.000056465"
"20260825","IDR","USD","0.000056465"
"20260826","IDR","USD","0.000056497"
"20260827","IDR","USD","0.000056433"
"20260828","IDR","USD","0.000056529"
"20260830","IDR","USD","0.000056529"
"20260831","IDR","USD","0.000056449"
"20260901","IDR","USD","0.000056449"
"20260902","IDR","USD","0.000056322"
"20260903","IDR","USD","0.000056641"
"20260904","IDR","USD","0.000056705"
"20260906","IDR","USD","0.000056705"
"20260907","IDR","USD","0.000056705"
"20260908","IDR","USD","0.000056721"
"20260909","IDR","USD","0.000057127"
"20260910","IDR","USD","0.000057029"
"20260911","IDR","USD","0.00005685"
"20260913","IDR","USD","0.00005685"
"20260914","IDR","USD","0.000056673"
"20260915","IDR","USD","0.000056545"
"20260916","IDR","USD","0.000056561"
"20260917","IDR","USD","0.00005637"
"20260918","IDR","USD","0.000056386"
"20260920","IDR","USD","0.000056386"
"20260921","IDR","USD","0.000056085"
"20260922","IDR","USD","0.000056007"
"20260923","IDR","USD","0.00005618"
"20250924","HUF","USD","0.0029987"
"20250925","HUF","USD","0.0029785"
"20250926","HUF","USD","0.0029945"
"20250928","HUF","USD","0.0029946"
"20250929","HUF","USD","0.0029962"
"20250930","HUF","USD","0.0030085"
"20251001","HUF","USD","0.0030151"
"20251002","HUF","USD","0.0030106"
"20251003","HUF","USD","0.0030245"
"20251005","HUF","USD","0.0030199"
"20251006","HUF","USD","0.0030133"
"20251007","HUF","USD","0.0029666"
"20251008","HUF","USD","0.0029709"
"20251009","HUF","USD","0.0029558"
"20251010","HUF","USD","0.0029598"
"20251012","HUF","USD","0.0029647"
"20251013","HUF","USD","0.002954"
"20251014","HUF","USD","0.0029631"
"20251015","HUF","USD","0.0029814"
"20251016","HUF","USD","0.0029976"
"20251017","HUF","USD","0.0029926"
"20251019","HUF","USD","0.0029966"
"20251020","HUF","USD","0.0029932"
"20251021","HUF","USD","0.0029808"
"20251022","HUF","USD","0.0029832"
"20251023","HUF","USD","0.0029763"
"20251024","HUF","USD","0.0029806"
"20251026","HUF","USD","0.0029823"
"20251027","HUF","USD","0.0029971"
"20251028","HUF","USD","0.0030016"
"20251029","HUF","USD","0.0029857"
"20251030","HUF","USD","0.0029773"
"20251031","HUF","USD","0.0029728"
"20251102","HUF","USD","0.0029718"
"20251103","HUF","USD","0.0029734"
"20251104","HUF","USD","0.0029576"
"20251105","HUF","USD","0.0029712"
"20251106","HUF","USD","0.0029911"
"20251107","HUF","USD","0.0030065"
"20251109","HUF","USD","0.0030041"
"20251110","HUF","USD","0.0030136"
"20251111","HUF","USD","0.0030095"
"20251112","HUF","USD","0.0030148"
"20251113","HUF","USD","0.0030264"
"20251114","HUF","USD","0.0030233"
"20251116","HUF","USD","0.003023"
"20251117","HUF","USD","0.0030134"
"20251118","HUF","USD","0.0030174"
"20251119","HUF","USD","0.0030228"
"20251120","HUF","USD","0.0030153"
"20251121","HUF","USD","0.0030025"
"20251123","HUF","USD","0.0029994"
"20251124","HUF","USD","0.0030123"
"20251125","HUF","USD","0.0030263"
"20251126","HUF","USD","0.0030349"
"20251127","HUF","USD","0.0030399"
"20251128","HUF","USD","0.0030392"
"20251130","HUF","USD","0.0030381"
"20251201","HUF","USD","0.0030482"
"20251202","HUF","USD","0.0030528"
"20251203","HUF","USD","0.0030639"
"20251204","HUF","USD","0.0030408"
"20251205","HUF","USD","0.0030486"
"20251207","HUF","USD","0.0030497"
"20251208","HUF","USD","0.0030248"
"20251209","HUF","USD","0.0030306"
"20251210","HUF","USD","0.0030574"
"20251211","HUF","USD","0.0030668"
"20251212","HUF","USD","0.0030489"
"20251214","HUF","USD","0.0030522"
"20251215","HUF","USD","0.0030554"
"20251216","HUF","USD","0.0030464"
"20251217","HUF","USD","0.003018"
"20251218","HUF","USD","0.0030242"
"20251219","HUF","USD","0.0030289"
"20251221","HUF","USD","0.0030293"
"20251222","HUF","USD","0.0030266"
"20251223","HUF","USD","0.0030167"
"20251224","HUF","USD","0.0030279"
"20251225","HUF","USD","0.0030254"
"20251226","HUF","USD","0.0030423"
"20251228","HUF","USD","0.0030431"
"20251229","HUF","USD","0.0030482"
"20251230","HUF","USD","0.0030438"
"20251231","HUF","USD","0.0030546"
"20260101","HUF","USD","0.0030582"
"20260102","HUF","USD","0.0030582"
"20260104","HUF","USD","0.0030583"
"20260105","HUF","USD","0.0030526"
"20260106","HUF","USD","0.0030394"
"20260107","HUF","USD","0.0030348"
"20260108","HUF","USD","0.0030282"
"20260109","HUF","USD","0.0030175"
"20260111","HUF","USD","0.0030165"
"20260112","HUF","USD","0.0030128"
"20260113","HUF","USD","0.0030132"
"20260114","HUF","USD","0.0030175"
"20260115","HUF","USD","0.0030128"
"20260116","HUF","USD","0.0030116"
"20260118","HUF","USD","0.0030057"
"20260119","HUF","USD","0.0030204"
"20260120","HUF","USD","0.0030448"
"20260121","HUF","USD","0.0030416"
"20260122","HUF","USD","0.0030762"
"20260123","HUF","USD","0.003093"
"20260125","HUF","USD","0.0031044"
"20260126","HUF","USD","0.0031131"
"20260127","HUF","USD","0.0031689"
"20260128","HUF","USD","0.003146"
"20260129","HUF","USD","0.0031458"
"20260130","HUF","USD","0.0031087"
"20260201","HUF","USD","0.0031112"
"20260202","HUF","USD","0.0030942"
"20260203","HUF","USD","0.0031022"
"20260204","HUF","USD","0.0031094"
"20260205","HUF","USD","0.0030993"
"20260206","HUF","USD","0.0031284"
"20260208","HUF","USD","0.0031273"
"20260209","HUF","USD","0.0031632"
"20260210","HUF","USD","0.0031455"
"20260211","HUF","USD","0.0031297"
"20260212","HUF","USD","0.003133"
"20260213","HUF","USD","0.0031304"
"20260215","HUF","USD","0.0031323"
"20260216","HUF","USD","0.0031383"
"20260217","HUF","USD","0.0031364"
"20260218","HUF","USD","0.0031095"
"20260219","HUF","USD","0.0031042"
"20260220","HUF","USD","0.0030964"
"20260222","HUF","USD","0.003101"
"20260223","HUF","USD","0.0031063"
"20260224","HUF","USD","0.0031117"
"20260225","HUF","USD","0.0031476"
"20260226","HUF","USD","0.0031391"
"20260227","HUF","USD","0.0031359"
"20260301","HUF","USD","0.0031316"
"20260302","HUF","USD","0.0030785"
"20260303","HUF","USD","0.0030003"
"20260304","HUF","USD","0.0030275"
"20260305","HUF","USD","0.0029935"
"20260306","HUF","USD","0.0029614"
"20260308","HUF","USD","0.0029602"
"20260309","HUF","USD","0.0030005"
"20260310","HUF","USD","0.0030014"
"20260311","HUF","USD","0.0029832"
"20260312","HUF","USD","0.0029336"
"20260313","HUF","USD","0.0029018"
"20260315","HUF","USD","0.0029023"
"20260316","HUF","USD","0.002948"
"20260317","HUF","USD","0.0029699"
"20260318","HUF","USD","0.0029093"
"20260319","HUF","USD","0.0029664"
"20260320","HUF","USD","0.0029422"
"20260322","HUF","USD","0.0029427"
"20260323","HUF","USD","0.0029948"
"20260324","HUF","USD","0.0029759"
"20260325","HUF","USD","0.0029881"
"20260326","HUF","USD","0.0029709"
"20260327","HUF","USD","0.0029548"
"20260329","HUF","USD","0.0029554"
"20260330","HUF","USD","0.0029541"
"20260331","HUF","USD","0.0030083"
"20260401","HUF","USD","0.0030221"
"20260402","HUF","USD","0.0030023"
"20260403","HUF","USD","0.0029928"
"20260405","HUF","USD","0.0029928"
"20260406","HUF","USD","0.0030259"
"20260407","HUF","USD","0.0030443"
"20260408","HUF","USD","0.0030973"
"20260409","HUF","USD","0.0031074"
"20260410","HUF","USD","0.0031252"
"20260412","HUF","USD","0.0031222"
"20260413","HUF","USD","0.0032371"
"20260414","HUF","USD","0.0032449"
"20260415","HUF","USD","0.0032483"
"20260416","HUF","USD","0.0032274"
"20260417","HUF","USD","0.0032535"
"20260419","HUF","USD","0.0032546"
"20260420","HUF","USD","0.0032589"
"20260421","HUF","USD","0.0032288"
"20260422","HUF","USD","0.0032109"
"20260423","HUF","USD","0.0031839"
"20260424","HUF","USD","0.0032115"
"20260426","HUF","USD","0.0032099"
"20260427","HUF","USD","0.0032172"
"20260428","HUF","USD","0.0032199"
"20260429","HUF","USD","0.0031912"
"20260430","HUF","USD","0.0032186"
"20260501","HUF","USD","0.0032273"
"20260503","HUF","USD","0.0032273"
"20260504","HUF","USD","0.0032019"
"20260505","HUF","USD","0.003234"
"20260506","HUF","USD","0.0032795"
"20260507","HUF","USD","0.0032815"
"20260508","HUF","USD","0.0033261"
"20260510","HUF","USD","0.0033265"
"20260511","HUF","USD","0.0033096"
"20260512","HUF","USD","0.0032807"
"20260513","HUF","USD","0.00327"
"20260514","HUF","USD","0.0032595"
"20260515","HUF","USD","0.0032131"
"20260517","HUF","USD","0.0032132"
"20260518","HUF","USD","0.0032341"
"20260519","HUF","USD","0.0032085"
"20260520","HUF","USD","0.0032323"
"20260521","HUF","USD","0.0032365"
"20260522","HUF","USD","0.0032338"
"20260524","HUF","USD","0.0032328"
"20260525","HUF","USD","0.0032656"
"20260526","HUF","USD","0.003268"
"20260527","HUF","USD","0.0032799"
"20260528","HUF","USD","0.0032877"
"20260529","HUF","USD","0.0032955"
"20260531","HUF","USD","0.0032942"
"20260601","HUF","USD","0.0032713"
"20260602","HUF","USD","0.0032754"
"20260603","HUF","USD","0.0032575"
"20260604","HUF","USD","0.0032782"
"20260605","HUF","USD","0.0032408"
"20260607","HUF","USD","0.0032403"
"20260608","HUF","USD","0.0032402"
"20260609","HUF","USD","0.003245"
"20260610","HUF","USD","0.0032339"
"20260611","HUF","USD","0.0032774"
"20260612","HUF","USD","0.0032868"
"20260614","HUF","USD","0.0032835"
"20260615","HUF","USD","0.0033056"
"20260616","HUF","USD","0.0033232"
"20260617","HUF","USD","0.0032769"
"20260618","HUF","USD","0.0032505"
"20260619","HUF","USD","0.0032596"
"20260621","HUF","USD","0.0032528"
"20260622","HUF","USD","0.003245"
"20260623","HUF","USD","0.0032009"
"20260624","HUF","USD","0.0031943"
"20260625","HUF","USD","0.0032068"
"20260626","HUF","USD","0.0032177"
"20260628","HUF","USD","0.0032205"
"20260629","HUF","USD","0.0032268"
"20260630","HUF","USD","0.003212"
"20260701","HUF","USD","0.0031985"
"20260702","HUF","USD","0.0032269"
"20260703","HUF","USD","0.0032368"
"20260705","HUF","USD","0.0032388"
"20260706","HUF","USD","0.0032342"
"20260707","HUF","USD","0.0032097"
"20260708","HUF","USD","0.0031733"
"20260709","HUF","USD","0.0032013"
"20260710","HUF","USD","0.0032077"
"20260712","HUF","USD","0.0032053"
"20260713","HUF","USD","0.0031614"
"20260714","HUF","USD","0.0031841"
"20260715","HUF","USD","0.003192"
"20260716","HUF","USD","0.0031602"
"20260717","HUF","USD","0.0031507"
"20260719","HUF","USD","0.0031511"
"20260720","HUF","USD","0.0031548"
"20260721","HUF","USD","0.0031486"
"20260722","HUF","USD","0.0031382"
"20260723","HUF","USD","0.0031205"
"20260724","HUF","USD","0.003149"
"20260726","HUF","USD","0.0031583"
"20260727","HUF","USD","0.0031572"
"20260728","HUF","USD","0.0031641"
"20260729","HUF","USD","0.0031554"
"20260730","HUF","USD","0.0031808"
"20260731","HUF","USD","0.00316"
"20260802","HUF","USD","0.0031589"
"20260803","HUF","USD","0.0031612"
"20260804","HUF","USD","0.0031918"
"20260805","HUF","USD","0.0031941"
"20260806","HUF","USD","0.0031535"
"20260807","HUF","USD","0.003184"
"20260809","HUF","USD","0.0031846"
"20260810","HUF","USD","0.0031659"
"20260811","HUF","USD","0.0031609"
"20260812","HUF","USD","0.0031626"
"20260813","HUF","USD","0.0031733"
"20260814","HUF","USD","0.0031868"
"20260816","HUF","USD","0.0031865"
"20260817","HUF","USD","0.0031848"
"20260818","HUF","USD","0.0031693"
"20260819","HUF","USD","0.0032105"
"20260820","HUF","USD","0.0032022"
"20260821","HUF","USD","0.0032203"
"20260823","HUF","USD","0.0032198"
"20260824","HUF","USD","0.0032123"
"20260825","HUF","USD","0.0032378"
"20260826","HUF","USD","0.0032191"
"20260827","HUF","USD","0.0031915"
"20260828","HUF","USD","0.0031721"
"20260830","HUF","USD","0.0031719"
"20260831","HUF","USD","0.0031808"
"20260901","HUF","USD","0.0031459"
"20260902","HUF","USD","0.0031523"
"20260903","HUF","USD","0.0032126"
"20260904","HUF","USD","0.0032062"
"20260906","HUF","USD","0.0032055"
"20260907","HUF","USD","0.0031984"
"20260908","HUF","USD","0.0031952"
"20260909","HUF","USD","0.003194"
"20260910","HUF","USD","0.0031756"
"20260911","HUF","USD","0.0031903"
"20260913","HUF","USD","0.0031906"
"20260914","HUF","USD","0.0031585"
"20260915","HUF","USD","0.0031594"
"20260916","HUF","USD","0.0031375"
"20260917","HUF","USD","0.0031635"
"20260918","HUF","USD","0.0031534"
"20260920","HUF","USD","0.0031511"
"20260921","HUF","USD","0.0031702"
"20260922","HUF","USD","0.0031623"
"20260923","HUF","USD","0.0031154"
"20250924","KWD","USD","3.2739"
"20250925","KWD","USD","3.2701"
"20250926","KWD","USD","3.272"
"20250928","KWD","USD","3.2776"
"20250929","KWD","USD","3.2733"
"20250930","KWD","USD","3.2725"
"20251001","KWD","USD","3.2721"
"20251002","KWD","USD","3.2692"
"20251003","KWD","USD","3.2697"
"20251005","KWD","USD","3.2803"
"20251006","KWD","USD","3.2666"
"20251007","KWD","USD","3.2631"
"20251008","KWD","USD","3.2733"
"20251009","KWD","USD","3.2733"
"20251010","KWD","USD","3.2613"
"20251012","KWD","USD","3.2733"
"20251013","KWD","USD","3.258"
"20251014","KWD","USD","3.259"
"20251015","KWD","USD","3.2668"
"20251016","KWD","USD","3.2705"
"20251017","KWD","USD","3.2698"
"20251019","KWD","USD","3.2688"
"20251020","KWD","USD","3.2686"
"20251021","KWD","USD","3.2638"
"20251022","KWD","USD","3.2623"
"20251023","KWD","USD","3.2617"
"20251024","KWD","USD","3.2613"
"20251026","KWD","USD","3.262"
"20251027","KWD","USD","3.2616"
"20251028","KWD","USD","3.2606"
"20251029","KWD","USD","3.259"
"20251030","KWD","USD","3.2596"
"20251031","KWD","USD","3.2593"
"20251102","KWD","USD","3.2596"
"20251103","KWD","USD","3.255"
"20251104","KWD","USD","3.2532"
"20251105","KWD","USD","3.254"
"20251106","KWD","USD","3.2582"
"20251107","KWD","USD","3.2584"
"20251109","KWD","USD","3.2569"
"20251110","KWD","USD","3.256"
"20251111","KWD","USD","3.2565"
"20251112","KWD","USD","3.2562"
"20251113","KWD","USD","3.2612"
"20251114","KWD","USD","3.2606"
"20251116","KWD","USD","3.2588"
"20251117","KWD","USD","3.2582"
"20251118","KWD","USD","3.257"
"20251119","KWD","USD","3.2524"
"20251120","KWD","USD","3.2536"
"20251121","KWD","USD","3.2549"
"20251123","KWD","USD","3.2538"
"20251124","KWD","USD","3.253"
"20251125","KWD","USD","3.2565"
"20251126","KWD","USD","3.2578"
"20251127","KWD","USD","3.2576"
"20251128","KWD","USD","3.2576"
"20251130","KWD","USD","3.2582"
"20251201","KWD","USD","3.2572"
"20251202","KWD","USD","3.2575"
"20251203","KWD","USD","3.26"
"20251204","KWD","USD","3.2573"
"20251205","KWD","USD","3.2567"
"20251207","KWD","USD","3.2583"
"20251208","KWD","USD","3.2555"
"20251209","KWD","USD","3.2555"
"20251210","KWD","USD","3.2592"
"20251211","KWD","USD","3.2605"
"20251212","KWD","USD","3.2603"
"20251214","KWD","USD","3.2731"
"20251215","KWD","USD","3.2581"
"20251216","KWD","USD","3.2612"
"20251217","KWD","USD","3.2584"
"20251218","KWD","USD","3.257"
"20251219","KWD","USD","3.2536"
"20251221","KWD","USD","3.2557"
"20251222","KWD","USD","3.2533"
"20251223","KWD","USD","3.2557"
"20251224","KWD","USD","3.2546"
"20251225","KWD","USD","3.2555"
"20251226","KWD","USD","3.2542"
"20251228","KWD","USD","3.2575"
"20251229","KWD","USD","3.2493"
"20251230","KWD","USD","3.2472"
"20251231","KWD","USD","3.2483"
"20260101","KWD","USD","3.2482"
"20260102","KWD","USD","3.2534"
"20260104","KWD","USD","3.2528"
"20260105","KWD","USD","3.2554"
"20260106","KWD","USD","3.2539"
"20260107","KWD","USD","3.2733"
"20260108","KWD","USD","3.2723"
"20260109","KWD","USD","3.2723"
"20260111","KWD","USD","3.2701"
"20260112","KWD","USD","3.2701"
"20260113","KWD","USD","3.2701"
"20260114","KWD","USD","3.2701"
"20260115","KWD","USD","3.2701"
"20260116","KWD","USD","3.2701"
"20260118","KWD","USD","3.2701"
"20260119","KWD","USD","3.2701"
"20260120","KWD","USD","3.2712"
"20260121","KWD","USD","3.2728"
"20260122","KWD","USD","3.2717"
"20260123","KWD","USD","3.2717"
"20260125","KWD","USD","3.276"
"20260126","KWD","USD","3.2782"
"20260127","KWD","USD","3.2782"
"20260128","KWD","USD","3.2814"
"20260129","KWD","USD","3.2814"
"20260130","KWD","USD","3.2814"
"20260201","KWD","USD","3.2755"
"20260202","KWD","USD","3.2755"
"20260203","KWD","USD","3.2739"
"20260204","KWD","USD","3.2739"
"20260205","KWD","USD","3.2723"
"20260206","KWD","USD","3.2723"
"20260208","KWD","USD","3.2723"
"20260209","KWD","USD","3.2733"
"20260210","KWD","USD","3.2771"
"20260211","KWD","USD","3.2782"
"20260212","KWD","USD","3.2771"
"20260213","KWD","USD","3.2771"
"20260215","KWD","USD","3.2771"
"20260216","KWD","USD","3.2771"
"20260217","KWD","USD","3.2771"
"20260218","KWD","USD","3.2755"
"20260219","KWD","USD","3.2739"
"20260220","KWD","USD","3.2739"
"20260222","KWD","USD","3.2739"
"20260223","KWD","USD","3.2755"
"20260224","KWD","USD","3.2733"
"20260225","KWD","USD","3.2733"
"20260226","KWD","USD","3.2733"
"20260227","KWD","USD","3.2733"
"20260301","KWD","USD","3.2733"
"20260302","KWD","USD","3.2712"
"20260303","KWD","USD","3.268"
"20260304","KWD","USD","3.2658"
"20260305","KWD","USD","3.2658"
"20260306","KWD","USD","3.2658"
"20260308","KWD","USD","3.2669"
"20260309","KWD","USD","3.2642"
"20260310","KWD","USD","3.2664"
"20260311","KWD","USD","3.2664"
"20260312","KWD","USD","3.2626"
"20260313","KWD","USD","3.2626"
"20260315","KWD","USD","3.2626"
"20260316","KWD","USD","3.2573"
"20260317","KWD","USD","3.2595"
"20260318","KWD","USD","3.2616"
"20260319","KWD","USD","3.2616"
"20260320","KWD","USD","3.2616"
"20260322","KWD","USD","3.2616"
"20260323","KWD","USD","3.2616"
"20260324","KWD","USD","3.2616"
"20260325","KWD","USD","3.2626"
"20260326","KWD","USD","3.261"
"20260327","KWD","USD","3.261"
"20260329","KWD","USD","3.2579"
"20260330","KWD","USD","3.2579"
"20260331","KWD","USD","3.2579"
"20260401","KWD","USD","3.26"
"20260402","KWD","USD","3.2589"
"20260403","KWD","USD","3.2589"
"20260405","KWD","USD","3.2579"
"20260406","KWD","USD","3.2579"
"20260407","KWD","USD","3.2579"
"20260408","KWD","USD","3.2626"
"20260409","KWD","USD","3.2626"
"20260410","KWD","USD","3.2626"
"20260412","KWD","USD","3.2637"
"20260413","KWD","USD","3.2621"
"20260414","KWD","USD","3.2642"
"20260415","KWD","USD","3.2642"
"20260416","KWD","USD","3.2658"
"20260417","KWD","USD","3.2658"
"20260419","KWD","USD","3.2642"
"20260420","KWD","USD","3.2642"
"20260421","KWD","USD","3.2642"
"20260422","KWD","USD","3.2632"
"20260423","KWD","USD","3.2616"
"20260424","KWD","USD","3.2616"
"20260426","KWD","USD","3.2626"
"20260427","KWD","USD","3.2637"
"20260428","KWD","USD","3.2637"
"20260429","KWD","USD","3.2621"
"20260430","KWD","USD","3.26"
"20260501","KWD","USD","3.26"
"20260503","KWD","USD","3.2648"
"20260504","KWD","USD","3.2648"
"20260505","KWD","USD","3.2632"
"20260506","KWD","USD","3.2648"
"20260507","KWD","USD","3.2658"
"20260508","KWD","USD","3.2658"
"20260510","KWD","USD","3.2669"
"20260511","KWD","USD","3.2653"
"20260512","KWD","USD","3.2653"
"20260513","KWD","USD","3.2642"
"20260514","KWD","USD","3.2642"
"20260515","KWD","USD","3.2642"
"20260517","KWD","USD","3.2595"
"20260518","KWD","USD","3.2595"
"20260519","KWD","USD","3.2595"
"20260520","KWD","USD","3.2595"
"20260521","KWD","USD","3.2595"
"20260522","KWD","USD","3.2595"
"20260524","KWD","USD","3.2595"
"20260525","KWD","USD","3.2605"
"20260526","KWD","USD","3.2605"
"20260527","KWD","USD","3.2605"
"20260528","KWD","USD","3.2605"
"20260529","KWD","USD","3.2605"
"20260531","KWD","USD","3.2605"
"20260601","KWD","USD","3.2605"
"20260602","KWD","USD","3.2595"
"20260603","KWD","USD","3.2595"
"20260604","KWD","USD","3.2579"
"20260605","KWD","USD","3.2579"
"20260607","KWD","USD","3.2547"
"20260608","KWD","USD","3.2547"
"20260609","KWD","USD","3.2547"
"20260610","KWD","USD","3.2547"
"20260611","KWD","USD","3.2547"
"20260612","KWD","USD","3.2547"
"20260614","KWD","USD","3.2563"
"20260615","KWD","USD","3.2579"
"20260616","KWD","USD","3.2579"
"20260617","KWD","USD","3.2579"
"20260618","KWD","USD","3.2541"
"20260619","KWD","USD","3.2541"
"20260621","KWD","USD","3.2515"
"20260622","KWD","USD","3.2504"
"20260623","KWD","USD","3.2504"
"20260624","KWD","USD","3.2478"
"20260625","KWD","USD","3.2478"
"20260626","KWD","USD","3.2478"
"20260628","KWD","USD","3.2478"
"20260629","KWD","USD","3.2478"
"20260630","KWD","USD","3.2478"
"20260701","KWD","USD","3.2478"
"20260702","KWD","USD","3.2478"
"20260703","KWD","USD","3.2478"
"20260705","KWD","USD","3.251"
"20260706","KWD","USD","3.251"
"20260707","KWD","USD","3.251"
"20260708","KWD","USD","3.2494"
"20260709","KWD","USD","3.2494"
"20260710","KWD","USD","3.2494"
"20260712","KWD","USD","3.2494"
"20260713","KWD","USD","3.2494"
"20260714","KWD","USD","3.2494"
"20260715","KWD","USD","3.2504"
"20260716","KWD","USD","3.252"
"20260717","KWD","USD","3.252"
"20260719","KWD","USD","3.251"
"20260720","KWD","USD","3.251"
"20260721","KWD","USD","3.2499"
"20260722","KWD","USD","3.2489"
"20260723","KWD","USD","3.2489"
"20260724","KWD","USD","3.2489"
"20260726","KWD","USD","3.2473"
"20260727","KWD","USD","3.2489"
"20260728","KWD","USD","3.2473"
"20260729","KWD","USD","3.2483"
"20260730","KWD","USD","3.2499"
"20260731","KWD","USD","3.2499"
"20260802","KWD","USD","3.2499"
"20260803","KWD","USD","3.2499"
"20260804","KWD","USD","3.2552"
"20260805","KWD","USD","3.2563"
"20260806","KWD","USD","3.2563"
"20260807","KWD","USD","3.2563"
"20260809","KWD","USD","3.2563"
"20260810","KWD","USD","3.2563"
"20260811","KWD","USD","3.2563"
"20260812","KWD","USD","3.2547"
"20260813","KWD","USD","3.2547"
"20260814","KWD","USD","3.2547"
"20260816","KWD","USD","3.2557"
"20260817","KWD","USD","3.2568"
"20260818","KWD","USD","3.2557"
"20260819","KWD","USD","3.2557"
"20260820","KWD","USD","3.26"
"20260821","KWD","USD","3.26"
"20260823","KWD","USD","3.26"
"20260824","KWD","USD","3.26"
"20260825","KWD","USD","3.2589"
"20260826","KWD","USD","3.2589"
"20260827","KWD","USD","3.2589"
"20260828","KWD","USD","3.2589"
"20260830","KWD","USD","3.2557"
"20260831","KWD","USD","3.2557"
"20260901","KWD","USD","3.2557"
"20260902","KWD","USD","3.2557"
"20260903","KWD","USD","3.2573"
"20260904","KWD","USD","3.2573"
"20260906","KWD","USD","3.2589"
"20260907","KWD","USD","3.2589"
"20260908","KWD","USD","3.261"
"20260909","KWD","USD","3.261"
"20260910","KWD","USD","3.261"
"20260911","KWD","USD","3.261"
"20260913","KWD","USD","3.26"
"20260914","KWD","USD","3.2584"
"20260915","KWD","USD","3.2573"
"20260916","KWD","USD","3.2573"
"20260917","KWD","USD","3.2536"
"20260918","KWD","USD","3.2536"
"20260920","KWD","USD","3.2536"
"20260921","KWD","USD","3.2536"
"20260922","KWD","USD","3.2536"
"20260923","KWD","USD","3.252"
"20250924","PHP","USD","0.017346"
"20250925","PHP","USD","0.017149"
"20250926","PHP","USD","0.017196"
"20250928","PHP","USD","0.017196"
"20250929","PHP","USD","0.017225"
"20250930","PHP","USD","0.017142"
"20251001","PHP","USD","0.017188"
"20251002","PHP","USD","0.017213"
"20251003","PHP","USD","0.01726"
"20251005","PHP","USD","0.01726"
"20251006","PHP","USD","0.017162"
"20251007","PHP","USD","0.017209"
"20251008","PHP","USD","0.017243"
"20251009","PHP","USD","0.017114"
"20251010","PHP","USD","0.017158"
"20251012","PHP","USD","0.017158"
"20251013","PHP","USD","0.017188"
"20251014","PHP","USD","0.017173"
"20251015","PHP","USD","0.017198"
"20251016","PHP","USD","0.01724"
"20251017","PHP","USD","0.017208"
"20251019","PHP","USD","0.017195"
"20251020","PHP","USD","0.017191"
"20251021","PHP","USD","0.017141"
"20251022","PHP","USD","0.017098"
"20251023","PHP","USD","0.017064"
"20251024","PHP","USD","0.017034"
"20251026","PHP","USD","0.017012"
"20251027","PHP","USD","0.016978"
"20251028","PHP","USD","0.01692"
"20251029","PHP","USD","0.01705"
"20251030","PHP","USD","0.016987"
"20251031","PHP","USD","0.017026"
"20251102","PHP","USD","0.017014"
"20251103","PHP","USD","0.017041"
"20251104","PHP","USD","0.017074"
"20251105","PHP","USD","0.017019"
"20251106","PHP","USD","0.016938"
"20251107","PHP","USD","0.016964"
"20251109","PHP","USD","0.016961"
"20251110","PHP","USD","0.016973"
"20251111","PHP","USD","0.016965"
"20251112","PHP","USD","0.016914"
"20251113","PHP","USD","0.016967"
"20251114","PHP","USD","0.016928"
"20251116","PHP","USD","0.016928"
"20251117","PHP","USD","0.016969"
"20251118","PHP","USD","0.016994"
"20251119","PHP","USD","0.016945"
"20251120","PHP","USD","0.016934"
"20251121","PHP","USD","0.017015"
"20251123","PHP","USD","0.017021"
"20251124","PHP","USD","0.016967"
"20251125","PHP","USD","0.017004"
"20251126","PHP","USD","0.017012"
"20251127","PHP","USD","0.017007"
"20251128","PHP","USD","0.017055"
"20251130","PHP","USD","0.017055"
"20251201","PHP","USD","0.017111"
"20251202","PHP","USD","0.017051"
"20251203","PHP","USD","0.016949"
"20251204","PHP","USD","0.016912"
"20251205","PHP","USD","0.016957"
"20251207","PHP","USD","0.016957"
"20251208","PHP","USD","0.016921"
"20251209","PHP","USD","0.016874"
"20251210","PHP","USD","0.016911"
"20251211","PHP","USD","0.016952"
"20251212","PHP","USD","0.016924"
"20251214","PHP","USD","0.016924"
"20251215","PHP","USD","0.016961"
"20251216","PHP","USD","0.017029"
"20251217","PHP","USD","0.017036"
"20251218","PHP","USD","0.017069"
"20251219","PHP","USD","0.017052"
"20251221","PHP","USD","0.017051"
"20251222","PHP","USD","0.017023"
"20251223","PHP","USD","0.017007"
"20251224","PHP","USD","0.017011"
"20251225","PHP","USD","0.017008"
"20251226","PHP","USD","0.01702"
"20251228","PHP","USD","0.01702"
"20251229","PHP","USD","0.016999"
"20251230","PHP","USD","0.016989"
"20251231","PHP","USD","0.016991"
"20260101","PHP","USD","0.016992"
"20260102","PHP","USD","0.016996"
"20260104","PHP","USD","0.016996"
"20260105","PHP","USD","0.016932"
"20260106","PHP","USD","0.016885"
"20260107","PHP","USD","0.01688"
"20260108","PHP","USD","0.016902"
"20260109","PHP","USD","0.016883"
"20260111","PHP","USD","0.016883"
"20260112","PHP","USD","0.016875"
"20260113","PHP","USD","0.016842"
"20260114","PHP","USD","0.016824"
"20260115","PHP","USD","0.016816"
"20260116","PHP","USD","0.016839"
"20260118","PHP","USD","0.016839"
"20260119","PHP","USD","0.016824"
"20260120","PHP","USD","0.016844"
"20260121","PHP","USD","0.016876"
"20260122","PHP","USD","0.01695"
"20260123","PHP","USD","0.016937"
"20260125","PHP","USD","0.016937"
"20260126","PHP","USD","0.016905"
"20260127","PHP","USD","0.016965"
"20260128","PHP","USD","0.017017"
"20260129","PHP","USD","0.016955"
"20260130","PHP","USD","0.016978"
"20260201","PHP","USD","0.016978"
"20260202","PHP","USD","0.016981"
"20260203","PHP","USD","0.016931"
"20260204","PHP","USD","0.016957"
"20260205","PHP","USD","0.017011"
"20260206","PHP","USD","0.017074"
"20260208","PHP","USD","0.017074"
"20260209","PHP","USD","0.017094"
"20260210","PHP","USD","0.01709"
"20260211","PHP","USD","0.017162"
"20260212","PHP","USD","0.01721"
"20260213","PHP","USD","0.017251"
"20260215","PHP","USD","0.017251"
"20260216","PHP","USD","0.017231"
"20260217","PHP","USD","0.017259"
"20260218","PHP","USD","0.017263"
"20260219","PHP","USD","0.017238"
"20260220","PHP","USD","0.017216"
"20260222","PHP","USD","0.017216"
"20260223","PHP","USD","0.017355"
"20260224","PHP","USD","0.017318"
"20260225","PHP","USD","0.017379"
"20260226","PHP","USD","0.017353"
"20260227","PHP","USD","0.017334"
"20260301","PHP","USD","0.017334"
"20260302","PHP","USD","0.017176"
"20260303","PHP","USD","0.01711"
"20260304","PHP","USD","0.017133"
"20260305","PHP","USD","0.016973"
"20260306","PHP","USD","0.016929"
"20260308","PHP","USD","0.016936"
"20260309","PHP","USD","0.016914"
"20260310","PHP","USD","0.01696"
"20260311","PHP","USD","0.016889"
"20260312","PHP","USD","0.016824"
"20260313","PHP","USD","0.01673"
"20260315","PHP","USD","0.016731"
"20260316","PHP","USD","0.01675"
"20260317","PHP","USD","0.01675"
"20260318","PHP","USD","0.016744"
"20260319","PHP","USD","0.016711"
"20260320","PHP","USD","0.016711"
"20260322","PHP","USD","0.016711"
"20260323","PHP","USD","0.016678"
"20260324","PHP","USD","0.016696"
"20260325","PHP","USD","0.016646"
"20260326","PHP","USD","0.016605"
"20260327","PHP","USD","0.016521"
"20260329","PHP","USD","0.016521"
"20260330","PHP","USD","0.016463"
"20260331","PHP","USD","0.016495"
"20260401","PHP","USD","0.016604"
"20260402","PHP","USD","0.016572"
"20260403","PHP","USD","0.016604"
"20260405","PHP","USD","0.016604"
"20260406","PHP","USD","0.016649"
"20260407","PHP","USD","0.016604"
"20260408","PHP","USD","0.016808"
"20260409","PHP","USD","0.016758"
"20260410","PHP","USD","0.016684"
"20260412","PHP","USD","0.016684"
"20260413","PHP","USD","0.016656"
"20260414","PHP","USD","0.016708"
"20260415","PHP","USD","0.016648"
"20260416","PHP","USD","0.016664"
"20260417","PHP","USD","0.016755"
"20260419","PHP","USD","0.01676"
"20260420","PHP","USD","0.016705"
"20260421","PHP","USD","0.016665"
"20260422","PHP","USD","0.016622"
"20260423","PHP","USD","0.01653"
"20260424","PHP","USD","0.016468"
"20260426","PHP","USD","0.016476"
"20260427","PHP","USD","0.01646"
"20260428","PHP","USD","0.016362"
"20260429","PHP","USD","0.016223"
"20260430","PHP","USD","0.016305"
"20260501","PHP","USD","0.016299"
"20260503","PHP","USD","0.016299"
"20260504","PHP","USD","0.01623"
"20260505","PHP","USD","0.016278"
"20260506","PHP","USD","0.016472"
"20260507","PHP","USD","0.016532"
"20260508","PHP","USD","0.01652"
"20260510","PHP","USD","0.016528"
"20260511","PHP","USD","0.016412"
"20260512","PHP","USD","0.016253"
"20260513","PHP","USD","0.016289"
"20260514","PHP","USD","0.016237"
"20260515","PHP","USD","0.016235"
"20260517","PHP","USD","0.016235"
"20260518","PHP","USD","0.016213"
"20260519","PHP","USD","0.016201"
"20260520","PHP","USD","0.016254"
"20260521","PHP","USD","0.016234"
"20260522","PHP","USD","0.016218"
"20260524","PHP","USD","0.016218"
"20260525","PHP","USD","0.016303"
"20260526","PHP","USD","0.016238"
"20260527","PHP","USD","0.016283"
"20260528","PHP","USD","0.016251"
"20260529","PHP","USD","0.016244"
"20260531","PHP","USD","0.016244"
"20260601","PHP","USD","0.016184"
"20260602","PHP","USD","0.016214"
"20260603","PHP","USD","0.016188"
"20260604","PHP","USD","0.016261"
"20260605","PHP","USD","0.01619"
"20260607","PHP","USD","0.016193"
"20260608","PHP","USD","0.01621"
"20260609","PHP","USD","0.016252"
"20260610","PHP","USD","0.01629"
"20260611","PHP","USD","0.016377"
"20260612","PHP","USD","0.016469"
"20260614","PHP","USD","0.016469"
"20260615","PHP","USD","0.016593"
"20260616","PHP","USD","0.016584"
"20260617","PHP","USD","0.016544"
"20260618","PHP","USD","0.016503"
"20260619","PHP","USD","0.016464"
"20260621","PHP","USD","0.016466"
"20260622","PHP","USD","0.01638"
"20260623","PHP","USD","0.016359"
"20260624","PHP","USD","0.016408"
"20260625","PHP","USD","0.016306"
"20260626","PHP","USD","0.016315"
"20260628","PHP","USD","0.01632"
"20260629","PHP","USD","0.016339"
"20260630","PHP","USD","0.0163"
"20260701","PHP","USD","0.016226"
"20260702","PHP","USD","0.016261"
"20260703","PHP","USD","0.01628"
"20260705","PHP","USD","0.016286"
"20260706","PHP","USD","0.016265"
"20260707","PHP","USD","0.016277"
"20260708","PHP","USD","0.016253"
"20260709","PHP","USD","0.016229"
"20260710","PHP","USD","0.016252"
"20260712","PHP","USD","0.01625"
"20260713","PHP","USD","0.016233"
"20260714","PHP","USD","0.016232"
"20260715","PHP","USD","0.016216"
"20260716","PHP","USD","0.016222"
"20260717","PHP","USD","0.01624"
"20260719","PHP","USD","0.016243"
"20260720","PHP","USD","0.016213"
"20260721","PHP","USD","0.016194"
"20260722","PHP","USD","0.016197"
"20260723","PHP","USD","0.016194"
"20260724","PHP","USD","0.016198"
"20260726","PHP","USD","0.016198"
"20260727","PHP","USD","0.016207"
"20260728","PHP","USD","0.016273"
"20260729","PHP","USD","0.016286"
"20260730","PHP","USD","0.016257"
"20260731","PHP","USD","0.016331"
"20260802","PHP","USD","0.016331"
"20260803","PHP","USD","0.016413"
"20260804","PHP","USD","0.016399"
"20260805","PHP","USD","0.016468"
"20260806","PHP","USD","0.016444"
"20260807","PHP","USD","0.016432"
"20260809","PHP","USD","0.016432"
"20260810","PHP","USD","0.016463"
"20260811","PHP","USD","0.016324"
"20260812","PHP","USD","0.016328"
"20260813","PHP","USD","0.0163"
"20260814","PHP","USD","0.016274"
"20260816","PHP","USD","0.016269"
"20260817","PHP","USD","0.016262"
"20260818","PHP","USD","0.016184"
"20260819","PHP","USD","0.016179"
"20260820","PHP","USD","0.016211"
"20260821","PHP","USD","0.016216"
"20260823","PHP","USD","0.016215"
"20260824","PHP","USD","0.016203"
"20260825","PHP","USD","0.016224"
"20260826","PHP","USD","0.016218"
"20260827","PHP","USD","0.016156"
"20260828","PHP","USD","0.016054"
"20260830","PHP","USD","0.016057"
"20260831","PHP","USD","0.01603"
"20260901","PHP","USD","0.016014"
"20260902","PHP","USD","0.015977"
"20260903","PHP","USD","0.015996"
"20260904","PHP","USD","0.015963"
"20260906","PHP","USD","0.015963"
"20260907","PHP","USD","0.015963"
"20260908","PHP","USD","0.016029"
"20260909","PHP","USD","0.016002"
"20260910","PHP","USD","0.015967"
"20260911","PHP","USD","0.015964"
"20260913","PHP","USD","0.015964"
"20260914","PHP","USD","0.015903"
"20260915","PHP","USD","0.01592"
"20260916","PHP","USD","0.015927"
"20260917","PHP","USD","0.015942"
"20260918","PHP","USD","0.015906"
"20260920","PHP","USD","0.015906"
"20260921","PHP","USD","0.015929"
"20260922","PHP","USD","0.015988"
"20260923","PHP","USD","0.01594"
"20250924","TRY","USD","0.024123"
"20250925","TRY","USD","0.024105"
"20250926","TRY","USD","0.024084"
"20250928","TRY","USD","0.024054"
"20250929","TRY","USD","0.024048"
"20250930","TRY","USD","0.024047"
"20251001","TRY","USD","0.024061"
"20251002","TRY","USD","0.024037"
"20251003","TRY","USD","0.023987"
"20251005","TRY","USD","0.023991"
"20251006","TRY","USD","0.023986"
"20251007","TRY","USD","0.023981"
"20251008","TRY","USD","0.023984"
"20251009","TRY","USD","0.02394"
"20251010","TRY","USD","0.023897"
"20251012","TRY","USD","0.023931"
"20251013","TRY","USD","0.023919"
"20251014","TRY","USD","0.023914"
"20251015","TRY","USD","0.023898"
"20251016","TRY","USD","0.023899"
"20251017","TRY","USD","0.023866"
"20251019","TRY","USD","0.023872"
"20251020","TRY","USD","0.023909"
"20251021","TRY","USD","0.023824"
"20251022","TRY","USD","0.023824"
"20251023","TRY","USD","0.023819"
"20251024","TRY","USD","0.023845"
"20251026","TRY","USD","0.023839"
"20251027","TRY","USD","0.023865"
"20251028","TRY","USD","0.02384"
"20251029","TRY","USD","0.023839"
"20251030","TRY","USD","0.023829"
"20251031","TRY","USD","0.023774"
"20251102","TRY","USD","0.023774"
"20251103","TRY","USD","0.023777"
"20251104","TRY","USD","0.023784"
"20251105","TRY","USD","0.023755"
"20251106","TRY","USD","0.023748"
"20251107","TRY","USD","0.023688"
"20251109","TRY","USD","0.023679"
"20251110","TRY","USD","0.023677"
"20251111","TRY","USD","0.023682"
"20251112","TRY","USD","0.023733"
"20251113","TRY","USD","0.023656"
"20251114","TRY","USD","0.02367"
"20251116","TRY","USD","0.02367"
"20251117","TRY","USD","0.023631"
"20251118","TRY","USD","0.023618"
"20251119","TRY","USD","0.023624"
"20251120","TRY","USD","0.023603"
"20251121","TRY","USD","0.023562"
"20251123","TRY","USD","0.023562"
"20251124","TRY","USD","0.023573"
"20251125","TRY","USD","0.023561"
"20251126","TRY","USD","0.023567"
"20251127","TRY","USD","0.023567"
"20251128","TRY","USD","0.023543"
"20251130","TRY","USD","0.02353"
"20251201","TRY","USD","0.023576"
"20251202","TRY","USD","0.023618"
"20251203","TRY","USD","0.023565"
"20251204","TRY","USD","0.023535"
"20251205","TRY","USD","0.023516"
"20251207","TRY","USD","0.023505"
"20251208","TRY","USD","0.02349"
"20251209","TRY","USD","0.023481"
"20251210","TRY","USD","0.02347"
"20251211","TRY","USD","0.023473"
"20251212","TRY","USD","0.023421"
"20251214","TRY","USD","0.023419"
"20251215","TRY","USD","0.023423"
"20251216","TRY","USD","0.023423"
"20251217","TRY","USD","0.023419"
"20251218","TRY","USD","0.0234"
"20251219","TRY","USD","0.02338"
"20251221","TRY","USD","0.023416"
"20251222","TRY","USD","0.023372"
"20251223","TRY","USD","0.023351"
"20251224","TRY","USD","0.023339"
"20251225","TRY","USD","0.023337"
"20251226","TRY","USD","0.023344"
"20251228","TRY","USD","0.023295"
"20251229","TRY","USD","0.023291"
"20251230","TRY","USD","0.023288"
"20251231","TRY","USD","0.023279"
"20260101","TRY","USD","0.023282"
"20260102","TRY","USD","0.023241"
"20260104","TRY","USD","0.023247"
"20260105","TRY","USD","0.023238"
"20260106","TRY","USD","0.023239"
"20260107","TRY","USD","0.023237"
"20260108","TRY","USD","0.023235"
"20260109","TRY","USD","0.023234"
"20260111","TRY","USD","0.023231"
"20260112","TRY","USD","0.023194"
"20260113","TRY","USD","0.023173"
"20260114","TRY","USD","0.023159"
"20260115","TRY","USD","0.02315"
"20260116","TRY","USD","0.023105"
"20260118","TRY","USD","0.02311"
"20260119","TRY","USD","0.023113"
"20260120","TRY","USD","0.023104"
"20260121","TRY","USD","0.023097"
"20260122","TRY","USD","0.02311"
"20260123","TRY","USD","0.023052"
"20260125","TRY","USD","0.023056"
"20260126","TRY","USD","0.023065"
"20260127","TRY","USD","0.023044"
"20260128","TRY","USD","0.023033"
"20260129","TRY","USD","0.023023"
"20260130","TRY","USD","0.022989"
"20260201","TRY","USD","0.022992"
"20260202","TRY","USD","0.023012"
"20260203","TRY","USD","0.022998"
"20260204","TRY","USD","0.023"
"20260205","TRY","USD","0.022973"
"20260206","TRY","USD","0.022936"
"20260208","TRY","USD","0.022935"
"20260209","TRY","USD","0.022941"
"20260210","TRY","USD","0.022922"
"20260211","TRY","USD","0.022915"
"20260212","TRY","USD","0.022907"
"20260213","TRY","USD","0.022886"
"20260215","TRY","USD","0.022919"
"20260216","TRY","USD","0.022878"
"20260217","TRY","USD","0.022876"
"20260218","TRY","USD","0.022853"
"20260219","TRY","USD","0.022853"
"20260220","TRY","USD","0.022816"
"20260222","TRY","USD","0.022817"
"20260223","TRY","USD","0.022812"
"20260224","TRY","USD","0.0228"
"20260225","TRY","USD","0.022797"
"20260226","TRY","USD","0.022776"
"20260227","TRY","USD","0.022766"
"20260301","TRY","USD","0.022743"
"20260302","TRY","USD","0.022751"
"20260303","TRY","USD","0.022752"
"20260304","TRY","USD","0.022749"
"20260305","TRY","USD","0.022721"
"20260306","TRY","USD","0.02269"
"20260308","TRY","USD","0.02269"
"20260309","TRY","USD","0.022708"
"20260310","TRY","USD","0.022694"
"20260311","TRY","USD","0.022685"
"20260312","TRY","USD","0.022655"
"20260313","TRY","USD","0.022625"
"20260315","TRY","USD","0.022638"
"20260316","TRY","USD","0.022643"
"20260317","TRY","USD","0.02263"
"20260318","TRY","USD","0.022619"
"20260319","TRY","USD","0.022576"
"20260320","TRY","USD","0.022575"
"20260322","TRY","USD","0.022596"
"20260323","TRY","USD","0.022572"
"20260324","TRY","USD","0.022551"
"20260325","TRY","USD","0.022554"
"20260326","TRY","USD","0.022554"
"20260327","TRY","USD","0.022504"
"20260329","TRY","USD","0.022508"
"20260330","TRY","USD","0.022502"
"20260331","TRY","USD","0.022497"
"20260401","TRY","USD","0.022484"
"20260402","TRY","USD","0.022492"
"20260403","TRY","USD","0.022428"
"20260405","TRY","USD","0.022428"
"20260406","TRY","USD","0.022436"
"20260407","TRY","USD","0.022418"
"20260408","TRY","USD","0.022468"
"20260409","TRY","USD","0.02244"
"20260410","TRY","USD","0.022413"
"20260412","TRY","USD","0.022392"
"20260413","TRY","USD","0.022382"
"20260414","TRY","USD","0.022359"
"20260415","TRY","USD","0.022349"
"20260416","TRY","USD","0.022333"
"20260417","TRY","USD","0.022292"
"20260419","TRY","USD","0.022301"
"20260420","TRY","USD","0.022287"
"20260421","TRY","USD","0.022278"
"20260422","TRY","USD","0.022261"
"20260423","TRY","USD","0.022232"
"20260424","TRY","USD","0.022223"
"20260426","TRY","USD","0.022215"
"20260427","TRY","USD","0.022209"
"20260428","TRY","USD","0.022195"
"20260429","TRY","USD","0.022166"
"20260430","TRY","USD","0.022128"
"20260501","TRY","USD","0.022129"
"20260503","TRY","USD","0.02214"
"20260504","TRY","USD","0.02213"
"20260505","TRY","USD","0.022116"
"20260506","TRY","USD","0.022117"
"20260507","TRY","USD","0.022076"
"20260508","TRY","USD","0.022044"
"20260510","TRY","USD","0.022055"
"20260511","TRY","USD","0.02205"
"20260512","TRY","USD","0.022031"
"20260513","TRY","USD","0.022022"
"20260514","TRY","USD","0.022012"
"20260515","TRY","USD","0.02198"
"20260517","TRY","USD","0.021948"
"20260518","TRY","USD","0.021941"
"20260519","TRY","USD","0.021938"
"20260520","TRY","USD","0.021938"
"20260521","TRY","USD","0.021941"
"20260522","TRY","USD","0.021873"
"20260524","TRY","USD","0.021876"
"20260525","TRY","USD","0.021889"
"20260526","TRY","USD","0.021795"
"20260527","TRY","USD","0.021786"
"20260528","TRY","USD","0.021796"
"20260529","TRY","USD","0.021807"
"20260531","TRY","USD","0.021791"
"20260601","TRY","USD","0.021787"
"20260602","TRY","USD","0.021769"
"20260603","TRY","USD","0.021756"
"20260604","TRY","USD","0.02173"
"20260605","TRY","USD","0.021713"
"20260607","TRY","USD","0.021701"
"20260608","TRY","USD","0.021687"
"20260609","TRY","USD","0.021684"
"20260610","TRY","USD","0.021678"
"20260611","TRY","USD","0.021655"
"20260612","TRY","USD","0.021613"
"20260614","TRY","USD","0.021617"
"20260615","TRY","USD","0.021604"
"20260616","TRY","USD","0.0216"
"20260617","TRY","USD","0.021576"
"20260618","TRY","USD","0.021533"
"20260619","TRY","USD","0.021534"
"20260621","TRY","USD","0.02153"
"20260622","TRY","USD","0.021521"
"20260623","TRY","USD","0.021518"
"20260624","TRY","USD","0.021507"
"20260625","TRY","USD","0.021478"
"20260626","TRY","USD","0.021449"
"20260628","TRY","USD","0.02145"
"20260629","TRY","USD","0.021441"
"20260630","TRY","USD","0.021437"
"20260701","TRY","USD","0.02143"
"20260702","TRY","USD","0.021402"
"20260703","TRY","USD","0.021366"
"20260705","TRY","USD","0.021369"
"20260706","TRY","USD","0.021358"
"20260707","TRY","USD","0.021351"
"20260708","TRY","USD","0.021346"
"20260709","TRY","USD","0.021326"
"20260710","TRY","USD","0.021287"
"20260712","TRY","USD","0.021284"
"20260713","TRY","USD","0.02127"
"20260714","TRY","USD","0.021263"
"20260715","TRY","USD","0.021263"
"20260716","TRY","USD","0.021234"
"20260717","TRY","USD","0.021204"
"20260719","TRY","USD","0.021203"
"20260720","TRY","USD","0.021197"
"20260721","TRY","USD","0.021191"
"20260722","TRY","USD","0.021181"
"20260723","TRY","USD","0.02116"
"20260724","TRY","USD","0.021126"
"20260726","TRY","USD","0.021126"
"20260727","TRY","USD","0.021121"
"20260728","TRY","USD","0.021106"
"20260729","TRY","USD","0.021103"
"20260730","TRY","USD","0.021088"
"20260731","TRY","USD","0.021045"
"20260802","TRY","USD","0.021051"
"20260803","TRY","USD","0.021037"
"20260804","TRY","USD","0.021035"
"20260805","TRY","USD","0.021019"
"20260806","TRY","USD","0.021"
"20260807","TRY","USD","0.020964"
"20260809","TRY","USD","0.020964"
"20260810","TRY","USD","0.020962"
"20260811","TRY","USD","0.020951"
"20260812","TRY","USD","0.020937"
"20260813","TRY","USD","0.020913"
"20260814","TRY","USD","0.020884"
"20260816","TRY","USD","0.020887"
"20260817","TRY","USD","0.020873"
"20260818","TRY","USD","0.020873"
"20260819","TRY","USD","0.020866"
"20260820","TRY","USD","0.020831"
"20260821","TRY","USD","0.020815"
"20260823","TRY","USD","0.020803"
"20260824","TRY","USD","0.020801"
"20260825","TRY","USD","0.020796"
"20260826","TRY","USD","0.020784"
"20260827","TRY","USD","0.020772"
"20260828","TRY","USD","0.02073"
"20260830","TRY","USD","0.020727"
"20260831","TRY","USD","0.020725"
"20260901","TRY","USD","0.020711"
"20260902","TRY","USD","0.02071"
"20260903","TRY","USD","0.020694"
"20260904","TRY","USD","0.020647"
"20260906","TRY","USD","0.020649"
"20260907","TRY","USD","0.020648"
"20260908","TRY","USD","0.020635"
"20260909","TRY","USD","0.020626"
"20260910","TRY","USD","0.020604"
"20260911","TRY","USD","0.020604"
"20260913","TRY","USD","0.020569"
"20260914","TRY","USD","0.020567"
"20260915","TRY","USD","0.020561"
"20260916","TRY","USD","0.020552"
"20260917","TRY","USD","0.020516"
"20260918","TRY","USD","0.020505"
"20260920","TRY","USD","0.0205"
"20260921","TRY","USD","0.020493"
"20260922","TRY","USD","0.020496"
"20260923","TRY","USD","0.020479"
"20250924","RUB","USD","0.01194"
"20250925","RUB","USD","0.011912"
"20250926","RUB","USD","0.011994"
"20250928","RUB","USD","0.011994"
"20250929","RUB","USD","0.012037"
"20250930","RUB","USD","0.012063"
"20251001","RUB","USD","0.012121"
"20251002","RUB","USD","0.012114"
"20251003","RUB","USD","0.012158"
"20251005","RUB","USD","0.012158"
"20251006","RUB","USD","0.012048"
"20251007","RUB","USD","0.012184"
"20251008","RUB","USD","0.012268"
"20251009","RUB","USD","0.012319"
"20251010","RUB","USD","0.012251"
"20251012","RUB","USD","0.012251"
"20251013","RUB","USD","0.012323"
"20251014","RUB","USD","0.012579"
"20251015","RUB","USD","0.012715"
"20251016","RUB","USD","0.012498"
"20251017","RUB","USD","0.012319"
"20251019","RUB","USD","0.012319"
"20251020","RUB","USD","0.012369"
"20251021","RUB","USD","0.012289"
"20251022","RUB","USD","0.01227"
"20251023","RUB","USD","0.012306"
"20251024","RUB","USD","0.012539"
"20251026","RUB","USD","0.012539"
"20251027","RUB","USD","0.012618"
"20251028","RUB","USD","0.012618"
"20251029","RUB","USD","0.0125"
"20251030","RUB","USD","0.012508"
"20251031","RUB","USD","0.012376"
"20251102","RUB","USD","0.012376"
"20251103","RUB","USD","0.01239"
"20251104","RUB","USD","0.012346"
"20251105","RUB","USD","0.012293"
"20251106","RUB","USD","0.012308"
"20251107","RUB","USD","0.012353"
"20251109","RUB","USD","0.012353"
"20251110","RUB","USD","0.012308"
"20251111","RUB","USD","0.012353"
"20251112","RUB","USD","0.012304"
"20251113","RUB","USD","0.012392"
"20251114","RUB","USD","0.012369"
"20251116","RUB","USD","0.012369"
"20251117","RUB","USD","0.012308"
"20251118","RUB","USD","0.012352"
"20251119","RUB","USD","0.012415"
"20251120","RUB","USD","0.012492"
"20251121","RUB","USD","0.012642"
"20251123","RUB","USD","0.012642"
"20251124","RUB","USD","0.012739"
"20251125","RUB","USD","0.012678"
"20251126","RUB","USD","0.012739"
"20251127","RUB","USD","0.012829"
"20251128","RUB","USD","0.012903"
"20251130","RUB","USD","0.012903"
"20251201","RUB","USD","0.012866"
"20251202","RUB","USD","0.012903"
"20251203","RUB","USD","0.012885"
"20251204","RUB","USD","0.012952"
"20251205","RUB","USD","0.013072"
"20251207","RUB","USD","0.013072"
"20251208","RUB","USD","0.013063"
"20251209","RUB","USD","0.012953"
"20251210","RUB","USD","0.01278"
"20251211","RUB","USD","0.012461"
"20251212","RUB","USD","0.012492"
"20251214","RUB","USD","0.012492"
"20251215","RUB","USD","0.012579"
"20251216","RUB","USD","0.01265"
"20251217","RUB","USD","0.012422"
"20251218","RUB","USD","0.01253"
"20251219","RUB","USD","0.012422"
"20251221","RUB","USD","0.012422"
"20251222","RUB","USD","0.01269"
"20251223","RUB","USD","0.012821"
"20251224","RUB","USD","0.012658"
"20251225","RUB","USD","0.012819"
"20251226","RUB","USD","0.012893"
"20251228","RUB","USD","0.012893"
"20251229","RUB","USD","0.012739"
"20251230","RUB","USD","0.012579"
"20251231","RUB","USD","0.012698"
"20260101","RUB","USD","0.012698"
"20260102","RUB","USD","0.012453"
"20260104","RUB","USD","0.012453"
"20260105","RUB","USD","0.012367"
"20260106","RUB","USD","0.012422"
"20260107","RUB","USD","0.012422"
"20260108","RUB","USD","0.012483"
"20260109","RUB","USD","0.012658"
"20260111","RUB","USD","0.012658"
"20260112","RUB","USD","0.012767"
"20260113","RUB","USD","0.012698"
"20260114","RUB","USD","0.012739"
"20260115","RUB","USD","0.01278"
"20260116","RUB","USD","0.012821"
"20260118","RUB","USD","0.012821"
"20260119","RUB","USD","0.012903"
"20260120","RUB","USD","0.012812"
"20260121","RUB","USD","0.012987"
"20260122","RUB","USD","0.013158"
"20260123","RUB","USD","0.013245"
"20260125","RUB","USD","0.013245"
"20260126","RUB","USD","0.013068"
"20260127","RUB","USD","0.013115"
"20260128","RUB","USD","0.013063"
"20260129","RUB","USD","0.013165"
"20260130","RUB","USD","0.013158"
"20260201","RUB","USD","0.013158"
"20260202","RUB","USD","0.013036"
"20260203","RUB","USD","0.012987"
"20260204","RUB","USD","0.013028"
"20260205","RUB","USD","0.013029"
"20260206","RUB","USD","0.012987"
"20260208","RUB","USD","0.012987"
"20260209","RUB","USD","0.012987"
"20260210","RUB","USD","0.012943"
"20260211","RUB","USD","0.01297"
"20260212","RUB","USD","0.012949"
"20260213","RUB","USD","0.013046"
"20260215","RUB","USD","0.013046"
"20260216","RUB","USD","0.013028"
"20260217","RUB","USD","0.013098"
"20260218","RUB","USD","0.013029"
"20260219","RUB","USD","0.013029"
"20260220","RUB","USD","0.013034"
"20260222","RUB","USD","0.013034"
"20260223","RUB","USD","0.013"
"20260224","RUB","USD","0.013053"
"20260225","RUB","USD","0.013045"
"20260226","RUB","USD","0.013008"
"20260227","RUB","USD","0.012937"
"20260301","RUB","USD","0.012937"
"20260302","RUB","USD","0.012907"
"20260303","RUB","USD","0.012878"
"20260304","RUB","USD","0.012841"
"20260305","RUB","USD","0.012711"
"20260306","RUB","USD","0.012658"
"20260308","RUB","USD","0.012658"
"20260309","RUB","USD","0.01278"
"20260310","RUB","USD","0.01265"
"20260311","RUB","USD","0.012633"
"20260312","RUB","USD","0.012579"
"20260313","RUB","USD","0.012484"
"20260315","RUB","USD","0.012484"
"20260316","RUB","USD","0.012268"
"20260317","RUB","USD","0.01214"
"20260318","RUB","USD","0.011923"
"20260319","RUB","USD","0.011608"
"20260320","RUB","USD","0.01203"
"20260322","RUB","USD","0.01203"
"20260323","RUB","USD","0.012206"
"20260324","RUB","USD","0.012422"
"20260325","RUB","USD","0.012346"
"20260326","RUB","USD","0.012289"
"20260327","RUB","USD","0.01227"
"20260329","RUB","USD","0.01227"
"20260330","RUB","USD","0.0123"
"20260331","RUB","USD","0.0123"
"20260401","RUB","USD","0.012453"
"20260402","RUB","USD","0.012469"
"20260403","RUB","USD","0.012498"
"20260405","RUB","USD","0.012498"
"20260406","RUB","USD","0.012657"
"20260407","RUB","USD","0.012751"
"20260408","RUB","USD","0.012731"
"20260409","RUB","USD","0.012882"
"20260410","RUB","USD","0.012974"
"20260412","RUB","USD","0.012974"
"20260413","RUB","USD","0.013148"
"20260414","RUB","USD","0.013267"
"20260415","RUB","USD","0.013156"
"20260416","RUB","USD","0.013096"
"20260417","RUB","USD","0.013158"
"20260419","RUB","USD","0.013158"
"20260420","RUB","USD","0.013342"
"20260421","RUB","USD","0.013323"
"20260422","RUB","USD","0.013316"
"20260423","RUB","USD","0.01318"
"20260424","RUB","USD","0.013289"
"20260426","RUB","USD","0.013289"
"20260427","RUB","USD","0.013356"
"20260428","RUB","USD","0.013305"
"20260429","RUB","USD","0.013323"
"20260430","RUB","USD","0.013342"
"20260501","RUB","USD","0.013342"
"20260503","RUB","USD","0.013342"
"20260504","RUB","USD","0.013226"
"20260505","RUB","USD","0.013245"
"20260506","RUB","USD","0.013378"
"20260507","RUB","USD","0.013396"
"20260508","RUB","USD","0.013477"
"20260510","RUB","USD","0.013477"
"20260511","RUB","USD","0.013587"
"20260512","RUB","USD","0.013548"
"20260513","RUB","USD","0.013585"
"20260514","RUB","USD","0.013652"
"20260515","RUB","USD","0.013727"
"20260517","RUB","USD","0.013727"
"20260518","RUB","USD","0.013801"
"20260519","RUB","USD","0.014045"
"20260520","RUB","USD","0.013984"
"20260521","RUB","USD","0.014043"
"20260522","RUB","USD","0.013976"
"20260524","RUB","USD","0.013976"
"20260525","RUB","USD","0.013965"
"20260526","RUB","USD","0.013889"
"20260527","RUB","USD","0.014104"
"20260528","RUB","USD","0.014063"
"20260529","RUB","USD","0.014085"
"20260531","RUB","USD","0.014085"
"20260601","RUB","USD","0.013897"
"20260602","RUB","USD","0.013697"
"20260603","RUB","USD","0.013548"
"20260604","RUB","USD","0.013624"
"20260605","RUB","USD","0.013569"
"20260607","RUB","USD","0.013569"
"20260608","RUB","USD","0.013703"
"20260609","RUB","USD","0.013894"
"20260610","RUB","USD","0.013841"
"20260611","RUB","USD","0.013839"
"20260612","RUB","USD","0.013793"
"20260614","RUB","USD","0.013793"
"20260615","RUB","USD","0.013803"
"20260616","RUB","USD","0.013793"
"20260617","RUB","USD","0.013717"
"20260618","RUB","USD","0.013638"
"20260619","RUB","USD","0.013699"
"20260621","RUB","USD","0.013699"
"20260622","RUB","USD","0.013468"
"20260623","RUB","USD","0.013423"
"20260624","RUB","USD","0.013351"
"20260625","RUB","USD","0.013182"
"20260626","RUB","USD","0.012678"
"20260628","RUB","USD","0.012678"
"20260629","RUB","USD","0.012987"
"20260630","RUB","USD","0.012706"
"20260701","RUB","USD","0.012903"
"20260702","RUB","USD","0.012903"
"20260703","RUB","USD","0.012935"
"20260705","RUB","USD","0.012935"
"20260706","RUB","USD","0.012987"
"20260707","RUB","USD","0.013079"
"20260708","RUB","USD","0.013021"
"20260709","RUB","USD","0.01313"
"20260710","RUB","USD","0.012987"
"20260712","RUB","USD","0.012987"
"20260713","RUB","USD","0.013051"
"20260714","RUB","USD","0.012895"
"20260715","RUB","USD","0.012903"
"20260716","RUB","USD","0.012804"
"20260717","RUB","USD","0.012788"
"20260719","RUB","USD","0.012788"
"20260720","RUB","USD","0.012727"
"20260721","RUB","USD","0.012759"
"20260722","RUB","USD","0.012825"
"20260723","RUB","USD","0.012771"
"20260724","RUB","USD","0.012878"
"20260726","RUB","USD","0.012878"
"20260727","RUB","USD","0.012816"
"20260728","RUB","USD","0.012713"
"20260729","RUB","USD","0.012523"
"20260730","RUB","USD","0.012498"
"20260731","RUB","USD","0.012561"
"20260802","RUB","USD","0.012561"
"20260803","RUB","USD","0.012438"
"20260804","RUB","USD","0.012299"
"20260805","RUB","USD","0.012349"
"20260806","RUB","USD","0.012048"
"20260807","RUB","USD","0.012209"
"20260809","RUB","USD","0.012209"
"20260810","RUB","USD","0.01212"
"20260811","RUB","USD","0.012105"
"20260812","RUB","USD","0.01209"
"20260813","RUB","USD","0.012037"
"20260814","RUB","USD","0.011869"
"20260816","RUB","USD","0.011869"
"20260817","RUB","USD","0.011772"
"20260818","RUB","USD","0.011763"
"20260819","RUB","USD","0.01177"
"20260820","RUB","USD","0.011939"
"20260821","RUB","USD","0.012092"
"20260823","RUB","USD","0.012092"
"20260824","RUB","USD","0.011989"
"20260825","RUB","USD","0.011947"
"20260826","RUB","USD","0.011852"
"20260827","RUB","USD","0.011586"
"20260828","RUB","USD","0.011608"
"20260830","RUB","USD","0.011608"
"20260831","RUB","USD","0.011587"
"20260901","RUB","USD","0.011517"
"20260902","RUB","USD","0.011467"
"20260903","RUB","USD","0.011541"
"20260904","RUB","USD","0.011652"
"20260906","RUB","USD","0.011652"
"20260907","RUB","USD","0.011635"
"20260908","RUB","USD","0.011648"
"20260909","RUB","USD","0.011754"
"20260910","RUB","USD","0.011912"
"20260911","RUB","USD","0.011887"
"20260913","RUB","USD","0.011887"
"20260914","RUB","USD","0.011834"
"20260915","RUB","USD","0.011876"
"20260916","RUB","USD","0.011833"
"20260917","RUB","USD","0.01183"
"20260918","RUB","USD","0.011876"
"20260920","RUB","USD","0.011876"
"20260921","RUB","USD","0.01194"
"20260922","RUB","USD","0.011869"
"20260923","RUB","USD","0.011827"
"20250924","AED","USD","0.27226"
"20250925","AED","USD","0.27226"
"20250926","AED","USD","0.27229"
"20250928","AED","USD","0.27228"
"20250929","AED","USD","0.27225"
"20250930","AED","USD","0.27225"
"20251001","AED","USD","0.27225"
"20251002","AED","USD","0.27225"
"20251003","AED","USD","0.27225"
"20251005","AED","USD","0.27228"
"20251006","AED","USD","0.27226"
"20251007","AED","USD","0.27229"
"20251008","AED","USD","0.27225"
"20251009","AED","USD","0.27229"
"20251010","AED","USD","0.27229"
"20251012","AED","USD","0.27228"
"20251013","AED","USD","0.27226"
"20251014","AED","USD","0.27226"
"20251015","AED","USD","0.27229"
"20251016","AED","USD","0.27225"
"20251017","AED","USD","0.27229"
"20251019","AED","USD","0.27228"
"20251020","AED","USD","0.27225"
"20251021","AED","USD","0.27226"
"20251022","AED","USD","0.27229"
"20251023","AED","USD","0.27226"
"20251024","AED","USD","0.27225"
"20251026","AED","USD","0.27229"
"20251027","AED","USD","0.27226"
"20251028","AED","USD","0.27226"
"20251029","AED","USD","0.27225"
"20251030","AED","USD","0.27226"
"20251031","AED","USD","0.27226"
"20251102","AED","USD","0.27228"
"20251103","AED","USD","0.27225"
"20251104","AED","USD","0.27225"
"20251105","AED","USD","0.27225"
"20251106","AED","USD","0.27225"
"20251107","AED","USD","0.27225"
"20251109","AED","USD","0.27228"
"20251110","AED","USD","0.27225"
"20251111","AED","USD","0.27226"
"20251112","AED","USD","0.27225"
"20251113","AED","USD","0.27225"
"20251114","AED","USD","0.27226"
"20251116","AED","USD","0.27228"
"20251117","AED","USD","0.27225"
"20251118","AED","USD","0.27226"
"20251119","AED","USD","0.27229"
"20251120","AED","USD","0.27226"
"20251121","AED","USD","0.27226"
"20251123","AED","USD","0.27229"
"20251124","AED","USD","0.27227"
"20251125","AED","USD","0.27229"
"20251126","AED","USD","0.27227"
"20251127","AED","USD","0.27227"
"20251128","AED","USD","0.27225"
"20251130","AED","USD","0.27225"
"20251201","AED","USD","0.27229"
"20251202","AED","USD","0.27229"
"20251203","AED","USD","0.27226"
"20251204","AED","USD","0.27226"
"20251205","AED","USD","0.27227"
"20251207","AED","USD","0.27228"
"20251208","AED","USD","0.27225"
"20251209","AED","USD","0.27227"
"20251210","AED","USD","0.27225"
"20251211","AED","USD","0.27225"
"20251212","AED","USD","0.27227"
"20251214","AED","USD","0.27228"
"20251215","AED","USD","0.27227"
"20251216","AED","USD","0.27226"
"20251217","AED","USD","0.27225"
"20251218","AED","USD","0.27227"
"20251219","AED","USD","0.27227"
"20251221","AED","USD","0.27229"
"20251222","AED","USD","0.27226"
"20251223","AED","USD","0.27226"
"20251224","AED","USD","0.27229"
"20251225","AED","USD","0.27227"
"20251226","AED","USD","0.27227"
"20251228","AED","USD","0.27226"
"20251229","AED","USD","0.27227"
"20251230","AED","USD","0.27226"
"20251231","AED","USD","0.27227"
"20260101","AED","USD","0.27227"
"20260102","AED","USD","0.27226"
"20260104","AED","USD","0.27228"
"20260105","AED","USD","0.27226"
"20260106","AED","USD","0.27226"
"20260107","AED","USD","0.27226"
"20260108","AED","USD","0.27226"
"20260109","AED","USD","0.27225"
"20260111","AED","USD","0.27229"
"20260112","AED","USD","0.27229"
"20260113","AED","USD","0.27226"
"20260114","AED","USD","0.27226"
"20260115","AED","USD","0.27226"
"20260116","AED","USD","0.27226"
"20260118","AED","USD","0.27229"
"20260119","AED","USD","0.27226"
"20260120","AED","USD","0.27226"
"20260121","AED","USD","0.27226"
"20260122","AED","USD","0.27225"
"20260123","AED","USD","0.27225"
"20260125","AED","USD","0.27225"
"20260126","AED","USD","0.27226"
"20260127","AED","USD","0.27225"
"20260128","AED","USD","0.27226"
"20260129","AED","USD","0.27225"
"20260130","AED","USD","0.27229"
"20260201","AED","USD","0.27229"
"20260202","AED","USD","0.27226"
"20260203","AED","USD","0.27226"
"20260204","AED","USD","0.27225"
"20260205","AED","USD","0.27225"
"20260206","AED","USD","0.27225"
"20260208","AED","USD","0.27226"
"20260209","AED","USD","0.27225"
"20260210","AED","USD","0.27229"
"20260211","AED","USD","0.27225"
"20260212","AED","USD","0.27225"
"20260213","AED","USD","0.27225"
"20260215","AED","USD","0.27229"
"20260216","AED","USD","0.27226"
"20260217","AED","USD","0.27229"
"20260218","AED","USD","0.27226"
"20260219","AED","USD","0.27226"
"20260220","AED","USD","0.27225"
"20260222","AED","USD","0.27225"
"20260223","AED","USD","0.27225"
"20260224","AED","USD","0.27229"
"20260225","AED","USD","0.27225"
"20260226","AED","USD","0.27225"
"20260227","AED","USD","0.27225"
"20260301","AED","USD","0.27226"
"20260302","AED","USD","0.27225"
"20260303","AED","USD","0.27225"
"20260304","AED","USD","0.27225"
"20260305","AED","USD","0.27226"
"20260306","AED","USD","0.27225"
"20260308","AED","USD","0.27226"
"20260309","AED","USD","0.27225"
"20260310","AED","USD","0.27226"
"20260311","AED","USD","0.27225"
"20260312","AED","USD","0.27225"
"20260313","AED","USD","0.27225"
"20260315","AED","USD","0.27226"
"20260316","AED","USD","0.27224"
"20260317","AED","USD","0.27228"
"20260318","AED","USD","0.27225"
"20260319","AED","USD","0.27223"
"20260320","AED","USD","0.27225"
"20260322","AED","USD","0.27225"
"20260323","AED","USD","0.27225"
"20260324","AED","USD","0.27224"
"20260325","AED","USD","0.27224"
"20260326","AED","USD","0.27224"
"20260327","AED","USD","0.27224"
"20260329","AED","USD","0.27223"
"20260330","AED","USD","0.27225"
"20260331","AED","USD","0.27223"
"20260401","AED","USD","0.27225"
"20260402","AED","USD","0.27224"
"20260403","AED","USD","0.27224"
"20260405","AED","USD","0.27225"
"20260406","AED","USD","0.27224"
"20260407","AED","USD","0.27224"
"20260408","AED","USD","0.27224"
"20260409","AED","USD","0.27225"
"20260410","AED","USD","0.27224"
"20260412","AED","USD","0.27224"
"20260413","AED","USD","0.27224"
"20260414","AED","USD","0.27224"
"20260415","AED","USD","0.27225"
"20260416","AED","USD","0.27224"
"20260417","AED","USD","0.27229"
"20260419","AED","USD","0.27225"
"20260420","AED","USD","0.27224"
"20260421","AED","USD","0.27225"
"20260422","AED","USD","0.27225"
"20260423","AED","USD","0.27225"
"20260424","AED","USD","0.27225"
"20260426","AED","USD","0.27225"
"20260427","AED","USD","0.27229"
"20260428","AED","USD","0.27225"
"20260429","AED","USD","0.27225"
"20260430","AED","USD","0.27226"
"20260501","AED","USD","0.27225"
"20260503","AED","USD","0.27229"
"20260504","AED","USD","0.27225"
"20260505","AED","USD","0.27225"
"20260506","AED","USD","0.27225"
"20260507","AED","USD","0.27227"
"20260508","AED","USD","0.27225"
"20260510","AED","USD","0.27225"
"20260511","AED","USD","0.27225"
"20260512","AED","USD","0.27225"
"20260513","AED","USD","0.27227"
"20260514","AED","USD","0.27226"
"20260515","AED","USD","0.27226"
"20260517","AED","USD","0.27226"
"20260518","AED","USD","0.27226"
"20260519","AED","USD","0.27226"
"20260520","AED","USD","0.27228"
"20260521","AED","USD","0.27226"
"20260522","AED","USD","0.27227"
"20260524","AED","USD","0.27226"
"20260525","AED","USD","0.27229"
"20260526","AED","USD","0.27226"
"20260527","AED","USD","0.27226"
"20260528","AED","USD","0.27226"
"20260529","AED","USD","0.27226"
"20260531","AED","USD","0.27225"
"20260601","AED","USD","0.27225"
"20260602","AED","USD","0.27226"
"20260603","AED","USD","0.27226"
"20260604","AED","USD","0.27226"
"20260605","AED","USD","0.27226"
"20260607","AED","USD","0.27228"
"20260608","AED","USD","0.27225"
"20260609","AED","USD","0.27227"
"20260610","AED","USD","0.27227"
"20260611","AED","USD","0.27225"
"20260612","AED","USD","0.27226"
"20260614","AED","USD","0.27227"
"20260615","AED","USD","0.27228"
"20260616","AED","USD","0.27226"
"20260617","AED","USD","0.27227"
"20260618","AED","USD","0.27227"
"20260619","AED","USD","0.27227"
"20260621","AED","USD","0.27226"
"20260622","AED","USD","0.27226"
"20260623","AED","USD","0.27226"
"20260624","AED","USD","0.27228"
"20260625","AED","USD","0.27228"
"20260626","AED","USD","0.27226"
"20260628","AED","USD","0.27226"
"20260629","AED","USD","0.27226"
"20260630","AED","USD","0.27228"
"20260701","AED","USD","0.27226"
"20260702","AED","USD","0.27226"
"20260703","AED","USD","0.27228"
"20260705","AED","USD","0.27229"
"20260706","AED","USD","0.27226"
"20260707","AED","USD","0.27227"
"20260708","AED","USD","0.27226"
"20260709","AED","USD","0.27226"
"20260710","AED","USD","0.27226"
"20260712","AED","USD","0.27225"
"20260713","AED","USD","0.27226"
"20260714","AED","USD","0.27226"
"20260715","AED","USD","0.27227"
"20260716","AED","USD","0.27226"
"20260717","AED","USD","0.27227"
"20260719","AED","USD","0.27225"
"20260720","AED","USD","0.27226"
"20260721","AED","USD","0.27226"
"20260722","AED","USD","0.27226"
"20260723","AED","USD","0.27226"
"20260724","AED","USD","0.27226"
"20260726","AED","USD","0.27227"
"20260727","AED","USD","0.27226"
"20260728","AED","USD","0.27226"
"20260729","AED","USD","0.27226"
"20260730","AED","USD","0.27226"
"20260731","AED","USD","0.27226"
"20260802","AED","USD","0.27226"
"20260803","AED","USD","0.27226"
"20260804","AED","USD","0.27226"
"20260805","AED","USD","0.27226"
"20260806","AED","USD","0.27226"
"20260807","AED","USD","0.27226"
"20260809","AED","USD","0.27226"
"20260810","AED","USD","0.27226"
"20260811","AED","USD","0.27226"
"20260812","AED","USD","0.27226"
"20260813","AED","USD","0.27228"
"20260814","AED","USD","0.27228"
"20260816","AED","USD","0.27228"
"20260817","AED","USD","0.27226"
"20260818","AED","USD","0.27228"
"20260819","AED","USD","0.27227"
"20260820","AED","USD","0.27226"
"20260821","AED","USD","0.27226"
"20260823","AED","USD","0.27226"
"20260824","AED","USD","0.27226"
"20260825","AED","USD","0.27226"
"20260826","AED","USD","0.27226"
"20260827","AED","USD","0.27226"
"20260828","AED","USD","0.27226"
"20260830","AED","USD","0.27225"
"20260831","AED","USD","0.27226"
"20260901","AED","USD","0.27226"
"20260902","AED","USD","0.27226"
"20260903","AED","USD","0.27226"
"20260904","AED","USD","0.27226"
"20260906","AED","USD","0.27227"
"20260907","AED","USD","0.27227"
"20260908","AED","USD","0.27226"
"20260909","AED","USD","0.27226"
"20260910","AED","USD","0.27226"
"20260911","AED","USD","0.27228"
"20260913","AED","USD","0.27225"
"20260914","AED","USD","0.27227"
"20260915","AED","USD","0.27227"
"20260916","AED","USD","0.27226"
"20260917","AED","USD","0.27227"
"20260918","AED","USD","0.27226"
"20260920","AED","USD","0.27226"
"20260921","AED","USD","0.27226"
"20260922","AED","USD","0.27226"
"20260923","AED","USD","0.27226"
"20250924","TWD","USD","0.032911"
"20250925","TWD","USD","0.03275"
"20250926","TWD","USD","0.032828"
"20250928","TWD","USD","0.032831"
"20250929","TWD","USD","0.032807"
"20250930","TWD","USD","0.03283"
"20251001","TWD","USD","0.032869"
"20251002","TWD","USD","0.032818"
"20251003","TWD","USD","0.032894"
"20251005","TWD","USD","0.032897"
"20251006","TWD","USD","0.032786"
"20251007","TWD","USD","0.032732"
"20251008","TWD","USD","0.032727"
"20251009","TWD","USD","0.032685"
"20251010","TWD","USD","0.032552"
"20251012","TWD","USD","0.032552"
"20251013","TWD","USD","0.032573"
"20251014","TWD","USD","0.03258"
"20251015","TWD","USD","0.032648"
"20251016","TWD","USD","0.032648"
"20251017","TWD","USD","0.032637"
"20251019","TWD","USD","0.03264"
"20251020","TWD","USD","0.032686"
"20251021","TWD","USD","0.03258"
"20251022","TWD","USD","0.032508"
"20251023","TWD","USD","0.032502"
"20251024","TWD","USD","0.032418"
"20251026","TWD","USD","0.032417"
"20251027","TWD","USD","0.032657"
"20251028","TWD","USD","0.032728"
"20251029","TWD","USD","0.032638"
"20251030","TWD","USD","0.032568"
"20251031","TWD","USD","0.032481"
"20251102","TWD","USD","0.032474"
"20251103","TWD","USD","0.032338"
"20251104","TWD","USD","0.032329"
"20251105","TWD","USD","0.032357"
"20251106","TWD","USD","0.032258"
"20251107","TWD","USD","0.032276"
"20251109","TWD","USD","0.032284"
"20251110","TWD","USD","0.032272"
"20251111","TWD","USD","0.032243"
"20251112","TWD","USD","0.032176"
"20251113","TWD","USD","0.032117"
"20251114","TWD","USD","0.032532"
"20251116","TWD","USD","0.032532"
"20251117","TWD","USD","0.032065"
"20251118","TWD","USD","0.032137"
"20251119","TWD","USD","0.032046"
"20251120","TWD","USD","0.031886"
"20251121","TWD","USD","0.031894"
"20251123","TWD","USD","0.031894"
"20251124","TWD","USD","0.031802"
"20251125","TWD","USD","0.03184"
"20251126","TWD","USD","0.031985"
"20251127","TWD","USD","0.031947"
"20251128","TWD","USD","0.031851"
"20251130","TWD","USD","0.031854"
"20251201","TWD","USD","0.031837"
"20251202","TWD","USD","0.03185"
"20251203","TWD","USD","0.03192"
"20251204","TWD","USD","0.031867"
"20251205","TWD","USD","0.03196"
"20251207","TWD","USD","0.03196"
"20251208","TWD","USD","0.032075"
"20251209","TWD","USD","0.032109"
"20251210","TWD","USD","0.032148"
"20251211","TWD","USD","0.03204"
"20251212","TWD","USD","0.031893"
"20251214","TWD","USD","0.031893"
"20251215","TWD","USD","0.031902"
"20251216","TWD","USD","0.031762"
"20251217","TWD","USD","0.031633"
"20251218","TWD","USD","0.031716"
"20251219","TWD","USD","0.031723"
"20251221","TWD","USD","0.031727"
"20251222","TWD","USD","0.031733"
"20251223","TWD","USD","0.031775"
"20251224","TWD","USD","0.031792"
"20251225","TWD","USD","0.031805"
"20251226","TWD","USD","0.031857"
"20251228","TWD","USD","0.031852"
"20251229","TWD","USD","0.031917"
"20251230","TWD","USD","0.031986"
"20251231","TWD","USD","0.031914"
"20260101","TWD","USD","0.031922"
"20260102","TWD","USD","0.031871"
"20260104","TWD","USD","0.031874"
"20260105","TWD","USD","0.031776"
"20260106","TWD","USD","0.031761"
"20260107","TWD","USD","0.031764"
"20260108","TWD","USD","0.031687"
"20260109","TWD","USD","0.031637"
"20260111","TWD","USD","0.031638"
"20260112","TWD","USD","0.031664"
"20260113","TWD","USD","0.031616"
"20260114","TWD","USD","0.031709"
"20260115","TWD","USD","0.031664"
"20260116","TWD","USD","0.031621"
"20260118","TWD","USD","0.031623"
"20260119","TWD","USD","0.03168"
"20260120","TWD","USD","0.03156"
"20260121","TWD","USD","0.031623"
"20260122","TWD","USD","0.03164"
"20260123","TWD","USD","0.031873"
"20260125","TWD","USD","0.031873"
"20260126","TWD","USD","0.031799"
"20260127","TWD","USD","0.032087"
"20260128","TWD","USD","0.031952"
"20260129","TWD","USD","0.031872"
"20260130","TWD","USD","0.031623"
"20260201","TWD","USD","0.031623"
"20260202","TWD","USD","0.031655"
"20260203","TWD","USD","0.031651"
"20260204","TWD","USD","0.031587"
"20260205","TWD","USD","0.031564"
"20260206","TWD","USD","0.031657"
"20260208","TWD","USD","0.031619"
"20260209","TWD","USD","0.031686"
"20260210","TWD","USD","0.03174"
"20260211","TWD","USD","0.031902"
"20260212","TWD","USD","0.031834"
"20260213","TWD","USD","0.031821"
"20260215","TWD","USD","0.031821"
"20260216","TWD","USD","0.03188"
"20260217","TWD","USD","0.031856"
"20260218","TWD","USD","0.031702"
"20260219","TWD","USD","0.031652"
"20260220","TWD","USD","0.031733"
"20260222","TWD","USD","0.031781"
"20260223","TWD","USD","0.031798"
"20260224","TWD","USD","0.031863"
"20260225","TWD","USD","0.031961"
"20260226","TWD","USD","0.03198"
"20260227","TWD","USD","0.031857"
"20260301","TWD","USD","0.031901"
"20260302","TWD","USD","0.031683"
"20260303","TWD","USD","0.031535"
"20260304","TWD","USD","0.03159"
"20260305","TWD","USD","0.031466"
"20260306","TWD","USD","0.03142"
"20260308","TWD","USD","0.031401"
"20260309","TWD","USD","0.031425"
"20260310","TWD","USD","0.031463"
"20260311","TWD","USD","0.031452"
"20260312","TWD","USD","0.031339"
"20260313","TWD","USD","0.031139"
"20260315","TWD","USD","0.031158"
"20260316","TWD","USD","0.031285"
"20260317","TWD","USD","0.031373"
"20260318","TWD","USD","0.031233"
"20260319","TWD","USD","0.031402"
"20260320","TWD","USD","0.031221"
"20260322","TWD","USD","0.031212"
"20260323","TWD","USD","0.031385"
"20260324","TWD","USD","0.031315"
"20260325","TWD","USD","0.0313"
"20260326","TWD","USD","0.031268"
"20260327","TWD","USD","0.031214"
"20260329","TWD","USD","0.031258"
"20260330","TWD","USD","0.031198"
"20260331","TWD","USD","0.031296"
"20260401","TWD","USD","0.031228"
"20260402","TWD","USD","0.031298"
"20260403","TWD","USD","0.031255"
"20260405","TWD","USD","0.031271"
"20260406","TWD","USD","0.031294"
"20260407","TWD","USD","0.03134"
"20260408","TWD","USD","0.03151"
"20260409","TWD","USD","0.031505"
"20260410","TWD","USD","0.031504"
"20260412","TWD","USD","0.031464"
"20260413","TWD","USD","0.031592"
"20260414","TWD","USD","0.031714"
"20260415","TWD","USD","0.031644"
"20260416","TWD","USD","0.031672"
"20260417","TWD","USD","0.031766"
"20260419","TWD","USD","0.031763"
"20260420","TWD","USD","0.031813"
"20260421","TWD","USD","0.031749"
"20260422","TWD","USD","0.031764"
"20260423","TWD","USD","0.031685"
"20260424","TWD","USD","0.031783"
"20260426","TWD","USD","0.031791"
"20260427","TWD","USD","0.031775"
"20260428","TWD","USD","0.031718"
"20260429","TWD","USD","0.031605"
"20260430","TWD","USD","0.031664"
"20260501","TWD","USD","0.031617"
"20260503","TWD","USD","0.031617"
"20260504","TWD","USD","0.031569"
"20260505","TWD","USD","0.031678"
"20260506","TWD","USD","0.031858"
"20260507","TWD","USD","0.031834"
"20260508","TWD","USD","0.031933"
"20260510","TWD","USD","0.031933"
"20260511","TWD","USD","0.031883"
"20260512","TWD","USD","0.031718"
"20260513","TWD","USD","0.03172"
"20260514","TWD","USD","0.031696"
"20260515","TWD","USD","0.031667"
"20260517","TWD","USD","0.031655"
"20260518","TWD","USD","0.031687"
"20260519","TWD","USD","0.031586"
"20260520","TWD","USD","0.031667"
"20260521","TWD","USD","0.03169"
"20260522","TWD","USD","0.031787"
"20260524","TWD","USD","0.031775"
"20260525","TWD","USD","0.031836"
"20260526","TWD","USD","0.031814"
"20260527","TWD","USD","0.031845"
"20260528","TWD","USD","0.031829"
"20260529","TWD","USD","0.031812"
"20260531","TWD","USD","0.03182"
"20260601","TWD","USD","0.031941"
"20260602","TWD","USD","0.031805"
"20260603","TWD","USD","0.031773"
"20260604","TWD","USD","0.031772"
"20260605","TWD","USD","0.031651"
"20260607","TWD","USD","0.031651"
"20260608","TWD","USD","0.031684"
"20260609","TWD","USD","0.031649"
"20260610","TWD","USD","0.031558"
"20260611","TWD","USD","0.031664"
"20260612","TWD","USD","0.031621"
"20260614","TWD","USD","0.031609"
"20260615","TWD","USD","0.031694"
"20260616","TWD","USD","0.031714"
"20260617","TWD","USD","0.031596"
"20260618","TWD","USD","0.031621"
"20260619","TWD","USD","0.031569"
"20260621","TWD","USD","0.031559"
"20260622","TWD","USD","0.031591"
"20260623","TWD","USD","0.031569"
"20260624","TWD","USD","0.031492"
"20260625","TWD","USD","0.031435"
"20260626","TWD","USD","0.031387"
"20260628","TWD","USD","0.031376"
"20260629","TWD","USD","0.031382"
"20260630","TWD","USD","0.031457"
"20260701","TWD","USD","0.031365"
"20260702","TWD","USD","0.031347"
"20260703","TWD","USD","0.031308"
"20260705","TWD","USD","0.031308"
"20260706","TWD","USD","0.031231"
"20260707","TWD","USD","0.031122"
"20260708","TWD","USD","0.031201"
"20260709","TWD","USD","0.031086"
"20260710","TWD","USD","0.031142"
"20260712","TWD","USD","0.031168"
"20260713","TWD","USD","0.031037"
"20260714","TWD","USD","0.0311"
"20260715","TWD","USD","0.031106"
"20260716","TWD","USD","0.030988"
"20260717","TWD","USD","0.030876"
"20260719","TWD","USD","0.030876"
"20260720","TWD","USD","0.030964"
"20260721","TWD","USD","0.030918"
"20260722","TWD","USD","0.030864"
"20260723","TWD","USD","0.030946"
"20260724","TWD","USD","0.030925"
"20260726","TWD","USD","0.030893"
"20260727","TWD","USD","0.030961"
"20260728","TWD","USD","0.030889"
"20260729","TWD","USD","0.030903"
"20260730","TWD","USD","0.030855"
"20260731","TWD","USD","0.030952"
"20260802","TWD","USD","0.030957"
"20260803","TWD","USD","0.030854"
"20260804","TWD","USD","0.030852"
"20260805","TWD","USD","0.030981"
"20260806","TWD","USD","0.031008"
"20260807","TWD","USD","0.031007"
"20260809","TWD","USD","0.031045"
"20260810","TWD","USD","0.031003"
"20260811","TWD","USD","0.031016"
"20260812","TWD","USD","0.031025"
"20260813","TWD","USD","0.031115"
"20260814","TWD","USD","0.031236"
"20260816","TWD","USD","0.031252"
"20260817","TWD","USD","0.031379"
"20260818","TWD","USD","0.03131"
"20260819","TWD","USD","0.031385"
"20260820","TWD","USD","0.031379"
"20260821","TWD","USD","0.03141"
"20260823","TWD","USD","0.031426"
"20260824","TWD","USD","0.031402"
"20260825","TWD","USD","0.031398"
"20260826","TWD","USD","0.031387"
"20260827","TWD","USD","0.031561"
"20260828","TWD","USD","0.031593"
"20260830","TWD","USD","0.031591"
"20260831","TWD","USD","0.031541"
"20260901","TWD","USD","0.031535"
"20260902","TWD","USD","0.031493"
"20260903","TWD","USD","0.031516"
"20260904","TWD","USD","0.031608"
"20260906","TWD","USD","0.0316"
"20260907","TWD","USD","0.031726"
"20260908","TWD","USD","0.031725"
"20260909","TWD","USD","0.031761"
"20260910","TWD","USD","0.031631"
"20260911","TWD","USD","0.031606"
"20260913","TWD","USD","0.031626"
"20260914","TWD","USD","0.031485"
"20260915","TWD","USD","0.031418"
"20260916","TWD","USD","0.0314"
"20260917","TWD","USD","0.031374"
"20260918","TWD","USD","0.031465"
"20260920","TWD","USD","0.031467"
"20260921","TWD","USD","0.031523"
"20260922","TWD","USD","0.03157"
"20260923","TWD","USD","0.031455"
"20250924","HKD","USD","0.12856"
"20250925","HKD","USD","0.12848"
"20250926","HKD","USD","0.12854"
"20250928","HKD","USD","0.12854"
"20250929","HKD","USD","0.12847"
"20250930","HKD","USD","0.12849"
"20251001","HKD","USD","0.1285"
"20251002","HKD","USD","0.12849"
"20251003","HKD","USD","0.12852"
"20251005","HKD","USD","0.12852"
"20251006","HKD","USD","0.12849"
"20251007","HKD","USD","0.12848"
"20251008","HKD","USD","0.1285"
"20251009","HKD","USD","0.12851"
"20251010","HKD","USD","0.1285"
"20251012","HKD","USD","0.1285"
"20251013","HKD","USD","0.12853"
"20251014","HKD","USD","0.12863"
"20251015","HKD","USD","0.12862"
"20251016","HKD","USD","0.12869"
"20251017","HKD","USD","0.12873"
"20251019","HKD","USD","0.12873"
"20251020","HKD","USD","0.12873"
"20251021","HKD","USD","0.12867"
"20251022","HKD","USD","0.12867"
"20251023","HKD","USD","0.12867"
"20251024","HKD","USD","0.1287"
"20251026","HKD","USD","0.1287"
"20251027","HKD","USD","0.12874"
"20251028","HKD","USD","0.12871"
"20251029","HKD","USD","0.12868"
"20251030","HKD","USD","0.1287"
"20251031","HKD","USD","0.12869"
"20251102","HKD","USD","0.12869"
"20251103","HKD","USD","0.12866"
"20251104","HKD","USD","0.12863"
"20251105","HKD","USD","0.12862"
"20251106","HKD","USD","0.12861"
"20251107","HKD","USD","0.12858"
"20251109","HKD","USD","0.12859"
"20251110","HKD","USD","0.12864"
"20251111","HKD","USD","0.12866"
"20251112","HKD","USD","0.12867"
"20251113","HKD","USD","0.12868"
"20251114","HKD","USD","0.12865"
"20251116","HKD","USD","0.12865"
"20251117","HKD","USD","0.12863"
"20251118","HKD","USD","0.12845"
"20251119","HKD","USD","0.12836"
"20251120","HKD","USD","0.12847"
"20251121","HKD","USD","0.12849"
"20251123","HKD","USD","0.12849"
"20251124","HKD","USD","0.12851"
"20251125","HKD","USD","0.12861"
"20251126","HKD","USD","0.12856"
"20251127","HKD","USD","0.12854"
"20251128","HKD","USD","0.12844"
"20251130","HKD","USD","0.12844"
"20251201","HKD","USD","0.12839"
"20251202","HKD","USD","0.12846"
"20251203","HKD","USD","0.12847"
"20251204","HKD","USD","0.12849"
"20251205","HKD","USD","0.12845"
"20251207","HKD","USD","0.12846"
"20251208","HKD","USD","0.12852"
"20251209","HKD","USD","0.1285"
"20251210","HKD","USD","0.12852"
"20251211","HKD","USD","0.1285"
"20251212","HKD","USD","0.12846"
"20251214","HKD","USD","0.12847"
"20251215","HKD","USD","0.1285"
"20251216","HKD","USD","0.12853"
"20251217","HKD","USD","0.12852"
"20251218","HKD","USD","0.12852"
"20251219","HKD","USD","0.12851"
"20251221","HKD","USD","0.12851"
"20251222","HKD","USD","0.12852"
"20251223","HKD","USD","0.12858"
"20251224","HKD","USD","0.12861"
"20251225","HKD","USD","0.12861"
"20251226","HKD","USD","0.12868"
"20251228","HKD","USD","0.12868"
"20251229","HKD","USD","0.12863"
"20251230","HKD","USD","0.12852"
"20251231","HKD","USD","0.12849"
"20260101","HKD","USD","0.12846"
"20260102","HKD","USD","0.12835"
"20260104","HKD","USD","0.12835"
"20260105","HKD","USD","0.12844"
"20260106","HKD","USD","0.12839"
"20260107","HKD","USD","0.12842"
"20260108","HKD","USD","0.12833"
"20260109","HKD","USD","0.12828"
"20260111","HKD","USD","0.1283"
"20260112","HKD","USD","0.12826"
"20260113","HKD","USD","0.12819"
"20260114","HKD","USD","0.12824"
"20260115","HKD","USD","0.12825"
"20260116","HKD","USD","0.12826"
"20260118","HKD","USD","0.12826"
"20260119","HKD","USD","0.12826"
"20260120","HKD","USD","0.12822"
"20260121","HKD","USD","0.12825"
"20260122","HKD","USD","0.12826"
"20260123","HKD","USD","0.12826"
"20260125","HKD","USD","0.12827"
"20260126","HKD","USD","0.12824"
"20260127","HKD","USD","0.12822"
"20260128","HKD","USD","0.12818"
"20260129","HKD","USD","0.12812"
"20260130","HKD","USD","0.12798"
"20260201","HKD","USD","0.12798"
"20260202","HKD","USD","0.12803"
"20260203","HKD","USD","0.12799"
"20260204","HKD","USD","0.128"
"20260205","HKD","USD","0.12797"
"20260206","HKD","USD","0.12798"
"20260208","HKD","USD","0.12798"
"20260209","HKD","USD","0.12796"
"20260210","HKD","USD","0.1279"
"20260211","HKD","USD","0.12791"
"20260212","HKD","USD","0.12794"
"20260213","HKD","USD","0.12794"
"20260215","HKD","USD","0.12794"
"20260216","HKD","USD","0.12795"
"20260217","HKD","USD","0.12795"
"20260218","HKD","USD","0.12797"
"20260219","HKD","USD","0.12797"
"20260220","HKD","USD","0.12796"
"20260222","HKD","USD","0.12797"
"20260223","HKD","USD","0.12789"
"20260224","HKD","USD","0.12783"
"20260225","HKD","USD","0.12787"
"20260226","HKD","USD","0.12782"
"20260227","HKD","USD","0.12783"
"20260301","HKD","USD","0.12782"
"20260302","HKD","USD","0.12785"
"20260303","HKD","USD","0.12813"
"20260304","HKD","USD","0.12791"
"20260305","HKD","USD","0.12789"
"20260306","HKD","USD","0.12783"
"20260308","HKD","USD","0.12783"
"20260309","HKD","USD","0.12786"
"20260310","HKD","USD","0.12781"
"20260311","HKD","USD","0.12779"
"20260312","HKD","USD","0.12777"
"20260313","HKD","USD","0.12775"
"20260315","HKD","USD","0.12776"
"20260316","HKD","USD","0.12771"
"20260317","HKD","USD","0.12761"
"20260318","HKD","USD","0.12757"
"20260319","HKD","USD","0.12765"
"20260320","HKD","USD","0.12766"
"20260322","HKD","USD","0.12768"
"20260323","HKD","USD","0.12765"
"20260324","HKD","USD","0.12777"
"20260325","HKD","USD","0.1279"
"20260326","HKD","USD","0.12778"
"20260327","HKD","USD","0.12766"
"20260329","HKD","USD","0.12766"
"20260330","HKD","USD","0.12762"
"20260331","HKD","USD","0.12755"
"20260401","HKD","USD","0.12759"
"20260402","HKD","USD","0.12758"
"20260403","HKD","USD","0.1276"
"20260405","HKD","USD","0.1276"
"20260406","HKD","USD","0.12759"
"20260407","HKD","USD","0.12762"
"20260408","HKD","USD","0.12767"
"20260409","HKD","USD","0.12765"
"20260410","HKD","USD","0.12769"
"20260412","HKD","USD","0.1277"
"20260413","HKD","USD","0.12771"
"20260414","HKD","USD","0.12766"
"20260415","HKD","USD","0.12765"
"20260416","HKD","USD","0.1278"
"20260417","HKD","USD","0.12769"
"20260419","HKD","USD","0.12772"
"20260420","HKD","USD","0.12771"
"20260421","HKD","USD","0.12771"
"20260422","HKD","USD","0.12766"
"20260423","HKD","USD","0.12768"
"20260424","HKD","USD","0.12763"
"20260426","HKD","USD","0.12763"
"20260427","HKD","USD","0.1276"
"20260428","HKD","USD","0.12762"
"20260429","HKD","USD","0.1276"
"20260430","HKD","USD","0.12768"
"20260501","HKD","USD","0.12764"
"20260503","HKD","USD","0.12764"
"20260504","HKD","USD","0.12767"
"20260505","HKD","USD","0.12761"
"20260506","HKD","USD","0.12762"
"20260507","HKD","USD","0.12767"
"20260508","HKD","USD","0.12773"
"20260510","HKD","USD","0.12772"
"20260511","HKD","USD","0.12774"
"20260512","HKD","USD","0.12773"
"20260513","HKD","USD","0.12771"
"20260514","HKD","USD","0.12767"
"20260515","HKD","USD","0.12771"
"20260517","HKD","USD","0.1277"
"20260518","HKD","USD","0.12771"
"20260519","HKD","USD","0.12766"
"20260520","HKD","USD","0.12766"
"20260521","HKD","USD","0.12765"
"20260522","HKD","USD","0.12763"
"20260524","HKD","USD","0.12763"
"20260525","HKD","USD","0.12764"
"20260526","HKD","USD","0.12761"
"20260527","HKD","USD","0.12764"
"20260528","HKD","USD","0.12765"
"20260529","HKD","USD","0.1276"
"20260531","HKD","USD","0.12761"
"20260601","HKD","USD","0.12759"
"20260602","HKD","USD","0.1276"
"20260603","HKD","USD","0.1276"
"20260604","HKD","USD","0.12764"
"20260605","HKD","USD","0.12765"
"20260607","HKD","USD","0.12764"
"20260608","HKD","USD","0.1276"
"20260609","HKD","USD","0.12759"
"20260610","HKD","USD","0.12761"
"20260611","HKD","USD","0.12761"
"20260612","HKD","USD","0.12762"
"20260614","HKD","USD","0.12762"
"20260615","HKD","USD","0.12764"
"20260616","HKD","USD","0.12765"
"20260617","HKD","USD","0.12762"
"20260618","HKD","USD","0.1276"
"20260619","HKD","USD","0.1276"
"20260621","HKD","USD","0.1276"
"20260622","HKD","USD","0.12755"
"20260623","HKD","USD","0.12754"
"20260624","HKD","USD","0.12755"
"20260625","HKD","USD","0.12754"
"20260626","HKD","USD","0.12752"
"20260628","HKD","USD","0.12753"
"20260629","HKD","USD","0.12754"
"20260630","HKD","USD","0.1275"
"20260701","HKD","USD","0.12749"
"20260702","HKD","USD","0.12751"
"20260703","HKD","USD","0.1275"
"20260705","HKD","USD","0.12751"
"20260706","HKD","USD","0.1275"
"20260707","HKD","USD","0.12752"
"20260708","HKD","USD","0.12756"
"20260709","HKD","USD","0.12762"
"20260710","HKD","USD","0.12756"
"20260712","HKD","USD","0.12756"
"20260713","HKD","USD","0.12759"
"20260714","HKD","USD","0.12759"
"20260715","HKD","USD","0.12757"
"20260716","HKD","USD","0.12755"
"20260717","HKD","USD","0.12755"
"20260719","HKD","USD","0.12755"
"20260720","HKD","USD","0.12754"
"20260721","HKD","USD","0.12752"
"20260722","HKD","USD","0.12753"
"20260723","HKD","USD","0.12753"
"20260724","HKD","USD","0.12751"
"20260726","HKD","USD","0.12752"
"20260727","HKD","USD","0.12752"
"20260728","HKD","USD","0.12754"
"20260729","HKD","USD","0.12751"
"20260730","HKD","USD","0.1275"
"20260731","HKD","USD","0.12752"
"20260802","HKD","USD","0.12751"
"20260803","HKD","USD","0.12752"
"20260804","HKD","USD","0.12751"
"20260805","HKD","USD","0.12749"
"20260806","HKD","USD","0.12747"
"20260807","HKD","USD","0.12747"
"20260809","HKD","USD","0.12747"
"20260810","HKD","USD","0.12746"
"20260811","HKD","USD","0.12744"
"20260812","HKD","USD","0.12743"
"20260813","HKD","USD","0.12744"
"20260814","HKD","USD","0.12744"
"20260816","HKD","USD","0.12744"
"20260817","HKD","USD","0.12748"
"20260818","HKD","USD","0.12748"
"20260819","HKD","USD","0.12753"
"20260820","HKD","USD","0.1275"
"20260821","HKD","USD","0.12755"
"20260823","HKD","USD","0.12755"
"20260824","HKD","USD","0.12761"
"20260825","HKD","USD","0.12758"
"20260826","HKD","USD","0.12757"
"20260827","HKD","USD","0.12757"
"20260828","HKD","USD","0.12755"
"20260830","HKD","USD","0.12756"
"20260831","HKD","USD","0.12757"
"20260901","HKD","USD","0.12754"
"20260902","HKD","USD","0.12752"
"20260903","HKD","USD","0.12756"
"20260904","HKD","USD","0.12754"
"20260906","HKD","USD","0.12754"
"20260907","HKD","USD","0.12755"
"20260908","HKD","USD","0.12753"
"20260909","HKD","USD","0.12751"
"20260910","HKD","USD","0.12752"
"20260911","HKD","USD","0.12751"
"20260913","HKD","USD","0.12751"
"20260914","HKD","USD","0.12749"
"20260915","HKD","USD","0.12747"
"20260916","HKD","USD","0.12747"
"20260917","HKD","USD","0.12745"
"20260918","HKD","USD","0.12747"
"20260920","HKD","USD","0.12747"
"20260921","HKD","USD","0.12746"
"20260922","HKD","USD","0.12749"
"20260923","HKD","USD","0.1275"
"20250924","EUR","USD","1.1738"
"20250925","EUR","USD","1.1666"
"20250926","EUR","USD","1.1702"
"20250928","EUR","USD","1.1704"
"20250929","EUR","USD","1.1727"
"20250930","EUR","USD","1.1734"
"20251001","EUR","USD","1.1731"
"20251002","EUR","USD","1.1716"
"20251003","EUR","USD","1.1742"
"20251005","EUR","USD","1.1727"
"20251006","EUR","USD","1.1712"
"20251007","EUR","USD","1.1658"
"20251008","EUR","USD","1.1629"
"20251009","EUR","USD","1.1565"
"20251010","EUR","USD","1.1621"
"20251012","EUR","USD","1.162"
"20251013","EUR","USD","1.157"
"20251014","EUR","USD","1.1607"
"20251015","EUR","USD","1.1647"
"20251016","EUR","USD","1.1688"
"20251017","EUR","USD","1.1652"
"20251019","EUR","USD","1.1666"
"20251020","EUR","USD","1.1642"
"20251021","EUR","USD","1.16"
"20251022","EUR","USD","1.161"
"20251023","EUR","USD","1.1618"
"20251024","EUR","USD","1.1626"
"20251026","EUR","USD","1.1632"
"20251027","EUR","USD","1.1645"
"20251028","EUR","USD","1.1652"
"20251029","EUR","USD","1.1601"
"20251030","EUR","USD","1.1565"
"20251031","EUR","USD","1.1537"
"20251102","EUR","USD","1.1532"
"20251103","EUR","USD","1.152"
"20251104","EUR","USD","1.1482"
"20251105","EUR","USD","1.1493"
"20251106","EUR","USD","1.1547"
"20251107","EUR","USD","1.1566"
"20251109","EUR","USD","1.1559"
"20251110","EUR","USD","1.1557"
"20251111","EUR","USD","1.1582"
"20251112","EUR","USD","1.1593"
"20251113","EUR","USD","1.1634"
"20251114","EUR","USD","1.1621"
"20251116","EUR","USD","1.1624"
"20251117","EUR","USD","1.1592"
"20251118","EUR","USD","1.1581"
"20251119","EUR","USD","1.1538"
"20251120","EUR","USD","1.1528"
"20251121","EUR","USD","1.1513"
"20251123","EUR","USD","1.1517"
"20251124","EUR","USD","1.1521"
"20251125","EUR","USD","1.157"
"20251126","EUR","USD","1.1596"
"20251127","EUR","USD","1.1596"
"20251128","EUR","USD","1.1597"
"20251130","EUR","USD","1.1595"
"20251201","EUR","USD","1.1609"
"20251202","EUR","USD","1.1625"
"20251203","EUR","USD","1.1671"
"20251204","EUR","USD","1.1644"
"20251205","EUR","USD","1.1643"
"20251207","EUR","USD","1.1648"
"20251208","EUR","USD","1.1637"
"20251209","EUR","USD","1.1626"
"20251210","EUR","USD","1.1696"
"20251211","EUR","USD","1.1738"
"20251212","EUR","USD","1.174"
"20251214","EUR","USD","1.1739"
"20251215","EUR","USD","1.1754"
"20251216","EUR","USD","1.1747"
"20251217","EUR","USD","1.174"
"20251218","EUR","USD","1.1724"
"20251219","EUR","USD","1.1709"
"20251221","EUR","USD","1.1719"
"20251222","EUR","USD","1.1762"
"20251223","EUR","USD","1.1794"
"20251224","EUR","USD","1.1778"
"20251225","EUR","USD","1.1778"
"20251226","EUR","USD","1.1771"
"20251228","EUR","USD","1.177"
"20251229","EUR","USD","1.1773"
"20251230","EUR","USD","1.1748"
"20251231","EUR","USD","1.1746"
"20260101","EUR","USD","1.1746"
"20260102","EUR","USD","1.172"
"20260104","EUR","USD","1.1723"
"20260105","EUR","USD","1.1722"
"20260106","EUR","USD","1.1688"
"20260107","EUR","USD","1.1676"
"20260108","EUR","USD","1.1659"
"20260109","EUR","USD","1.1634"
"20260111","EUR","USD","1.1641"
"20260112","EUR","USD","1.1666"
"20260113","EUR","USD","1.1643"
"20260114","EUR","USD","1.1645"
"20260115","EUR","USD","1.1609"
"20260116","EUR","USD","1.1599"
"20260118","EUR","USD","1.1583"
"20260119","EUR","USD","1.1645"
"20260120","EUR","USD","1.1726"
"20260121","EUR","USD","1.1686"
"20260122","EUR","USD","1.1755"
"20260123","EUR","USD","1.1828"
"20260125","EUR","USD","1.1864"
"20260126","EUR","USD","1.188"
"20260127","EUR","USD","1.2041"
"20260128","EUR","USD","1.1954"
"20260129","EUR","USD","1.1971"
"20260130","EUR","USD","1.185"
"20260201","EUR","USD","1.1853"
"20260202","EUR","USD","1.179"
"20260203","EUR","USD","1.1818"
"20260204","EUR","USD","1.1806"
"20260205","EUR","USD","1.1778"
"20260206","EUR","USD","1.1818"
"20260208","EUR","USD","1.183"
"20260209","EUR","USD","1.1916"
"20260210","EUR","USD","1.1895"
"20260211","EUR","USD","1.1872"
"20260212","EUR","USD","1.1871"
"20260213","EUR","USD","1.1868"
"20260215","EUR","USD","1.1877"
"20260216","EUR","USD","1.1851"
"20260217","EUR","USD","1.1854"
"20260218","EUR","USD","1.1783"
"20260219","EUR","USD","1.1773"
"20260220","EUR","USD","1.1781"
"20260222","EUR","USD","1.1788"
"20260223","EUR","USD","1.1785"
"20260224","EUR","USD","1.1773"
"20260225","EUR","USD","1.181"
"20260226","EUR","USD","1.1797"
"20260227","EUR","USD","1.1817"
"20260301","EUR","USD","1.1758"
"20260302","EUR","USD","1.1689"
"20260303","EUR","USD","1.1612"
"20260304","EUR","USD","1.1635"
"20260305","EUR","USD","1.1609"
"20260306","EUR","USD","1.1617"
"20260308","EUR","USD","1.155"
"20260309","EUR","USD","1.1636"
"20260310","EUR","USD","1.161"
"20260311","EUR","USD","1.1567"
"20260312","EUR","USD","1.1511"
"20260313","EUR","USD","1.1417"
"20260315","EUR","USD","1.1424"
"20260316","EUR","USD","1.1505"
"20260317","EUR","USD","1.1541"
"20260318","EUR","USD","1.1452"
"20260319","EUR","USD","1.1589"
"20260320","EUR","USD","1.1571"
"20260322","EUR","USD","1.1538"
"20260323","EUR","USD","1.1612"
"20260324","EUR","USD","1.1607"
"20260325","EUR","USD","1.1559"
"20260326","EUR","USD","1.1528"
"20260327","EUR","USD","1.151"
"20260329","EUR","USD","1.1503"
"20260330","EUR","USD","1.1462"
"20260331","EUR","USD","1.1553"
"20260401","EUR","USD","1.159"
"20260402","EUR","USD","1.1539"
"20260403","EUR","USD","1.1517"
"20260405","EUR","USD","1.1524"
"20260406","EUR","USD","1.1542"
"20260407","EUR","USD","1.1597"
"20260408","EUR","USD","1.1662"
"20260409","EUR","USD","1.1699"
"20260410","EUR","USD","1.1725"
"20260412","EUR","USD","1.1672"
"20260413","EUR","USD","1.1759"
"20260414","EUR","USD","1.1796"
"20260415","EUR","USD","1.1799"
"20260416","EUR","USD","1.1782"
"20260417","EUR","USD","1.1765"
"20260419","EUR","USD","1.1738"
"20260420","EUR","USD","1.1788"
"20260421","EUR","USD","1.1744"
"20260422","EUR","USD","1.1706"
"20260423","EUR","USD","1.1683"
"20260424","EUR","USD","1.1719"
"20260426","EUR","USD","1.1694"
"20260427","EUR","USD","1.1721"
"20260428","EUR","USD","1.1713"
"20260429","EUR","USD","1.1675"
"20260430","EUR","USD","1.1732"
"20260501","EUR","USD","1.1721"
"20260503","EUR","USD","1.1748"
"20260504","EUR","USD","1.1691"
"20260505","EUR","USD","1.1693"
"20260506","EUR","USD","1.1748"
"20260507","EUR","USD","1.1724"
"20260508","EUR","USD","1.1786"
"20260510","EUR","USD","1.1782"
"20260511","EUR","USD","1.1783"
"20260512","EUR","USD","1.174"
"20260513","EUR","USD","1.1714"
"20260514","EUR","USD","1.1669"
"20260515","EUR","USD","1.1625"
"20260517","EUR","USD","1.1624"
"20260518","EUR","USD","1.1656"
"20260519","EUR","USD","1.1606"
"20260520","EUR","USD","1.1625"
"20260521","EUR","USD","1.1618"
"20260522","EUR","USD","1.1602"
"20260524","EUR","USD","1.1642"
"20260525","EUR","USD","1.1643"
"20260526","EUR","USD","1.1632"
"20260527","EUR","USD","1.1626"
"20260528","EUR","USD","1.165"
"20260529","EUR","USD","1.1661"
"20260531","EUR","USD","1.1656"
"20260601","EUR","USD","1.1632"
"20260602","EUR","USD","1.1631"
"20260603","EUR","USD","1.1598"
"20260604","EUR","USD","1.1611"
"20260605","EUR","USD","1.1522"
"20260607","EUR","USD","1.1512"
"20260608","EUR","USD","1.1532"
"20260609","EUR","USD","1.1544"
"20260610","EUR","USD","1.1536"
"20260611","EUR","USD","1.1579"
"20260612","EUR","USD","1.1568"
"20260614","EUR","USD","1.1572"
"20260615","EUR","USD","1.1589"
"20260616","EUR","USD","1.1608"
"20260617","EUR","USD","1.1501"
"20260618","EUR","USD","1.1458"
"20260619","EUR","USD","1.1468"
"20260621","EUR","USD","1.146"
"20260622","EUR","USD","1.1429"
"20260623","EUR","USD","1.1382"
"20260624","EUR","USD","1.1358"
"20260625","EUR","USD","1.137"
"20260626","EUR","USD","1.1385"
"20260628","EUR","USD","1.1393"
"20260629","EUR","USD","1.1424"
"20260630","EUR","USD","1.1422"
"20260701","EUR","USD","1.1377"
"20260702","EUR","USD","1.1433"
"20260703","EUR","USD","1.1436"
"20260705","EUR","USD","1.1438"
"20260706","EUR","USD","1.1441"
"20260707","EUR","USD","1.1412"
"20260708","EUR","USD","1.1417"
"20260709","EUR","USD","1.143"
"20260710","EUR","USD","1.1414"
"20260712","EUR","USD","1.1401"
"20260713","EUR","USD","1.1381"
"20260714","EUR","USD","1.1421"
"20260715","EUR","USD","1.1464"
"20260716","EUR","USD","1.1443"
"20260717","EUR","USD","1.1439"
"20260719","EUR","USD","1.1428"
"20260720","EUR","USD","1.1414"
"20260721","EUR","USD","1.1398"
"20260722","EUR","USD","1.1412"
"20260723","EUR","USD","1.1377"
"20260724","EUR","USD","1.137"
"20260726","EUR","USD","1.1394"
"20260727","EUR","USD","1.1368"
"20260728","EUR","USD","1.1386"
"20260729","EUR","USD","1.1468"
"20260730","EUR","USD","1.1528"
"20260731","EUR","USD","1.153"
"20260802","EUR","USD","1.1548"
"20260803","EUR","USD","1.1508"
"20260804","EUR","USD","1.1532"
"20260805","EUR","USD","1.1553"
"20260806","EUR","USD","1.1524"
"20260807","EUR","USD","1.1558"
"20260809","EUR","USD","1.1566"
"20260810","EUR","USD","1.1543"
"20260811","EUR","USD","1.1543"
"20260812","EUR","USD","1.1525"
"20260813","EUR","USD","1.1529"
"20260814","EUR","USD","1.1571"
"20260816","EUR","USD","1.1566"
"20260817","EUR","USD","1.158"
"20260818","EUR","USD","1.1575"
"20260819","EUR","USD","1.1677"
"20260820","EUR","USD","1.1678"
"20260821","EUR","USD","1.1677"
"20260823","EUR","USD","1.1676"
"20260824","EUR","USD","1.1664"
"20260825","EUR","USD","1.1674"
"20260826","EUR","USD","1.1653"
"20260827","EUR","USD","1.1652"
"20260828","EUR","USD","1.1583"
"20260830","EUR","USD","1.1582"
"20260831","EUR","USD","1.1617"
"20260901","EUR","USD","1.1593"
"20260902","EUR","USD","1.1589"
"20260903","EUR","USD","1.1626"
"20260904","EUR","USD","1.1614"
"20260906","EUR","USD","1.1614"
"20260907","EUR","USD","1.1623"
"20260908","EUR","USD","1.1624"
"20260909","EUR","USD","1.1633"
"20260910","EUR","USD","1.1611"
"20260911","EUR","USD","1.1599"
"20260913","EUR","USD","1.1598"
"20260914","EUR","USD","1.1549"
"20260915","EUR","USD","1.1542"
"20260916","EUR","USD","1.1464"
"20260917","EUR","USD","1.1476"
"20260918","EUR","USD","1.1486"
"20260920","EUR","USD","1.1485"
"20260921","EUR","USD","1.1464"
"20260922","EUR","USD","1.1448"
"20260923","EUR","USD","1.1384"
"20250924","DKK","USD","0.15726"
"20250925","DKK","USD","0.15629"
"20250926","DKK","USD","0.15677"
"20250928","DKK","USD","0.1568"
"20250929","DKK","USD","0.1571"
"20250930","DKK","USD","0.15719"
"20251001","DKK","USD","0.15713"
"20251002","DKK","USD","0.15692"
"20251003","DKK","USD","0.15727"
"20251005","DKK","USD","0.15703"
"20251006","DKK","USD","0.15691"
"20251007","DKK","USD","0.15614"
"20251008","DKK","USD","0.15574"
"20251009","DKK","USD","0.15488"
"20251010","DKK","USD","0.15566"
"20251012","DKK","USD","0.15557"
"20251013","DKK","USD","0.15494"
"20251014","DKK","USD","0.15541"
"20251015","DKK","USD","0.15595"
"20251016","DKK","USD","0.15648"
"20251017","DKK","USD","0.15602"
"20251019","DKK","USD","0.15604"
"20251020","DKK","USD","0.15589"
"20251021","DKK","USD","0.15531"
"20251022","DKK","USD","0.15545"
"20251023","DKK","USD","0.15555"
"20251024","DKK","USD","0.15567"
"20251026","DKK","USD","0.15572"
"20251027","DKK","USD","0.15591"
"20251028","DKK","USD","0.15602"
"20251029","DKK","USD","0.15534"
"20251030","DKK","USD","0.15488"
"20251031","DKK","USD","0.15449"
"20251102","DKK","USD","0.15442"
"20251103","DKK","USD","0.1543"
"20251104","DKK","USD","0.15381"
"20251105","DKK","USD","0.15395"
"20251106","DKK","USD","0.15464"
"20251107","DKK","USD","0.15488"
"20251109","DKK","USD","0.15481"
"20251110","DKK","USD","0.15477"
"20251111","DKK","USD","0.15511"
"20251112","DKK","USD","0.15524"
"20251113","DKK","USD","0.15579"
"20251114","DKK","USD","0.15563"
"20251116","DKK","USD","0.15563"
"20251117","DKK","USD","0.15522"
"20251118","DKK","USD","0.15506"
"20251119","DKK","USD","0.15449"
"20251120","DKK","USD","0.15436"
"20251121","DKK","USD","0.15415"
"20251123","DKK","USD","0.1542"
"20251124","DKK","USD","0.15426"
"20251125","DKK","USD","0.15491"
"20251126","DKK","USD","0.15526"
"20251127","DKK","USD","0.15526"
"20251128","DKK","USD","0.15528"
"20251130","DKK","USD","0.15525"
"20251201","DKK","USD","0.15545"
"20251202","DKK","USD","0.15564"
"20251203","DKK","USD","0.15627"
"20251204","DKK","USD","0.15591"
"20251205","DKK","USD","0.15589"
"20251207","DKK","USD","0.15586"
"20251208","DKK","USD","0.15581"
"20251209","DKK","USD","0.15568"
"20251210","DKK","USD","0.15659"
"20251211","DKK","USD","0.15715"
"20251212","DKK","USD","0.15718"
"20251214","DKK","USD","0.15716"
"20251215","DKK","USD","0.15735"
"20251216","DKK","USD","0.15723"
"20251217","DKK","USD","0.15714"
"20251218","DKK","USD","0.15692"
"20251219","DKK","USD","0.15673"
"20251221","DKK","USD","0.15683"
"20251222","DKK","USD","0.15749"
"20251223","DKK","USD","0.1579"
"20251224","DKK","USD","0.15769"
"20251225","DKK","USD","0.15772"
"20251226","DKK","USD","0.15759"
"20251228","DKK","USD","0.15761"
"20251229","DKK","USD","0.15763"
"20251230","DKK","USD","0.15732"
"20251231","DKK","USD","0.15726"
"20260101","DKK","USD","0.15727"
"20260102","DKK","USD","0.15689"
"20260104","DKK","USD","0.15694"
"20260105","DKK","USD","0.1569"
"20260106","DKK","USD","0.15643"
"20260107","DKK","USD","0.15625"
"20260108","DKK","USD","0.15603"
"20260109","DKK","USD","0.15571"
"20260111","DKK","USD","0.15569"
"20260112","DKK","USD","0.15613"
"20260113","DKK","USD","0.15581"
"20260114","DKK","USD","0.15585"
"20260115","DKK","USD","0.15538"
"20260116","DKK","USD","0.15525"
"20260118","DKK","USD","0.15503"
"20260119","DKK","USD","0.15588"
"20260120","DKK","USD","0.15695"
"20260121","DKK","USD","0.15644"
"20260122","DKK","USD","0.15739"
"20260123","DKK","USD","0.15841"
"20260125","DKK","USD","0.15841"
"20260126","DKK","USD","0.15907"
"20260127","DKK","USD","0.16125"
"20260128","DKK","USD","0.1601"
"20260129","DKK","USD","0.16031"
"20260130","DKK","USD","0.15868"
"20260201","DKK","USD","0.15871"
"20260202","DKK","USD","0.15787"
"20260203","DKK","USD","0.15826"
"20260204","DKK","USD","0.1581"
"20260205","DKK","USD","0.15773"
"20260206","DKK","USD","0.15819"
"20260208","DKK","USD","0.15818"
"20260209","DKK","USD","0.15948"
"20260210","DKK","USD","0.1592"
"20260211","DKK","USD","0.15889"
"20260212","DKK","USD","0.15893"
"20260213","DKK","USD","0.15888"
"20260215","DKK","USD","0.15893"
"20260216","DKK","USD","0.15865"
"20260217","DKK","USD","0.15866"
"20260218","DKK","USD","0.15771"
"20260219","DKK","USD","0.15756"
"20260220","DKK","USD","0.1577"
"20260222","DKK","USD","0.15771"
"20260223","DKK","USD","0.15775"
"20260224","DKK","USD","0.15757"
"20260225","DKK","USD","0.15807"
"20260226","DKK","USD","0.1579"
"20260227","DKK","USD","0.15815"
"20260301","DKK","USD","0.15745"
"20260302","DKK","USD","0.15647"
"20260303","DKK","USD","0.15542"
"20260304","DKK","USD","0.15573"
"20260305","DKK","USD","0.15538"
"20260306","DKK","USD","0.15549"
"20260308","DKK","USD","0.1555"
"20260309","DKK","USD","0.15576"
"20260310","DKK","USD","0.15538"
"20260311","DKK","USD","0.15481"
"20260312","DKK","USD","0.15405"
"20260313","DKK","USD","0.15278"
"20260315","DKK","USD","0.15279"
"20260316","DKK","USD","0.15398"
"20260317","DKK","USD","0.15444"
"20260318","DKK","USD","0.15325"
"20260319","DKK","USD","0.15512"
"20260320","DKK","USD","0.15486"
"20260322","DKK","USD","0.15486"
"20260323","DKK","USD","0.15542"
"20260324","DKK","USD","0.15534"
"20260325","DKK","USD","0.1547"
"20260326","DKK","USD","0.15428"
"20260327","DKK","USD","0.15403"
"20260329","DKK","USD","0.15395"
"20260330","DKK","USD","0.15339"
"20260331","DKK","USD","0.15464"
"20260401","DKK","USD","0.15511"
"20260402","DKK","USD","0.15442"
"20260403","DKK","USD","0.15414"
"20260405","DKK","USD","0.15417"
"20260406","DKK","USD","0.15446"
"20260407","DKK","USD","0.15518"
"20260408","DKK","USD","0.15606"
"20260409","DKK","USD","0.15656"
"20260410","DKK","USD","0.15692"
"20260412","DKK","USD","0.1569"
"20260413","DKK","USD","0.15737"
"20260414","DKK","USD","0.15785"
"20260415","DKK","USD","0.15789"
"20260416","DKK","USD","0.15766"
"20260417","DKK","USD","0.15742"
"20260419","DKK","USD","0.15742"
"20260420","DKK","USD","0.15773"
"20260421","DKK","USD","0.15714"
"20260422","DKK","USD","0.15665"
"20260423","DKK","USD","0.15633"
"20260424","DKK","USD","0.15683"
"20260426","DKK","USD","0.15686"
"20260427","DKK","USD","0.15686"
"20260428","DKK","USD","0.15675"
"20260429","DKK","USD","0.15623"
"20260430","DKK","USD","0.15698"
"20260501","DKK","USD","0.15686"
"20260503","DKK","USD","0.15722"
"20260504","DKK","USD","0.15646"
"20260505","DKK","USD","0.15647"
"20260506","DKK","USD","0.15722"
"20260507","DKK","USD","0.1569"
"20260508","DKK","USD","0.15772"
"20260510","DKK","USD","0.1577"
"20260511","DKK","USD","0.15768"
"20260512","DKK","USD","0.15713"
"20260513","DKK","USD","0.15678"
"20260514","DKK","USD","0.15616"
"20260515","DKK","USD","0.15555"
"20260517","DKK","USD","0.15555"
"20260518","DKK","USD","0.15598"
"20260519","DKK","USD","0.15531"
"20260520","DKK","USD","0.15557"
"20260521","DKK","USD","0.15546"
"20260522","DKK","USD","0.15529"
"20260524","DKK","USD","0.15581"
"20260525","DKK","USD","0.15584"
"20260526","DKK","USD","0.15567"
"20260527","DKK","USD","0.15557"
"20260528","DKK","USD","0.1559"
"20260529","DKK","USD","0.15602"
"20260531","DKK","USD","0.15596"
"20260601","DKK","USD","0.15565"
"20260602","DKK","USD","0.15562"
"20260603","DKK","USD","0.1552"
"20260604","DKK","USD","0.15535"
"20260605","DKK","USD","0.15418"
"20260607","DKK","USD","0.15402"
"20260608","DKK","USD","0.1543"
"20260609","DKK","USD","0.15445"
"20260610","DKK","USD","0.15434"
"20260611","DKK","USD","0.15492"
"20260612","DKK","USD","0.15477"
"20260614","DKK","USD","0.15477"
"20260615","DKK","USD","0.15505"
"20260616","DKK","USD","0.1553"
"20260617","DKK","USD","0.15388"
"20260618","DKK","USD","0.1533"
"20260619","DKK","USD","0.15345"
"20260621","DKK","USD","0.15343"
"20260622","DKK","USD","0.1529"
"20260623","DKK","USD","0.15226"
"20260624","DKK","USD","0.15195"
"20260625","DKK","USD","0.15211"
"20260626","DKK","USD","0.15232"
"20260628","DKK","USD","0.15236"
"20260629","DKK","USD","0.15284"
"20260630","DKK","USD","0.15281"
"20260701","DKK","USD","0.15221"
"20260702","DKK","USD","0.15296"
"20260703","DKK","USD","0.15301"
"20260705","DKK","USD","0.15308"
"20260706","DKK","USD","0.15306"
"20260707","DKK","USD","0.15266"
"20260708","DKK","USD","0.15272"
"20260709","DKK","USD","0.15292"
"20260710","DKK","USD","0.1527"
"20260712","DKK","USD","0.15253"
"20260713","DKK","USD","0.15224"
"20260714","DKK","USD","0.15278"
"20260715","DKK","USD","0.15335"
"20260716","DKK","USD","0.15307"
"20260717","DKK","USD","0.153"
"20260719","DKK","USD","0.15286"
"20260720","DKK","USD","0.15268"
"20260721","DKK","USD","0.15247"
"20260722","DKK","USD","0.15265"
"20260723","DKK","USD","0.1522"
"20260724","DKK","USD","0.1521"
"20260726","DKK","USD","0.15241"
"20260727","DKK","USD","0.15208"
"20260728","DKK","USD","0.15232"
"20260729","DKK","USD","0.15341"
"20260730","DKK","USD","0.15422"
"20260731","DKK","USD","0.15436"
"20260802","DKK","USD","0.1545"
"20260803","DKK","USD","0.15395"
"20260804","DKK","USD","0.15427"
"20260805","DKK","USD","0.15454"
"20260806","DKK","USD","0.15415"
"20260807","DKK","USD","0.1546"
"20260809","DKK","USD","0.1546"
"20260810","DKK","USD","0.1544"
"20260811","DKK","USD","0.1544"
"20260812","DKK","USD","0.15417"
"20260813","DKK","USD","0.15423"
"20260814","DKK","USD","0.15478"
"20260816","DKK","USD","0.15471"
"20260817","DKK","USD","0.15489"
"20260818","DKK","USD","0.15483"
"20260819","DKK","USD","0.15621"
"20260820","DKK","USD","0.15622"
"20260821","DKK","USD","0.1562"
"20260823","DKK","USD","0.15619"
"20260824","DKK","USD","0.15603"
"20260825","DKK","USD","0.15617"
"20260826","DKK","USD","0.1559"
"20260827","DKK","USD","0.15589"
"20260828","DKK","USD","0.15495"
"20260830","DKK","USD","0.15496"
"20260831","DKK","USD","0.15541"
"20260901","DKK","USD","0.15508"
"20260902","DKK","USD","0.15503"
"20260903","DKK","USD","0.15554"
"20260904","DKK","USD","0.15538"
"20260906","DKK","USD","0.15537"
"20260907","DKK","USD","0.1555"
"20260908","DKK","USD","0.1555"
"20260909","DKK","USD","0.15563"
"20260910","DKK","USD","0.15532"
"20260911","DKK","USD","0.15517"
"20260913","DKK","USD","0.15515"
"20260914","DKK","USD","0.1545"
"20260915","DKK","USD","0.15439"
"20260916","DKK","USD","0.15335"
"20260917","DKK","USD","0.15351"
"20260918","DKK","USD","0.15366"
"20260920","DKK","USD","0.15363"
"20260921","DKK","USD","0.15335"
"20260922","DKK","USD","0.15314"
"20260923","DKK","USD","0.15228"
"20250924","CAD","USD","0.71961"
"20250925","CAD","USD","0.71734"
"20250926","CAD","USD","0.71722"
"20250928","CAD","USD","0.71723"
"20250929","CAD","USD","0.71867"
"20250930","CAD","USD","0.71838"
"20251001","CAD","USD","0.71759"
"20251002","CAD","USD","0.71595"
"20251003","CAD","USD","0.7168"
"20251005","CAD","USD","0.71651"
"20251006","CAD","USD","0.71718"
"20251007","CAD","USD","0.71683"
"20251008","CAD","USD","0.71669"
"20251009","CAD","USD","0.71317"
"20251010","CAD","USD","0.71403"
"20251012","CAD","USD","0.71464"
"20251013","CAD","USD","0.71239"
"20251014","CAD","USD","0.71202"
"20251015","CAD","USD","0.71218"
"20251016","CAD","USD","0.71151"
"20251017","CAD","USD","0.7132"
"20251019","CAD","USD","0.71334"
"20251020","CAD","USD","0.7123"
"20251021","CAD","USD","0.71308"
"20251022","CAD","USD","0.71448"
"20251023","CAD","USD","0.71469"
"20251024","CAD","USD","0.71453"
"20251026","CAD","USD","0.71401"
"20251027","CAD","USD","0.71478"
"20251028","CAD","USD","0.71707"
"20251029","CAD","USD","0.71723"
"20251030","CAD","USD","0.71502"
"20251031","CAD","USD","0.71381"
"20251102","CAD","USD","0.71362"
"20251103","CAD","USD","0.71144"
"20251104","CAD","USD","0.70907"
"20251105","CAD","USD","0.70879"
"20251106","CAD","USD","0.70834"
"20251107","CAD","USD","0.71186"
"20251109","CAD","USD","0.71177"
"20251110","CAD","USD","0.71319"
"20251111","CAD","USD","0.71328"
"20251112","CAD","USD","0.71397"
"20251113","CAD","USD","0.71245"
"20251114","CAD","USD","0.71308"
"20251116","CAD","USD","0.71317"
"20251117","CAD","USD","0.71145"
"20251118","CAD","USD","0.71484"
"20251119","CAD","USD","0.71177"
"20251120","CAD","USD","0.70939"
"20251121","CAD","USD","0.70912"
"20251123","CAD","USD","0.70928"
"20251124","CAD","USD","0.70885"
"20251125","CAD","USD","0.70922"
"20251126","CAD","USD","0.71209"
"20251127","CAD","USD","0.71272"
"20251128","CAD","USD","0.71554"
"20251130","CAD","USD","0.71541"
"20251201","CAD","USD","0.71439"
"20251202","CAD","USD","0.7159"
"20251203","CAD","USD","0.71683"
"20251204","CAD","USD","0.71643"
"20251205","CAD","USD","0.72372"
"20251207","CAD","USD","0.72288"
"20251208","CAD","USD","0.72165"
"20251209","CAD","USD","0.72224"
"20251210","CAD","USD","0.72499"
"20251211","CAD","USD","0.7262"
"20251212","CAD","USD","0.7261"
"20251214","CAD","USD","0.72624"
"20251215","CAD","USD","0.72634"
"20251216","CAD","USD","0.7271"
"20251217","CAD","USD","0.72532"
"20251218","CAD","USD","0.72584"
"20251219","CAD","USD","0.7246"
"20251221","CAD","USD","0.72507"
"20251222","CAD","USD","0.72742"
"20251223","CAD","USD","0.7306"
"20251224","CAD","USD","0.73123"
"20251225","CAD","USD","0.73091"
"20251226","CAD","USD","0.73142"
"20251228","CAD","USD","0.73142"
"20251229","CAD","USD","0.73047"
"20251230","CAD","USD","0.7301"
"20251231","CAD","USD","0.72857"
"20260101","CAD","USD","0.72849"
"20260102","CAD","USD","0.72829"
"20260104","CAD","USD","0.72743"
"20260105","CAD","USD","0.72605"
"20260106","CAD","USD","0.7239"
"20260107","CAD","USD","0.72144"
"20260108","CAD","USD","0.7212"
"20260109","CAD","USD","0.7187"
"20260111","CAD","USD","0.71865"
"20260112","CAD","USD","0.72048"
"20260113","CAD","USD","0.71986"
"20260114","CAD","USD","0.72029"
"20260115","CAD","USD","0.71979"
"20260116","CAD","USD","0.71867"
"20260118","CAD","USD","0.71883"
"20260119","CAD","USD","0.72099"
"20260120","CAD","USD","0.7227"
"20260121","CAD","USD","0.72291"
"20260122","CAD","USD","0.72537"
"20260123","CAD","USD","0.72988"
"20260125","CAD","USD","0.72999"
"20260126","CAD","USD","0.72948"
"20260127","CAD","USD","0.73657"
"20260128","CAD","USD","0.73751"
"20260129","CAD","USD","0.74129"
"20260130","CAD","USD","0.73428"
"20260201","CAD","USD","0.73415"
"20260202","CAD","USD","0.73091"
"20260203","CAD","USD","0.733"
"20260204","CAD","USD","0.73185"
"20260205","CAD","USD","0.72935"
"20260206","CAD","USD","0.73121"
"20260208","CAD","USD","0.73126"
"20260209","CAD","USD","0.73764"
"20260210","CAD","USD","0.73784"
"20260211","CAD","USD","0.73657"
"20260212","CAD","USD","0.73478"
"20260213","CAD","USD","0.73433"
"20260215","CAD","USD","0.73481"
"20260216","CAD","USD","0.73331"
"20260217","CAD","USD","0.73333"
"20260218","CAD","USD","0.73015"
"20260219","CAD","USD","0.73095"
"20260220","CAD","USD","0.73093"
"20260222","CAD","USD","0.73115"
"20260223","CAD","USD","0.73007"
"20260224","CAD","USD","0.72996"
"20260225","CAD","USD","0.73126"
"20260226","CAD","USD","0.73092"
"20260227","CAD","USD","0.73291"
"20260301","CAD","USD","0.73228"
"20260302","CAD","USD","0.73117"
"20260303","CAD","USD","0.73108"
"20260304","CAD","USD","0.73293"
"20260305","CAD","USD","0.73127"
"20260306","CAD","USD","0.73724"
"20260308","CAD","USD","0.73521"
"20260309","CAD","USD","0.73599"
"20260310","CAD","USD","0.73638"
"20260311","CAD","USD","0.73571"
"20260312","CAD","USD","0.73316"
"20260313","CAD","USD","0.72892"
"20260315","CAD","USD","0.72853"
"20260316","CAD","USD","0.73069"
"20260317","CAD","USD","0.73043"
"20260318","CAD","USD","0.72819"
"20260319","CAD","USD","0.72785"
"20260320","CAD","USD","0.72867"
"20260322","CAD","USD","0.72889"
"20260323","CAD","USD","0.72848"
"20260324","CAD","USD","0.72649"
"20260325","CAD","USD","0.72405"
"20260326","CAD","USD","0.72143"
"20260327","CAD","USD","0.71973"
"20260329","CAD","USD","0.72031"
"20260330","CAD","USD","0.71816"
"20260331","CAD","USD","0.71867"
"20260401","CAD","USD","0.72073"
"20260402","CAD","USD","0.71836"
"20260403","CAD","USD","0.71703"
"20260405","CAD","USD","0.71751"
"20260406","CAD","USD","0.71887"
"20260407","CAD","USD","0.72018"
"20260408","CAD","USD","0.72223"
"20260409","CAD","USD","0.72377"
"20260410","CAD","USD","0.72242"
"20260412","CAD","USD","0.72129"
"20260413","CAD","USD","0.72501"
"20260414","CAD","USD","0.72639"
"20260415","CAD","USD","0.72771"
"20260416","CAD","USD","0.72974"
"20260417","CAD","USD","0.73034"
"20260419","CAD","USD","0.73065"
"20260420","CAD","USD","0.73286"
"20260421","CAD","USD","0.73193"
"20260422","CAD","USD","0.73144"
"20260423","CAD","USD","0.72993"
"20260424","CAD","USD","0.73158"
"20260426","CAD","USD","0.73107"
"20260427","CAD","USD","0.73385"
"20260428","CAD","USD","0.73083"
"20260429","CAD","USD","0.73074"
"20260430","CAD","USD","0.73626"
"20260501","CAD","USD","0.73593"
"20260503","CAD","USD","0.73588"
"20260504","CAD","USD","0.73395"
"20260505","CAD","USD","0.73423"
"20260506","CAD","USD","0.73349"
"20260507","CAD","USD","0.73179"
"20260508","CAD","USD","0.7312"
"20260510","CAD","USD","0.73079"
"20260511","CAD","USD","0.73107"
"20260512","CAD","USD","0.73011"
"20260513","CAD","USD","0.72957"
"20260514","CAD","USD","0.72888"
"20260515","CAD","USD","0.72734"
"20260517","CAD","USD","0.72727"
"20260518","CAD","USD","0.72782"
"20260519","CAD","USD","0.72756"
"20260520","CAD","USD","0.72752"
"20260521","CAD","USD","0.72578"
"20260522","CAD","USD","0.72356"
"20260524","CAD","USD","0.72411"
"20260525","CAD","USD","0.7245"
"20260526","CAD","USD","0.72397"
"20260527","CAD","USD","0.7225"
"20260528","CAD","USD","0.72549"
"20260529","CAD","USD","0.72486"
"20260531","CAD","USD","0.72461"
"20260601","CAD","USD","0.72251"
"20260602","CAD","USD","0.72257"
"20260603","CAD","USD","0.71955"
"20260604","CAD","USD","0.7189"
"20260605","CAD","USD","0.71733"
"20260607","CAD","USD","0.71748"
"20260608","CAD","USD","0.71663"
"20260609","CAD","USD","0.71688"
"20260610","CAD","USD","0.71717"
"20260611","CAD","USD","0.716"
"20260612","CAD","USD","0.71482"
"20260614","CAD","USD","0.71473"
"20260615","CAD","USD","0.71473"
"20260616","CAD","USD","0.71452"
"20260617","CAD","USD","0.7092"
"20260618","CAD","USD","0.70736"
"20260619","CAD","USD","0.70652"
"20260621","CAD","USD","0.70586"
"20260622","CAD","USD","0.70626"
"20260623","CAD","USD","0.70372"
"20260624","CAD","USD","0.70256"
"20260625","CAD","USD","0.70415"
"20260626","CAD","USD","0.70452"
"20260628","CAD","USD","0.70392"
"20260629","CAD","USD","0.70366"
"20260630","CAD","USD","0.70439"
"20260701","CAD","USD","0.70342"
"20260702","CAD","USD","0.70514"
"20260703","CAD","USD","0.70427"
"20260705","CAD","USD","0.7042"
"20260706","CAD","USD","0.70398"
"20260707","CAD","USD","0.70421"
"20260708","CAD","USD","0.70555"
"20260709","CAD","USD","0.70578"
"20260710","CAD","USD","0.70641"
"20260712","CAD","USD","0.70609"
"20260713","CAD","USD","0.70639"
"20260714","CAD","USD","0.7112"
"20260715","CAD","USD","0.71217"
"20260716","CAD","USD","0.71213"
"20260717","CAD","USD","0.71321"
"20260719","CAD","USD","0.71352"
"20260720","CAD","USD","0.71075"
"20260721","CAD","USD","0.70877"
"20260722","CAD","USD","0.70987"
"20260723","CAD","USD","0.70996"
"20260724","CAD","USD","0.70951"
"20260726","CAD","USD","0.70985"
"20260727","CAD","USD","0.708"
"20260728","CAD","USD","0.70882"
"20260729","CAD","USD","0.71186"
"20260730","CAD","USD","0.71371"
"20260731","CAD","USD","0.71343"
"20260802","CAD","USD","0.71368"
"20260803","CAD","USD","0.71192"
"20260804","CAD","USD","0.71114"
"20260805","CAD","USD","0.7137"
"20260806","CAD","USD","0.71359"
"20260807","CAD","USD","0.71733"
"20260809","CAD","USD","0.71685"
"20260810","CAD","USD","0.71734"
"20260811","CAD","USD","0.71813"
"20260812","CAD","USD","0.71737"
"20260813","CAD","USD","0.71781"
"20260814","CAD","USD","0.72074"
"20260816","CAD","USD","0.72064"
"20260817","CAD","USD","0.72073"
"20260818","CAD","USD","0.71958"
"20260819","CAD","USD","0.7242"
"20260820","CAD","USD","0.72519"
"20260821","CAD","USD","0.72635"
"20260823","CAD","USD","0.72402"
"20260824","CAD","USD","0.72229"
"20260825","CAD","USD","0.72249"
"20260826","CAD","USD","0.72065"
"20260827","CAD","USD","0.72174"
"20260828","CAD","USD","0.71919"
"20260830","CAD","USD","0.71884"
"20260831","CAD","USD","0.72175"
"20260901","CAD","USD","0.71962"
"20260902","CAD","USD","0.72233"
"20260903","CAD","USD","0.72493"
"20260904","CAD","USD","0.7227"
"20260906","CAD","USD","0.72288"
"20260907","CAD","USD","0.72388"
"20260908","CAD","USD","0.72551"
"20260909","CAD","USD","0.72437"
"20260910","CAD","USD","0.7229"
"20260911","CAD","USD","0.72083"
"20260913","CAD","USD","0.72119"
"20260914","CAD","USD","0.71935"
"20260915","CAD","USD","0.71839"
"20260916","CAD","USD","0.71486"
"20260917","CAD","USD","0.71471"
"20260918","CAD","USD","0.71508"
"20260920","CAD","USD","0.71483"
"20260921","CAD","USD","0.7125"
"20260922","CAD","USD","0.71096"
"20260923","CAD","USD","0.70907"
"20250924","MYR","USD","0.23753"
"20250925","MYR","USD","0.23722"
"20250926","MYR","USD","0.23688"
"20250928","MYR","USD","0.23688"
"20250929","MYR","USD","0.23725"
"20250930","MYR","USD","0.23761"
"20251001","MYR","USD","0.23767"
"20251002","MYR","USD","0.23778"
"20251003","MYR","USD","0.23764"
"20251005","MYR","USD","0.23764"
"20251006","MYR","USD","0.23725"
"20251007","MYR","USD","0.23728"
"20251008","MYR","USD","0.23719"
"20251009","MYR","USD","0.23719"
"20251010","MYR","USD","0.23669"
"20251012","MYR","USD","0.23669"
"20251013","MYR","USD","0.23657"
"20251014","MYR","USD","0.23641"
"20251015","MYR","USD","0.23629"
"20251016","MYR","USD","0.23655"
"20251017","MYR","USD","0.23663"
"20251019","MYR","USD","0.23663"
"20251020","MYR","USD","0.23663"
"20251021","MYR","USD","0.23646"
"20251022","MYR","USD","0.23641"
"20251023","MYR","USD","0.23638"
"20251024","MYR","USD","0.2368"
"20251026","MYR","USD","0.2368"
"20251027","MYR","USD","0.23753"
"20251028","MYR","USD","0.23824"
"20251029","MYR","USD","0.23875"
"20251030","MYR","USD","0.2381"
"20251031","MYR","USD","0.23878"
"20251102","MYR","USD","0.23878"
"20251103","MYR","USD","0.23812"
"20251104","MYR","USD","0.23824"
"20251105","MYR","USD","0.23858"
"20251106","MYR","USD","0.23906"
"20251107","MYR","USD","0.23946"
"20251109","MYR","USD","0.23946"
"20251110","MYR","USD","0.24038"
"20251111","MYR","USD","0.2416"
"20251112","MYR","USD","0.24175"
"20251113","MYR","USD","0.24219"
"20251114","MYR","USD","0.24198"
"20251116","MYR","USD","0.24198"
"20251117","MYR","USD","0.24096"
"20251118","MYR","USD","0.24015"
"20251119","MYR","USD","0.24096"
"20251120","MYR","USD","0.24059"
"20251121","MYR","USD","0.24102"
"20251123","MYR","USD","0.24102"
"20251124","MYR","USD","0.24146"
"20251125","MYR","USD","0.24187"
"20251126","MYR","USD","0.24178"
"20251127","MYR","USD","0.24201"
"20251128","MYR","USD","0.24198"
"20251130","MYR","USD","0.24198"
"20251201","MYR","USD","0.24207"
"20251202","MYR","USD","0.24198"
"20251203","MYR","USD","0.24254"
"20251204","MYR","USD","0.24319"
"20251205","MYR","USD","0.24325"
"20251207","MYR","USD","0.24325"
"20251208","MYR","USD","0.24313"
"20251209","MYR","USD","0.24301"
"20251210","MYR","USD","0.24284"
"20251211","MYR","USD","0.24331"
"20251212","MYR","USD","0.24387"
"20251214","MYR","USD","0.24387"
"20251215","MYR","USD","0.24435"
"20251216","MYR","USD","0.24477"
"20251217","MYR","USD","0.24459"
"20251218","MYR","USD","0.24486"
"20251219","MYR","USD","0.24528"
"20251221","MYR","USD","0.24528"
"20251222","MYR","USD","0.24522"
"20251223","MYR","USD","0.24606"
"20251224","MYR","USD","0.24722"
"20251225","MYR","USD","0.24722"
"20251226","MYR","USD","0.24701"
"20251228","MYR","USD","0.24701"
"20251229","MYR","USD","0.24631"
"20251230","MYR","USD","0.2471"
"20251231","MYR","USD","0.24643"
"20260101","MYR","USD","0.24661"
"20260102","MYR","USD","0.24667"
"20260104","MYR","USD","0.24667"
"20260105","MYR","USD","0.24555"
"20260106","MYR","USD","0.2471"
"20260107","MYR","USD","0.24643"
"20260108","MYR","USD","0.24615"
"20260109","MYR","USD","0.24549"
"20260111","MYR","USD","0.24549"
"20260112","MYR","USD","0.24615"
"20260113","MYR","USD","0.24646"
"20260114","MYR","USD","0.24704"
"20260115","MYR","USD","0.24664"
"20260116","MYR","USD","0.24646"
"20260118","MYR","USD","0.24646"
"20260119","MYR","USD","0.24661"
"20260120","MYR","USD","0.24664"
"20260121","MYR","USD","0.2471"
"20260122","MYR","USD","0.24752"
"20260123","MYR","USD","0.24966"
"20260125","MYR","USD","0.24966"
"20260126","MYR","USD","0.25218"
"20260127","MYR","USD","0.253"
"20260128","MYR","USD","0.25517"
"20260129","MYR","USD","0.25461"
"20260130","MYR","USD","0.25368"
"20260201","MYR","USD","0.25368"
"20260202","MYR","USD","0.25368"
"20260203","MYR","USD","0.25429"
"20260204","MYR","USD","0.25432"
"20260205","MYR","USD","0.25336"
"20260206","MYR","USD","0.25332"
"20260208","MYR","USD","0.25332"
"20260209","MYR","USD","0.25416"
"20260210","MYR","USD","0.25487"
"20260211","MYR","USD","0.25543"
"20260212","MYR","USD","0.25625"
"20260213","MYR","USD","0.25592"
"20260215","MYR","USD","0.25592"
"20260216","MYR","USD","0.25641"
"20260217","MYR","USD","0.25641"
"20260218","MYR","USD","0.25641"
"20260219","MYR","USD","0.25585"
"20260220","MYR","USD","0.25621"
"20260222","MYR","USD","0.25621"
"20260223","MYR","USD","0.257"
"20260224","MYR","USD","0.25681"
"20260225","MYR","USD","0.257"
"20260226","MYR","USD","0.25743"
"20260227","MYR","USD","0.257"
"20260301","MYR","USD","0.257"
"20260302","MYR","USD","0.25465"
"20260303","MYR","USD","0.25342"
"20260304","MYR","USD","0.25371"
"20260305","MYR","USD","0.25361"
"20260306","MYR","USD","0.25342"
"20260308","MYR","USD","0.25342"
"20260309","MYR","USD","0.25233"
"20260310","MYR","USD","0.25478"
"20260311","MYR","USD","0.25533"
"20260312","MYR","USD","0.25465"
"20260313","MYR","USD","0.2539"
"20260315","MYR","USD","0.2539"
"20260316","MYR","USD","0.25442"
"20260317","MYR","USD","0.25481"
"20260318","MYR","USD","0.25533"
"20260319","MYR","USD","0.25384"
"20260320","MYR","USD","0.25384"
"20260322","MYR","USD","0.25384"
"20260323","MYR","USD","0.25384"
"20260324","MYR","USD","0.25275"
"20260325","MYR","USD","0.25221"
"20260326","MYR","USD","0.25038"
"20260327","MYR","USD","0.24919"
"20260329","MYR","USD","0.24919"
"20260330","MYR","USD","0.24826"
"20260331","MYR","USD","0.24697"
"20260401","MYR","USD","0.24832"
"20260402","MYR","USD","0.24759"
"20260403","MYR","USD","0.24808"
"20260405","MYR","USD","0.24808"
"20260406","MYR","USD","0.24829"
"20260407","MYR","USD","0.24808"
"20260408","MYR","USD","0.25151"
"20260409","MYR","USD","0.25107"
"20260410","MYR","USD","0.25221"
"20260412","MYR","USD","0.25221"
"20260413","MYR","USD","0.25157"
"20260414","MYR","USD","0.2531"
"20260415","MYR","USD","0.25284"
"20260416","MYR","USD","0.25291"
"20260417","MYR","USD","0.253"
"20260419","MYR","USD","0.253"
"20260420","MYR","USD","0.253"
"20260421","MYR","USD","0.2531"
"20260422","MYR","USD","0.253"
"20260423","MYR","USD","0.2523"
"20260424","MYR","USD","0.25221"
"20260426","MYR","USD","0.25221"
"20260427","MYR","USD","0.253"
"20260428","MYR","USD","0.25304"
"20260429","MYR","USD","0.253"
"20260430","MYR","USD","0.25189"
"20260501","MYR","USD","0.25189"
"20260503","MYR","USD","0.25189"
"20260504","MYR","USD","0.25297"
"20260505","MYR","USD","0.25237"
"20260506","MYR","USD","0.25478"
"20260507","MYR","USD","0.25575"
"20260508","MYR","USD","0.25504"
"20260510","MYR","USD","0.25504"
"20260511","MYR","USD","0.25494"
"20260512","MYR","USD","0.25419"
"20260513","MYR","USD","0.25442"
"20260514","MYR","USD","0.25436"
"20260515","MYR","USD","0.2531"
"20260517","MYR","USD","0.2531"
"20260518","MYR","USD","0.25145"
"20260519","MYR","USD","0.25141"
"20260520","MYR","USD","0.25189"
"20260521","MYR","USD","0.25237"
"20260522","MYR","USD","0.25202"
"20260524","MYR","USD","0.25202"
"20260525","MYR","USD","0.253"
"20260526","MYR","USD","0.25221"
"20260527","MYR","USD","0.25221"
"20260528","MYR","USD","0.25138"
"20260529","MYR","USD","0.25221"
"20260531","MYR","USD","0.25221"
"20260601","MYR","USD","0.25221"
"20260602","MYR","USD","0.25221"
"20260603","MYR","USD","0.25034"
"20260604","MYR","USD","0.24919"
"20260605","MYR","USD","0.24826"
"20260607","MYR","USD","0.24826"
"20260608","MYR","USD","0.24549"
"20260609","MYR","USD","0.24624"
"20260610","MYR","USD","0.2457"
"20260611","MYR","USD","0.24588"
"20260612","MYR","USD","0.24646"
"20260614","MYR","USD","0.24646"
"20260615","MYR","USD","0.24688"
"20260616","MYR","USD","0.24582"
"20260617","MYR","USD","0.24582"
"20260618","MYR","USD","0.24287"
"20260619","MYR","USD","0.24172"
"20260621","MYR","USD","0.24172"
"20260622","MYR","USD","0.24102"
"20260623","MYR","USD","0.24152"
"20260624","MYR","USD","0.24166"
"20260625","MYR","USD","0.24287"
"20260626","MYR","USD","0.24465"
"20260628","MYR","USD","0.24465"
"20260629","MYR","USD","0.24564"
"20260630","MYR","USD","0.2448"
"20260701","MYR","USD","0.24426"
"20260702","MYR","USD","0.2451"
"20260703","MYR","USD","0.24564"
"20260705","MYR","USD","0.24564"
"20260706","MYR","USD","0.2448"
"20260707","MYR","USD","0.2457"
"20260708","MYR","USD","0.24528"
"20260709","MYR","USD","0.24528"
"20260710","MYR","USD","0.2457"
"20260712","MYR","USD","0.2457"
"20260713","MYR","USD","0.24564"
"20260714","MYR","USD","0.24522"
"20260715","MYR","USD","0.24522"
"20260716","MYR","USD","0.24555"
"20260717","MYR","USD","0.2442"
"20260719","MYR","USD","0.2442"
"20260720","MYR","USD","0.24435"
"20260721","MYR","USD","0.24456"
"20260722","MYR","USD","0.24468"
"20260723","MYR","USD","0.24456"
"20260724","MYR","USD","0.24444"
"20260726","MYR","USD","0.24444"
"20260727","MYR","USD","0.24477"
"20260728","MYR","USD","0.24438"
"20260729","MYR","USD","0.24453"
"20260730","MYR","USD","0.24495"
"20260731","MYR","USD","0.24471"
"20260802","MYR","USD","0.24471"
"20260803","MYR","USD","0.24417"
"20260804","MYR","USD","0.24435"
"20260805","MYR","USD","0.24432"
"20260806","MYR","USD","0.24453"
"20260807","MYR","USD","0.24444"
"20260809","MYR","USD","0.24444"
"20260810","MYR","USD","0.24447"
"20260811","MYR","USD","0.24435"
"20260812","MYR","USD","0.24477"
"20260813","MYR","USD","0.24468"
"20260814","MYR","USD","0.24474"
"20260816","MYR","USD","0.24474"
"20260817","MYR","USD","0.24615"
"20260818","MYR","USD","0.24637"
"20260819","MYR","USD","0.24646"
"20260820","MYR","USD","0.24728"
"20260821","MYR","USD","0.24762"
"20260823","MYR","USD","0.24762"
"20260824","MYR","USD","0.24737"
"20260825","MYR","USD","0.2471"
"20260826","MYR","USD","0.24835"
"20260827","MYR","USD","0.24795"
"20260828","MYR","USD","0.24839"
"20260830","MYR","USD","0.24839"
"20260831","MYR","USD","0.24839"
"20260901","MYR","USD","0.24756"
"20260902","MYR","USD","0.24719"
"20260903","MYR","USD","0.24743"
"20260904","MYR","USD","0.24725"
"20260906","MYR","USD","0.24725"
"20260907","MYR","USD","0.24716"
"20260908","MYR","USD","0.24621"
"20260909","MYR","USD","0.2457"
"20260910","MYR","USD","0.24597"
"20260911","MYR","USD","0.24567"
"20260913","MYR","USD","0.24567"
"20260914","MYR","USD","0.24534"
"20260915","MYR","USD","0.24468"
"20260916","MYR","USD","0.24468"
"20260917","MYR","USD","0.24396"
"20260918","MYR","USD","0.24507"
"20260920","MYR","USD","0.24507"
"20260921","MYR","USD","0.24525"
"20260922","MYR","USD","0.24546"
"20260923","MYR","USD","0.2451"
"20250924","BGN","USD","0.60019"
"20250925","BGN","USD","0.59644"
"20250926","BGN","USD","0.59782"
"20250928","BGN","USD","0.59782"
"20250929","BGN","USD","0.5996"
"20250930","BGN","USD","0.59994"
"20251001","BGN","USD","0.59978"
"20251002","BGN","USD","0.59902"
"20251003","BGN","USD","0.60022"
"20251005","BGN","USD","0.60022"
"20251006","BGN","USD","0.59888"
"20251007","BGN","USD","0.59604"
"20251008","BGN","USD","0.59456"
"20251009","BGN","USD","0.59128"
"20251010","BGN","USD","0.59416"
"20251012","BGN","USD","0.59412"
"20251013","BGN","USD","0.5916"
"20251014","BGN","USD","0.5935"
"20251015","BGN","USD","0.59552"
"20251016","BGN","USD","0.59756"
"20251017","BGN","USD","0.59666"
"20251019","BGN","USD","0.59666"
"20251020","BGN","USD","0.59521"
"20251021","BGN","USD","0.5931"
"20251022","BGN","USD","0.59361"
"20251023","BGN","USD","0.59405"
"20251024","BGN","USD","0.59437"
"20251026","BGN","USD","0.59437"
"20251027","BGN","USD","0.59541"
"20251028","BGN","USD","0.59574"
"20251029","BGN","USD","0.59312"
"20251030","BGN","USD","0.59128"
"20251031","BGN","USD","0.58952"
"20251102","BGN","USD","0.58952"
"20251103","BGN","USD","0.58897"
"20251104","BGN","USD","0.58706"
"20251105","BGN","USD","0.5876"
"20251106","BGN","USD","0.5904"
"20251107","BGN","USD","0.59134"
"20251109","BGN","USD","0.59133"
"20251110","BGN","USD","0.59089"
"20251111","BGN","USD","0.59217"
"20251112","BGN","USD","0.59274"
"20251113","BGN","USD","0.59484"
"20251114","BGN","USD","0.59418"
"20251116","BGN","USD","0.59418"
"20251117","BGN","USD","0.59268"
"20251118","BGN","USD","0.59209"
"20251119","BGN","USD","0.58992"
"20251120","BGN","USD","0.58944"
"20251121","BGN","USD","0.58815"
"20251123","BGN","USD","0.58815"
"20251124","BGN","USD","0.58904"
"20251125","BGN","USD","0.59154"
"20251126","BGN","USD","0.59289"
"20251127","BGN","USD","0.59287"
"20251128","BGN","USD","0.5929"
"20251130","BGN","USD","0.59289"
"20251201","BGN","USD","0.59355"
"20251202","BGN","USD","0.59356"
"20251203","BGN","USD","0.59653"
"20251204","BGN","USD","0.59705"
"20251205","BGN","USD","0.59577"
"20251207","BGN","USD","0.59577"
"20251208","BGN","USD","0.59506"
"20251209","BGN","USD","0.59536"
"20251210","BGN","USD","0.59487"
"20251211","BGN","USD","0.60005"
"20251212","BGN","USD","0.60019"
"20251214","BGN","USD","0.60019"
"20251215","BGN","USD","0.60094"
"20251216","BGN","USD","0.6006"
"20251217","BGN","USD","0.6002"
"20251218","BGN","USD","0.5994"
"20251219","BGN","USD","0.59877"
"20251221","BGN","USD","0.59877"
"20251222","BGN","USD","0.6015"
"20251223","BGN","USD","0.60163"
"20251224","BGN","USD","0.60163"
"20251225","BGN","USD","0.60163"
"20251226","BGN","USD","0.60163"
"20251228","BGN","USD","0.60163"
"20251229","BGN","USD","0.60156"
"20251230","BGN","USD","0.60138"
"20251231","BGN","USD","0.6006"
"20260101","BGN","USD","0.6006"
"20260102","BGN","USD","0.6006"
"20260104","BGN","USD","0.6006"
"20260105","BGN","USD","0.6006"
"20260106","BGN","USD","0.6006"
"20260107","BGN","USD","0.6006"
"20260108","BGN","USD","0.6006"
"20260109","BGN","USD","0.6006"
"20260111","BGN","USD","0.6006"
"20260112","BGN","USD","0.6006"
"20260113","BGN","USD","0.6006"
"20260114","BGN","USD","0.6006"
"20260115","BGN","USD","0.6006"
"20260116","BGN","USD","0.6006"
"20260118","BGN","USD","0.6006"
"20260119","BGN","USD","0.6006"
"20260120","BGN","USD","0.6006"
"20260121","BGN","USD","0.6006"
"20260122","BGN","USD","0.6006"
"20260123","BGN","USD","0.6006"
"20260125","BGN","USD","0.6006"
"20260126","BGN","USD","0.6006"
"20260127","BGN","USD","0.6006"
"20260128","BGN","USD","0.6006"
"20260129","BGN","USD","0.6006"
"20260130","BGN","USD","0.6006"
"20260201","BGN","USD","0.6006"
"20260202","BGN","USD","0.6006"
"20260203","BGN","USD","0.6006"
"20260204","BGN","USD","0.6006"
"20260205","BGN","USD","0.6006"
"20260206","BGN","USD","0.6006"
"20260208","BGN","USD","0.6006"
"20260209","BGN","USD","0.6006"
"20260210","BGN","USD","0.6006"
"20260211","BGN","USD","0.6006"
"20260212","BGN","USD","0.6006"
"20260213","BGN","USD","0.6006"
"20260215","BGN","USD","0.6006"
"20260216","BGN","USD","0.6006"
"20260217","BGN","USD","0.6006"
"20260218","BGN","USD","0.6006"
"20260219","BGN","USD","0.6006"
"20260220","BGN","USD","0.6006"
"20260222","BGN","USD","0.6006"
"20260223","BGN","USD","0.6006"
"20260224","BGN","USD","0.6006"
"20260225","BGN","USD","0.6006"
"20260226","BGN","USD","0.6006"
"20260227","BGN","USD","0.6006"
"20260301","BGN","USD","0.6006"
"20260302","BGN","USD","0.6006"
"20260303","BGN","USD","0.6006"
"20260304","BGN","USD","0.6006"
"20260305","BGN","USD","0.6006"
"20260306","BGN","USD","0.6006"
"20260308","BGN","USD","0.6006"
"20260309","BGN","USD","0.6006"
"20260310","BGN","USD","0.6006"
"20260311","BGN","USD","0.6006"
"20260312","BGN","USD","0.6006"
"20260313","BGN","USD","0.6006"
"20260315","BGN","USD","0.6006"
"20260316","BGN","USD","0.6006"
"20260317","BGN","USD","0.6006"
"20260318","BGN","USD","0.6006"
"20260319","BGN","USD","0.6006"
"20260320","BGN","USD","0.6006"
"20260322","BGN","USD","0.6006"
"20260323","BGN","USD","0.6006"
"20260324","BGN","USD","0.6006"
"20260325","BGN","USD","0.6006"
"20260326","BGN","USD","0.6006"
"20260327","BGN","USD","0.6006"
"20260329","BGN","USD","0.6006"
"20260330","BGN","USD","0.6006"
"20260331","BGN","USD","0.6006"
"20260401","BGN","USD","0.6006"
"20260402","BGN","USD","0.6006"
"20260403","BGN","USD","0.6006"
"20260405","BGN","USD","0.6006"
"20260406","BGN","USD","0.6006"
"20260407","BGN","USD","0.6006"
"20260408","BGN","USD","0.6006"
"20260409","BGN","USD","0.6006"
"20260410","BGN","USD","0.6006"
"20260412","BGN","USD","0.6006"
"20260413","BGN","USD","0.6006"
"20260414","BGN","USD","0.6006"
"20260415","BGN","USD","0.6006"
"20260416","BGN","USD","0.6006"
"20260417","BGN","USD","0.6006"
"20260419","BGN","USD","0.6006"
"20260420","BGN","USD","0.6006"
"20260421","BGN","USD","0.6006"
"20260422","BGN","USD","0.6006"
"20260423","BGN","USD","0.6006"
"20260424","BGN","USD","0.6006"
"20260426","BGN","USD","0.6006"
"20260427","BGN","USD","0.6006"
"20260428","BGN","USD","0.6006"
"20260429","BGN","USD","0.6006"
"20260430","BGN","USD","0.6006"
"20260501","BGN","USD","0.6006"
"20260503","BGN","USD","0.6006"
"20260504","BGN","USD","0.6006"
"20260505","BGN","USD","0.6006"
"20260506","BGN","USD","0.6006"
"20260507","BGN","USD","0.6006"
"20260508","BGN","USD","0.6006"
"20260510","BGN","USD","0.6006"
"20260511","BGN","USD","0.6006"
"20260512","BGN","USD","0.6006"
"20260513","BGN","USD","0.6006"
"20260514","BGN","USD","0.6006"
"20260515","BGN","USD","0.6006"
"20260517","BGN","USD","0.6006"
"20260518","BGN","USD","0.6006"
"20260519","BGN","USD","0.6006"
"20260520","BGN","USD","0.6006"
"20260521","BGN","USD","0.6006"
"20260522","BGN","USD","0.6006"
"20260524","BGN","USD","0.6006"
"20260525","BGN","USD","0.6006"
"20260526","BGN","USD","0.6006"
"20260527","BGN","USD","0.6006"
"20260528","BGN","USD","0.6006"
"20260529","BGN","USD","0.6006"
"20260531","BGN","USD","0.6006"
"20260601","BGN","USD","0.6006"
"20260602","BGN","USD","0.6006"
"20260603","BGN","USD","0.6006"
"20260604","BGN","USD","0.6006"
"20260605","BGN","USD","0.6006"
"20260607","BGN","USD","0.6006"
"20260608","BGN","USD","0.6006"
"20260609","BGN","USD","0.6006"
"20260610","BGN","USD","0.6006"
"20260611","BGN","USD","0.6006"
"20260612","BGN","USD","0.6006"
"20260614","BGN","USD","0.6006"
"20260615","BGN","USD","0.6006"
"20260616","BGN","USD","0.6006"
"20260617","BGN","USD","0.6006"
"20260618","BGN","USD","0.6006"
"20260619","BGN","USD","0.6006"
"20260621","BGN","USD","0.6006"
"20260622","BGN","USD","0.6006"
"20260623","BGN","USD","0.6006"
"20260624","BGN","USD","0.6006"
"20260625","BGN","USD","0.6006"
"20260626","BGN","USD","0.6006"
"20260628","BGN","USD","0.6006"
"20260629","BGN","USD","0.6006"
"20260630","BGN","USD","0.6006"
"20260701","BGN","USD","0.6006"
"20260702","BGN","USD","0.6006"
"20260703","BGN","USD","0.6006"
"20260705","BGN","USD","0.6006"
"20260706","BGN","USD","0.6006"
"20260707","BGN","USD","0.6006"
"20260708","BGN","USD","0.6006"
"20260709","BGN","USD","0.6006"
"20260710","BGN","USD","0.6006"
"20260712","BGN","USD","0.6006"
"20260713","BGN","USD","0.6006"
"20260714","BGN","USD","0.6006"
"20260715","BGN","USD","0.6006"
"20260716","BGN","USD","0.6006"
"20260717","BGN","USD","0.6006"
"20260719","BGN","USD","0.6006"
"20260720","BGN","USD","0.6006"
"20260721","BGN","USD","0.6006"
"20260722","BGN","USD","0.6006"
"20260723","BGN","USD","0.6006"
"20260724","BGN","USD","0.6006"
"20260726","BGN","USD","0.6006"
"20260727","BGN","USD","0.6006"
"20260728","BGN","USD","0.6006"
"20260729","BGN","USD","0.6006"
"20260730","BGN","USD","0.6006"
"20260731","BGN","USD","0.6006"
"20260802","BGN","USD","0.6006"
"20260803","BGN","USD","0.6006"
"20260804","BGN","USD","0.6006"
"20260805","BGN","USD","0.6006"
"20260806","BGN","USD","0.6006"
"20260807","BGN","USD","0.6006"
"20260809","BGN","USD","0.6006"
"20260810","BGN","USD","0.6006"
"20260811","BGN","USD","0.6006"
"20260812","BGN","USD","0.6006"
"20260813","BGN","USD","0.6006"
"20260814","BGN","USD","0.6006"
"20260816","BGN","USD","0.6006"
"20260817","BGN","USD","0.6006"
"20260818","BGN","USD","0.6006"
"20260819","BGN","USD","0.6006"
"20260820","BGN","USD","0.6006"
"20260821","BGN","USD","0.6006"
"20260823","BGN","USD","0.6006"
"20260824","BGN","USD","0.6006"
"20260825","BGN","USD","0.6006"
"20260826","BGN","USD","0.6006"
"20260827","BGN","USD","0.6006"
"20260828","BGN","USD","0.6006"
"20260830","BGN","USD","0.6006"
"20260831","BGN","USD","0.6006"
"20260901","BGN","USD","0.6006"
"20260902","BGN","USD","0.6006"
"20260903","BGN","USD","0.6006"
"20260904","BGN","USD","0.6006"
"20260906","BGN","USD","0.6006"
"20260907","BGN","USD","0.6006"
"20260908","BGN","USD","0.6006"
"20260909","BGN","USD","0.6006"
"20260910","BGN","USD","0.6006"
"20260911","BGN","USD","0.6006"
"20260913","BGN","USD","0.6006"
"20260914","BGN","USD","0.6006"
"20260915","BGN","USD","0.6006"
"20260916","BGN","USD","0.6006"
"20260917","BGN","USD","0.6006"
"20260918","BGN","USD","0.6006"
"20260920","BGN","USD","0.6006"
"20260921","BGN","USD","0.6006"
"20260922","BGN","USD","0.6006"
"20260923","BGN","USD","0.6006"
"20250924","NOK","USD","0.10057"
"20250925","NOK","USD","0.099615"
"20250926","NOK","USD","0.10023"
"20250928","NOK","USD","0.10026"
"20250929","NOK","USD","0.1002"
"20250930","NOK","USD","0.10008"
"20251001","NOK","USD","0.10081"
"20251002","NOK","USD","0.10014"
"20251003","NOK","USD","0.10041"
"20251005","NOK","USD","0.10022"
"20251006","NOK","USD","0.10078"
"20251007","NOK","USD","0.10029"
"20251008","NOK","USD","0.10022"
"20251009","NOK","USD","0.099356"
"20251010","NOK","USD","0.098829"
"20251012","NOK","USD","0.099035"
"20251013","NOK","USD","0.099111"
"20251014","NOK","USD","0.098439"
"20251015","NOK","USD","0.099067"
"20251016","NOK","USD","0.099285"
"20251017","NOK","USD","0.099388"
"20251019","NOK","USD","0.099461"
"20251020","NOK","USD","0.099447"
"20251021","NOK","USD","0.099388"
"20251022","NOK","USD","0.09978"
"20251023","NOK","USD","0.10026"
"20251024","NOK","USD","0.099845"
"20251026","NOK","USD","0.09994"
"20251027","NOK","USD","0.10016"
"20251028","NOK","USD","0.10018"
"20251029","NOK","USD","0.099783"
"20251030","NOK","USD","0.099425"
"20251031","NOK","USD","0.098795"
"20251102","NOK","USD","0.098751"
"20251103","NOK","USD","0.098738"
"20251104","NOK","USD","0.097806"
"20251105","NOK","USD","0.097871"
"20251106","NOK","USD","0.097995"
"20251107","NOK","USD","0.098475"
"20251109","NOK","USD","0.09836"
"20251110","NOK","USD","0.098763"
"20251111","NOK","USD","0.099411"
"20251112","NOK","USD","0.099231"
"20251113","NOK","USD","0.099776"
"20251114","NOK","USD","0.099094"
"20251116","NOK","USD","0.09917"
"20251117","NOK","USD","0.098962"
"20251118","NOK","USD","0.098941"
"20251119","NOK","USD","0.098243"
"20251120","NOK","USD","0.097911"
"20251121","NOK","USD","0.097543"
"20251123","NOK","USD","0.097581"
"20251124","NOK","USD","0.097709"
"20251125","NOK","USD","0.09775"
"20251126","NOK","USD","0.09805"
"20251127","NOK","USD","0.098415"
"20251128","NOK","USD","0.098751"
"20251130","NOK","USD","0.098668"
"20251201","NOK","USD","0.098688"
"20251202","NOK","USD","0.098672"
"20251203","NOK","USD","0.09945"
"20251204","NOK","USD","0.0989"
"20251205","NOK","USD","0.098959"
"20251207","NOK","USD","0.098873"
"20251208","NOK","USD","0.098702"
"20251209","NOK","USD","0.098517"
"20251210","NOK","USD","0.099154"
"20251211","NOK","USD","0.099291"
"20251212","NOK","USD","0.098689"
"20251214","NOK","USD","0.098649"
"20251215","NOK","USD","0.098544"
"20251216","NOK","USD","0.09815"
"20251217","NOK","USD","0.097992"
"20251218","NOK","USD","0.098428"
"20251219","NOK","USD","0.098617"
"20251221","NOK","USD","0.098714"
"20251222","NOK","USD","0.098951"
"20251223","NOK","USD","0.099679"
"20251224","NOK","USD","0.099818"
"20251225","NOK","USD","0.099811"
"20251226","NOK","USD","0.099929"
"20251228","NOK","USD","0.099914"
"20251229","NOK","USD","0.099584"
"20251230","NOK","USD","0.09954"
"20251231","NOK","USD","0.099164"
"20260101","NOK","USD","0.099188"
"20260102","NOK","USD","0.09936"
"20260104","NOK","USD","0.099275"
"20260105","NOK","USD","0.099688"
"20260106","NOK","USD","0.099496"
"20260107","NOK","USD","0.099171"
"20260108","NOK","USD","0.099177"
"20260109","NOK","USD","0.099035"
"20260111","NOK","USD","0.099045"
"20260112","NOK","USD","0.09935"
"20260113","NOK","USD","0.099088"
"20260114","NOK","USD","0.099456"
"20260115","NOK","USD","0.098895"
"20260116","NOK","USD","0.099069"
"20260118","NOK","USD","0.098962"
"20260119","NOK","USD","0.099427"
"20260120","NOK","USD","0.10008"
"20260121","NOK","USD","0.10038"
"20260122","NOK","USD","0.10146"
"20260123","NOK","USD","0.10238"
"20260125","NOK","USD","0.10267"
"20260126","NOK","USD","0.10235"
"20260127","NOK","USD","0.10439"
"20260128","NOK","USD","0.10424"
"20260129","NOK","USD","0.10486"
"20260130","NOK","USD","0.1038"
"20260201","NOK","USD","0.10386"
"20260202","NOK","USD","0.10305"
"20260203","NOK","USD","0.10386"
"20260204","NOK","USD","0.10343"
"20260205","NOK","USD","0.10193"
"20260206","NOK","USD","0.10327"
"20260208","NOK","USD","0.1033"
"20260209","NOK","USD","0.10442"
"20260210","NOK","USD","0.10502"
"20260211","NOK","USD","0.10542"
"20260212","NOK","USD","0.10488"
"20260213","NOK","USD","0.10525"
"20260215","NOK","USD","0.10507"
"20260216","NOK","USD","0.10524"
"20260217","NOK","USD","0.10493"
"20260218","NOK","USD","0.10486"
"20260219","NOK","USD","0.1046"
"20260220","NOK","USD","0.10496"
"20260222","NOK","USD","0.10486"
"20260223","NOK","USD","0.10441"
"20260224","NOK","USD","0.10449"
"20260225","NOK","USD","0.1048"
"20260226","NOK","USD","0.10462"
"20260227","NOK","USD","0.10516"
"20260301","NOK","USD","0.10465"
"20260302","NOK","USD","0.1044"
"20260303","NOK","USD","0.10338"
"20260304","NOK","USD","0.10385"
"20260305","NOK","USD","0.10327"
"20260306","NOK","USD","0.10435"
"20260308","NOK","USD","0.1036"
"20260309","NOK","USD","0.10428"
"20260310","NOK","USD","0.10373"
"20260311","NOK","USD","0.10363"
"20260312","NOK","USD","0.10301"
"20260313","NOK","USD","0.10234"
"20260315","NOK","USD","0.1024"
"20260316","NOK","USD","0.10338"
"20260317","NOK","USD","0.10439"
"20260318","NOK","USD","0.10402"
"20260319","NOK","USD","0.10544"
"20260320","NOK","USD","0.10451"
"20260322","NOK","USD","0.10429"
"20260323","NOK","USD","0.10269"
"20260324","NOK","USD","0.10314"
"20260325","NOK","USD","0.10316"
"20260326","NOK","USD","0.10314"
"20260327","NOK","USD","0.1026"
"20260329","NOK","USD","0.10258"
"20260330","NOK","USD","0.10259"
"20260331","NOK","USD","0.10326"
"20260401","NOK","USD","0.10291"
"20260402","NOK","USD","0.10275"
"20260403","NOK","USD","0.10234"
"20260405","NOK","USD","0.10238"
"20260406","NOK","USD","0.103"
"20260407","NOK","USD","0.10384"
"20260408","NOK","USD","0.10447"
"20260409","NOK","USD","0.10529"
"20260410","NOK","USD","0.10498"
"20260412","NOK","USD","0.10447"
"20260413","NOK","USD","0.10582"
"20260414","NOK","USD","0.10582"
"20260415","NOK","USD","0.1065"
"20260416","NOK","USD","0.10677"
"20260417","NOK","USD","0.10665"
"20260419","NOK","USD","0.10658"
"20260420","NOK","USD","0.10729"
"20260421","NOK","USD","0.10713"
"20260422","NOK","USD","0.10749"
"20260423","NOK","USD","0.10699"
"20260424","NOK","USD","0.10733"
"20260426","NOK","USD","0.10697"
"20260427","NOK","USD","0.10757"
"20260428","NOK","USD","0.10727"
"20260429","NOK","USD","0.1071"
"20260430","NOK","USD","0.10796"
"20260501","NOK","USD","0.10767"
"20260503","NOK","USD","0.1078"
"20260504","NOK","USD","0.10779"
"20260505","NOK","USD","0.10803"
"20260506","NOK","USD","0.10753"
"20260507","NOK","USD","0.10737"
"20260508","NOK","USD","0.1086"
"20260510","NOK","USD","0.10853"
"20260511","NOK","USD","0.10891"
"20260512","NOK","USD","0.10891"
"20260513","NOK","USD","0.10903"
"20260514","NOK","USD","0.10828"
"20260515","NOK","USD","0.10744"
"20260517","NOK","USD","0.10741"
"20260518","NOK","USD","0.10804"
"20260519","NOK","USD","0.10784"
"20260520","NOK","USD","0.108"
"20260521","NOK","USD","0.10821"
"20260522","NOK","USD","0.10785"
"20260524","NOK","USD","0.1082"
"20260525","NOK","USD","0.1082"
"20260526","NOK","USD","0.1079"
"20260527","NOK","USD","0.10775"
"20260528","NOK","USD","0.10807"
"20260529","NOK","USD","0.10809"
"20260531","NOK","USD","0.10801"
"20260601","NOK","USD","0.10778"
"20260602","NOK","USD","0.10765"
"20260603","NOK","USD","0.10725"
"20260604","NOK","USD","0.10703"
"20260605","NOK","USD","0.10565"
"20260607","NOK","USD","0.1056"
"20260608","NOK","USD","0.10554"
"20260609","NOK","USD","0.10514"
"20260610","NOK","USD","0.10558"
"20260611","NOK","USD","0.10541"
"20260612","NOK","USD","0.1051"
"20260614","NOK","USD","0.10485"
"20260615","NOK","USD","0.10485"
"20260616","NOK","USD","0.10546"
"20260617","NOK","USD","0.104"
"20260618","NOK","USD","0.10275"
"20260619","NOK","USD","0.10318"
"20260621","NOK","USD","0.10294"
"20260622","NOK","USD","0.10316"
"20260623","NOK","USD","0.10215"
"20260624","NOK","USD","0.1015"
"20260625","NOK","USD","0.10139"
"20260626","NOK","USD","0.10068"
"20260628","NOK","USD","0.10066"
"20260629","NOK","USD","0.10074"
"20260630","NOK","USD","0.10097"
"20260701","NOK","USD","0.10087"
"20260702","NOK","USD","0.10156"
"20260703","NOK","USD","0.10162"
"20260705","NOK","USD","0.10166"
"20260706","NOK","USD","0.10219"
"20260707","NOK","USD","0.10199"
"20260708","NOK","USD","0.10237"
"20260709","NOK","USD","0.10283"
"20260710","NOK","USD","0.10223"
"20260712","NOK","USD","0.10211"
"20260713","NOK","USD","0.1021"
"20260714","NOK","USD","0.10318"
"20260715","NOK","USD","0.10358"
"20260716","NOK","USD","0.10335"
"20260717","NOK","USD","0.10366"
"20260719","NOK","USD","0.1021"
"20260720","NOK","USD","0.10336"
"20260721","NOK","USD","0.10374"
"20260722","NOK","USD","0.10423"
"20260723","NOK","USD","0.10401"
"20260724","NOK","USD","0.10438"
"20260726","NOK","USD","0.10445"
"20260727","NOK","USD","0.10346"
"20260728","NOK","USD","0.1032"
"20260729","NOK","USD","0.10428"
"20260730","NOK","USD","0.10494"
"20260731","NOK","USD","0.10562"
"20260802","NOK","USD","0.10441"
"20260803","NOK","USD","0.10478"
"20260804","NOK","USD","0.10481"
"20260805","NOK","USD","0.10493"
"20260806","NOK","USD","0.1048"
"20260807","NOK","USD","0.10514"
"20260809","NOK","USD","0.10512"
"20260810","NOK","USD","0.10526"
"20260811","NOK","USD","0.10535"
"20260812","NOK","USD","0.10531"
"20260813","NOK","USD","0.10512"
"20260814","NOK","USD","0.10589"
"20260816","NOK","USD","0.10556"
"20260817","NOK","USD","0.10612"
"20260818","NOK","USD","0.10621"
"20260819","NOK","USD","0.10719"
"20260820","NOK","USD","0.10698"
"20260821","NOK","USD","0.10752"
"20260823","NOK","USD","0.10761"
"20260824","NOK","USD","0.10743"
"20260825","NOK","USD","0.10737"
"20260826","NOK","USD","0.10694"
"20260827","NOK","USD","0.10727"
"20260828","NOK","USD","0.10664"
"20260830","NOK","USD","0.10672"
"20260831","NOK","USD","0.10702"
"20260901","NOK","USD","0.1072"
"20260902","NOK","USD","0.10734"
"20260903","NOK","USD","0.10763"
"20260904","NOK","USD","0.10743"
"20260906","NOK","USD","0.10749"
"20260907","NOK","USD","0.10793"
"20260908","NOK","USD","0.1084"
"20260909","NOK","USD","0.10874"
"20260910","NOK","USD","0.10781"
"20260911","NOK","USD","0.10768"
"20260913","NOK","USD","0.10777"
"20260914","NOK","USD","0.10718"
"20260915","NOK","USD","0.10706"
"20260916","NOK","USD","0.10604"
"20260917","NOK","USD","0.10613"
"20260918","NOK","USD","0.10628"
"20260920","NOK","USD","0.10623"
"20260921","NOK","USD","0.10589"
"20260922","NOK","USD","0.10591"
"20260923","NOK","USD","0.1054"
"20250924","RON","USD","0.23125"
"20250925","RON","USD","0.2297"
"20250926","RON","USD","0.23038"
"20250928","RON","USD","0.2303"
"20250929","RON","USD","0.23077"
"20250930","RON","USD","0.23082"
"20251001","RON","USD","0.23071"
"20251002","RON","USD","0.23035"
"20251003","RON","USD","0.23077"
"20251005","RON","USD","0.23076"
"20251006","RON","USD","0.23005"
"20251007","RON","USD","0.22862"
"20251008","RON","USD","0.2283"
"20251009","RON","USD","0.22694"
"20251010","RON","USD","0.22819"
"20251012","RON","USD","0.22822"
"20251013","RON","USD","0.22736"
"20251014","RON","USD","0.22808"
"20251015","RON","USD","0.22894"
"20251016","RON","USD","0.2298"
"20251017","RON","USD","0.22899"
"20251019","RON","USD","0.22899"
"20251020","RON","USD","0.2288"
"20251021","RON","USD","0.22822"
"20251022","RON","USD","0.22842"
"20251023","RON","USD","0.22853"
"20251024","RON","USD","0.22871"
"20251026","RON","USD","0.22871"
"20251027","RON","USD","0.22905"
"20251028","RON","USD","0.22917"
"20251029","RON","USD","0.22812"
"20251030","RON","USD","0.22742"
"20251031","RON","USD","0.22687"
"20251102","RON","USD","0.22688"
"20251103","RON","USD","0.2265"
"20251104","RON","USD","0.22577"
"20251105","RON","USD","0.226"
"20251106","RON","USD","0.22707"
"20251107","RON","USD","0.22734"
"20251109","RON","USD","0.22731"
"20251110","RON","USD","0.22727"
"20251111","RON","USD","0.22784"
"20251112","RON","USD","0.22806"
"20251113","RON","USD","0.22882"
"20251114","RON","USD","0.2286"
"20251116","RON","USD","0.2286"
"20251117","RON","USD","0.22792"
"20251118","RON","USD","0.2276"
"20251119","RON","USD","0.2268"
"20251120","RON","USD","0.22655"
"20251121","RON","USD","0.22622"
"20251123","RON","USD","0.22633"
"20251124","RON","USD","0.22645"
"20251125","RON","USD","0.22736"
"20251126","RON","USD","0.22778"
"20251127","RON","USD","0.22777"
"20251128","RON","USD","0.22777"
"20251130","RON","USD","0.22778"
"20251201","RON","USD","0.22819"
"20251202","RON","USD","0.2284"
"20251203","RON","USD","0.22921"
"20251204","RON","USD","0.22869"
"20251205","RON","USD","0.22863"
"20251207","RON","USD","0.22867"
"20251208","RON","USD","0.22868"
"20251209","RON","USD","0.22843"
"20251210","RON","USD","0.22974"
"20251211","RON","USD","0.23057"
"20251212","RON","USD","0.23061"
"20251214","RON","USD","0.23062"
"20251215","RON","USD","0.23077"
"20251216","RON","USD","0.2307"
"20251217","RON","USD","0.23053"
"20251218","RON","USD","0.23029"
"20251219","RON","USD","0.2302"
"20251221","RON","USD","0.2302"
"20251222","RON","USD","0.23118"
"20251223","RON","USD","0.23173"
"20251224","RON","USD","0.23139"
"20251225","RON","USD","0.23139"
"20251226","RON","USD","0.23124"
"20251228","RON","USD","0.23121"
"20251229","RON","USD","0.23108"
"20251230","RON","USD","0.2314"
"20251231","RON","USD","0.2305"
"20260101","RON","USD","0.23042"
"20260102","RON","USD","0.22991"
"20260104","RON","USD","0.22991"
"20260105","RON","USD","0.23036"
"20260106","RON","USD","0.22968"
"20260107","RON","USD","0.22943"
"20260108","RON","USD","0.22925"
"20260109","RON","USD","0.22864"
"20260111","RON","USD","0.22867"
"20260112","RON","USD","0.22923"
"20260113","RON","USD","0.2287"
"20260114","RON","USD","0.22896"
"20260115","RON","USD","0.22812"
"20260116","RON","USD","0.2279"
"20260118","RON","USD","0.2279"
"20260119","RON","USD","0.22871"
"20260120","RON","USD","0.2302"
"20260121","RON","USD","0.22937"
"20260122","RON","USD","0.23088"
"20260123","RON","USD","0.2321"
"20260125","RON","USD","0.2321"
"20260126","RON","USD","0.23309"
"20260127","RON","USD","0.23629"
"20260128","RON","USD","0.23459"
"20260129","RON","USD","0.23485"
"20260130","RON","USD","0.23249"
"20260201","RON","USD","0.23264"
"20260202","RON","USD","0.23139"
"20260203","RON","USD","0.23197"
"20260204","RON","USD","0.23173"
"20260205","RON","USD","0.23127"
"20260206","RON","USD","0.23205"
"20260208","RON","USD","0.23192"
"20260209","RON","USD","0.23408"
"20260210","RON","USD","0.23363"
"20260211","RON","USD","0.23324"
"20260212","RON","USD","0.23314"
"20260213","RON","USD","0.23307"
"20260215","RON","USD","0.23302"
"20260216","RON","USD","0.23261"
"20260217","RON","USD","0.23261"
"20260218","RON","USD","0.23129"
"20260219","RON","USD","0.23097"
"20260220","RON","USD","0.23113"
"20260222","RON","USD","0.23114"
"20260223","RON","USD","0.23125"
"20260224","RON","USD","0.23109"
"20260225","RON","USD","0.23188"
"20260226","RON","USD","0.23157"
"20260227","RON","USD","0.23194"
"20260301","RON","USD","0.23192"
"20260302","RON","USD","0.22936"
"20260303","RON","USD","0.22782"
"20260304","RON","USD","0.22843"
"20260305","RON","USD","0.22806"
"20260306","RON","USD","0.22815"
"20260308","RON","USD","0.22818"
"20260309","RON","USD","0.22828"
"20260310","RON","USD","0.22813"
"20260311","RON","USD","0.22721"
"20260312","RON","USD","0.22596"
"20260313","RON","USD","0.2241"
"20260315","RON","USD","0.22409"
"20260316","RON","USD","0.22583"
"20260317","RON","USD","0.2266"
"20260318","RON","USD","0.22488"
"20260319","RON","USD","0.22749"
"20260320","RON","USD","0.22719"
"20260322","RON","USD","0.22719"
"20260323","RON","USD","0.22788"
"20260324","RON","USD","0.22781"
"20260325","RON","USD","0.22689"
"20260326","RON","USD","0.22618"
"20260327","RON","USD","0.22577"
"20260329","RON","USD","0.22576"
"20260330","RON","USD","0.22481"
"20260331","RON","USD","0.2266"
"20260401","RON","USD","0.22738"
"20260402","RON","USD","0.22637"
"20260403","RON","USD","0.22594"
"20260405","RON","USD","0.22608"
"20260406","RON","USD","0.22641"
"20260407","RON","USD","0.22759"
"20260408","RON","USD","0.22893"
"20260409","RON","USD","0.22974"
"20260410","RON","USD","0.23029"
"20260412","RON","USD","0.2303"
"20260413","RON","USD","0.23106"
"20260414","RON","USD","0.23173"
"20260415","RON","USD","0.23178"
"20260416","RON","USD","0.2312"
"20260417","RON","USD","0.23079"
"20260419","RON","USD","0.23076"
"20260420","RON","USD","0.23116"
"20260421","RON","USD","0.23038"
"20260422","RON","USD","0.22997"
"20260423","RON","USD","0.22945"
"20260424","RON","USD","0.23039"
"20260426","RON","USD","0.23006"
"20260427","RON","USD","0.23029"
"20260428","RON","USD","0.22986"
"20260429","RON","USD","0.22884"
"20260430","RON","USD","0.22582"
"20260501","RON","USD","0.22513"
"20260503","RON","USD","0.22513"
"20260504","RON","USD","0.22504"
"20260505","RON","USD","0.22321"
"20260506","RON","USD","0.22314"
"20260507","RON","USD","0.22275"
"20260508","RON","USD","0.22591"
"20260510","RON","USD","0.22594"
"20260511","RON","USD","0.22628"
"20260512","RON","USD","0.22565"
"20260513","RON","USD","0.2249"
"20260514","RON","USD","0.22435"
"20260515","RON","USD","0.22628"
"20260517","RON","USD","0.22633"
"20260518","RON","USD","0.22375"
"20260519","RON","USD","0.22195"
"20260520","RON","USD","0.22195"
"20260521","RON","USD","0.22149"
"20260522","RON","USD","0.22111"
"20260524","RON","USD","0.22191"
"20260525","RON","USD","0.2221"
"20260526","RON","USD","0.22203"
"20260527","RON","USD","0.22163"
"20260528","RON","USD","0.22209"
"20260529","RON","USD","0.22206"
"20260531","RON","USD","0.22199"
"20260601","RON","USD","0.22167"
"20260602","RON","USD","0.22125"
"20260603","RON","USD","0.22063"
"20260604","RON","USD","0.22085"
"20260605","RON","USD","0.21959"
"20260607","RON","USD","0.2194"
"20260608","RON","USD","0.21995"
"20260609","RON","USD","0.22037"
"20260610","RON","USD","0.22027"
"20260611","RON","USD","0.22104"
"20260612","RON","USD","0.22093"
"20260614","RON","USD","0.22094"
"20260615","RON","USD","0.22136"
"20260616","RON","USD","0.222"
"20260617","RON","USD","0.21971"
"20260618","RON","USD","0.21881"
"20260619","RON","USD","0.21888"
"20260621","RON","USD","0.21872"
"20260622","RON","USD","0.2182"
"20260623","RON","USD","0.21691"
"20260624","RON","USD","0.21693"
"20260625","RON","USD","0.21727"
"20260626","RON","USD","0.21726"
"20260628","RON","USD","0.21742"
"20260629","RON","USD","0.21793"
"20260630","RON","USD","0.21794"
"20260701","RON","USD","0.21761"
"20260702","RON","USD","0.21846"
"20260703","RON","USD","0.21877"
"20260705","RON","USD","0.21881"
"20260706","RON","USD","0.21875"
"20260707","RON","USD","0.21804"
"20260708","RON","USD","0.21812"
"20260709","RON","USD","0.21828"
"20260710","RON","USD","0.21809"
"20260712","RON","USD","0.21785"
"20260713","RON","USD","0.21745"
"20260714","RON","USD","0.21781"
"20260715","RON","USD","0.2188"
"20260716","RON","USD","0.21837"
"20260717","RON","USD","0.21861"
"20260719","RON","USD","0.21862"
"20260720","RON","USD","0.2178"
"20260721","RON","USD","0.21758"
"20260722","RON","USD","0.21791"
"20260723","RON","USD","0.21734"
"20260724","RON","USD","0.21805"
"20260726","RON","USD","0.21815"
"20260727","RON","USD","0.21724"
"20260728","RON","USD","0.21771"
"20260729","RON","USD","0.21892"
"20260730","RON","USD","0.21979"
"20260731","RON","USD","0.21982"
"20260802","RON","USD","0.21993"
"20260803","RON","USD","0.21937"
"20260804","RON","USD","0.21964"
"20260805","RON","USD","0.22022"
"20260806","RON","USD","0.21926"
"20260807","RON","USD","0.22056"
"20260809","RON","USD","0.2203"
"20260810","RON","USD","0.22013"
"20260811","RON","USD","0.22032"
"20260812","RON","USD","0.22003"
"20260813","RON","USD","0.21991"
"20260814","RON","USD","0.22093"
"20260816","RON","USD","0.22085"
"20260817","RON","USD","0.22095"
"20260818","RON","USD","0.22069"
"20260819","RON","USD","0.22259"
"20260820","RON","USD","0.22242"
"20260821","RON","USD","0.22231"
"20260823","RON","USD","0.22229"
"20260824","RON","USD","0.22203"
"20260825","RON","USD","0.22208"
"20260826","RON","USD","0.22166"
"20260827","RON","USD","0.22157"
"20260828","RON","USD","0.22025"
"20260830","RON","USD","0.22022"
"20260831","RON","USD","0.22089"
"20260901","RON","USD","0.22055"
"20260902","RON","USD","0.22052"
"20260903","RON","USD","0.2213"
"20260904","RON","USD","0.22114"
"20260906","RON","USD","0.22114"
"20260907","RON","USD","0.2214"
"20260908","RON","USD","0.2213"
"20260909","RON","USD","0.22145"
"20260910","RON","USD","0.221"
"20260911","RON","USD","0.22078"
"20260913","RON","USD","0.22075"
"20260914","RON","USD","0.21964"
"20260915","RON","USD","0.21929"
"20260916","RON","USD","0.2178"
"20260917","RON","USD","0.21808"
"20260918","RON","USD","0.2182"
"20260920","RON","USD","0.21822"
"20260921","RON","USD","0.21781"
"20260922","RON","USD","0.21697"
"20260923","RON","USD","0.21581"
"20250924","RUS","USD","0.01194"
"20250925","RUS","USD","0.011912"
"20250926","RUS","USD","0.011994"
"20250928","RUS","USD","0.011994"
"20250929","RUS","USD","0.012037"
"20250930","RUS","USD","0.012063"
"20251001","RUS","USD","0.012121"
"20251002","RUS","USD","0.012114"
"20251003","RUS","USD","0.012158"
"20251005","RUS","USD","0.012158"
"20251006","RUS","USD","0.012048"
"20251007","RUS","USD","0.012184"
"20251008","RUS","USD","0.012268"
"20251009","RUS","USD","0.012319"
"20251010","RUS","USD","0.012251"
"20251012","RUS","USD","0.012251"
"20251013","RUS","USD","0.012323"
"20251014","RUS","USD","0.012579"
"20251015","RUS","USD","0.012715"
"20251016","RUS","USD","0.012498"
"20251017","RUS","USD","0.012319"
"20251019","RUS","USD","0.012319"
"20251020","RUS","USD","0.012369"
"20251021","RUS","USD","0.012289"
"20251022","RUS","USD","0.01227"
"20251023","RUS","USD","0.012306"
"20251024","RUS","USD","0.012539"
"20251026","RUS","USD","0.012539"
"20251027","RUS","USD","0.012618"
"20251028","RUS","USD","0.012618"
"20251029","RUS","USD","0.0125"
"20251030","RUS","USD","0.012508"
"20251031","RUS","USD","0.012376"
"20251102","RUS","USD","0.012376"
"20251103","RUS","USD","0.01239"
"20251104","RUS","USD","0.012346"
"20251105","RUS","USD","0.012293"
"20251106","RUS","USD","0.012308"
"20251107","RUS","USD","0.012353"
"20251109","RUS","USD","0.012353"
"20251110","RUS","USD","0.012308"
"20251111","RUS","USD","0.012353"
"20251112","RUS","USD","0.012304"
"20251113","RUS","USD","0.012392"
"20251114","RUS","USD","0.012369"
"20251116","RUS","USD","0.012369"
"20251117","RUS","USD","0.012308"
"20251118","RUS","USD","0.012352"
"20251119","RUS","USD","0.012415"
"20251120","RUS","USD","0.012492"
"20251121","RUS","USD","0.012642"
"20251123","RUS","USD","0.012642"
"20251124","RUS","USD","0.012739"
"20251125","RUS","USD","0.012678"
"20251126","RUS","USD","0.012739"
"20251127","RUS","USD","0.012829"
"20251128","RUS","USD","0.012903"
"20251130","RUS","USD","0.012903"
"20251201","RUS","USD","0.012866"
"20251202","RUS","USD","0.012903"
"20251203","RUS","USD","0.012885"
"20251204","RUS","USD","0.012952"
"20251205","RUS","USD","0.013072"
"20251207","RUS","USD","0.013072"
"20251208","RUS","USD","0.013063"
"20251209","RUS","USD","0.012953"
"20251210","RUS","USD","0.01278"
"20251211","RUS","USD","0.012461"
"20251212","RUS","USD","0.012492"
"20251214","RUS","USD","0.012492"
"20251215","RUS","USD","0.012579"
"20251216","RUS","USD","0.01265"
"20251217","RUS","USD","0.012422"
"20251218","RUS","USD","0.01253"
"20251219","RUS","USD","0.012422"
"20251221","RUS","USD","0.012422"
"20251222","RUS","USD","0.01269"
"20251223","RUS","USD","0.012821"
"20251224","RUS","USD","0.012658"
"20251225","RUS","USD","0.012819"
"20251226","RUS","USD","0.012893"
"20251228","RUS","USD","0.012893"
"20251229","RUS","USD","0.012739"
"20251230","RUS","USD","0.012579"
"20251231","RUS","USD","0.012698"
"20260101","RUS","USD","0.012698"
"20260102","RUS","USD","0.012453"
"20260104","RUS","USD","0.012453"
"20260105","RUS","USD","0.012367"
"20260106","RUS","USD","0.012422"
"20260107","RUS","USD","0.012422"
"20260108","RUS","USD","0.012483"
"20260109","RUS","USD","0.012658"
"20260111","RUS","USD","0.012658"
"20260112","RUS","USD","0.012767"
"20260113","RUS","USD","0.012698"
"20260114","RUS","USD","0.012739"
"20260115","RUS","USD","0.01278"
"20260116","RUS","USD","0.012821"
"20260118","RUS","USD","0.012821"
"20260119","RUS","USD","0.012903"
"20260120","RUS","USD","0.012812"
"20260121","RUS","USD","0.012987"
"20260122","RUS","USD","0.013158"
"20260123","RUS","USD","0.013245"
"20260125","RUS","USD","0.013245"
"20260126","RUS","USD","0.013068"
"20260127","RUS","USD","0.013115"
"20260128","RUS","USD","0.013063"
"20260129","RUS","USD","0.013165"
"20260130","RUS","USD","0.013158"
"20260201","RUS","USD","0.013158"
"20260202","RUS","USD","0.013036"
"20260203","RUS","USD","0.012987"
"20260204","RUS","USD","0.013028"
"20260205","RUS","USD","0.013029"
"20260206","RUS","USD","0.012987"
"20260208","RUS","USD","0.012987"
"20260209","RUS","USD","0.012987"
"20260210","RUS","USD","0.012943"
"20260211","RUS","USD","0.01297"
"20260212","RUS","USD","0.012949"
"20260213","RUS","USD","0.013046"
"20260215","RUS","USD","0.013046"
"20260216","RUS","USD","0.013028"
"20260217","RUS","USD","0.013098"
"20260218","RUS","USD","0.013029"
"20260219","RUS","USD","0.013029"
"20260220","RUS","USD","0.013034"
"20260222","RUS","USD","0.013034"
"20260223","RUS","USD","0.013"
"20260224","RUS","USD","0.013053"
"20260225","RUS","USD","0.013045"
"20260226","RUS","USD","0.013008"
"20260227","RUS","USD","0.012937"
"20260301","RUS","USD","0.012937"
"20260302","RUS","USD","0.012907"
"20260303","RUS","USD","0.012878"
"20260304","RUS","USD","0.012841"
"20260305","RUS","USD","0.012711"
"20260306","RUS","USD","0.012658"
"20260308","RUS","USD","0.012658"
"20260309","RUS","USD","0.01278"
"20260310","RUS","USD","0.01265"
"20260311","RUS","USD","0.012633"
"20260312","RUS","USD","0.012579"
"20260313","RUS","USD","0.012484"
"20260315","RUS","USD","0.012484"
"20260316","RUS","USD","0.012268"
"20260317","RUS","USD","0.01214"
"20260318","RUS","USD","0.011923"
"20260319","RUS","USD","0.011608"
"20260320","RUS","USD","0.01203"
"20260322","RUS","USD","0.01203"
"20260323","RUS","USD","0.012206"
"20260324","RUS","USD","0.012422"
"20260325","RUS","USD","0.012346"
"20260326","RUS","USD","0.012289"
"20260327","RUS","USD","0.01227"
"20260329","RUS","USD","0.01227"
"20260330","RUS","USD","0.0123"
"20260331","RUS","USD","0.0123"
"20260401","RUS","USD","0.012453"
"20260402","RUS","USD","0.012469"
"20260403","RUS","USD","0.012498"
"20260405","RUS","USD","0.012498"
"20260406","RUS","USD","0.012657"
"20260407","RUS","USD","0.012751"
"20260408","RUS","USD","0.012731"
"20260409","RUS","USD","0.012882"
"20260410","RUS","USD","0.012974"
"20260412","RUS","USD","0.012974"
"20260413","RUS","USD","0.013148"
"20260414","RUS","USD","0.013267"
"20260415","RUS","USD","0.013156"
"20260416","RUS","USD","0.013096"
"20260417","RUS","USD","0.013158"
"20260419","RUS","USD","0.013158"
"20260420","RUS","USD","0.013342"
"20260421","RUS","USD","0.013323"
"20260422","RUS","USD","0.013316"
"20260423","RUS","USD","0.01318"
"20260424","RUS","USD","0.013289"
"20260426","RUS","USD","0.013289"
"20260427","RUS","USD","0.013356"
"20260428","RUS","USD","0.013305"
"20260429","RUS","USD","0.013323"
"20260430","RUS","USD","0.013342"
"20260501","RUS","USD","0.013342"
"20260503","RUS","USD","0.013342"
"20260504","RUS","USD","0.013226"
"20260505","RUS","USD","0.013245"
"20260506","RUS","USD","0.013378"
"20260507","RUS","USD","0.013396"
"20260508","RUS","USD","0.013477"
"20260510","RUS","USD","0.013477"
"20260511","RUS","USD","0.013587"
"20260512","RUS","USD","0.013548"
"20260513","RUS","USD","0.013585"
"20260514","RUS","USD","0.013652"
"20260515","RUS","USD","0.013727"
"20260517","RUS","USD","0.013727"
"20260518","RUS","USD","0.013801"
"20260519","RUS","USD","0.014045"
"20260520","RUS","USD","0.013984"
"20260521","RUS","USD","0.014043"
"20260522","RUS","USD","0.013976"
"20260524","RUS","USD","0.013976"
"20260525","RUS","USD","0.013965"
"20260526","RUS","USD","0.013889"
"20260527","RUS","USD","0.014104"
"20260528","RUS","USD","0.014063"
"20260529","RUS","USD","0.014085"
"20260531","RUS","USD","0.014085"
"20260601","RUS","USD","0.013897"
"20260602","RUS","USD","0.013697"
"20260603","RUS","USD","0.013548"
"20260604","RUS","USD","0.013624"
"20260605","RUS","USD","0.013569"
"20260607","RUS","USD","0.013569"
"20260608","RUS","USD","0.013703"
"20260609","RUS","USD","0.013894"
"20260610","RUS","USD","0.013841"
"20260611","RUS","USD","0.013839"
"20260612","RUS","USD","0.013793"
"20260614","RUS","USD","0.013793"
"20260615","RUS","USD","0.013803"
"20260616","RUS","USD","0.013793"
"20260617","RUS","USD","0.013717"
"20260618","RUS","USD","0.013638"
"20260619","RUS","USD","0.013699"
"20260621","RUS","USD","0.013699"
"20260622","RUS","USD","0.013468"
"20260623","RUS","USD","0.013423"
"20260624","RUS","USD","0.013351"
"20260625","RUS","USD","0.013182"
"20260626","RUS","USD","0.012678"
"20260628","RUS","USD","0.012678"
"20260629","RUS","USD","0.012987"
"20260630","RUS","USD","0.012706"
"20260701","RUS","USD","0.012903"
"20260702","RUS","USD","0.012903"
"20260703","RUS","USD","0.012935"
"20260705","RUS","USD","0.012935"
"20260706","RUS","USD","0.012987"
"20260707","RUS","USD","0.013079"
"20260708","RUS","USD","0.013021"
"20260709","RUS","USD","0.01313"
"20260710","RUS","USD","0.012987"
"20260712","RUS","USD","0.012987"
"20260713","RUS","USD","0.013051"
"20260714","RUS","USD","0.012895"
"20260715","RUS","USD","0.012903"
"20260716","RUS","USD","0.012804"
"20260717","RUS","USD","0.012788"
"20260719","RUS","USD","0.012788"
"20260720","RUS","USD","0.012727"
"20260721","RUS","USD","0.012759"
"20260722","RUS","USD","0.012825"
"20260723","RUS","USD","0.012771"
"20260724","RUS","USD","0.012878"
"20260726","RUS","USD","0.012878"
"20260727","RUS","USD","0.012816"
"20260728","RUS","USD","0.012713"
"20260729","RUS","USD","0.012523"
"20260730","RUS","USD","0.012498"
"20260731","RUS","USD","0.012561"
"20260802","RUS","USD","0.012561"
"20260803","RUS","USD","0.012438"
"20260804","RUS","USD","0.012299"
"20260805","RUS","USD","0.012349"
"20260806","RUS","USD","0.012048"
"20260807","RUS","USD","0.012209"
"20260809","RUS","USD","0.012209"
"20260810","RUS","USD","0.01212"
"20260811","RUS","USD","0.012105"
"20260812","RUS","USD","0.01209"
"20260813","RUS","USD","0.012037"
"20260814","RUS","USD","0.011869"
"20260816","RUS","USD","0.011869"
"20260817","RUS","USD","0.011772"
"20260818","RUS","USD","0.011763"
"20260819","RUS","USD","0.01177"
"20260820","RUS","USD","0.011939"
"20260821","RUS","USD","0.012092"
"20260823","RUS","USD","0.012092"
"20260824","RUS","USD","0.011989"
"20260825","RUS","USD","0.011947"
"20260826","RUS","USD","0.011852"
"20260827","RUS","USD","0.011586"
"20260828","RUS","USD","0.011608"
"20260830","RUS","USD","0.011608"
"20260831","RUS","USD","0.011587"
"20260901","RUS","USD","0.011517"
"20260902","RUS","USD","0.011467"
"20260903","RUS","USD","0.011541"
"20260904","RUS","USD","0.011652"
"20260906","RUS","USD","0.011652"
"20260907","RUS","USD","0.011635"
"20260908","RUS","USD","0.011648"
"20260909","RUS","USD","0.011754"
"20260910","RUS","USD","0.011912"
"20260911","RUS","USD","0.011887"
"20260913","RUS","USD","0.011887"
"20260914","RUS","USD","0.011834"
"20260915","RUS","USD","0.011876"
"20260916","RUS","USD","0.011833"
"20260917","RUS","USD","0.01183"
"20260918","RUS","USD","0.011876"
"20260920","RUS","USD","0.011876"
"20260921","RUS","USD","0.01194"
"20260922","RUS","USD","0.011869"
"20260923","RUS","USD","0.011827"
"20250924","SGD","USD","0.77594"
"20250925","SGD","USD","0.77241"
"20250926","SGD","USD","0.77423"
"20250928","SGD","USD","0.77423"
"20250929","SGD","USD","0.77519"
"20250930","SGD","USD","0.77518"
"20251001","SGD","USD","0.77641"
"20251002","SGD","USD","0.77574"
"20251003","SGD","USD","0.77571"
"20251005","SGD","USD","0.77474"
"20251006","SGD","USD","0.77417"
"20251007","SGD","USD","0.77323"
"20251008","SGD","USD","0.77195"
"20251009","SGD","USD","0.7694"
"20251010","SGD","USD","0.77104"
"20251012","SGD","USD","0.77152"
"20251013","SGD","USD","0.77006"
"20251014","SGD","USD","0.77021"
"20251015","SGD","USD","0.77147"
"20251016","SGD","USD","0.77284"
"20251017","SGD","USD","0.77191"
"20251019","SGD","USD","0.77206"
"20251020","SGD","USD","0.77264"
"20251021","SGD","USD","0.77007"
"20251022","SGD","USD","0.77049"
"20251023","SGD","USD","0.77019"
"20251024","SGD","USD","0.77003"
"20251026","SGD","USD","0.77015"
"20251027","SGD","USD","0.77115"
"20251028","SGD","USD","0.77289"
"20251029","SGD","USD","0.77075"
"20251030","SGD","USD","0.76889"
"20251031","SGD","USD","0.76867"
"20251102","SGD","USD","0.76831"
"20251103","SGD","USD","0.76643"
"20251104","SGD","USD","0.76454"
"20251105","SGD","USD","0.76511"
"20251106","SGD","USD","0.76703"
"20251107","SGD","USD","0.76847"
"20251109","SGD","USD","0.76796"
"20251110","SGD","USD","0.76755"
"20251111","SGD","USD","0.76862"
"20251112","SGD","USD","0.76795"
"20251113","SGD","USD","0.76889"
"20251114","SGD","USD","0.77019"
"20251116","SGD","USD","0.77024"
"20251117","SGD","USD","0.76725"
"20251118","SGD","USD","0.76813"
"20251119","SGD","USD","0.76512"
"20251120","SGD","USD","0.76467"
"20251121","SGD","USD","0.76532"
"20251123","SGD","USD","0.76532"
"20251124","SGD","USD","0.7662"
"20251125","SGD","USD","0.76849"
"20251126","SGD","USD","0.77081"
"20251127","SGD","USD","0.77096"
"20251128","SGD","USD","0.77152"
"20251130","SGD","USD","0.77116"
"20251201","SGD","USD","0.77169"
"20251202","SGD","USD","0.77107"
"20251203","SGD","USD","0.773"
"20251204","SGD","USD","0.77158"
"20251205","SGD","USD","0.7716"
"20251207","SGD","USD","0.77205"
"20251208","SGD","USD","0.7707"
"20251209","SGD","USD","0.77072"
"20251210","SGD","USD","0.77334"
"20251211","SGD","USD","0.7739"
"20251212","SGD","USD","0.77409"
"20251214","SGD","USD","0.77417"
"20251215","SGD","USD","0.77537"
"20251216","SGD","USD","0.77561"
"20251217","SGD","USD","0.77461"
"20251218","SGD","USD","0.77506"
"20251219","SGD","USD","0.77337"
"20251221","SGD","USD","0.77337"
"20251222","SGD","USD","0.77609"
"20251223","SGD","USD","0.77808"
"20251224","SGD","USD","0.77927"
"20251225","SGD","USD","0.77941"
"20251226","SGD","USD","0.7788"
"20251228","SGD","USD","0.77848"
"20251229","SGD","USD","0.77782"
"20251230","SGD","USD","0.77848"
"20251231","SGD","USD","0.7776"
"20260101","SGD","USD","0.7776"
"20260102","SGD","USD","0.77741"
"20260104","SGD","USD","0.77742"
"20260105","SGD","USD","0.77954"
"20260106","SGD","USD","0.78091"
"20260107","SGD","USD","0.77981"
"20260108","SGD","USD","0.77816"
"20260109","SGD","USD","0.7767"
"20260111","SGD","USD","0.7767"
"20260112","SGD","USD","0.77768"
"20260113","SGD","USD","0.77612"
"20260114","SGD","USD","0.77647"
"20260115","SGD","USD","0.77635"
"20260116","SGD","USD","0.77579"
"20260118","SGD","USD","0.7758"
"20260119","SGD","USD","0.77833"
"20260120","SGD","USD","0.77877"
"20260121","SGD","USD","0.77847"
"20260122","SGD","USD","0.78065"
"20260123","SGD","USD","0.78619"
"20260125","SGD","USD","0.78721"
"20260126","SGD","USD","0.78757"
"20260127","SGD","USD","0.79383"
"20260128","SGD","USD","0.79219"
"20260129","SGD","USD","0.79082"
"20260130","SGD","USD","0.78593"
"20260201","SGD","USD","0.78666"
"20260202","SGD","USD","0.78589"
"20260203","SGD","USD","0.7874"
"20260204","SGD","USD","0.78582"
"20260205","SGD","USD","0.78408"
"20260206","SGD","USD","0.78666"
"20260208","SGD","USD","0.78666"
"20260209","SGD","USD","0.79034"
"20260210","SGD","USD","0.79065"
"20260211","SGD","USD","0.79219"
"20260212","SGD","USD","0.79197"
"20260213","SGD","USD","0.79219"
"20260215","SGD","USD","0.79145"
"20260216","SGD","USD","0.79214"
"20260217","SGD","USD","0.79182"
"20260218","SGD","USD","0.78912"
"20260219","SGD","USD","0.78852"
"20260220","SGD","USD","0.78939"
"20260222","SGD","USD","0.78933"
"20260223","SGD","USD","0.78955"
"20260224","SGD","USD","0.78936"
"20260225","SGD","USD","0.79136"
"20260226","SGD","USD","0.79112"
"20260227","SGD","USD","0.79051"
"20260301","SGD","USD","0.79051"
"20260302","SGD","USD","0.78533"
"20260303","SGD","USD","0.78278"
"20260304","SGD","USD","0.78401"
"20260305","SGD","USD","0.78051"
"20260306","SGD","USD","0.78171"
"20260308","SGD","USD","0.78171"
"20260309","SGD","USD","0.78456"
"20260310","SGD","USD","0.78537"
"20260311","SGD","USD","0.78478"
"20260312","SGD","USD","0.78183"
"20260313","SGD","USD","0.779"
"20260315","SGD","USD","0.77941"
"20260316","SGD","USD","0.78256"
"20260317","SGD","USD","0.78345"
"20260318","SGD","USD","0.77884"
"20260319","SGD","USD","0.78291"
"20260320","SGD","USD","0.7798"
"20260322","SGD","USD","0.77954"
"20260323","SGD","USD","0.78446"
"20260324","SGD","USD","0.78248"
"20260325","SGD","USD","0.78037"
"20260326","SGD","USD","0.77791"
"20260327","SGD","USD","0.7758"
"20260329","SGD","USD","0.77634"
"20260330","SGD","USD","0.77441"
"20260331","SGD","USD","0.7776"
"20260401","SGD","USD","0.77925"
"20260402","SGD","USD","0.77781"
"20260403","SGD","USD","0.777"
"20260405","SGD","USD","0.777"
"20260406","SGD","USD","0.77833"
"20260407","SGD","USD","0.77998"
"20260408","SGD","USD","0.7849"
"20260409","SGD","USD","0.78554"
"20260410","SGD","USD","0.78503"
"20260412","SGD","USD","0.78493"
"20260413","SGD","USD","0.7854"
"20260414","SGD","USD","0.78643"
"20260415","SGD","USD","0.78677"
"20260416","SGD","USD","0.78563"
"20260417","SGD","USD","0.78714"
"20260419","SGD","USD","0.78731"
"20260420","SGD","USD","0.78749"
"20260421","SGD","USD","0.78502"
"20260422","SGD","USD","0.78393"
"20260423","SGD","USD","0.78216"
"20260424","SGD","USD","0.78348"
"20260426","SGD","USD","0.78367"
"20260427","SGD","USD","0.78453"
"20260428","SGD","USD","0.78308"
"20260429","SGD","USD","0.78037"
"20260430","SGD","USD","0.78555"
"20260501","SGD","USD","0.78518"
"20260503","SGD","USD","0.7849"
"20260504","SGD","USD","0.78293"
"20260505","SGD","USD","0.78399"
"20260506","SGD","USD","0.78844"
"20260507","SGD","USD","0.788"
"20260508","SGD","USD","0.78933"
"20260510","SGD","USD","0.78908"
"20260511","SGD","USD","0.78824"
"20260512","SGD","USD","0.78613"
"20260513","SGD","USD","0.78568"
"20260514","SGD","USD","0.7837"
"20260515","SGD","USD","0.78082"
"20260517","SGD","USD","0.78082"
"20260518","SGD","USD","0.78223"
"20260519","SGD","USD","0.77979"
"20260520","SGD","USD","0.78245"
"20260521","SGD","USD","0.7825"
"20260522","SGD","USD","0.78133"
"20260524","SGD","USD","0.78209"
"20260525","SGD","USD","0.78327"
"20260526","SGD","USD","0.7826"
"20260527","SGD","USD","0.78298"
"20260528","SGD","USD","0.78362"
"20260529","SGD","USD","0.78336"
"20260531","SGD","USD","0.7831"
"20260601","SGD","USD","0.78204"
"20260602","SGD","USD","0.78151"
"20260603","SGD","USD","0.77902"
"20260604","SGD","USD","0.77843"
"20260605","SGD","USD","0.77473"
"20260607","SGD","USD","0.77483"
"20260608","SGD","USD","0.77619"
"20260609","SGD","USD","0.77716"
"20260610","SGD","USD","0.77656"
"20260611","SGD","USD","0.77889"
"20260612","SGD","USD","0.77837"
"20260614","SGD","USD","0.77857"
"20260615","SGD","USD","0.77948"
"20260616","SGD","USD","0.77984"
"20260617","SGD","USD","0.77624"
"20260618","SGD","USD","0.77494"
"20260619","SGD","USD","0.77432"
"20260621","SGD","USD","0.77414"
"20260622","SGD","USD","0.77323"
"20260623","SGD","USD","0.77126"
"20260624","SGD","USD","0.77085"
"20260625","SGD","USD","0.77143"
"20260626","SGD","USD","0.77273"
"20260628","SGD","USD","0.77265"
"20260629","SGD","USD","0.77344"
"20260630","SGD","USD","0.77293"
"20260701","SGD","USD","0.7718"
"20260702","SGD","USD","0.77392"
"20260703","SGD","USD","0.77422"
"20260705","SGD","USD","0.7742"
"20260706","SGD","USD","0.77375"
"20260707","SGD","USD","0.7736"
"20260708","SGD","USD","0.77289"
"20260709","SGD","USD","0.77377"
"20260710","SGD","USD","0.77416"
"20260712","SGD","USD","0.77396"
"20260713","SGD","USD","0.77252"
"20260714","SGD","USD","0.77438"
"20260715","SGD","USD","0.77576"
"20260716","SGD","USD","0.775"
"20260717","SGD","USD","0.7742"
"20260719","SGD","USD","0.7742"
"20260720","SGD","USD","0.7745"
"20260721","SGD","USD","0.77398"
"20260722","SGD","USD","0.77453"
"20260723","SGD","USD","0.77343"
"20260724","SGD","USD","0.7748"
"20260726","SGD","USD","0.77468"
"20260727","SGD","USD","0.77442"
"20260728","SGD","USD","0.77374"
"20260729","SGD","USD","0.77586"
"20260730","SGD","USD","0.78045"
"20260731","SGD","USD","0.77988"
"20260802","SGD","USD","0.78"
"20260803","SGD","USD","0.77982"
"20260804","SGD","USD","0.7799"
"20260805","SGD","USD","0.78054"
"20260806","SGD","USD","0.77902"
"20260807","SGD","USD","0.78224"
"20260809","SGD","USD","0.7824"
"20260810","SGD","USD","0.78104"
"20260811","SGD","USD","0.78142"
"20260812","SGD","USD","0.78087"
"20260813","SGD","USD","0.78091"
"20260814","SGD","USD","0.78173"
"20260816","SGD","USD","0.78181"
"20260817","SGD","USD","0.78271"
"20260818","SGD","USD","0.78219"
"20260819","SGD","USD","0.7867"
"20260820","SGD","USD","0.78596"
"20260821","SGD","USD","0.78763"
"20260823","SGD","USD","0.78773"
"20260824","SGD","USD","0.78706"
"20260825","SGD","USD","0.78794"
"20260826","SGD","USD","0.78631"
"20260827","SGD","USD","0.78664"
"20260828","SGD","USD","0.78434"
"20260830","SGD","USD","0.78462"
"20260831","SGD","USD","0.78674"
"20260901","SGD","USD","0.78549"
"20260902","SGD","USD","0.78671"
"20260903","SGD","USD","0.78922"
"20260904","SGD","USD","0.78935"
"20260906","SGD","USD","0.7893"
"20260907","SGD","USD","0.78986"
"20260908","SGD","USD","0.7905"
"20260909","SGD","USD","0.79097"
"20260910","SGD","USD","0.78851"
"20260911","SGD","USD","0.7892"
"20260913","SGD","USD","0.78916"
"20260914","SGD","USD","0.78712"
"20260915","SGD","USD","0.78562"
"20260916","SGD","USD","0.7823"
"20260917","SGD","USD","0.78385"
"20260918","SGD","USD","0.78364"
"20260920","SGD","USD","0.78345"
"20260921","SGD","USD","0.78346"
"20260922","SGD","USD","0.78429"
"20260923","SGD","USD","0.78117"
"20250924","OMR","USD","2.5973"
"20250925","OMR","USD","2.5973"
"20250926","OMR","USD","2.5973"
"20250928","OMR","USD","2.5973"
"20250929","OMR","USD","2.5973"
"20250930","OMR","USD","2.5973"
"20251001","OMR","USD","2.5973"
"20251002","OMR","USD","2.5975"
"20251003","OMR","USD","2.5973"
"20251005","OMR","USD","2.5973"
"20251006","OMR","USD","2.5973"
"20251007","OMR","USD","2.5973"
"20251008","OMR","USD","2.5973"
"20251009","OMR","USD","2.5973"
"20251010","OMR","USD","2.5973"
"20251012","OMR","USD","2.5973"
"20251013","OMR","USD","2.5973"
"20251014","OMR","USD","2.5973"
"20251015","OMR","USD","2.5973"
"20251016","OMR","USD","2.5973"
"20251017","OMR","USD","2.5975"
"20251019","OMR","USD","2.5973"
"20251020","OMR","USD","2.5975"
"20251021","OMR","USD","2.5973"
"20251022","OMR","USD","2.5973"
"20251023","OMR","USD","2.5973"
"20251024","OMR","USD","2.5974"
"20251026","OMR","USD","2.5973"
"20251027","OMR","USD","2.5973"
"20251028","OMR","USD","2.5973"
"20251029","OMR","USD","2.5973"
"20251030","OMR","USD","2.5973"
"20251031","OMR","USD","2.5973"
"20251102","OMR","USD","2.5973"
"20251103","OMR","USD","2.5973"
"20251104","OMR","USD","2.5973"
"20251105","OMR","USD","2.5973"
"20251106","OMR","USD","2.5973"
"20251107","OMR","USD","2.5973"
"20251109","OMR","USD","2.5973"
"20251110","OMR","USD","2.5974"
"20251111","OMR","USD","2.5974"
"20251112","OMR","USD","2.5974"
"20251113","OMR","USD","2.5974"
"20251114","OMR","USD","2.5974"
"20251116","OMR","USD","2.5974"
"20251117","OMR","USD","2.5974"
"20251118","OMR","USD","2.5974"
"20251119","OMR","USD","2.5974"
"20251120","OMR","USD","2.5973"
"20251121","OMR","USD","2.5974"
"20251123","OMR","USD","2.5974"
"20251124","OMR","USD","2.5974"
"20251125","OMR","USD","2.5973"
"20251126","OMR","USD","2.5974"
"20251127","OMR","USD","2.5974"
"20251128","OMR","USD","2.5974"
"20251130","OMR","USD","2.5974"
"20251201","OMR","USD","2.5974"
"20251202","OMR","USD","2.5974"
"20251203","OMR","USD","2.5974"
"20251204","OMR","USD","2.5974"
"20251205","OMR","USD","2.5974"
"20251207","OMR","USD","2.5974"
"20251208","OMR","USD","2.5974"
"20251209","OMR","USD","2.5974"
"20251210","OMR","USD","2.5974"
"20251211","OMR","USD","2.5974"
"20251212","OMR","USD","2.5974"
"20251214","OMR","USD","2.5974"
"20251215","OMR","USD","2.5974"
"20251216","OMR","USD","2.5974"
"20251217","OMR","USD","2.5976"
"20251218","OMR","USD","2.5974"
"20251219","OMR","USD","2.5974"
"20251221","OMR","USD","2.5974"
"20251222","OMR","USD","2.5974"
"20251223","OMR","USD","2.5974"
"20251224","OMR","USD","2.5974"
"20251225","OMR","USD","2.5974"
"20251226","OMR","USD","2.5974"
"20251228","OMR","USD","2.5974"
"20251229","OMR","USD","2.5973"
"20251230","OMR","USD","2.5973"
"20251231","OMR","USD","2.5972"
"20260101","OMR","USD","2.5972"
"20260102","OMR","USD","2.5972"
"20260104","OMR","USD","2.5974"
"20260105","OMR","USD","2.5975"
"20260106","OMR","USD","2.5972"
"20260107","OMR","USD","2.5975"
"20260108","OMR","USD","2.5975"
"20260109","OMR","USD","2.5973"
"20260111","OMR","USD","2.5975"
"20260112","OMR","USD","2.5975"
"20260113","OMR","USD","2.5975"
"20260114","OMR","USD","2.5974"
"20260115","OMR","USD","2.5975"
"20260116","OMR","USD","2.5975"
"20260118","OMR","USD","2.5975"
"20260119","OMR","USD","2.5975"
"20260120","OMR","USD","2.5976"
"20260121","OMR","USD","2.5976"
"20260122","OMR","USD","2.5976"
"20260123","OMR","USD","2.5976"
"20260125","OMR","USD","2.5976"
"20260126","OMR","USD","2.5976"
"20260127","OMR","USD","2.5976"
"20260128","OMR","USD","2.5976"
"20260129","OMR","USD","2.5976"
"20260130","OMR","USD","2.5976"
"20260201","OMR","USD","2.5976"
"20260202","OMR","USD","2.5976"
"20260203","OMR","USD","2.5976"
"20260204","OMR","USD","2.5976"
"20260205","OMR","USD","2.5976"
"20260206","OMR","USD","2.5976"
"20260208","OMR","USD","2.5976"
"20260209","OMR","USD","2.5976"
"20260210","OMR","USD","2.5976"
"20260211","OMR","USD","2.5976"
"20260212","OMR","USD","2.5976"
"20260213","OMR","USD","2.5976"
"20260215","OMR","USD","2.5976"
"20260216","OMR","USD","2.5976"
"20260217","OMR","USD","2.5976"
"20260218","OMR","USD","2.5976"
"20260219","OMR","USD","2.5976"
"20260220","OMR","USD","2.5976"
"20260222","OMR","USD","2.5976"
"20260223","OMR","USD","2.5976"
"20260224","OMR","USD","2.5976"
"20260225","OMR","USD","2.5975"
"20260226","OMR","USD","2.5975"
"20260227","OMR","USD","2.5975"
"20260301","OMR","USD","2.5957"
"20260302","OMR","USD","2.5964"
"20260303","OMR","USD","2.5974"
"20260304","OMR","USD","2.5974"
"20260305","OMR","USD","2.5974"
"20260306","OMR","USD","2.5974"
"20260308","OMR","USD","2.5974"
"20260309","OMR","USD","2.5974"
"20260310","OMR","USD","2.5972"
"20260311","OMR","USD","2.5974"
"20260312","OMR","USD","2.5975"
"20260313","OMR","USD","2.5974"
"20260315","OMR","USD","2.5974"
"20260316","OMR","USD","2.5974"
"20260317","OMR","USD","2.5974"
"20260318","OMR","USD","2.5974"
"20260319","OMR","USD","2.5974"
"20260320","OMR","USD","2.5974"
"20260322","OMR","USD","2.5974"
"20260323","OMR","USD","2.5974"
"20260324","OMR","USD","2.5974"
"20260325","OMR","USD","2.5974"
"20260326","OMR","USD","2.5977"
"20260327","OMR","USD","2.5975"
"20260329","OMR","USD","2.5977"
"20260330","OMR","USD","2.5977"
"20260331","OMR","USD","2.5977"
"20260401","OMR","USD","2.5977"
"20260402","OMR","USD","2.5977"
"20260403","OMR","USD","2.5974"
"20260405","OMR","USD","2.5974"
"20260406","OMR","USD","2.5974"
"20260407","OMR","USD","2.5974"
"20260408","OMR","USD","2.5974"
"20260409","OMR","USD","2.5974"
"20260410","OMR","USD","2.5974"
"20260412","OMR","USD","2.5974"
"20260413","OMR","USD","2.5974"
"20260414","OMR","USD","2.5974"
"20260415","OMR","USD","2.5974"
"20260416","OMR","USD","2.5974"
"20260417","OMR","USD","2.5974"
"20260419","OMR","USD","2.5974"
"20260420","OMR","USD","2.5974"
"20260421","OMR","USD","2.5974"
"20260422","OMR","USD","2.5974"
"20260423","OMR","USD","2.5974"
"20260424","OMR","USD","2.5974"
"20260426","OMR","USD","2.5974"
"20260427","OMR","USD","2.5974"
"20260428","OMR","USD","2.5974"
"20260429","OMR","USD","2.5974"
"20260430","OMR","USD","2.5973"
"20260501","OMR","USD","2.5973"
"20260503","OMR","USD","2.6008"
"20260504","OMR","USD","2.5972"
"20260505","OMR","USD","2.5972"
"20260506","OMR","USD","2.5972"
"20260507","OMR","USD","2.5972"
"20260508","OMR","USD","2.5974"
"20260510","OMR","USD","2.5974"
"20260511","OMR","USD","2.5974"
"20260512","OMR","USD","2.5974"
"20260513","OMR","USD","2.5974"
"20260514","OMR","USD","2.5974"
"20260515","OMR","USD","2.5974"
"20260517","OMR","USD","2.5974"
"20260518","OMR","USD","2.5974"
"20260519","OMR","USD","2.5974"
"20260520","OMR","USD","2.5974"
"20260521","OMR","USD","2.5974"
"20260522","OMR","USD","2.5974"
"20260524","OMR","USD","2.5974"
"20260525","OMR","USD","2.5974"
"20260526","OMR","USD","2.5974"
"20260527","OMR","USD","2.5974"
"20260528","OMR","USD","2.5974"
"20260529","OMR","USD","2.5974"
"20260531","OMR","USD","2.5974"
"20260601","OMR","USD","2.5974"
"20260602","OMR","USD","2.5973"
"20260603","OMR","USD","2.5973"
"20260604","OMR","USD","2.5973"
"20260605","OMR","USD","2.5973"
"20260607","OMR","USD","2.5973"
"20260608","OMR","USD","2.5973"
"20260609","OMR","USD","2.5972"
"20260610","OMR","USD","2.5972"
"20260611","OMR","USD","2.5972"
"20260612","OMR","USD","2.5972"
"20260614","OMR","USD","2.5972"
"20260615","OMR","USD","2.5975"
"20260616","OMR","USD","2.5975"
"20260617","OMR","USD","2.5975"
"20260618","OMR","USD","2.5975"
"20260619","OMR","USD","2.5975"
"20260621","OMR","USD","2.6008"
"20260622","OMR","USD","2.5975"
"20260623","OMR","USD","2.5975"
"20260624","OMR","USD","2.5975"
"20260625","OMR","USD","2.5975"
"20260626","OMR","USD","2.5975"
"20260628","OMR","USD","2.6008"
"20260629","OMR","USD","2.5975"
"20260630","OMR","USD","2.5975"
"20260701","OMR","USD","2.5975"
"20260702","OMR","USD","2.5974"
"20260703","OMR","USD","2.5974"
"20260705","OMR","USD","2.5974"
"20260706","OMR","USD","2.5974"
"20260707","OMR","USD","2.5975"
"20260708","OMR","USD","2.5972"
"20260709","OMR","USD","2.5973"
"20260710","OMR","USD","2.5973"
"20260712","OMR","USD","2.5973"
"20260713","OMR","USD","2.5973"
"20260714","OMR","USD","2.5973"
"20260715","OMR","USD","2.5973"
"20260716","OMR","USD","2.5973"
"20260717","OMR","USD","2.5973"
"20260719","OMR","USD","2.6008"
"20260720","OMR","USD","2.5973"
"20260721","OMR","USD","2.5974"
"20260722","OMR","USD","2.5974"
"20260723","OMR","USD","2.5974"
"20260724","OMR","USD","2.5973"
"20260726","OMR","USD","2.5973"
"20260727","OMR","USD","2.5973"
"20260728","OMR","USD","2.5973"
"20260729","OMR","USD","2.5973"
"20260730","OMR","USD","2.5973"
"20260731","OMR","USD","2.5973"
"20260802","OMR","USD","2.5973"
"20260803","OMR","USD","2.5973"
"20260804","OMR","USD","2.5973"
"20260805","OMR","USD","2.5973"
"20260806","OMR","USD","2.5973"
"20260807","OMR","USD","2.5973"
"20260809","OMR","USD","2.5973"
"20260810","OMR","USD","2.5973"
"20260811","OMR","USD","2.5973"
"20260812","OMR","USD","2.5973"
"20260813","OMR","USD","2.5973"
"20260814","OMR","USD","2.5973"
"20260816","OMR","USD","2.5973"
"20260817","OMR","USD","2.5973"
"20260818","OMR","USD","2.5974"
"20260819","OMR","USD","2.5974"
"20260820","OMR","USD","2.5975"
"20260821","OMR","USD","2.5975"
"20260823","OMR","USD","2.5975"
"20260824","OMR","USD","2.5975"
"20260825","OMR","USD","2.5975"
"20260826","OMR","USD","2.5975"
"20260827","OMR","USD","2.5975"
"20260828","OMR","USD","2.5975"
"20260830","OMR","USD","2.6008"
"20260831","OMR","USD","2.5975"
"20260901","OMR","USD","2.5974"
"20260902","OMR","USD","2.5974"
"20260903","OMR","USD","2.5974"
"20260904","OMR","USD","2.5974"
"20260906","OMR","USD","2.5974"
"20260907","OMR","USD","2.5974"
"20260908","OMR","USD","2.5974"
"20260909","OMR","USD","2.5974"
"20260910","OMR","USD","2.5974"
"20260911","OMR","USD","2.5974"
"20260913","OMR","USD","2.5974"
"20260914","OMR","USD","2.5974"
"20260915","OMR","USD","2.5974"
"20260916","OMR","USD","2.5974"
"20260917","OMR","USD","2.5974"
"20260918","OMR","USD","2.5974"
"20260920","OMR","USD","2.5974"
"20260921","OMR","USD","2.5974"
"20260922","OMR","USD","2.5974"
"20260923","OMR","USD","2.5974"
"20250924","CZK","USD","0.048274"
"20250925","CZK","USD","0.047885"
"20250926","CZK","USD","0.048197"
"20250928","CZK","USD","0.048197"
"20250929","CZK","USD","0.048264"
"20250930","CZK","USD","0.048231"
"20251001","CZK","USD","0.048358"
"20251002","CZK","USD","0.048271"
"20251003","CZK","USD","0.0484"
"20251005","CZK","USD","0.048399"
"20251006","CZK","USD","0.048179"
"20251007","CZK","USD","0.047805"
"20251008","CZK","USD","0.047716"
"20251009","CZK","USD","0.047451"
"20251010","CZK","USD","0.047783"
"20251012","CZK","USD","0.047786"
"20251013","CZK","USD","0.0476"
"20251014","CZK","USD","0.047747"
"20251015","CZK","USD","0.047964"
"20251016","CZK","USD","0.04811"
"20251017","CZK","USD","0.047971"
"20251019","CZK","USD","0.04797"
"20251020","CZK","USD","0.04793"
"20251021","CZK","USD","0.04774"
"20251022","CZK","USD","0.047779"
"20251023","CZK","USD","0.047752"
"20251024","CZK","USD","0.047807"
"20251026","CZK","USD","0.047807"
"20251027","CZK","USD","0.04788"
"20251028","CZK","USD","0.047918"
"20251029","CZK","USD","0.0476"
"20251030","CZK","USD","0.047514"
"20251031","CZK","USD","0.047401"
"20251102","CZK","USD","0.04738"
"20251103","CZK","USD","0.047348"
"20251104","CZK","USD","0.047084"
"20251105","CZK","USD","0.047199"
"20251106","CZK","USD","0.047411"
"20251107","CZK","USD","0.047595"
"20251109","CZK","USD","0.04756"
"20251110","CZK","USD","0.047578"
"20251111","CZK","USD","0.047741"
"20251112","CZK","USD","0.047834"
"20251113","CZK","USD","0.04813"
"20251114","CZK","USD","0.048078"
"20251116","CZK","USD","0.04808"
"20251117","CZK","USD","0.047968"
"20251118","CZK","USD","0.0479"
"20251119","CZK","USD","0.047735"
"20251120","CZK","USD","0.047646"
"20251121","CZK","USD","0.047535"
"20251123","CZK","USD","0.047532"
"20251124","CZK","USD","0.047662"
"20251125","CZK","USD","0.047888"
"20251126","CZK","USD","0.047998"
"20251127","CZK","USD","0.047986"
"20251128","CZK","USD","0.048056"
"20251130","CZK","USD","0.048056"
"20251201","CZK","USD","0.04805"
"20251202","CZK","USD","0.048143"
"20251203","CZK","USD","0.048405"
"20251204","CZK","USD","0.0481"
"20251205","CZK","USD","0.048116"
"20251207","CZK","USD","0.048115"
"20251208","CZK","USD","0.04792"
"20251209","CZK","USD","0.047915"
"20251210","CZK","USD","0.048248"
"20251211","CZK","USD","0.048492"
"20251212","CZK","USD","0.048377"
"20251214","CZK","USD","0.048379"
"20251215","CZK","USD","0.048323"
"20251216","CZK","USD","0.048313"
"20251217","CZK","USD","0.048152"
"20251218","CZK","USD","0.048142"
"20251219","CZK","USD","0.048132"
"20251221","CZK","USD","0.04815"
"20251222","CZK","USD","0.048337"
"20251223","CZK","USD","0.04854"
"20251224","CZK","USD","0.048529"
"20251225","CZK","USD","0.048525"
"20251226","CZK","USD","0.048561"
"20251228","CZK","USD","0.048581"
"20251229","CZK","USD","0.048512"
"20251230","CZK","USD","0.048473"
"20251231","CZK","USD","0.048599"
"20260101","CZK","USD","0.048599"
"20260102","CZK","USD","0.048536"
"20260104","CZK","USD","0.048539"
"20260105","CZK","USD","0.048433"
"20260106","CZK","USD","0.048368"
"20260107","CZK","USD","0.048093"
"20260108","CZK","USD","0.04801"
"20260109","CZK","USD","0.047911"
"20260111","CZK","USD","0.047911"
"20260112","CZK","USD","0.048046"
"20260113","CZK","USD","0.048037"
"20260114","CZK","USD","0.04803"
"20260115","CZK","USD","0.047818"
"20260116","CZK","USD","0.047809"
"20260118","CZK","USD","0.047809"
"20260119","CZK","USD","0.047926"
"20260120","CZK","USD","0.048182"
"20260121","CZK","USD","0.048054"
"20260122","CZK","USD","0.048461"
"20260123","CZK","USD","0.048744"
"20260125","CZK","USD","0.048723"
"20260126","CZK","USD","0.048997"
"20260127","CZK","USD","0.049692"
"20260128","CZK","USD","0.049214"
"20260129","CZK","USD","0.049215"
"20260130","CZK","USD","0.048713"
"20260201","CZK","USD","0.048711"
"20260202","CZK","USD","0.048519"
"20260203","CZK","USD","0.048566"
"20260204","CZK","USD","0.048428"
"20260205","CZK","USD","0.048553"
"20260206","CZK","USD","0.048783"
"20260208","CZK","USD","0.048773"
"20260209","CZK","USD","0.049198"
"20260210","CZK","USD","0.049052"
"20260211","CZK","USD","0.048958"
"20260212","CZK","USD","0.048943"
"20260213","CZK","USD","0.048899"
"20260215","CZK","USD","0.048891"
"20260216","CZK","USD","0.048844"
"20260217","CZK","USD","0.04882"
"20260218","CZK","USD","0.04859"
"20260219","CZK","USD","0.048558"
"20260220","CZK","USD","0.048631"
"20260222","CZK","USD","0.048632"
"20260223","CZK","USD","0.048647"
"20260224","CZK","USD","0.048601"
"20260225","CZK","USD","0.048745"
"20260226","CZK","USD","0.048654"
"20260227","CZK","USD","0.048742"
"20260301","CZK","USD","0.048729"
"20260302","CZK","USD","0.048181"
"20260303","CZK","USD","0.047613"
"20260304","CZK","USD","0.047734"
"20260305","CZK","USD","0.047615"
"20260306","CZK","USD","0.047646"
"20260308","CZK","USD","0.047653"
"20260309","CZK","USD","0.047736"
"20260310","CZK","USD","0.04757"
"20260311","CZK","USD","0.047421"
"20260312","CZK","USD","0.047073"
"20260313","CZK","USD","0.046663"
"20260315","CZK","USD","0.046656"
"20260316","CZK","USD","0.047075"
"20260317","CZK","USD","0.047236"
"20260318","CZK","USD","0.046754"
"20260319","CZK","USD","0.047357"
"20260320","CZK","USD","0.04729"
"20260322","CZK","USD","0.04729"
"20260323","CZK","USD","0.047482"
"20260324","CZK","USD","0.04749"
"20260325","CZK","USD","0.047224"
"20260326","CZK","USD","0.047042"
"20260327","CZK","USD","0.046917"
"20260329","CZK","USD","0.046908"
"20260330","CZK","USD","0.046691"
"20260331","CZK","USD","0.047071"
"20260401","CZK","USD","0.047265"
"20260402","CZK","USD","0.047069"
"20260403","CZK","USD","0.046975"
"20260405","CZK","USD","0.046975"
"20260406","CZK","USD","0.047073"
"20260407","CZK","USD","0.047367"
"20260408","CZK","USD","0.047813"
"20260409","CZK","USD","0.047998"
"20260410","CZK","USD","0.048095"
"20260412","CZK","USD","0.048091"
"20260413","CZK","USD","0.048278"
"20260414","CZK","USD","0.048461"
"20260415","CZK","USD","0.048496"
"20260416","CZK","USD","0.048437"
"20260417","CZK","USD","0.048443"
"20260419","CZK","USD","0.048443"
"20260420","CZK","USD","0.048532"
"20260421","CZK","USD","0.04828"
"20260422","CZK","USD","0.048073"
"20260423","CZK","USD","0.047942"
"20260424","CZK","USD","0.048116"
"20260426","CZK","USD","0.048116"
"20260427","CZK","USD","0.048115"
"20260428","CZK","USD","0.048082"
"20260429","CZK","USD","0.047872"
"20260430","CZK","USD","0.048111"
"20260501","CZK","USD","0.048107"
"20260503","CZK","USD","0.048107"
"20260504","CZK","USD","0.047924"
"20260505","CZK","USD","0.047941"
"20260506","CZK","USD","0.048282"
"20260507","CZK","USD","0.048223"
"20260508","CZK","USD","0.048461"
"20260510","CZK","USD","0.048461"
"20260511","CZK","USD","0.048434"
"20260512","CZK","USD","0.048238"
"20260513","CZK","USD","0.048139"
"20260514","CZK","USD","0.047992"
"20260515","CZK","USD","0.047809"
"20260517","CZK","USD","0.047809"
"20260518","CZK","USD","0.047967"
"20260519","CZK","USD","0.04771"
"20260520","CZK","USD","0.047834"
"20260521","CZK","USD","0.047824"
"20260522","CZK","USD","0.047774"
"20260524","CZK","USD","0.047777"
"20260525","CZK","USD","0.047996"
"20260526","CZK","USD","0.047938"
"20260527","CZK","USD","0.047863"
"20260528","CZK","USD","0.047981"
"20260529","CZK","USD","0.048023"
"20260531","CZK","USD","0.047996"
"20260601","CZK","USD","0.047918"
"20260602","CZK","USD","0.04806"
"20260603","CZK","USD","0.047904"
"20260604","CZK","USD","0.047982"
"20260605","CZK","USD","0.047609"
"20260607","CZK","USD","0.04756"
"20260608","CZK","USD","0.047639"
"20260609","CZK","USD","0.047783"
"20260610","CZK","USD","0.047693"
"20260611","CZK","USD","0.04791"
"20260612","CZK","USD","0.047912"
"20260614","CZK","USD","0.047912"
"20260615","CZK","USD","0.047979"
"20260616","CZK","USD","0.048058"
"20260617","CZK","USD","0.047613"
"20260618","CZK","USD","0.047319"
"20260619","CZK","USD","0.047428"
"20260621","CZK","USD","0.047371"
"20260622","CZK","USD","0.047241"
"20260623","CZK","USD","0.046996"
"20260624","CZK","USD","0.046877"
"20260625","CZK","USD","0.046864"
"20260626","CZK","USD","0.046932"
"20260628","CZK","USD","0.046984"
"20260629","CZK","USD","0.047107"
"20260630","CZK","USD","0.047067"
"20260701","CZK","USD","0.046968"
"20260702","CZK","USD","0.047256"
"20260703","CZK","USD","0.04729"
"20260705","CZK","USD","0.047294"
"20260706","CZK","USD","0.047346"
"20260707","CZK","USD","0.047084"
"20260708","CZK","USD","0.047058"
"20260709","CZK","USD","0.047124"
"20260710","CZK","USD","0.047057"
"20260712","CZK","USD","0.047004"
"20260713","CZK","USD","0.046835"
"20260714","CZK","USD","0.047129"
"20260715","CZK","USD","0.047352"
"20260716","CZK","USD","0.047262"
"20260717","CZK","USD","0.047229"
"20260719","CZK","USD","0.047185"
"20260720","CZK","USD","0.047159"
"20260721","CZK","USD","0.047124"
"20260722","CZK","USD","0.047209"
"20260723","CZK","USD","0.047032"
"20260724","CZK","USD","0.047106"
"20260726","CZK","USD","0.047105"
"20260727","CZK","USD","0.047048"
"20260728","CZK","USD","0.047104"
"20260729","CZK","USD","0.04743"
"20260730","CZK","USD","0.047629"
"20260731","CZK","USD","0.047603"
"20260802","CZK","USD","0.047624"
"20260803","CZK","USD","0.047543"
"20260804","CZK","USD","0.047705"
"20260805","CZK","USD","0.047761"
"20260806","CZK","USD","0.047528"
"20260807","CZK","USD","0.047664"
"20260809","CZK","USD","0.047684"
"20260810","CZK","USD","0.047582"
"20260811","CZK","USD","0.047602"
"20260812","CZK","USD","0.04755"
"20260813","CZK","USD","0.047598"
"20260814","CZK","USD","0.047772"
"20260816","CZK","USD","0.047765"
"20260817","CZK","USD","0.047866"
"20260818","CZK","USD","0.047852"
"20260819","CZK","USD","0.048317"
"20260820","CZK","USD","0.048392"
"20260821","CZK","USD","0.048438"
"20260823","CZK","USD","0.04844"
"20260824","CZK","USD","0.048409"
"20260825","CZK","USD","0.048494"
"20260826","CZK","USD","0.048301"
"20260827","CZK","USD","0.048263"
"20260828","CZK","USD","0.047987"
"20260830","CZK","USD","0.04799"
"20260831","CZK","USD","0.048089"
"20260901","CZK","USD","0.047882"
"20260902","CZK","USD","0.047914"
"20260903","CZK","USD","0.048096"
"20260904","CZK","USD","0.047994"
"20260906","CZK","USD","0.047989"
"20260907","CZK","USD","0.048027"
"20260908","CZK","USD","0.048048"
"20260909","CZK","USD","0.047952"
"20260910","CZK","USD","0.047878"
"20260911","CZK","USD","0.047856"
"20260913","CZK","USD","0.047857"
"20260914","CZK","USD","0.047578"
"20260915","CZK","USD","0.047499"
"20260916","CZK","USD","0.047135"
"20260917","CZK","USD","0.04718"
"20260918","CZK","USD","0.047184"
"20260920","CZK","USD","0.047179"
"20260921","CZK","USD","0.047137"
"20260922","CZK","USD","0.04703"
"20260923","CZK","USD","0.046635"
"20250924","SEK","USD","0.10635"
"20250925","SEK","USD","0.10567"
"20250926","SEK","USD","0.10628"
"20250928","SEK","USD","0.10628"
"20250929","SEK","USD","0.10611"
"20250930","SEK","USD","0.10619"
"20251001","SEK","USD","0.10661"
"20251002","SEK","USD","0.10629"
"20251003","SEK","USD","0.10665"
"20251005","SEK","USD","0.10656"
"20251006","SEK","USD","0.10669"
"20251007","SEK","USD","0.10636"
"20251008","SEK","USD","0.10597"
"20251009","SEK","USD","0.10485"
"20251010","SEK","USD","0.10518"
"20251012","SEK","USD","0.10526"
"20251013","SEK","USD","0.1052"
"20251014","SEK","USD","0.10487"
"20251015","SEK","USD","0.10552"
"20251016","SEK","USD","0.10608"
"20251017","SEK","USD","0.10589"
"20251019","SEK","USD","0.10613"
"20251020","SEK","USD","0.10611"
"20251021","SEK","USD","0.10608"
"20251022","SEK","USD","0.10629"
"20251023","SEK","USD","0.10652"
"20251024","SEK","USD","0.10639"
"20251026","SEK","USD","0.10645"
"20251027","SEK","USD","0.1066"
"20251028","SEK","USD","0.10667"
"20251029","SEK","USD","0.10622"
"20251030","SEK","USD","0.10593"
"20251031","SEK","USD","0.10536"
"20251102","SEK","USD","0.10531"
"20251103","SEK","USD","0.10542"
"20251104","SEK","USD","0.10436"
"20251105","SEK","USD","0.10457"
"20251106","SEK","USD","0.10454"
"20251107","SEK","USD","0.10496"
"20251109","SEK","USD","0.10484"
"20251110","SEK","USD","0.10511"
"20251111","SEK","USD","0.10571"
"20251112","SEK","USD","0.10586"
"20251113","SEK","USD","0.10634"
"20251114","SEK","USD","0.10576"
"20251116","SEK","USD","0.10587"
"20251117","SEK","USD","0.10554"
"20251118","SEK","USD","0.10559"
"20251119","SEK","USD","0.10476"
"20251120","SEK","USD","0.10467"
"20251121","SEK","USD","0.10468"
"20251123","SEK","USD","0.1047"
"20251124","SEK","USD","0.10466"
"20251125","SEK","USD","0.10489"
"20251126","SEK","USD","0.10532"
"20251127","SEK","USD","0.10549"
"20251128","SEK","USD","0.10584"
"20251130","SEK","USD","0.10582"
"20251201","SEK","USD","0.1058"
"20251202","SEK","USD","0.10602"
"20251203","SEK","USD","0.10675"
"20251204","SEK","USD","0.10612"
"20251205","SEK","USD","0.10638"
"20251207","SEK","USD","0.10633"
"20251208","SEK","USD","0.10635"
"20251209","SEK","USD","0.10676"
"20251210","SEK","USD","0.1079"
"20251211","SEK","USD","0.1081"
"20251212","SEK","USD","0.10788"
"20251214","SEK","USD","0.10779"
"20251215","SEK","USD","0.10768"
"20251216","SEK","USD","0.1075"
"20251217","SEK","USD","0.10751"
"20251218","SEK","USD","0.10777"
"20251219","SEK","USD","0.1079"
"20251221","SEK","USD","0.10792"
"20251222","SEK","USD","0.10829"
"20251223","SEK","USD","0.10906"
"20251224","SEK","USD","0.10899"
"20251225","SEK","USD","0.10898"
"20251226","SEK","USD","0.10915"
"20251228","SEK","USD","0.10925"
"20251229","SEK","USD","0.10892"
"20251230","SEK","USD","0.10876"
"20251231","SEK","USD","0.10858"
"20260101","SEK","USD","0.10854"
"20260102","SEK","USD","0.1085"
"20260104","SEK","USD","0.10836"
"20260105","SEK","USD","0.10899"
"20260106","SEK","USD","0.10868"
"20260107","SEK","USD","0.10886"
"20260108","SEK","USD","0.10846"
"20260109","SEK","USD","0.10861"
"20260111","SEK","USD","0.1084"
"20260112","SEK","USD","0.10905"
"20260113","SEK","USD","0.10841"
"20260114","SEK","USD","0.10872"
"20260115","SEK","USD","0.10843"
"20260116","SEK","USD","0.10843"
"20260118","SEK","USD","0.10808"
"20260119","SEK","USD","0.10863"
"20260120","SEK","USD","0.10959"
"20260121","SEK","USD","0.10981"
"20260122","SEK","USD","0.11103"
"20260123","SEK","USD","0.11172"
"20260125","SEK","USD","0.11203"
"20260126","SEK","USD","0.11192"
"20260127","SEK","USD","0.11401"
"20260128","SEK","USD","0.11319"
"20260129","SEK","USD","0.11359"
"20260130","SEK","USD","0.1121"
"20260201","SEK","USD","0.11217"
"20260202","SEK","USD","0.11153"
"20260203","SEK","USD","0.11231"
"20260204","SEK","USD","0.11127"
"20260205","SEK","USD","0.11039"
"20260206","SEK","USD","0.11085"
"20260208","SEK","USD","0.11099"
"20260209","SEK","USD","0.11218"
"20260210","SEK","USD","0.11249"
"20260211","SEK","USD","0.1124"
"20260212","SEK","USD","0.11202"
"20260213","SEK","USD","0.11212"
"20260215","SEK","USD","0.11206"
"20260216","SEK","USD","0.11182"
"20260217","SEK","USD","0.11155"
"20260218","SEK","USD","0.11065"
"20260219","SEK","USD","0.11029"
"20260220","SEK","USD","0.11038"
"20260222","SEK","USD","0.11061"
"20260223","SEK","USD","0.11031"
"20260224","SEK","USD","0.11044"
"20260225","SEK","USD","0.11086"
"20260226","SEK","USD","0.11045"
"20260227","SEK","USD","0.11077"
"20260301","SEK","USD","0.11016"
"20260302","SEK","USD","0.10918"
"20260303","SEK","USD","0.10801"
"20260304","SEK","USD","0.10904"
"20260305","SEK","USD","0.10838"
"20260306","SEK","USD","0.10897"
"20260308","SEK","USD","0.10816"
"20260309","SEK","USD","0.10948"
"20260310","SEK","USD","0.10889"
"20260311","SEK","USD","0.10835"
"20260312","SEK","USD","0.1069"
"20260313","SEK","USD","0.10547"
"20260315","SEK","USD","0.1057"
"20260316","SEK","USD","0.10701"
"20260317","SEK","USD","0.10777"
"20260318","SEK","USD","0.10613"
"20260319","SEK","USD","0.10767"
"20260320","SEK","USD","0.10702"
"20260322","SEK","USD","0.10689"
"20260323","SEK","USD","0.10725"
"20260324","SEK","USD","0.10748"
"20260325","SEK","USD","0.10692"
"20260326","SEK","USD","0.10594"
"20260327","SEK","USD","0.1056"
"20260329","SEK","USD","0.10572"
"20260330","SEK","USD","0.1047"
"20260331","SEK","USD","0.1056"
"20260401","SEK","USD","0.1063"
"20260402","SEK","USD","0.10604"
"20260403","SEK","USD","0.10543"
"20260405","SEK","USD","0.10555"
"20260406","SEK","USD","0.1058"
"20260407","SEK","USD","0.10557"
"20260408","SEK","USD","0.10731"
"20260409","SEK","USD","0.10783"
"20260410","SEK","USD","0.10793"
"20260412","SEK","USD","0.10719"
"20260413","SEK","USD","0.10886"
"20260414","SEK","USD","0.10887"
"20260415","SEK","USD","0.10913"
"20260416","SEK","USD","0.10885"
"20260417","SEK","USD","0.10913"
"20260419","SEK","USD","0.10879"
"20260420","SEK","USD","0.10956"
"20260421","SEK","USD","0.10889"
"20260422","SEK","USD","0.10853"
"20260423","SEK","USD","0.10794"
"20260424","SEK","USD","0.10842"
"20260426","SEK","USD","0.108"
"20260427","SEK","USD","0.10846"
"20260428","SEK","USD","0.10787"
"20260429","SEK","USD","0.10728"
"20260430","SEK","USD","0.10825"
"20260501","SEK","USD","0.10851"
"20260503","SEK","USD","0.10857"
"20260504","SEK","USD","0.10766"
"20260505","SEK","USD","0.10788"
"20260506","SEK","USD","0.10826"
"20260507","SEK","USD","0.10772"
"20260508","SEK","USD","0.10849"
"20260510","SEK","USD","0.10831"
"20260511","SEK","USD","0.10844"
"20260512","SEK","USD","0.10764"
"20260513","SEK","USD","0.10732"
"20260514","SEK","USD","0.10684"
"20260515","SEK","USD","0.10583"
"20260517","SEK","USD","0.10618"
"20260518","SEK","USD","0.10657"
"20260519","SEK","USD","0.10633"
"20260520","SEK","USD","0.10711"
"20260521","SEK","USD","0.10703"
"20260522","SEK","USD","0.10674"
"20260524","SEK","USD","0.10731"
"20260525","SEK","USD","0.1077"
"20260526","SEK","USD","0.10745"
"20260527","SEK","USD","0.10761"
"20260528","SEK","USD","0.10808"
"20260529","SEK","USD","0.10823"
"20260531","SEK","USD","0.10816"
"20260601","SEK","USD","0.10746"
"20260602","SEK","USD","0.10736"
"20260603","SEK","USD","0.1063"
"20260604","SEK","USD","0.10661"
"20260605","SEK","USD","0.10562"
"20260607","SEK","USD","0.10574"
"20260608","SEK","USD","0.106"
"20260609","SEK","USD","0.1056"
"20260610","SEK","USD","0.10507"
"20260611","SEK","USD","0.10591"
"20260612","SEK","USD","0.10596"
"20260614","SEK","USD","0.10601"
"20260615","SEK","USD","0.10636"
"20260616","SEK","USD","0.10674"
"20260617","SEK","USD","0.10516"
"20260618","SEK","USD","0.10431"
"20260619","SEK","USD","0.10434"
"20260621","SEK","USD","0.10428"
"20260622","SEK","USD","0.10397"
"20260623","SEK","USD","0.10269"
"20260624","SEK","USD","0.1026"
"20260625","SEK","USD","0.10274"
"20260626","SEK","USD","0.1027"
"20260628","SEK","USD","0.10278"
"20260629","SEK","USD","0.10298"
"20260630","SEK","USD","0.10309"
"20260701","SEK","USD","0.10276"
"20260702","SEK","USD","0.10333"
"20260703","SEK","USD","0.10356"
"20260705","SEK","USD","0.10363"
"20260706","SEK","USD","0.10389"
"20260707","SEK","USD","0.10313"
"20260708","SEK","USD","0.10309"
"20260709","SEK","USD","0.10346"
"20260710","SEK","USD","0.10348"
"20260712","SEK","USD","0.10337"
"20260713","SEK","USD","0.10287"
"20260714","SEK","USD","0.10347"
"20260715","SEK","USD","0.10426"
"20260716","SEK","USD","0.1037"
"20260717","SEK","USD","0.10365"
"20260719","SEK","USD","0.10367"
"20260720","SEK","USD","0.10329"
"20260721","SEK","USD","0.10301"
"20260722","SEK","USD","0.10314"
"20260723","SEK","USD","0.10252"
"20260724","SEK","USD","0.10291"
"20260726","SEK","USD","0.1031"
"20260727","SEK","USD","0.10281"
"20260728","SEK","USD","0.10319"
"20260729","SEK","USD","0.10367"
"20260730","SEK","USD","0.10493"
"20260731","SEK","USD","0.10504"
"20260802","SEK","USD","0.10481"
"20260803","SEK","USD","0.10461"
"20260804","SEK","USD","0.10506"
"20260805","SEK","USD","0.10541"
"20260806","SEK","USD","0.10512"
"20260807","SEK","USD","0.10552"
"20260809","SEK","USD","0.10552"
"20260810","SEK","USD","0.10529"
"20260811","SEK","USD","0.10503"
"20260812","SEK","USD","0.10437"
"20260813","SEK","USD","0.10453"
"20260814","SEK","USD","0.10499"
"20260816","SEK","USD","0.10495"
"20260817","SEK","USD","0.10511"
"20260818","SEK","USD","0.10488"
"20260819","SEK","USD","0.10597"
"20260820","SEK","USD","0.10542"
"20260821","SEK","USD","0.10553"
"20260823","SEK","USD","0.10562"
"20260824","SEK","USD","0.10532"
"20260825","SEK","USD","0.1058"
"20260826","SEK","USD","0.10492"
"20260827","SEK","USD","0.10508"
"20260828","SEK","USD","0.10409"
"20260830","SEK","USD","0.10401"
"20260831","SEK","USD","0.10441"
"20260901","SEK","USD","0.10399"
"20260902","SEK","USD","0.10388"
"20260903","SEK","USD","0.10481"
"20260904","SEK","USD","0.10446"
"20260906","SEK","USD","0.10439"
"20260907","SEK","USD","0.10425"
"20260908","SEK","USD","0.1043"
"20260909","SEK","USD","0.10422"
"20260910","SEK","USD","0.10328"
"20260911","SEK","USD","0.1031"
"20260913","SEK","USD","0.10314"
"20260914","SEK","USD","0.1025"
"20260915","SEK","USD","0.10223"
"20260916","SEK","USD","0.10136"
"20260917","SEK","USD","0.1018"
"20260918","SEK","USD","0.10173"
"20260920","SEK","USD","0.10173"
"20260921","SEK","USD","0.1016"
"20260922","SEK","USD","0.10166"
"20260923","SEK","USD","0.10082"
"20250924","NZD","USD","0.58136"
"20250925","NZD","USD","0.57675"
"20250926","NZD","USD","0.57725"
"20250928","NZD","USD","0.578"
"20250929","NZD","USD","0.5777"
"20250930","NZD","USD","0.57941"
"20251001","NZD","USD","0.58173"
"20251002","NZD","USD","0.58174"
"20251003","NZD","USD","0.58308"
"20251005","NZD","USD","0.58171"
"20251006","NZD","USD","0.58425"
"20251007","NZD","USD","0.57995"
"20251008","NZD","USD","0.5787"
"20251009","NZD","USD","0.57451"
"20251010","NZD","USD","0.57215"
"20251012","NZD","USD","0.57432"
"20251013","NZD","USD","0.5726"
"20251014","NZD","USD","0.57153"
"20251015","NZD","USD","0.57241"
"20251016","NZD","USD","0.57242"
"20251017","NZD","USD","0.57265"
"20251019","NZD","USD","0.57357"
"20251020","NZD","USD","0.57438"
"20251021","NZD","USD","0.57415"
"20251022","NZD","USD","0.5739"
"20251023","NZD","USD","0.57522"
"20251024","NZD","USD","0.57485"
"20251026","NZD","USD","0.57805"
"20251027","NZD","USD","0.5769"
"20251028","NZD","USD","0.57813"
"20251029","NZD","USD","0.57639"
"20251030","NZD","USD","0.57421"
"20251031","NZD","USD","0.57249"
"20251102","NZD","USD","0.57232"
"20251103","NZD","USD","0.5707"
"20251104","NZD","USD","0.56437"
"20251105","NZD","USD","0.56625"
"20251106","NZD","USD","0.56346"
"20251107","NZD","USD","0.56265"
"20251109","NZD","USD","0.56285"
"20251110","NZD","USD","0.56455"
"20251111","NZD","USD","0.56545"
"20251112","NZD","USD","0.56671"
"20251113","NZD","USD","0.56543"
"20251114","NZD","USD","0.56814"
"20251116","NZD","USD","0.5679"
"20251117","NZD","USD","0.56575"
"20251118","NZD","USD","0.56578"
"20251119","NZD","USD","0.56035"
"20251120","NZD","USD","0.55835"
"20251121","NZD","USD","0.56127"
"20251123","NZD","USD","0.56112"
"20251124","NZD","USD","0.56108"
"20251125","NZD","USD","0.56202"
"20251126","NZD","USD","0.5699"
"20251127","NZD","USD","0.57292"
"20251128","NZD","USD","0.57345"
"20251130","NZD","USD","0.57275"
"20251201","NZD","USD","0.57288"
"20251202","NZD","USD","0.57375"
"20251203","NZD","USD","0.57743"
"20251204","NZD","USD","0.57624"
"20251205","NZD","USD","0.57762"
"20251207","NZD","USD","0.57795"
"20251208","NZD","USD","0.57757"
"20251209","NZD","USD","0.57813"
"20251210","NZD","USD","0.58165"
"20251211","NZD","USD","0.58081"
"20251212","NZD","USD","0.58053"
"20251214","NZD","USD","0.57945"
"20251215","NZD","USD","0.57826"
"20251216","NZD","USD","0.57834"
"20251217","NZD","USD","0.57735"
"20251218","NZD","USD","0.57755"
"20251219","NZD","USD","0.57568"
"20251221","NZD","USD","0.57535"
"20251222","NZD","USD","0.57954"
"20251223","NZD","USD","0.58418"
"20251224","NZD","USD","0.58345"
"20251225","NZD","USD","0.58435"
"20251226","NZD","USD","0.58305"
"20251228","NZD","USD","0.5825"
"20251229","NZD","USD","0.58044"
"20251230","NZD","USD","0.57925"
"20251231","NZD","USD","0.57564"
"20260101","NZD","USD","0.57585"
"20260102","NZD","USD","0.57695"
"20260104","NZD","USD","0.57605"
"20260105","NZD","USD","0.57888"
"20260106","NZD","USD","0.57845"
"20260107","NZD","USD","0.57727"
"20260108","NZD","USD","0.57518"
"20260109","NZD","USD","0.57315"
"20260111","NZD","USD","0.5731"
"20260112","NZD","USD","0.57715"
"20260113","NZD","USD","0.57367"
"20260114","NZD","USD","0.57479"
"20260115","NZD","USD","0.57425"
"20260116","NZD","USD","0.57513"
"20260118","NZD","USD","0.57456"
"20260119","NZD","USD","0.57994"
"20260120","NZD","USD","0.58331"
"20260121","NZD","USD","0.58443"
"20260122","NZD","USD","0.59272"
"20260123","NZD","USD","0.59488"
"20260125","NZD","USD","0.5961"
"20260126","NZD","USD","0.59737"
"20260127","NZD","USD","0.60449"
"20260128","NZD","USD","0.60611"
"20260129","NZD","USD","0.60786"
"20260130","NZD","USD","0.60207"
"20260201","NZD","USD","0.60146"
"20260202","NZD","USD","0.59996"
"20260203","NZD","USD","0.6046"
"20260204","NZD","USD","0.60038"
"20260205","NZD","USD","0.59504"
"20260206","NZD","USD","0.60165"
"20260208","NZD","USD","0.6014"
"20260209","NZD","USD","0.60565"
"20260210","NZD","USD","0.60435"
"20260211","NZD","USD","0.60485"
"20260212","NZD","USD","0.6036"
"20260213","NZD","USD","0.60397"
"20260215","NZD","USD","0.60335"
"20260216","NZD","USD","0.60331"
"20260217","NZD","USD","0.60493"
"20260218","NZD","USD","0.59654"
"20260219","NZD","USD","0.59733"
"20260220","NZD","USD","0.59766"
"20260222","NZD","USD","0.59775"
"20260223","NZD","USD","0.59559"
"20260224","NZD","USD","0.59658"
"20260225","NZD","USD","0.60011"
"20260226","NZD","USD","0.59798"
"20260227","NZD","USD","0.59967"
"20260301","NZD","USD","0.59525"
"20260302","NZD","USD","0.59416"
"20260303","NZD","USD","0.58885"
"20260304","NZD","USD","0.59409"
"20260305","NZD","USD","0.58955"
"20260306","NZD","USD","0.58972"
"20260308","NZD","USD","0.58661"
"20260309","NZD","USD","0.59341"
"20260310","NZD","USD","0.5929"
"20260311","NZD","USD","0.59137"
"20260312","NZD","USD","0.58542"
"20260313","NZD","USD","0.57747"
"20260315","NZD","USD","0.5793"
"20260316","NZD","USD","0.58607"
"20260317","NZD","USD","0.58582"
"20260318","NZD","USD","0.57965"
"20260319","NZD","USD","0.58745"
"20260320","NZD","USD","0.58309"
"20260322","NZD","USD","0.582"
"20260323","NZD","USD","0.58586"
"20260324","NZD","USD","0.58363"
"20260325","NZD","USD","0.58062"
"20260326","NZD","USD","0.57614"
"20260327","NZD","USD","0.57456"
"20260329","NZD","USD","0.57483"
"20260330","NZD","USD","0.57216"
"20260331","NZD","USD","0.57468"
"20260401","NZD","USD","0.5753"
"20260402","NZD","USD","0.57171"
"20260403","NZD","USD","0.56925"
"20260405","NZD","USD","0.56905"
"20260406","NZD","USD","0.57122"
"20260407","NZD","USD","0.57322"
"20260408","NZD","USD","0.58221"
"20260409","NZD","USD","0.586"
"20260410","NZD","USD","0.58363"
"20260412","NZD","USD","0.58027"
"20260413","NZD","USD","0.58674"
"20260414","NZD","USD","0.59015"
"20260415","NZD","USD","0.59128"
"20260416","NZD","USD","0.58905"
"20260417","NZD","USD","0.58827"
"20260419","NZD","USD","0.58589"
"20260420","NZD","USD","0.58907"
"20260421","NZD","USD","0.58942"
"20260422","NZD","USD","0.59051"
"20260423","NZD","USD","0.58538"
"20260424","NZD","USD","0.58785"
"20260426","NZD","USD","0.58653"
"20260427","NZD","USD","0.59082"
"20260428","NZD","USD","0.58855"
"20260429","NZD","USD","0.58292"
"20260430","NZD","USD","0.59093"
"20260501","NZD","USD","0.5898"
"20260503","NZD","USD","0.59035"
"20260504","NZD","USD","0.58727"
"20260505","NZD","USD","0.5886"
"20260506","NZD","USD","0.59545"
"20260507","NZD","USD","0.59383"
"20260508","NZD","USD","0.5966"
"20260510","NZD","USD","0.59385"
"20260511","NZD","USD","0.59638"
"20260512","NZD","USD","0.59524"
"20260513","NZD","USD","0.59361"
"20260514","NZD","USD","0.59118"
"20260515","NZD","USD","0.58387"
"20260517","NZD","USD","0.58458"
"20260518","NZD","USD","0.58752"
"20260519","NZD","USD","0.58355"
"20260520","NZD","USD","0.58701"
"20260521","NZD","USD","0.58747"
"20260522","NZD","USD","0.58495"
"20260524","NZD","USD","0.58783"
"20260525","NZD","USD","0.58732"
"20260526","NZD","USD","0.58365"
"20260527","NZD","USD","0.59018"
"20260528","NZD","USD","0.59344"
"20260529","NZD","USD","0.5989"
"20260531","NZD","USD","0.5974"
"20260601","NZD","USD","0.59331"
"20260602","NZD","USD","0.59251"
"20260603","NZD","USD","0.58595"
"20260604","NZD","USD","0.58669"
"20260605","NZD","USD","0.57951"
"20260607","NZD","USD","0.5784"
"20260608","NZD","USD","0.58095"
"20260609","NZD","USD","0.58165"
"20260610","NZD","USD","0.57965"
"20260611","NZD","USD","0.58363"
"20260612","NZD","USD","0.5835"
"20260614","NZD","USD","0.5835"
"20260615","NZD","USD","0.5822"
"20260616","NZD","USD","0.58315"
"20260617","NZD","USD","0.57678"
"20260618","NZD","USD","0.57541"
"20260619","NZD","USD","0.57405"
"20260621","NZD","USD","0.57326"
"20260622","NZD","USD","0.57135"
"20260623","NZD","USD","0.56681"
"20260624","NZD","USD","0.56505"
"20260625","NZD","USD","0.56477"
"20260626","NZD","USD","0.56403"
"20260628","NZD","USD","0.56455"
"20260629","NZD","USD","0.56507"
"20260630","NZD","USD","0.5677"
"20260701","NZD","USD","0.56723"
"20260702","NZD","USD","0.56975"
"20260703","NZD","USD","0.57115"
"20260705","NZD","USD","0.57135"
"20260706","NZD","USD","0.57015"
"20260707","NZD","USD","0.56782"
"20260708","NZD","USD","0.57001"
"20260709","NZD","USD","0.57552"
"20260710","NZD","USD","0.57625"
"20260712","NZD","USD","0.57615"
"20260713","NZD","USD","0.57505"
"20260714","NZD","USD","0.58116"
"20260715","NZD","USD","0.58499"
"20260716","NZD","USD","0.58431"
"20260717","NZD","USD","0.58428"
"20260719","NZD","USD","0.58315"
"20260720","NZD","USD","0.58384"
"20260721","NZD","USD","0.58261"
"20260722","NZD","USD","0.58168"
"20260723","NZD","USD","0.5772"
"20260724","NZD","USD","0.57888"
"20260726","NZD","USD","0.5802"
"20260727","NZD","USD","0.57742"
"20260728","NZD","USD","0.57862"
"20260729","NZD","USD","0.57962"
"20260730","NZD","USD","0.58799"
"20260731","NZD","USD","0.588"
"20260802","NZD","USD","0.59015"
"20260803","NZD","USD","0.58709"
"20260804","NZD","USD","0.58944"
"20260805","NZD","USD","0.58875"
"20260806","NZD","USD","0.58695"
"20260807","NZD","USD","0.58941"
"20260809","NZD","USD","0.59012"
"20260810","NZD","USD","0.58815"
"20260811","NZD","USD","0.58805"
"20260812","NZD","USD","0.58587"
"20260813","NZD","USD","0.58515"
"20260814","NZD","USD","0.5891"
"20260816","NZD","USD","0.58908"
"20260817","NZD","USD","0.59018"
"20260818","NZD","USD","0.58755"
"20260819","NZD","USD","0.59355"
"20260820","NZD","USD","0.59435"
"20260821","NZD","USD","0.59796"
"20260823","NZD","USD","0.5971"
"20260824","NZD","USD","0.59595"
"20260825","NZD","USD","0.59768"
"20260826","NZD","USD","0.59443"
"20260827","NZD","USD","0.59512"
"20260828","NZD","USD","0.59132"
"20260830","NZD","USD","0.59245"
"20260831","NZD","USD","0.59163"
"20260901","NZD","USD","0.58912"
"20260902","NZD","USD","0.58512"
"20260903","NZD","USD","0.58811"
"20260904","NZD","USD","0.58783"
"20260906","NZD","USD","0.5879"
"20260907","NZD","USD","0.58784"
"20260908","NZD","USD","0.58531"
"20260909","NZD","USD","0.58385"
"20260910","NZD","USD","0.57974"
"20260911","NZD","USD","0.58145"
"20260913","NZD","USD","0.5816"
"20260914","NZD","USD","0.57791"
"20260915","NZD","USD","0.57583"
"20260916","NZD","USD","0.57133"
"20260917","NZD","USD","0.57325"
"20260918","NZD","USD","0.57227"
"20260920","NZD","USD","0.57222"
"20260921","NZD","USD","0.57154"
"20260922","NZD","USD","0.5728"
"20260923","NZD","USD","0.56734"
"20250924","CNH","USD","0.1401"
"20250925","CNH","USD","0.13996"
"20250926","CNH","USD","0.14002"
"20250928","CNH","USD","0.14002"
"20250929","CNH","USD","0.14027"
"20250930","CNH","USD","0.14028"
"20251001","CNH","USD","0.14029"
"20251002","CNH","USD","0.1402"
"20251003","CNH","USD","0.14014"
"20251005","CNH","USD","0.1401"
"20251006","CNH","USD","0.14001"
"20251007","CNH","USD","0.13994"
"20251008","CNH","USD","0.13986"
"20251009","CNH","USD","0.1401"
"20251010","CNH","USD","0.13992"
"20251012","CNH","USD","0.13993"
"20251013","CNH","USD","0.14009"
"20251014","CNH","USD","0.14006"
"20251015","CNH","USD","0.14026"
"20251016","CNH","USD","0.14036"
"20251017","CNH","USD","0.14032"
"20251019","CNH","USD","0.14032"
"20251020","CNH","USD","0.14037"
"20251021","CNH","USD","0.14032"
"20251022","CNH","USD","0.14034"
"20251023","CNH","USD","0.14036"
"20251024","CNH","USD","0.14036"
"20251026","CNH","USD","0.14042"
"20251027","CNH","USD","0.14066"
"20251028","CNH","USD","0.14093"
"20251029","CNH","USD","0.14091"
"20251030","CNH","USD","0.14064"
"20251031","CNH","USD","0.1404"
"20251102","CNH","USD","0.1404"
"20251103","CNH","USD","0.14034"
"20251104","CNH","USD","0.14016"
"20251105","CNH","USD","0.14023"
"20251106","CNH","USD","0.14043"
"20251107","CNH","USD","0.14035"
"20251109","CNH","USD","0.14032"
"20251110","CNH","USD","0.1404"
"20251111","CNH","USD","0.1404"
"20251112","CNH","USD","0.1406"
"20251113","CNH","USD","0.14091"
"20251114","CNH","USD","0.14085"
"20251116","CNH","USD","0.14091"
"20251117","CNH","USD","0.14069"
"20251118","CNH","USD","0.14063"
"20251119","CNH","USD","0.14049"
"20251120","CNH","USD","0.14049"
"20251121","CNH","USD","0.14074"
"20251123","CNH","USD","0.14074"
"20251124","CNH","USD","0.14073"
"20251125","CNH","USD","0.14119"
"20251126","CNH","USD","0.14146"
"20251127","CNH","USD","0.14137"
"20251128","CNH","USD","0.1414"
"20251130","CNH","USD","0.1414"
"20251201","CNH","USD","0.1414"
"20251202","CNH","USD","0.14151"
"20251203","CNH","USD","0.14167"
"20251204","CNH","USD","0.14142"
"20251205","CNH","USD","0.14146"
"20251207","CNH","USD","0.14144"
"20251208","CNH","USD","0.14141"
"20251209","CNH","USD","0.14163"
"20251210","CNH","USD","0.14163"
"20251211","CNH","USD","0.14182"
"20251212","CNH","USD","0.14177"
"20251214","CNH","USD","0.14174"
"20251215","CNH","USD","0.14198"
"20251216","CNH","USD","0.14212"
"20251217","CNH","USD","0.14205"
"20251218","CNH","USD","0.14219"
"20251219","CNH","USD","0.14217"
"20251221","CNH","USD","0.14216"
"20251222","CNH","USD","0.14223"
"20251223","CNH","USD","0.14247"
"20251224","CNH","USD","0.1427"
"20251225","CNH","USD","0.14287"
"20251226","CNH","USD","0.14278"
"20251228","CNH","USD","0.14277"
"20251229","CNH","USD","0.1429"
"20251230","CNH","USD","0.14302"
"20251231","CNH","USD","0.14334"
"20260101","CNH","USD","0.14328"
"20260102","CNH","USD","0.14348"
"20260104","CNH","USD","0.14349"
"20260105","CNH","USD","0.14321"
"20260106","CNH","USD","0.14325"
"20260107","CNH","USD","0.14299"
"20260108","CNH","USD","0.14322"
"20260109","CNH","USD","0.14334"
"20260111","CNH","USD","0.14336"
"20260112","CNH","USD","0.14349"
"20260113","CNH","USD","0.1434"
"20260114","CNH","USD","0.14344"
"20260115","CNH","USD","0.14362"
"20260116","CNH","USD","0.14353"
"20260118","CNH","USD","0.14356"
"20260119","CNH","USD","0.14375"
"20260120","CNH","USD","0.14377"
"20260121","CNH","USD","0.14369"
"20260122","CNH","USD","0.1436"
"20260123","CNH","USD","0.14391"
"20260125","CNH","USD","0.14399"
"20260126","CNH","USD","0.1439"
"20260127","CNH","USD","0.14423"
"20260128","CNH","USD","0.14402"
"20260129","CNH","USD","0.14399"
"20260130","CNH","USD","0.1437"
"20260201","CNH","USD","0.14371"
"20260202","CNH","USD","0.14406"
"20260203","CNH","USD","0.1442"
"20260204","CNH","USD","0.14407"
"20260205","CNH","USD","0.14407"
"20260206","CNH","USD","0.1443"
"20260208","CNH","USD","0.14431"
"20260209","CNH","USD","0.14461"
"20260210","CNH","USD","0.14465"
"20260211","CNH","USD","0.14474"
"20260212","CNH","USD","0.14495"
"20260213","CNH","USD","0.14491"
"20260215","CNH","USD","0.14491"
"20260216","CNH","USD","0.14527"
"20260217","CNH","USD","0.14524"
"20260218","CNH","USD","0.14512"
"20260219","CNH","USD","0.14494"
"20260220","CNH","USD","0.14498"
"20260222","CNH","USD","0.14496"
"20260223","CNH","USD","0.14515"
"20260224","CNH","USD","0.14535"
"20260225","CNH","USD","0.14589"
"20260226","CNH","USD","0.14611"
"20260227","CNH","USD","0.14575"
"20260301","CNH","USD","0.14573"
"20260302","CNH","USD","0.1449"
"20260303","CNH","USD","0.14455"
"20260304","CNH","USD","0.14504"
"20260305","CNH","USD","0.14455"
"20260306","CNH","USD","0.14478"
"20260308","CNH","USD","0.14482"
"20260309","CNH","USD","0.14517"
"20260310","CNH","USD","0.14534"
"20260311","CNH","USD","0.14542"
"20260312","CNH","USD","0.14531"
"20260313","CNH","USD","0.1448"
"20260315","CNH","USD","0.14488"
"20260316","CNH","USD","0.14517"
"20260317","CNH","USD","0.14529"
"20260318","CNH","USD","0.14491"
"20260319","CNH","USD","0.14534"
"20260320","CNH","USD","0.1448"
"20260322","CNH","USD","0.14485"
"20260323","CNH","USD","0.14524"
"20260324","CNH","USD","0.14508"
"20260325","CNH","USD","0.14484"
"20260326","CNH","USD","0.14451"
"20260327","CNH","USD","0.14452"
"20260329","CNH","USD","0.14453"
"20260330","CNH","USD","0.14458"
"20260331","CNH","USD","0.14517"
"20260401","CNH","USD","0.1454"
"20260402","CNH","USD","0.14514"
"20260403","CNH","USD","0.14521"
"20260405","CNH","USD","0.14525"
"20260406","CNH","USD","0.14545"
"20260407","CNH","USD","0.14586"
"20260408","CNH","USD","0.14635"
"20260409","CNH","USD","0.14645"
"20260410","CNH","USD","0.1465"
"20260412","CNH","USD","0.14651"
"20260413","CNH","USD","0.14667"
"20260414","CNH","USD","0.14683"
"20260415","CNH","USD","0.14666"
"20260416","CNH","USD","0.14657"
"20260417","CNH","USD","0.14672"
"20260419","CNH","USD","0.14674"
"20260420","CNH","USD","0.14672"
"20260421","CNH","USD","0.14645"
"20260422","CNH","USD","0.14637"
"20260423","CNH","USD","0.14629"
"20260424","CNH","USD","0.14634"
"20260426","CNH","USD","0.14632"
"20260427","CNH","USD","0.14649"
"20260428","CNH","USD","0.1462"
"20260429","CNH","USD","0.14603"
"20260430","CNH","USD","0.14638"
"20260501","CNH","USD","0.14639"
"20260503","CNH","USD","0.14642"
"20260504","CNH","USD","0.14639"
"20260505","CNH","USD","0.14646"
"20260506","CNH","USD","0.14677"
"20260507","CNH","USD","0.14687"
"20260508","CNH","USD","0.14714"
"20260510","CNH","USD","0.14715"
"20260511","CNH","USD","0.14724"
"20260512","CNH","USD","0.14726"
"20260513","CNH","USD","0.14734"
"20260514","CNH","USD","0.14733"
"20260515","CNH","USD","0.14675"
"20260517","CNH","USD","0.14679"
"20260518","CNH","USD","0.14708"
"20260519","CNH","USD","0.14669"
"20260520","CNH","USD","0.14702"
"20260521","CNH","USD","0.14706"
"20260522","CNH","USD","0.14711"
"20260524","CNH","USD","0.14711"
"20260525","CNH","USD","0.14739"
"20260526","CNH","USD","0.14738"
"20260527","CNH","USD","0.14752"
"20260528","CNH","USD","0.14764"
"20260529","CNH","USD","0.14784"
"20260531","CNH","USD","0.14786"
"20260601","CNH","USD","0.14782"
"20260602","CNH","USD","0.14787"
"20260603","CNH","USD","0.14749"
"20260604","CNH","USD","0.14756"
"20260605","CNH","USD","0.14726"
"20260607","CNH","USD","0.14727"
"20260608","CNH","USD","0.1474"
"20260609","CNH","USD","0.14752"
"20260610","CNH","USD","0.14744"
"20260611","CNH","USD","0.14786"
"20260612","CNH","USD","0.14786"
"20260614","CNH","USD","0.14787"
"20260615","CNH","USD","0.14794"
"20260616","CNH","USD","0.14799"
"20260617","CNH","USD","0.14758"
"20260618","CNH","USD","0.14753"
"20260619","CNH","USD","0.14741"
"20260621","CNH","USD","0.14741"
"20260622","CNH","USD","0.14755"
"20260623","CNH","USD","0.14717"
"20260624","CNH","USD","0.14677"
"20260625","CNH","USD","0.14703"
"20260626","CNH","USD","0.14695"
"20260628","CNH","USD","0.14695"
"20260629","CNH","USD","0.14704"
"20260630","CNH","USD","0.14724"
"20260701","CNH","USD","0.14717"
"20260702","CNH","USD","0.14731"
"20260703","CNH","USD","0.14738"
"20260705","CNH","USD","0.14739"
"20260706","CNH","USD","0.14718"
"20260707","CNH","USD","0.14698"
"20260708","CNH","USD","0.14692"
"20260709","CNH","USD","0.14713"
"20260710","CNH","USD","0.14745"
"20260712","CNH","USD","0.14747"
"20260713","CNH","USD","0.14737"
"20260714","CNH","USD","0.14762"
"20260715","CNH","USD","0.14775"
"20260716","CNH","USD","0.14764"
"20260717","CNH","USD","0.14754"
"20260719","CNH","USD","0.14753"
"20260720","CNH","USD","0.14773"
"20260721","CNH","USD","0.14774"
"20260722","CNH","USD","0.1476"
"20260723","CNH","USD","0.14755"
"20260724","CNH","USD","0.14767"
"20260726","CNH","USD","0.14769"
"20260727","CNH","USD","0.14781"
"20260728","CNH","USD","0.14768"
"20260729","CNH","USD","0.14791"
"20260730","CNH","USD","0.1482"
"20260731","CNH","USD","0.14809"
"20260802","CNH","USD","0.14815"
"20260803","CNH","USD","0.14797"
"20260804","CNH","USD","0.1482"
"20260805","CNH","USD","0.14819"
"20260806","CNH","USD","0.14818"
"20260807","CNH","USD","0.14829"
"20260809","CNH","USD","0.14831"
"20260810","CNH","USD","0.14823"
"20260811","CNH","USD","0.14823"
"20260812","CNH","USD","0.14823"
"20260813","CNH","USD","0.14826"
"20260814","CNH","USD","0.14827"
"20260816","CNH","USD","0.14831"
"20260817","CNH","USD","0.1483"
"20260818","CNH","USD","0.14821"
"20260819","CNH","USD","0.14856"
"20260820","CNH","USD","0.14869"
"20260821","CNH","USD","0.14878"
"20260823","CNH","USD","0.1488"
"20260824","CNH","USD","0.14877"
"20260825","CNH","USD","0.14887"
"20260826","CNH","USD","0.14875"
"20260827","CNH","USD","0.14882"
"20260828","CNH","USD","0.14857"
"20260830","CNH","USD","0.14857"
"20260831","CNH","USD","0.14885"
"20260901","CNH","USD","0.14876"
"20260902","CNH","USD","0.14886"
"20260903","CNH","USD","0.14886"
"20260904","CNH","USD","0.14908"
"20260906","CNH","USD","0.14909"
"20260907","CNH","USD","0.14905"
"20260908","CNH","USD","0.1491"
"20260909","CNH","USD","0.14911"
"20260910","CNH","USD","0.14893"
"20260911","CNH","USD","0.14907"
"20260913","CNH","USD","0.14907"
"20260914","CNH","USD","0.14904"
"20260915","CNH","USD","0.14898"
"20260916","CNH","USD","0.14897"
"20260917","CNH","USD","0.14916"
"20260918","CNH","USD","0.14936"
"20260920","CNH","USD","0.14935"
"20260921","CNH","USD","0.14941"
"20260922","CNH","USD","0.14928"
"20260923","CNH","USD","0.149"
"20250924","BRL","USD","0.18755"
"20250925","BRL","USD","0.18643"
"20250926","BRL","USD","0.18714"
"20250928","BRL","USD","0.18691"
"20250929","BRL","USD","0.18791"
"20250930","BRL","USD","0.18789"
"20251001","BRL","USD","0.18764"
"20251002","BRL","USD","0.18733"
"20251003","BRL","USD","0.18741"
"20251005","BRL","USD","0.18736"
"20251006","BRL","USD","0.18825"
"20251007","BRL","USD","0.18689"
"20251008","BRL","USD","0.18715"
"20251009","BRL","USD","0.18624"
"20251010","BRL","USD","0.18109"
"20251012","BRL","USD","0.1809"
"20251013","BRL","USD","0.18294"
"20251014","BRL","USD","0.1824"
"20251015","BRL","USD","0.18334"
"20251016","BRL","USD","0.18364"
"20251017","BRL","USD","0.18487"
"20251019","BRL","USD","0.18503"
"20251020","BRL","USD","0.18606"
"20251021","BRL","USD","0.1856"
"20251022","BRL","USD","0.18516"
"20251023","BRL","USD","0.18576"
"20251024","BRL","USD","0.18555"
"20251026","BRL","USD","0.18551"
"20251027","BRL","USD","0.18607"
"20251028","BRL","USD","0.18661"
"20251029","BRL","USD","0.18651"
"20251030","BRL","USD","0.18582"
"20251031","BRL","USD","0.18601"
"20251102","BRL","USD","0.18603"
"20251103","BRL","USD","0.18666"
"20251104","BRL","USD","0.18527"
"20251105","BRL","USD","0.18657"
"20251106","BRL","USD","0.18691"
"20251107","BRL","USD","0.18754"
"20251109","BRL","USD","0.18753"
"20251110","BRL","USD","0.18899"
"20251111","BRL","USD","0.18968"
"20251112","BRL","USD","0.18893"
"20251113","BRL","USD","0.18874"
"20251114","BRL","USD","0.1888"
"20251116","BRL","USD","0.1888"
"20251117","BRL","USD","0.18764"
"20251118","BRL","USD","0.18789"
"20251119","BRL","USD","0.18759"
"20251120","BRL","USD","0.1875"
"20251121","BRL","USD","0.18507"
"20251123","BRL","USD","0.18507"
"20251124","BRL","USD","0.18558"
"20251125","BRL","USD","0.18582"
"20251126","BRL","USD","0.18753"
"20251127","BRL","USD","0.18669"
"20251128","BRL","USD","0.18737"
"20251130","BRL","USD","0.18738"
"20251201","BRL","USD","0.18665"
"20251202","BRL","USD","0.18769"
"20251203","BRL","USD","0.1884"
"20251204","BRL","USD","0.18833"
"20251205","BRL","USD","0.18384"
"20251207","BRL","USD","0.18384"
"20251208","BRL","USD","0.18415"
"20251209","BRL","USD","0.18404"
"20251210","BRL","USD","0.18272"
"20251211","BRL","USD","0.1849"
"20251212","BRL","USD","0.18454"
"20251214","BRL","USD","0.18454"
"20251215","BRL","USD","0.18468"
"20251216","BRL","USD","0.18151"
"20251217","BRL","USD","0.18114"
"20251218","BRL","USD","0.18109"
"20251219","BRL","USD","0.18041"
"20251221","BRL","USD","0.18041"
"20251222","BRL","USD","0.17889"
"20251223","BRL","USD","0.18113"
"20251224","BRL","USD","0.18113"
"20251225","BRL","USD","0.18113"
"20251226","BRL","USD","0.18038"
"20251228","BRL","USD","0.18036"
"20251229","BRL","USD","0.17951"
"20251230","BRL","USD","0.18256"
"20251231","BRL","USD","0.18256"
"20260101","BRL","USD","0.18256"
"20260102","BRL","USD","0.18441"
"20260104","BRL","USD","0.18441"
"20260105","BRL","USD","0.18485"
"20260106","BRL","USD","0.18614"
"20260107","BRL","USD","0.18569"
"20260108","BRL","USD","0.1856"
"20260109","BRL","USD","0.18618"
"20260111","BRL","USD","0.18618"
"20260112","BRL","USD","0.18602"
"20260113","BRL","USD","0.18612"
"20260114","BRL","USD","0.18528"
"20260115","BRL","USD","0.18628"
"20260116","BRL","USD","0.18622"
"20260118","BRL","USD","0.18626"
"20260119","BRL","USD","0.18621"
"20260120","BRL","USD","0.18598"
"20260121","BRL","USD","0.18797"
"20260122","BRL","USD","0.18922"
"20260123","BRL","USD","0.18904"
"20260125","BRL","USD","0.18904"
"20260126","BRL","USD","0.18934"
"20260127","BRL","USD","0.19301"
"20260128","BRL","USD","0.19252"
"20260129","BRL","USD","0.19267"
"20260130","BRL","USD","0.19018"
"20260201","BRL","USD","0.1902"
"20260202","BRL","USD","0.19008"
"20260203","BRL","USD","0.19087"
"20260204","BRL","USD","0.19086"
"20260205","BRL","USD","0.18965"
"20260206","BRL","USD","0.19168"
"20260208","BRL","USD","0.19168"
"20260209","BRL","USD","0.19255"
"20260210","BRL","USD","0.19259"
"20260211","BRL","USD","0.19292"
"20260212","BRL","USD","0.19186"
"20260213","BRL","USD","0.19158"
"20260215","BRL","USD","0.19141"
"20260216","BRL","USD","0.19141"
"20260217","BRL","USD","0.19146"
"20260218","BRL","USD","0.19099"
"20260219","BRL","USD","0.19191"
"20260220","BRL","USD","0.19317"
"20260222","BRL","USD","0.19317"
"20260223","BRL","USD","0.19334"
"20260224","BRL","USD","0.19403"
"20260225","BRL","USD","0.19512"
"20260226","BRL","USD","0.19465"
"20260227","BRL","USD","0.19497"
"20260301","BRL","USD","0.19491"
"20260302","BRL","USD","0.19336"
"20260303","BRL","USD","0.18949"
"20260304","BRL","USD","0.19114"
"20260305","BRL","USD","0.18996"
"20260306","BRL","USD","0.19068"
"20260308","BRL","USD","0.19068"
"20260309","BRL","USD","0.19384"
"20260310","BRL","USD","0.19382"
"20260311","BRL","USD","0.1939"
"20260312","BRL","USD","0.19067"
"20260313","BRL","USD","0.18784"
"20260315","BRL","USD","0.18763"
"20260316","BRL","USD","0.19116"
"20260317","BRL","USD","0.19257"
"20260318","BRL","USD","0.18982"
"20260319","BRL","USD","0.19154"
"20260320","BRL","USD","0.18818"
"20260322","BRL","USD","0.1882"
"20260323","BRL","USD","0.19102"
"20260324","BRL","USD","0.1911"
"20260325","BRL","USD","0.19131"
"20260326","BRL","USD","0.19084"
"20260327","BRL","USD","0.19087"
"20260329","BRL","USD","0.19085"
"20260330","BRL","USD","0.19036"
"20260331","BRL","USD","0.19303"
"20260401","BRL","USD","0.19399"
"20260402","BRL","USD","0.19388"
"20260403","BRL","USD","0.1939"
"20260405","BRL","USD","0.19382"
"20260406","BRL","USD","0.19444"
"20260407","BRL","USD","0.19401"
"20260408","BRL","USD","0.19611"
"20260409","BRL","USD","0.19773"
"20260410","BRL","USD","0.19983"
"20260412","BRL","USD","0.19974"
"20260413","BRL","USD","0.20014"
"20260414","BRL","USD","0.20048"
"20260415","BRL","USD","0.20026"
"20260416","BRL","USD","0.2003"
"20260417","BRL","USD","0.20087"
"20260419","BRL","USD","0.20085"
"20260420","BRL","USD","0.20139"
"20260421","BRL","USD","0.20186"
"20260422","BRL","USD","0.20148"
"20260423","BRL","USD","0.19925"
"20260424","BRL","USD","0.20077"
"20260426","BRL","USD","0.20081"
"20260427","BRL","USD","0.20067"
"20260428","BRL","USD","0.20103"
"20260429","BRL","USD","0.20014"
"20260430","BRL","USD","0.20182"
"20260501","BRL","USD","0.20177"
"20260503","BRL","USD","0.20168"
"20260504","BRL","USD","0.20146"
"20260505","BRL","USD","0.20365"
"20260506","BRL","USD","0.20311"
"20260507","BRL","USD","0.20309"
"20260508","BRL","USD","0.20434"
"20260510","BRL","USD","0.20426"
"20260511","BRL","USD","0.20445"
"20260512","BRL","USD","0.20436"
"20260513","BRL","USD","0.19957"
"20260514","BRL","USD","0.20075"
"20260515","BRL","USD","0.1978"
"20260517","BRL","USD","0.19778"
"20260518","BRL","USD","0.20035"
"20260519","BRL","USD","0.19809"
"20260520","BRL","USD","0.20003"
"20260521","BRL","USD","0.19982"
"20260522","BRL","USD","0.19854"
"20260524","BRL","USD","0.1984"
"20260525","BRL","USD","0.19933"
"20260526","BRL","USD","0.19864"
"20260527","BRL","USD","0.19767"
"20260528","BRL","USD","0.19842"
"20260529","BRL","USD","0.19856"
"20260531","BRL","USD","0.19854"
"20260601","BRL","USD","0.19892"
"20260602","BRL","USD","0.19979"
"20260603","BRL","USD","0.19743"
"20260604","BRL","USD","0.19745"
"20260605","BRL","USD","0.19349"
"20260607","BRL","USD","0.19335"
"20260608","BRL","USD","0.19252"
"20260609","BRL","USD","0.19332"
"20260610","BRL","USD","0.19284"
"20260611","BRL","USD","0.19626"
"20260612","BRL","USD","0.19766"
"20260614","BRL","USD","0.19747"
"20260615","BRL","USD","0.19759"
"20260616","BRL","USD","0.19651"
"20260617","BRL","USD","0.19566"
"20260618","BRL","USD","0.19355"
"20260619","BRL","USD","0.19412"
"20260621","BRL","USD","0.19414"
"20260622","BRL","USD","0.19446"
"20260623","BRL","USD","0.19303"
"20260624","BRL","USD","0.1925"
"20260625","BRL","USD","0.19315"
"20260626","BRL","USD","0.19338"
"20260628","BRL","USD","0.19336"
"20260629","BRL","USD","0.19324"
"20260630","BRL","USD","0.19373"
"20260701","BRL","USD","0.19204"
"20260702","BRL","USD","0.19223"
"20260703","BRL","USD","0.19347"
"20260705","BRL","USD","0.19348"
"20260706","BRL","USD","0.19507"
"20260707","BRL","USD","0.19384"
"20260708","BRL","USD","0.19415"
"20260709","BRL","USD","0.19545"
"20260710","BRL","USD","0.19571"
"20260712","BRL","USD","0.19574"
"20260713","BRL","USD","0.19466"
"20260714","BRL","USD","0.19715"
"20260715","BRL","USD","0.19691"
"20260716","BRL","USD","0.19603"
"20260717","BRL","USD","0.19561"
"20260719","BRL","USD","0.19562"
"20260720","BRL","USD","0.19643"
"20260721","BRL","USD","0.19711"
"20260722","BRL","USD","0.19784"
"20260723","BRL","USD","0.19669"
"20260724","BRL","USD","0.1967"
"20260726","BRL","USD","0.19657"
"20260727","BRL","USD","0.19544"
"20260728","BRL","USD","0.19526"
"20260729","BRL","USD","0.19538"
"20260730","BRL","USD","0.19767"
"20260731","BRL","USD","0.19709"
"20260802","BRL","USD","0.19701"
"20260803","BRL","USD","0.19656"
"20260804","BRL","USD","0.19499"
"20260805","BRL","USD","0.19527"
"20260806","BRL","USD","0.19569"
"20260807","BRL","USD","0.19682"
"20260809","BRL","USD","0.19664"
"20260810","BRL","USD","0.19569"
"20260811","BRL","USD","0.19373"
"20260812","BRL","USD","0.19314"
"20260813","BRL","USD","0.19276"
"20260814","BRL","USD","0.19145"
"20260816","BRL","USD","0.1918"
"20260817","BRL","USD","0.19225"
"20260818","BRL","USD","0.19162"
"20260819","BRL","USD","0.19321"
"20260820","BRL","USD","0.19239"
"20260821","BRL","USD","0.19457"
"20260823","BRL","USD","0.19463"
"20260824","BRL","USD","0.19407"
"20260825","BRL","USD","0.19423"
"20260826","BRL","USD","0.19417"
"20260827","BRL","USD","0.19374"
"20260828","BRL","USD","0.19255"
"20260830","BRL","USD","0.19284"
"20260831","BRL","USD","0.19283"
"20260901","BRL","USD","0.194"
"20260902","BRL","USD","0.19643"
"20260903","BRL","USD","0.19575"
"20260904","BRL","USD","0.19498"
"20260906","BRL","USD","0.1951"
"20260907","BRL","USD","0.19508"
"20260908","BRL","USD","0.19663"
"20260909","BRL","USD","0.19575"
"20260910","BRL","USD","0.19586"
"20260911","BRL","USD","0.19527"
"20260913","BRL","USD","0.19506"
"20260914","BRL","USD","0.19416"
"20260915","BRL","USD","0.1941"
"20260916","BRL","USD","0.19406"
"20260917","BRL","USD","0.19496"
"20260918","BRL","USD","0.19451"
"20260920","BRL","USD","0.19438"
"20260921","BRL","USD","0.19572"
"20260922","BRL","USD","0.19606"
"20260923","BRL","USD","0.19339"
"20250924","BHD","USD","2.6522"
"20250925","BHD","USD","2.6522"
"20250926","BHD","USD","2.6523"
"20250928","BHD","USD","2.6523"
"20250929","BHD","USD","2.652"
"20250930","BHD","USD","2.6515"
"20251001","BHD","USD","2.6523"
"20251002","BHD","USD","2.6525"
"20251003","BHD","USD","2.6526"
"20251005","BHD","USD","2.6526"
"20251006","BHD","USD","2.6527"
"20251007","BHD","USD","2.6527"
"20251008","BHD","USD","2.6524"
"20251009","BHD","USD","2.6523"
"20251010","BHD","USD","2.6523"
"20251012","BHD","USD","2.6523"
"20251013","BHD","USD","2.6524"
"20251014","BHD","USD","2.6526"
"20251015","BHD","USD","2.6527"
"20251016","BHD","USD","2.6527"
"20251017","BHD","USD","2.6527"
"20251019","BHD","USD","2.6527"
"20251020","BHD","USD","2.6526"
"20251021","BHD","USD","2.6527"
"20251022","BHD","USD","2.6527"
"20251023","BHD","USD","2.6527"
"20251024","BHD","USD","2.6527"
"20251026","BHD","USD","2.6527"
"20251027","BHD","USD","2.6527"
"20251028","BHD","USD","2.6527"
"20251029","BHD","USD","2.6527"
"20251030","BHD","USD","2.6527"
"20251031","BHD","USD","2.6527"
"20251102","BHD","USD","2.6527"
"20251103","BHD","USD","2.6525"
"20251104","BHD","USD","2.6525"
"20251105","BHD","USD","2.6526"
"20251106","BHD","USD","2.6525"
"20251107","BHD","USD","2.6525"
"20251109","BHD","USD","2.6524"
"20251110","BHD","USD","2.6526"
"20251111","BHD","USD","2.6523"
"20251112","BHD","USD","2.6523"
"20251113","BHD","USD","2.6523"
"20251114","BHD","USD","2.6523"
"20251116","BHD","USD","2.6523"
"20251117","BHD","USD","2.6523"
"20251118","BHD","USD","2.6524"
"20251119","BHD","USD","2.6524"
"20251120","BHD","USD","2.6525"
"20251121","BHD","USD","2.6525"
"20251123","BHD","USD","2.6525"
"20251124","BHD","USD","2.6525"
"20251125","BHD","USD","2.6524"
"20251126","BHD","USD","2.6526"
"20251127","BHD","USD","2.6526"
"20251128","BHD","USD","2.6526"
"20251130","BHD","USD","2.6526"
"20251201","BHD","USD","2.6526"
"20251202","BHD","USD","2.6526"
"20251203","BHD","USD","2.6524"
"20251204","BHD","USD","2.6527"
"20251205","BHD","USD","2.6527"
"20251207","BHD","USD","2.6525"
"20251208","BHD","USD","2.6527"
"20251209","BHD","USD","2.6529"
"20251210","BHD","USD","2.6527"
"20251211","BHD","USD","2.6527"
"20251212","BHD","USD","2.6527"
"20251214","BHD","USD","2.6527"
"20251215","BHD","USD","2.6525"
"20251216","BHD","USD","2.6525"
"20251217","BHD","USD","2.6524"
"20251218","BHD","USD","2.6523"
"20251219","BHD","USD","2.6523"
"20251221","BHD","USD","2.6523"
"20251222","BHD","USD","2.6523"
"20251223","BHD","USD","2.6521"
"20251224","BHD","USD","2.6511"
"20251225","BHD","USD","2.6511"
"20251226","BHD","USD","2.6511"
"20251228","BHD","USD","2.6518"
"20251229","BHD","USD","2.6522"
"20251230","BHD","USD","2.6525"
"20251231","BHD","USD","2.6527"
"20260101","BHD","USD","2.6527"
"20260102","BHD","USD","2.6526"
"20260104","BHD","USD","2.6526"
"20260105","BHD","USD","2.6527"
"20260106","BHD","USD","2.6527"
"20260107","BHD","USD","2.6528"
"20260108","BHD","USD","2.6528"
"20260109","BHD","USD","2.6525"
"20260111","BHD","USD","2.6527"
"20260112","BHD","USD","2.6523"
"20260113","BHD","USD","2.6523"
"20260114","BHD","USD","2.6527"
"20260115","BHD","USD","2.6525"
"20260116","BHD","USD","2.6525"
"20260118","BHD","USD","2.6525"
"20260119","BHD","USD","2.6525"
"20260120","BHD","USD","2.6523"
"20260121","BHD","USD","2.6523"
"20260122","BHD","USD","2.6523"
"20260123","BHD","USD","2.6523"
"20260125","BHD","USD","2.6523"
"20260126","BHD","USD","2.6523"
"20260127","BHD","USD","2.6523"
"20260128","BHD","USD","2.6525"
"20260129","BHD","USD","2.6525"
"20260130","BHD","USD","2.6524"
"20260201","BHD","USD","2.6524"
"20260202","BHD","USD","2.6526"
"20260203","BHD","USD","2.6526"
"20260204","BHD","USD","2.6526"
"20260205","BHD","USD","2.6526"
"20260206","BHD","USD","2.6524"
"20260208","BHD","USD","2.6524"
"20260209","BHD","USD","2.6525"
"20260210","BHD","USD","2.6526"
"20260211","BHD","USD","2.6524"
"20260212","BHD","USD","2.6524"
"20260213","BHD","USD","2.6524"
"20260215","BHD","USD","2.6524"
"20260216","BHD","USD","2.6527"
"20260217","BHD","USD","2.6527"
"20260218","BHD","USD","2.6525"
"20260219","BHD","USD","2.6521"
"20260220","BHD","USD","2.6522"
"20260222","BHD","USD","2.6522"
"20260223","BHD","USD","2.6522"
"20260224","BHD","USD","2.6522"
"20260225","BHD","USD","2.6522"
"20260226","BHD","USD","2.6522"
"20260227","BHD","USD","2.6522"
"20260301","BHD","USD","2.649"
"20260302","BHD","USD","2.6497"
"20260303","BHD","USD","2.6508"
"20260304","BHD","USD","2.6516"
"20260305","BHD","USD","2.6504"
"20260306","BHD","USD","2.6501"
"20260308","BHD","USD","2.6501"
"20260309","BHD","USD","2.649"
"20260310","BHD","USD","2.6487"
"20260311","BHD","USD","2.6487"
"20260312","BHD","USD","2.6483"
"20260313","BHD","USD","2.6487"
"20260315","BHD","USD","2.6487"
"20260316","BHD","USD","2.649"
"20260317","BHD","USD","2.6487"
"20260318","BHD","USD","2.6487"
"20260319","BHD","USD","2.6487"
"20260320","BHD","USD","2.6487"
"20260322","BHD","USD","2.6487"
"20260323","BHD","USD","2.6487"
"20260324","BHD","USD","2.6487"
"20260325","BHD","USD","2.6487"
"20260326","BHD","USD","2.6446"
"20260327","BHD","USD","2.6411"
"20260329","BHD","USD","2.6487"
"20260330","BHD","USD","2.6487"
"20260331","BHD","USD","2.6487"
"20260401","BHD","USD","2.6487"
"20260402","BHD","USD","2.6487"
"20260403","BHD","USD","2.6497"
"20260405","BHD","USD","2.6487"
"20260406","BHD","USD","2.6487"
"20260407","BHD","USD","2.6487"
"20260408","BHD","USD","2.649"
"20260409","BHD","USD","2.6508"
"20260410","BHD","USD","2.6515"
"20260412","BHD","USD","2.6515"
"20260413","BHD","USD","2.6501"
"20260414","BHD","USD","2.6515"
"20260415","BHD","USD","2.6511"
"20260416","BHD","USD","2.652"
"20260417","BHD","USD","2.6522"
"20260419","BHD","USD","2.6522"
"20260420","BHD","USD","2.6497"
"20260421","BHD","USD","2.6515"
"20260422","BHD","USD","2.6515"
"20260423","BHD","USD","2.6478"
"20260424","BHD","USD","2.6485"
"20260426","BHD","USD","2.6485"
"20260427","BHD","USD","2.6504"
"20260428","BHD","USD","2.6508"
"20260429","BHD","USD","2.6487"
"20260430","BHD","USD","2.6481"
"20260501","BHD","USD","2.6481"
"20260503","BHD","USD","2.6525"
"20260504","BHD","USD","2.6487"
"20260505","BHD","USD","2.6487"
"20260506","BHD","USD","2.6494"
"20260507","BHD","USD","2.6494"
"20260508","BHD","USD","2.6501"
"20260510","BHD","USD","2.6501"
"20260511","BHD","USD","2.6508"
"20260512","BHD","USD","2.6509"
"20260513","BHD","USD","2.6515"
"20260514","BHD","USD","2.6515"
"20260515","BHD","USD","2.6515"
"20260517","BHD","USD","2.6515"
"20260518","BHD","USD","2.6515"
"20260519","BHD","USD","2.6518"
"20260520","BHD","USD","2.6516"
"20260521","BHD","USD","2.6518"
"20260522","BHD","USD","2.6518"
"20260524","BHD","USD","2.6522"
"20260525","BHD","USD","2.6525"
"20260526","BHD","USD","2.6525"
"20260527","BHD","USD","2.6525"
"20260528","BHD","USD","2.6523"
"20260529","BHD","USD","2.6523"
"20260531","BHD","USD","2.6523"
"20260601","BHD","USD","2.6527"
"20260602","BHD","USD","2.6525"
"20260603","BHD","USD","2.6518"
"20260604","BHD","USD","2.652"
"20260605","BHD","USD","2.6518"
"20260607","BHD","USD","2.6518"
"20260608","BHD","USD","2.6518"
"20260609","BHD","USD","2.652"
"20260610","BHD","USD","2.652"
"20260611","BHD","USD","2.652"
"20260612","BHD","USD","2.6522"
"20260614","BHD","USD","2.6522"
"20260615","BHD","USD","2.6522"
"20260616","BHD","USD","2.6522"
"20260617","BHD","USD","2.6525"
"20260618","BHD","USD","2.6525"
"20260619","BHD","USD","2.6525"
"20260621","BHD","USD","2.6525"
"20260622","BHD","USD","2.6526"
"20260623","BHD","USD","2.6525"
"20260624","BHD","USD","2.6523"
"20260625","BHD","USD","2.6525"
"20260626","BHD","USD","2.6525"
"20260628","BHD","USD","2.6525"
"20260629","BHD","USD","2.6526"
"20260630","BHD","USD","2.6525"
"20260701","BHD","USD","2.6526"
"20260702","BHD","USD","2.6526"
"20260703","BHD","USD","2.6526"
"20260705","BHD","USD","2.6526"
"20260706","BHD","USD","2.6526"
"20260707","BHD","USD","2.6525"
"20260708","BHD","USD","2.6522"
"20260709","BHD","USD","2.6523"
"20260710","BHD","USD","2.6523"
"20260712","BHD","USD","2.6523"
"20260713","BHD","USD","2.6522"
"20260714","BHD","USD","2.652"
"20260715","BHD","USD","2.6522"
"20260716","BHD","USD","2.6525"
"20260717","BHD","USD","2.6518"
"20260719","BHD","USD","2.6525"
"20260720","BHD","USD","2.6518"
"20260721","BHD","USD","2.6522"
"20260722","BHD","USD","2.6517"
"20260723","BHD","USD","2.6522"
"20260724","BHD","USD","2.6522"
"20260726","BHD","USD","2.6522"
"20260727","BHD","USD","2.6522"
"20260728","BHD","USD","2.6519"
"20260729","BHD","USD","2.6522"
"20260730","BHD","USD","2.6522"
"20260731","BHD","USD","2.6522"
"20260802","BHD","USD","2.6522"
"20260803","BHD","USD","2.6522"
"20260804","BHD","USD","2.6522"
"20260805","BHD","USD","2.6522"
"20260806","BHD","USD","2.6522"
"20260807","BHD","USD","2.6522"
"20260809","BHD","USD","2.6522"
"20260810","BHD","USD","2.6522"
"20260811","BHD","USD","2.6522"
"20260812","BHD","USD","2.6523"
"20260813","BHD","USD","2.6524"
"20260814","BHD","USD","2.6524"
"20260816","BHD","USD","2.6524"
"20260817","BHD","USD","2.6524"
"20260818","BHD","USD","2.6525"
"20260819","BHD","USD","2.6524"
"20260820","BHD","USD","2.6525"
"20260821","BHD","USD","2.6524"
"20260823","BHD","USD","2.6524"
"20260824","BHD","USD","2.6523"
"20260825","BHD","USD","2.6523"
"20260826","BHD","USD","2.6525"
"20260827","BHD","USD","2.6525"
"20260828","BHD","USD","2.6525"
"20260830","BHD","USD","2.6525"
"20260831","BHD","USD","2.6523"
"20260901","BHD","USD","2.6525"
"20260902","BHD","USD","2.6523"
"20260903","BHD","USD","2.6523"
"20260904","BHD","USD","2.6523"
"20260906","BHD","USD","2.6523"
"20260907","BHD","USD","2.6522"
"20260908","BHD","USD","2.6523"
"20260909","BHD","USD","2.6523"
"20260910","BHD","USD","2.6523"
"20260911","BHD","USD","2.6523"
"20260913","BHD","USD","2.6523"
"20260914","BHD","USD","2.6526"
"20260915","BHD","USD","2.6526"
"20260916","BHD","USD","2.6526"
"20260917","BHD","USD","2.6526"
"20260918","BHD","USD","2.6526"
"20260920","BHD","USD","2.6526"
"20260921","BHD","USD","2.6529"
"20260922","BHD","USD","2.6527"
"20260923","BHD","USD","2.6524"
