"ClientAccountID","AccountAlias","CurrencyPrimary","AccountType","DateOpened","DateFunded"
"U14404500","","USD","Individual","20240307","20240311"
"ClientAccountID","AccountAlias","Model","CurrencyPrimary","ReportDate","Cash","CashLong","CashShort","BrokerCashComponent","BrokerCashComponentLong","BrokerCashComponentShort","FDICInsuredBankSweepAccountCashComponent","FDICInsuredBankSweepAccountCashComponentLong","FDICInsuredBankSweepAccountCashComponentShort","InsuredBankDepositRedemptionCashComponent","InsuredBankDepositRedemptionCashComponentLong","InsuredBankDepositRedemptionCashComponentShort","SLBCashCollateral","SLBCashCollateralLong","SLBCashCollateralShort","Stock","StockLong","StockShort","IPOSubscription","IPOSubscriptionLong","IPOSubscriptionShort","SLBDirectSecuritiesBorrowed","SLBDirectSecuritiesBorrowedLong","SLBDirectSecuritiesBorrowedShort","SLBDirectSecuritiesLent","SLBDirectSecuritiesLentLong","SLBDirectSecuritiesLentShort","Options","OptionsLong","OptionsShort","Bonds","BondsLong","BondsShort","Commodities","CommoditiesLong","CommoditiesShort","Notes","NotesLong","NotesShort","Funds","FundsLong","FundsShort","DividendAccruals","DividendAccrualsLong","DividendAccrualsShort","LiteSurchargeAccruals","LiteSurchargeAccrualsLong","LiteSurchargeAccrualsShort","CGTWithholdingAccruals","CGTWithholdingAccrualsLong","CGTWithholdingAccrualsShort","InterestAccruals","InterestAccrualsLong","InterestAccrualsShort","IncentiveCouponAccruals","IncentiveCouponAccrualsLong","IncentiveCouponAccrualsShort","BrokerInterestAccrualsComponent","BrokerInterestAccrualsComponentLong","BrokerInterestAccrualsComponentShort","FDICInsuredAccountInterestAccrualsComponent","FDICInsuredAccountInterestAccrualsComponentLong","FDICInsuredAccountInterestAccrualsComponentShort","BondInterestAccrualsComponent","BondInterestAccrualsComponentLong","BondInterestAccrualsComponentShort","BrokerFeesAccrualsComponent","BrokerFeesAccrualsComponentLong","BrokerFeesAccrualsComponentShort","EventContractInterestAccruals","EventContractInterestAccrualsLong","EventContractInterestAccrualsShort","MarginFinancingChargeAccruals","MarginFinancingChargeAccrualsLong","MarginFinancingChargeAccrualsShort","SoftDollars","SoftDollarsLong","SoftDollarsShort","ForexCfdUnrealizedPl","ForexCfdUnrealizedPlLong","ForexCfdUnrealizedPlShort","CfdUnrealizedPl","CfdUnrealizedPlLong","CfdUnrealizedPlShort","PhysicalDelivery","PhysicalDeliveryLong","PhysicalDeliveryShort","Crypto","CryptoLong","CryptoShort","Total","TotalLong","TotalShort"
"U14404500","","","USD","20240308","0","0","0","0","0","0","0","0","0","0","0","0","0","0","0","0","0","0","0","0","0","0","0","0","0","0","0","0","0","0","0","0","0","0","0","0","0","0","0","0","0","0","0","0","0","0","0","0","0","0","0","0","0","0","0","0","0","0","0","0","0","0","0","0","0","0","0","0","0","0","0","0","0","0","0","0","0","0","0","0","0","0","0","0","0","0","0","0","0","0","0","0","0"
"U14404500","","","USD","20240311","0.02153622","0.02153622","0","0","0","0","0","0","0","0","0","0","0","0","0","99.17","99.17","0","0","0","0","0","0","0","0","0","0","0","0","0","0","0","0","0","0","0","0","0","0","0","0","0","0","0","0","0","0","0","0","0","0","0","0","0","0","0","0","0","0","0","0","0","0","0","0","0","0","0","0","0","0","0","0","0","0","0","0","0","0","0","0","0","0","0","0","0","0","0","0","0","99.19153622","99.19153622","0"
"U14404500","","","USD","20240312","0.02153622","0.02153622","0","0","0","0","0","0","0","0","0","0","0","0","0","100.23","100.23","0","0","0","0","0","0","0","0","0","0","0","0","0","0","0","0","0","0","0","0","0","0","0","0","0","0","0","0","0","0","0","0","0","0","0","0","0","0","0","0","0","0","0","0","0","0","0","0","0","0","0","0","0","0","0","0","0","0","0","0","0","0","0","0","0","0","0","0","0","0","0","0","0","100.25153622","100.25153622","0"
"U14404500","","","USD","20240313","0.02153622","0.02153622","0","0","0","0","0","0","0","0","0","0","0","0","0","100.08","100.08","0","0","0","0","0","0","0","0","0","0","0","0","0","0","0","0","0","0","0","0","0","0","0","0","0","0","0","0","0","0","0","0","0","0","0","0","0","0","0","0","0","0","0","0","0","0","0","0","0","0","0","0","0","0","0","0","0","0","0","0","0","0","0","0","0","0","0","0","0","0","0","0","0","100.10153622","100.10153622","0"
"U14404500","","","USD","20240314","0.02153622","0.02153622","0","0","0","0","0","0","0","0","0","0","0","0","0","99.86","99.86","0","0","0","0","0","0","0","0","0","0","0","0","0","0","0","0","0","0","0","0","0","0","0","0","0","0","0","0","0","0","0","0","0","0","0","0","0","0","0","0","0","0","0","0","0","0","0","0","0","0","0","0","0","0","0","0","0","0","0","0","0","0","0","0","0","0","0","0","0","0","0","0","0","99.88153622","99.88153622","0"
"U14404500","","","USD","20240315","0.02153622","0.02153622","0","0","0","0","0","0","0","0","0","0","0","0","0","99.17","99.17","0","0","0","0","0","0","0","0","0","0","0","0","0","0","0","0","0","0","0","0","0","0","0","0","0","0","0","0","0","0","0","0","0","0","0","0","0","0","0","0","0","0","0","0","0","0","0","0","0","0","0","0","0","0","0","0","0","0","0","0","0","0","0","0","0","0","0","0","0","0","0","0","0","99.19153622","99.19153622","0"
"U14404500","","","USD","20240318","0.02153622","0.02153622","0","0","0","0","0","0","0","0","0","0","0","0","0","99.79","99.79","0","0","0","0","0","0","0","0","0","0","0","0","0","0","0","0","0","0","0","0","0","0","0","0","0","0","0","0","0","0","0","0","0","0","0","0","0","0","0","0","0","0","0","0","0","0","0","0","0","0","0","0","0","0","0","0","0","0","0","0","0","0","0","0","0","0","0","0","0","0","0","0","0","99.81153622","99.81153622","0"
"U14404500","","","USD","20240319","100.02153622","100.02153622","0","0","0","0","0","0","0","0","0","0","0","0","0","100.35","100.35","0","0","0","0","0","0","0","0","0","0","0","0","0","0","0","0","0","0","0","0","0","0","0","0","0","0","0","0","0","0","0","0","0","0","0","0","0","0","0","0","0","0","0","0","0","0","0","0","0","0","0","0","0","0","0","0","0","0","0","0","0","0","0","0","0","0","0","0","0","0","0","0","0","200.37153622","200.37153622","0"
"U14404500","","","USD","20240320","0.03243613","0.03243613","0","0","0","0","0","0","0","0","0","0","0","0","0","201.11","201.11","0","0","0","0","0","0","0","0","0","0","0","0","0","0","0","0","0","0","0","0","0","0","0","0","0","0","0","0","0","0","0","0","0","0","0","0","0","0","0","0","0","0","0","0","0","0","0","0","0","0","0","0","0","0","0","0","0","0","0","0","0","0","0","0","0","0","0","0","0","0","0","0","0","201.14243613","201.14243613","0"
"U14404500","","","USD","20240321","0.03243613","0.03243613","0","0","0","0","0","0","0","0","0","0","0","0","0","201.78","201.78","0","0","0","0","0","0","0","0","0","0","0","0","0","0","0","0","0","0","0","0","0","0","0","0","0","0","0","0","0","0","0","0","0","0","0","0","0","0","0","0","0","0","0","0","0","0","0","0","0","0","0","0","0","0","0","0","0","0","0","0","0","0","0","0","0","0","0","0","0","0","0","0","0","201.81243613","201.81243613","0"
"U14404500","","","USD","20240322","0.03243613","0.03243613","0","0","0","0","0","0","0","0","0","0","0","0","0","200.87","200.87","0","0","0","0","0","0","0","0","0","0","0","0","0","0","0","0","0","0","0","0","0","0","0","0","0","0","0","0","0","0","0","0","0","0","0","0","0","0","0","0","0","0","0","0","0","0","0","0","0","0","0","0","0","0","0","0","0","0","0","0","0","0","0","0","0","0","0","0","0","0","0","0","0","200.90243613","200.90243613","0"
"U14404500","","","USD","20240325","0.03243613","0.03243613","0","0","0","0","0","0","0","0","0","0","0","0","0","200.35","200.35","0","0","0","0","0","0","0","0","0","0","0","0","0","0","0","0","0","0","0","0","0","0","0","0","0","0","0","0","0","0","0","0","0","0","0","0","0","0","0","0","0","0","0","0","0","0","0","0","0","0","0","0","0","0","0","0","0","0","0","0","0","0","0","0","0","0","0","0","0","0","0","0","0","200.38243613","200.38243613","0"
"U14404500","","","USD","20240326","0.03243613","0.03243613","0","0","0","0","0","0","0","0","0","0","0","0","0","199.79","199.79","0","0","0","0","0","0","0","0","0","0","0","0","0","0","0","0","0","0","0","0","0","0","0","0","0","0","0","0","0","0","0","0","0","0","0","0","0","0","0","0","0","0","0","0","0","0","0","0","0","0","0","0","0","0","0","0","0","0","0","0","0","0","0","0","0","0","0","0","0","0","0","0","0","199.82243613","199.82243613","0"
"U14404500","","","USD","20240327","0.03243613","0.03243613","0","0","0","0","0","0","0","0","0","0","0","0","0","201.53","201.53","0","0","0","0","0","0","0","0","0","0","0","0","0","0","0","0","0","0","0","0","0","0","0","0","0","0","0","0","0","0","0","0","0","0","0","0","0","0","0","0","0","0","0","0","0","0","0","0","0","0","0","0","0","0","0","0","0","0","0","0","0","0","0","0","0","0","0","0","0","0","0","0","0","201.56243613","201.56243613","0"
"U14404500","","","USD","20240328","0.03243613","0.03243613","0","0","0","0","0","0","0","0","0","0","0","0","0","201.51","201.51","0","0","0","0","0","0","0","0","0","0","0","0","0","0","0","0","0","0","0","0","0","0","0","0","0","0","0","0","0","0","0","0","0","0","0","0","0","0","0","0","0","0","0","0","0","0","0","0","0","0","0","0","0","0","0","0","0","0","0","0","0","0","0","0","0","0","0","0","0","0","0","0","0","201.54243613","201.54243613","0"
"U14404500","","","USD","20240329","0.03243613","0.03243613","0","0","0","0","0","0","0","0","0","0","0","0","0","201.51","201.51","0","0","0","0","0","0","0","0","0","0","0","0","0","0","0","0","0","0","0","0","0","0","0","0","0","0","0","0","0","0","0","0","0","0","0","0","0","0","0","0","0","0","0","0","0","0","0","0","0","0","0","0","0","0","0","0","0","0","0","0","0","0","0","0","0","0","0","0","0","0","0","0","0","201.54243613","201.54243613","0"
"U14404500","","","USD","20240401","0.03243613","0.03243613","0","0","0","0","0","0","0","0","0","0","0","0","0","201.25","201.25","0","0","0","0","0","0","0","0","0","0","0","0","0","0","0","0","0","0","0","0","0","0","0","0","0","0","0","0","0","0","0","0","0","0","0","0","0","0","0","0","0","0","0","0","0","0","0","0","0","0","0","0","0","0","0","0","0","0","0","0","0","0","0","0","0","0","0","0","0","0","0","0","0","201.28243613","201.28243613","0"
"U14404500","","","USD","20240402","0.03243613","0.03243613","0","0","0","0","0","0","0","0","0","0","0","0","0","199.93","199.93","0","0","0","0","0","0","0","0","0","0","0","0","0","0","0","0","0","0","0","0","0","0","0","0","0","0","0","0","0","0","0","0","0","0","0","0","0","0","0","0","0","0","0","0","0","0","0","0","0","0","0","0","0","0","0","0","0","0","0","0","0","0","0","0","0","0","0","0","0","0","0","0","0","199.96243613","199.96243613","0"
"U14404500","","","USD","20240403","0.03243613","0.03243613","0","0","0","0","0","0","0","0","0","0","0","0","0","200.11","200.11","0","0","0","0","0","0","0","0","0","0","0","0","0","0","0","0","0","0","0","0","0","0","0","0","0","0","0","0","0","0","0","0","0","0","0","0","0","0","0","0","0","0","0","0","0","0","0","0","0","0","0","0","0","0","0","0","0","0","0","0","0","0","0","0","0","0","0","0","0","0","0","0","0","200.14243613","200.14243613","0"
"U14404500","","","USD","20240404","0.03243613","0.03243613","0","0","0","0","0","0","0","0","0","0","0","0","0","197.64","197.64","0","0","0","0","0","0","0","0","0","0","0","0","0","0","0","0","0","0","0","0","0","0","0","0","0","0","0","0","0","0","0","0","0","0","0","0","0","0","0","0","0","0","0","0","0","0","0","0","0","0","0","0","0","0","0","0","0","0","0","0","0","0","0","0","0","0","0","0","0","0","0","0","0","197.67243613","197.67243613","0"
"U14404500","","","USD","20240405","0.03243613","0.03243613","0","0","0","0","0","0","0","0","0","0","0","0","0","199.74","199.74","0","0","0","0","0","0","0","0","0","0","0","0","0","0","0","0","0","0","0","0","0","0","0","0","0","0","0","0","0","0","0","0","0","0","0","0","0","0","0","0","0","0","0","0","0","0","0","0","0","0","0","0","0","0","0","0","0","0","0","0","0","0","0","0","0","0","0","0","0","0","0","0","0","199.77243613","199.77243613","0"
"U14404500","","","USD","20240408","0.48243613","0.48243613","0","0","0","0","0","0","0","0","0","0","0","0","0","199.82","199.82","0","0","0","0","0","0","0","0","0","0","0","0","0","0","0","0","0","0","0","0","0","0","0","0","0","0","0","0","0","0","0","0","0","0","0","0","0","0","0","0","0","0","0","0","0","0","0","0","0","0","0","0","0","0","0","0","0","0","0","0","0","0","0","0","0","0","0","0","0","0","0","0","0","200.30243613","200.30243613","0"
"U14404500","","","USD","20240409","0.48243613","0.48243613","0","0","0","0","0","0","0","0","0","0","0","0","0","200.07","200.07","0","0","0","0","0","0","0","0","0","0","0","0","0","0","0","0","0","0","0","0","0","0","0","0","0","0","0","0","0","0","0","0","0","0","0","0","0","0","0","0","0","0","0","0","0","0","0","0","0","0","0","0","0","0","0","0","0","0","0","0","0","0","0","0","0","0","0","0","0","0","0","0","0","200.55243613","200.55243613","0"
"U14404500","","","USD","20240410","0.48243613","0.48243613","0","0","0","0","0","0","0","0","0","0","0","0","0","198.13","198.13","0","0","0","0","0","0","0","0","0","0","0","0","0","0","0","0","0","0","0","0","0","0","0","0","0","0","0","0","0","0","0","0","0","0","0","0","0","0","0","0","0","0","0","0","0","0","0","0","0","0","0","0","0","0","0","0","0","0","0","0","0","0","0","0","0","0","0","0","0","0","0","0","0","198.61243613","198.61243613","0"
"U14404500","","","USD","20240411","0.48243613","0.48243613","0","0","0","0","0","0","0","0","0","0","0","0","0","199.56","199.56","0","0","0","0","0","0","0","0","0","0","0","0","0","0","0","0","0","0","0","0","0","0","0","0","0","0","0","0","0","0","0","0","0","0","0","0","0","0","0","0","0","0","0","0","0","0","0","0","0","0","0","0","0","0","0","0","0","0","0","0","0","0","0","0","0","0","0","0","0","0","0","0","0","200.04243613","200.04243613","0"
"U14404500","","","USD","20240412","0.48243613","0.48243613","0","0","0","0","0","0","0","0","0","0","0","0","0","196.84","196.84","0","0","0","0","0","0","0","0","0","0","0","0","0","0","0","0","0","0","0","0","0","0","0","0","0","0","0","0","0","0","0","0","0","0","0","0","0","0","0","0","0","0","0","0","0","0","0","0","0","0","0","0","0","0","0","0","0","0","0","0","0","0","0","0","0","0","0","0","0","0","0","0","0","197.32243613","197.32243613","0"
"U14404500","","","USD","20240415","0.48243613","0.48243613","0","0","0","0","0","0","0","0","0","0","0","0","0","194.35","194.35","0","0","0","0","0","0","0","0","0","0","0","0","0","0","0","0","0","0","0","0","0","0","0","0","0","0","0","0","0","0","0","0","0","0","0","0","0","0","0","0","0","0","0","0","0","0","0","0","0","0","0","0","0","0","0","0","0","0","0","0","0","0","0","0","0","0","0","0","0","0","0","0","0","194.83243613","194.83243613","0"
"U14404500","","","USD","20240416","0.48243613","0.48243613","0","0","0","0","0","0","0","0","0","0","0","0","0","194","194","0","0","0","0","0","0","0","0","0","0","0","0","0","0","0","0","0","0","0","0","0","0","0","0","0","0","0","0","0","0","0","0","0","0","0","0","0","0","0","0","0","0","0","0","0","0","0","0","0","0","0","0","0","0","0","0","0","0","0","0","0","0","0","0","0","0","0","0","0","0","0","0","0","194.48243613","194.48243613","0"
"U14404500","","","USD","20240417","0.48243613","0.48243613","0","0","0","0","0","0","0","0","0","0","0","0","0","192.83","192.83","0","0","0","0","0","0","0","0","0","0","0","0","0","0","0","0","0","0","0","0","0","0","0","0","0","0","0","0","0","0","0","0","0","0","0","0","0","0","0","0","0","0","0","0","0","0","0","0","0","0","0","0","0","0","0","0","0","0","0","0","0","0","0","0","0","0","0","0","0","0","0","0","0","193.31243613","193.31243613","0"
"U14404500","","","USD","20240418","0.48243613","0.48243613","0","0","0","0","0","0","0","0","0","0","0","0","0","192.39","192.39","0","0","0","0","0","0","0","0","0","0","0","0","0","0","0","0","0","0","0","0","0","0","0","0","0","0","0","0","0","0","0","0","0","0","0","0","0","0","0","0","0","0","0","0","0","0","0","0","0","0","0","0","0","0","0","0","0","0","0","0","0","0","0","0","0","0","0","0","0","0","0","0","0","192.87243613","192.87243613","0"
"U14404500","","","USD","20240419","0.48243613","0.48243613","0","0","0","0","0","0","0","0","0","0","0","0","0","190.78","190.78","0","0","0","0","0","0","0","0","0","0","0","0","0","0","0","0","0","0","0","0","0","0","0","0","0","0","0","0","0","0","0","0","0","0","0","0","0","0","0","0","0","0","0","0","0","0","0","0","0","0","0","0","0","0","0","0","0","0","0","0","0","0","0","0","0","0","0","0","0","0","0","0","0","191.26243613","191.26243613","0"
"U14404500","","","USD","20240422","0.48243613","0.48243613","0","0","0","0","0","0","0","0","0","0","0","0","0","192.43","192.43","0","0","0","0","0","0","0","0","0","0","0","0","0","0","0","0","0","0","0","0","0","0","0","0","0","0","0","0","0","0","0","0","0","0","0","0","0","0","0","0","0","0","0","0","0","0","0","0","0","0","0","0","0","0","0","0","0","0","0","0","0","0","0","0","0","0","0","0","0","0","0","0","0","192.91243613","192.91243613","0"
"U14404500","","","USD","20240423","0.48243613","0.48243613","0","0","0","0","0","0","0","0","0","0","0","0","0","194.86","194.86","0","0","0","0","0","0","0","0","0","0","0","0","0","0","0","0","0","0","0","0","0","0","0","0","0","0","0","0","0","0","0","0","0","0","0","0","0","0","0","0","0","0","0","0","0","0","0","0","0","0","0","0","0","0","0","0","0","0","0","0","0","0","0","0","0","0","0","0","0","0","0","0","0","195.34243613","195.34243613","0"
"U14404500","","","USD","20240424","0.48243613","0.48243613","0","0","0","0","0","0","0","0","0","0","0","0","0","194.72","194.72","0","0","0","0","0","0","0","0","0","0","0","0","0","0","0","0","0","0","0","0","0","0","0","0","0","0","0","0","0","0","0","0","0","0","0","0","0","0","0","0","0","0","0","0","0","0","0","0","0","0","0","0","0","0","0","0","0","0","0","0","0","0","0","0","0","0","0","0","0","0","0","0","0","195.20243613","195.20243613","0"
"U14404500","","","USD","20240425","0.48243613","0.48243613","0","0","0","0","0","0","0","0","0","0","0","0","0","193.91","193.91","0","0","0","0","0","0","0","0","0","0","0","0","0","0","0","0","0","0","0","0","0","0","0","0","0","0","0","0","0","0","0","0","0","0","0","0","0","0","0","0","0","0","0","0","0","0","0","0","0","0","0","0","0","0","0","0","0","0","0","0","0","0","0","0","0","0","0","0","0","0","0","0","0","194.39243613","194.39243613","0"
"U14404500","","","USD","20240426","0.48243613","0.48243613","0","0","0","0","0","0","0","0","0","0","0","0","0","195.85","195.85","0","0","0","0","0","0","0","0","0","0","0","0","0","0","0","0","0","0","0","0","0","0","0","0","0","0","0","0","0","0","0","0","0","0","0","0","0","0","0","0","0","0","0","0","0","0","0","0","0","0","0","0","0","0","0","0","0","0","0","0","0","0","0","0","0","0","0","0","0","0","0","0","0","196.33243613","196.33243613","0"
"U14404500","","","USD","20240429","0.48243613","0.48243613","0","0","0","0","0","0","0","0","0","0","0","0","0","196.54","196.54","0","0","0","0","0","0","0","0","0","0","0","0","0","0","0","0","0","0","0","0","0","0","0","0","0","0","0","0","0","0","0","0","0","0","0","0","0","0","0","0","0","0","0","0","0","0","0","0","0","0","0","0","0","0","0","0","0","0","0","0","0","0","0","0","0","0","0","0","0","0","0","0","0","197.02243613","197.02243613","0"
"U14404500","","","USD","20240430","0.48243613","0.48243613","0","0","0","0","0","0","0","0","0","0","0","0","0","193.43","193.43","0","0","0","0","0","0","0","0","0","0","0","0","0","0","0","0","0","0","0","0","0","0","0","0","0","0","0","0","0","0","0","0","0","0","0","0","0","0","0","0","0","0","0","0","0","0","0","0","0","0","0","0","0","0","0","0","0","0","0","0","0","0","0","0","0","0","0","0","0","0","0","0","0","193.91243613","193.91243613","0"
"U14404500","","","USD","20240501","0.48243613","0.48243613","0","0","0","0","0","0","0","0","0","0","0","0","0","192.8","192.8","0","0","0","0","0","0","0","0","0","0","0","0","0","0","0","0","0","0","0","0","0","0","0","0","0","0","0","0","0","0","0","0","0","0","0","0","0","0","0","0","0","0","0","0","0","0","0","0","0","0","0","0","0","0","0","0","0","0","0","0","0","0","0","0","0","0","0","0","0","0","0","0","0","193.28243613","193.28243613","0"
"U14404500","","","USD","20240502","0.48243613","0.48243613","0","0","0","0","0","0","0","0","0","0","0","0","0","194.6","194.6","0","0","0","0","0","0","0","0","0","0","0","0","0","0","0","0","0","0","0","0","0","0","0","0","0","0","0","0","0","0","0","0","0","0","0","0","0","0","0","0","0","0","0","0","0","0","0","0","0","0","0","0","0","0","0","0","0","0","0","0","0","0","0","0","0","0","0","0","0","0","0","0","0","195.08243613","195.08243613","0"
"U14404500","","","USD","20240503","0.48243613","0.48243613","0","0","0","0","0","0","0","0","0","0","0","0","0","197.02","197.02","0","0","0","0","0","0","0","0","0","0","0","0","0","0","0","0","0","0","0","0","0","0","0","0","0","0","0","0","0","0","0","0","0","0","0","0","0","0","0","0","0","0","0","0","0","0","0","0","0","0","0","0","0","0","0","0","0","0","0","0","0","0","0","0","0","0","0","0","0","0","0","0","0","197.50243613","197.50243613","0"
"U14404500","","","USD","20240506","0.48243613","0.48243613","0","0","0","0","0","0","0","0","0","0","0","0","0","199","199","0","0","0","0","0","0","0","0","0","0","0","0","0","0","0","0","0","0","0","0","0","0","0","0","0","0","0","0","0","0","0","0","0","0","0","0","0","0","0","0","0","0","0","0","0","0","0","0","0","0","0","0","0","0","0","0","0","0","0","0","0","0","0","0","0","0","0","0","0","0","0","0","0","199.48243613","199.48243613","0"
"U14404500","","","USD","20240507","0.58243613","0.58243613","0","0","0","0","0","0","0","0","0","0","0","0","0","199.29","199.29","0","0","0","0","0","0","0","0","0","0","0","0","0","0","0","0","0","0","0","0","0","0","0","0","0","0","0","0","0","0","0","0","0","0","0","0","0","0","0","0","0","0","0","0","0","0","0","0","0","0","0","0","0","0","0","0","0","0","0","0","0","0","0","0","0","0","0","0","0","0","0","0","0","199.87243613","199.87243613","0"
"U14404500","","","USD","20240508","0.58243613","0.58243613","0","0","0","0","0","0","0","0","0","0","0","0","0","199.3","199.3","0","0","0","0","0","0","0","0","0","0","0","0","0","0","0","0","0","0","0","0","0","0","0","0","0","0","0","0","0","0","0","0","0","0","0","0","0","0","0","0","0","0","0","0","0","0","0","0","0","0","0","0","0","0","0","0","0","0","0","0","0","0","0","0","0","0","0","0","0","0","0","0","0","199.88243613","199.88243613","0"
"U14404500","","","USD","20240509","0.58243613","0.58243613","0","0","0","0","0","0","0","0","0","0","0","0","0","200.44","200.44","0","0","0","0","0","0","0","0","0","0","0","0","0","0","0","0","0","0","0","0","0","0","0","0","0","0","0","0","0","0","0","0","0","0","0","0","0","0","0","0","0","0","0","0","0","0","0","0","0","0","0","0","0","0","0","0","0","0","0","0","0","0","0","0","0","0","0","0","0","0","0","0","0","201.02243613","201.02243613","0"
"U14404500","","","USD","20240510","0.58243613","0.58243613","0","0","0","0","0","0","0","0","0","0","0","0","0","200.69","200.69","0","0","0","0","0","0","0","0","0","0","0","0","0","0","0","0","0","0","0","0","0","0","0","0","0","0","0","0","0","0","0","0","0","0","0","0","0","0","0","0","0","0","0","0","0","0","0","0","0","0","0","0","0","0","0","0","0","0","0","0","0","0","0","0","0","0","0","0","0","0","0","0","0","201.27243613","201.27243613","0"
"U14404500","","","USD","20240513","0.58243613","0.58243613","0","0","0","0","0","0","0","0","0","0","0","0","0","200.7","200.7","0","0","0","0","0","0","0","0","0","0","0","0","0","0","0","0","0","0","0","0","0","0","0","0","0","0","0","0","0","0","0","0","0","0","0","0","0","0","0","0","0","0","0","0","0","0","0","0","0","0","0","0","0","0","0","0","0","0","0","0","0","0","0","0","0","0","0","0","0","0","0","0","0","201.28243613","201.28243613","0"
"U14404500","","","USD","20240514","0.58243613","0.58243613","0","0","0","0","0","0","0","0","0","0","0","0","0","201.65","201.65","0","0","0","0","0","0","0","0","0","0","0","0","0","0","0","0","0","0","0","0","0","0","0","0","0","0","0","0","0","0","0","0","0","0","0","0","0","0","0","0","0","0","0","0","0","0","0","0","0","0","0","0","0","0","0","0","0","0","0","0","0","0","0","0","0","0","0","0","0","0","0","0","0","202.23243613","202.23243613","0"
"U14404500","","","USD","20240515","0.58243613","0.58243613","0","0","0","0","0","0","0","0","0","0","0","0","0","204.11","204.11","0","0","0","0","0","0","0","0","0","0","0","0","0","0","0","0","0","0","0","0","0","0","0","0","0","0","0","0","0","0","0","0","0","0","0","0","0","0","0","0","0","0","0","0","0","0","0","0","0","0","0","0","0","0","0","0","0","0","0","0","0","0","0","0","0","0","0","0","0","0","0","0","0","204.69243613","204.69243613","0"
"U14404500","","","USD","20240516","0.58243613","0.58243613","0","0","0","0","0","0","0","0","0","0","0","0","0","203.72","203.72","0","0","0","0","0","0","0","0","0","0","0","0","0","0","0","0","0","0","0","0","0","0","0","0","0","0","0","0","0","0","0","0","0","0","0","0","0","0","0","0","0","0","0","0","0","0","0","0","0","0","0","0","0","0","0","0","0","0","0","0","0","0","0","0","0","0","0","0","0","0","0","0","0","204.30243613","204.30243613","0"
"U14404500","","","USD","20240517","0.58243613","0.58243613","0","0","0","0","0","0","0","0","0","0","0","0","0","204.02","204.02","0","0","0","0","0","0","0","0","0","0","0","0","0","0","0","0","0","0","0","0","0","0","0","0","0","0","0","0","0","0","0","0","0","0","0","0","0","0","0","0","0","0","0","0","0","0","0","0","0","0","0","0","0","0","0","0","0","0","0","0","0","0","0","0","0","0","0","0","0","0","0","0","0","204.60243613","204.60243613","0"
"U14404500","","","USD","20240520","0.58243613","0.58243613","0","0","0","0","0","0","0","0","0","0","0","0","0","204.22","204.22","0","0","0","0","0","0","0","0","0","0","0","0","0","0","0","0","0","0","0","0","0","0","0","0","0","0","0","0","0","0","0","0","0","0","0","0","0","0","0","0","0","0","0","0","0","0","0","0","0","0","0","0","0","0","0","0","0","0","0","0","0","0","0","0","0","0","0","0","0","0","0","0","0","204.80243613","204.80243613","0"
"U14404500","","","USD","20240521","0.58243613","0.58243613","0","0","0","0","0","0","0","0","0","0","0","0","0","204.77","204.77","0","0","0","0","0","0","0","0","0","0","0","0","0","0","0","0","0","0","0","0","0","0","0","0","0","0","0","0","0","0","0","0","0","0","0","0","0","0","0","0","0","0","0","0","0","0","0","0","0","0","0","0","0","0","0","0","0","0","0","0","0","0","0","0","0","0","0","0","0","0","0","0","0","205.35243613","205.35243613","0"
"U14404500","","","USD","20240522","0.58243613","0.58243613","0","0","0","0","0","0","0","0","0","0","0","0","0","204.18","204.18","0","0","0","0","0","0","0","0","0","0","0","0","0","0","0","0","0","0","0","0","0","0","0","0","0","0","0","0","0","0","0","0","0","0","0","0","0","0","0","0","0","0","0","0","0","0","0","0","0","0","0","0","0","0","0","0","0","0","0","0","0","0","0","0","0","0","0","0","0","0","0","0","0","204.76243613","204.76243613","0"
"U14404500","","","USD","20240523","0.58243613","0.58243613","0","0","0","0","0","0","0","0","0","0","0","0","0","202.66","202.66","0","0","0","0","0","0","0","0","0","0","0","0","0","0","0","0","0","0","0","0","0","0","0","0","0","0","0","0","0","0","0","0","0","0","0","0","0","0","0","0","0","0","0","0","0","0","0","0","0","0","0","0","0","0","0","0","0","0","0","0","0","0","0","0","0","0","0","0","0","0","0","0","0","203.24243613","203.24243613","0"
"U14404500","","","USD","20240524","0.58243613","0.58243613","0","0","0","0","0","0","0","0","0","0","0","0","0","204.04","204.04","0","0","0","0","0","0","0","0","0","0","0","0","0","0","0","0","0","0","0","0","0","0","0","0","0","0","0","0","0","0","0","0","0","0","0","0","0","0","0","0","0","0","0","0","0","0","0","0","0","0","0","0","0","0","0","0","0","0","0","0","0","0","0","0","0","0","0","0","0","0","0","0","0","204.62243613","204.62243613","0"
"U14404500","","","USD","20240527","0.58243613","0.58243613","0","0","0","0","0","0","0","0","0","0","0","0","0","204.04","204.04","0","0","0","0","0","0","0","0","0","0","0","0","0","0","0","0","0","0","0","0","0","0","0","0","0","0","0","0","0","0","0","0","0","0","0","0","0","0","0","0","0","0","0","0","0","0","0","0","0","0","0","0","0","0","0","0","0","0","0","0","0","0","0","0","0","0","0","0","0","0","0","0","0","204.62243613","204.62243613","0"
"U14404500","","","USD","20240528","0.58243613","0.58243613","0","0","0","0","0","0","0","0","0","0","0","0","0","204.2","204.2","0","0","0","0","0","0","0","0","0","0","0","0","0","0","0","0","0","0","0","0","0","0","0","0","0","0","0","0","0","0","0","0","0","0","0","0","0","0","0","0","0","0","0","0","0","0","0","0","0","0","0","0","0","0","0","0","0","0","0","0","0","0","0","0","0","0","0","0","0","0","0","0","0","204.78243613","204.78243613","0"
"U14404500","","","USD","20240529","0.58243613","0.58243613","0","0","0","0","0","0","0","0","0","0","0","0","0","202.76","202.76","0","0","0","0","0","0","0","0","0","0","0","0","0","0","0","0","0","0","0","0","0","0","0","0","0","0","0","0","0","0","0","0","0","0","0","0","0","0","0","0","0","0","0","0","0","0","0","0","0","0","0","0","0","0","0","0","0","0","0","0","0","0","0","0","0","0","0","0","0","0","0","0","0","203.34243613","203.34243613","0"
"U14404500","","","USD","20240530","0.58243613","0.58243613","0","0","0","0","0","0","0","0","0","0","0","0","0","201.4","201.4","0","0","0","0","0","0","0","0","0","0","0","0","0","0","0","0","0","0","0","0","0","0","0","0","0","0","0","0","0","0","0","0","0","0","0","0","0","0","0","0","0","0","0","0","0","0","0","0","0","0","0","0","0","0","0","0","0","0","0","0","0","0","0","0","0","0","0","0","0","0","0","0","0","201.98243613","201.98243613","0"
"U14404500","","","USD","20240531","0.58243613","0.58243613","0","0","0","0","0","0","0","0","0","0","0","0","0","203.15","203.15","0","0","0","0","0","0","0","0","0","0","0","0","0","0","0","0","0","0","0","0","0","0","0","0","0","0","0","0","0","0","0","0","0","0","0","0","0","0","0","0","0","0","0","0","0","0","0","0","0","0","0","0","0","0","0","0","0","0","0","0","0","0","0","0","0","0","0","0","0","0","0","0","0","203.73243613","203.73243613","0"
"U14404500","","","USD","20240603","0.58243613","0.58243613","0","0","0","0","0","0","0","0","0","0","0","0","0","203.37","203.37","0","0","0","0","0","0","0","0","0","0","0","0","0","0","0","0","0","0","0","0","0","0","0","0","0","0","0","0","0","0","0","0","0","0","0","0","0","0","0","0","0","0","0","0","0","0","0","0","0","0","0","0","0","0","0","0","0","0","0","0","0","0","0","0","0","0","0","0","0","0","0","0","0","203.95243613","203.95243613","0"
"U14404500","","","USD","20240604","0.58243613","0.58243613","0","0","0","0","0","0","0","0","0","0","0","0","0","203.62","203.62","0","0","0","0","0","0","0","0","0","0","0","0","0","0","0","0","0","0","0","0","0","0","0","0","0","0","0","0","0","0","0","0","0","0","0","0","0","0","0","0","0","0","0","0","0","0","0","0","0","0","0","0","0","0","0","0","0","0","0","0","0","0","0","0","0","0","0","0","0","0","0","0","0","204.20243613","204.20243613","0"
"U14404500","","","USD","20240605","0.58243613","0.58243613","0","0","0","0","0","0","0","0","0","0","0","0","0","206.06","206.06","0","0","0","0","0","0","0","0","0","0","0","0","0","0","0","0","0","0","0","0","0","0","0","0","0","0","0","0","0","0","0","0","0","0","0","0","0","0","0","0","0","0","0","0","0","0","0","0","0","0","0","0","0","0","0","0","0","0","0","0","0","0","0","0","0","0","0","0","0","0","0","0","0","206.64243613","206.64243613","0"
"U14404500","","","USD","20240606","0.58243613","0.58243613","0","0","0","0","0","0","0","0","0","0","0","0","0","206.01","206.01","0","0","0","0","0","0","0","0","0","0","0","0","0","0","0","0","0","0","0","0","0","0","0","0","0","0","0","0","0","0","0","0","0","0","0","0","0","0","0","0","0","0","0","0","0","0","0","0","0","0","0","0","0","0","0","0","0","0","0","0","0","0","0","0","0","0","0","0","0","0","0","0","0","206.59243613","206.59243613","0"
"U14404500","","","USD","20240607","0.58243613","0.58243613","0","0","0","0","0","0","0","0","0","0","0","0","0","205.74","205.74","0","0","0","0","0","0","0","0","0","0","0","0","0","0","0","0","0","0","0","0","0","0","0","0","0","0","0","0","0","0","0","0","0","0","0","0","0","0","0","0","0","0","0","0","0","0","0","0","0","0","0","0","0","0","0","0","0","0","0","0","0","0","0","0","0","0","0","0","0","0","0","0","0","206.32243613","206.32243613","0"
"U14404500","","","USD","20240610","0.58243613","0.58243613","0","0","0","0","0","0","0","0","0","0","0","0","0","206.42","206.42","0","0","0","0","0","0","0","0","0","0","0","0","0","0","0","0","0","0","0","0","0","0","0","0","0","0","0","0","0","0","0","0","0","0","0","0","0","0","0","0","0","0","0","0","0","0","0","0","0","0","0","0","0","0","0","0","0","0","0","0","0","0","0","0","0","0","0","0","0","0","0","0","0","207.00243613","207.00243613","0"
"U14404500","","","USD","20240611","0.58243613","0.58243613","0","0","0","0","0","0","0","0","0","0","0","0","0","206.89","206.89","0","0","0","0","0","0","0","0","0","0","0","0","0","0","0","0","0","0","0","0","0","0","0","0","0","0","0","0","0","0","0","0","0","0","0","0","0","0","0","0","0","0","0","0","0","0","0","0","0","0","0","0","0","0","0","0","0","0","0","0","0","0","0","0","0","0","0","0","0","0","0","0","0","207.47243613","207.47243613","0"
"U14404500","","","USD","20240612","0.58243613","0.58243613","0","0","0","0","0","0","0","0","0","0","0","0","0","208.61","208.61","0","0","0","0","0","0","0","0","0","0","0","0","0","0","0","0","0","0","0","0","0","0","0","0","0","0","0","0","0","0","0","0","0","0","0","0","0","0","0","0","0","0","0","0","0","0","0","0","0","0","0","0","0","0","0","0","0","0","0","0","0","0","0","0","0","0","0","0","0","0","0","0","0","209.19243613","209.19243613","0"
"U14404500","","","USD","20240613","0.58243613","0.58243613","0","0","0","0","0","0","0","0","0","0","0","0","0","209","209","0","0","0","0","0","0","0","0","0","0","0","0","0","0","0","0","0","0","0","0","0","0","0","0","0","0","0","0","0","0","0","0","0","0","0","0","0","0","0","0","0","0","0","0","0","0","0","0","0","0","0","0","0","0","0","0","0","0","0","0","0","0","0","0","0","0","0","0","0","0","0","0","0","209.58243613","209.58243613","0"
"U14404500","","","USD","20240614","0.58243613","0.58243613","0","0","0","0","0","0","0","0","0","0","0","0","0","209.17","209.17","0","0","0","0","0","0","0","0","0","0","0","0","0","0","0","0","0","0","0","0","0","0","0","0","0","0","0","0","0","0","0","0","0","0","0","0","0","0","0","0","0","0","0","0","0","0","0","0","0","0","0","0","0","0","0","0","0","0","0","0","0","0","0","0","0","0","0","0","0","0","0","0","0","209.75243613","209.75243613","0"
"U14404500","","","USD","20240617","0.58243613","0.58243613","0","0","0","0","0","0","0","0","0","0","0","0","0","210.83","210.83","0","0","0","0","0","0","0","0","0","0","0","0","0","0","0","0","0","0","0","0","0","0","0","0","0","0","0","0","0","0","0","0","0","0","0","0","0","0","0","0","0","0","0","0","0","0","0","0","0","0","0","0","0","0","0","0","0","0","0","0","0","0","0","0","0","0","0","0","0","0","0","0","0","211.41243613","211.41243613","0"
"U14404500","","","USD","20240618","0.58243613","0.58243613","0","0","0","0","0","0","0","0","0","0","0","0","0","211.39","211.39","0","0","0","0","0","0","0","0","0","0","0","0","0","0","0","0","0","0","0","0","0","0","0","0","0","0","0","0","0","0","0","0","0","0","0","0","0","0","0","0","0","0","0","0","0","0","0","0","0","0","0","0","0","0","0","0","0","0","0","0","0","0","0","0","0","0","0","0","0","0","0","0","0","211.97243613","211.97243613","0"
"U14404500","","","USD","20240619","0.58243613","0.58243613","0","0","0","0","0","0","0","0","0","0","0","0","0","211.39","211.39","0","0","0","0","0","0","0","0","0","0","0","0","0","0","0","0","0","0","0","0","0","0","0","0","0","0","0","0","0","0","0","0","0","0","0","0","0","0","0","0","0","0","0","0","0","0","0","0","0","0","0","0","0","0","0","0","0","0","0","0","0","0","0","0","0","0","0","0","0","0","0","0","0","211.97243613","211.97243613","0"
"U14404500","","","USD","20240620","0.58243613","0.58243613","0","0","0","0","0","0","0","0","0","0","0","0","0","210.81","210.81","0","0","0","0","0","0","0","0","0","0","0","0","0","0","0","0","0","0","0","0","0","0","0","0","0","0","0","0","0","0","0","0","0","0","0","0","0","0","0","0","0","0","0","0","0","0","0","0","0","0","0","0","0","0","0","0","0","0","0","0","0","0","0","0","0","0","0","0","0","0","0","0","0","211.39243613","211.39243613","0"
"U14404500","","","USD","20240621","0.58243613","0.58243613","0","0","0","0","0","0","0","0","0","0","0","0","0","210.35","210.35","0","0","0","0","0","0","0","0","0","0","0","0","0","0","0","0","0","0","0","0","0","0","0","0","0","0","0","0","0","0","0","0","0","0","0","0","0","0","0","0","0","0","0","0","0","0","0","0","0","0","0","0","0","0","0","0","0","0","0","0","0","0","0","0","0","0","0","0","0","0","0","0","0","210.93243613","210.93243613","0"
"U14404500","","","USD","20240624","0.58243613","0.58243613","0","0","0","0","0","0","0","0","0","0","0","0","0","209.78","209.78","0","0","0","0","0","0","0","0","0","0","0","0","0","0","0","0","0","0","0","0","0","0","0","0","0","0","0","0","0","0","0","0","0","0","0","0","0","0","0","0","0","0","0","0","0","0","0","0","0","0","0","0","0","0","0","0","0","0","0","0","0","0","0","0","0","0","0","0","0","0","0","0","0","210.36243613","210.36243613","0"
"U14404500","","","USD","20240625","0.58243613","0.58243613","0","0","0","0","0","0","0","0","0","0","0","0","0","210.65","210.65","0","0","0","0","0","0","0","0","0","0","0","0","0","0","0","0","0","0","0","0","0","0","0","0","0","0","0","0","0","0","0","0","0","0","0","0","0","0","0","0","0","0","0","0","0","0","0","0","0","0","0","0","0","0","0","0","0","0","0","0","0","0","0","0","0","0","0","0","0","0","0","0","0","211.23243613","211.23243613","0"
"U14404500","","","USD","20240626","0.58243613","0.58243613","0","0","0","0","0","0","0","0","0","0","0","0","0","210.89","210.89","0","0","0","0","0","0","0","0","0","0","0","0","0","0","0","0","0","0","0","0","0","0","0","0","0","0","0","0","0","0","0","0","0","0","0","0","0","0","0","0","0","0","0","0","0","0","0","0","0","0","0","0","0","0","0","0","0","0","0","0","0","0","0","0","0","0","0","0","0","0","0","0","0","211.47243613","211.47243613","0"
"U14404500","","","USD","20240627","0.58243613","0.58243613","0","0","0","0","0","0","0","0","0","0","0","0","0","211.21","211.21","0","0","0","0","0","0","0","0","0","0","0","0","0","0","0","0","0","0","0","0","0","0","0","0","0","0","0","0","0","0","0","0","0","0","0","0","0","0","0","0","0","0","0","0","0","0","0","0","0","0","0","0","0","0","0","0","0","0","0","0","0","0","0","0","0","0","0","0","0","0","0","0","0","211.79243613","211.79243613","0"
"U14404500","","","USD","20240628","0.58243613","0.58243613","0","0","0","0","0","0","0","0","0","0","0","0","0","209.65","209.65","0","0","0","0","0","0","0","0","0","0","0","0","0","0","0","0","0","0","0","0","0","0","0","0","0","0.64","0.64","0","0","0","0","0","0","0","0","0","0","0","0","0","0","0","0","0","0","0","0","0","0","0","0","0","0","0","0","0","0","0","0","0","0","0","0","0","0","0","0","0","0","0","0","0","0","210.87243613","210.87243613","0"
"U14404500","","","USD","20240701","0.58243613","0.58243613","0","0","0","0","0","0","0","0","0","0","0","0","0","210.14","210.14","0","0","0","0","0","0","0","0","0","0","0","0","0","0","0","0","0","0","0","0","0","0","0","0","0","0.64","0.64","0","0","0","0","0","0","0","0","0","0","0","0","0","0","0","0","0","0","0","0","0","0","0","0","0","0","0","0","0","0","0","0","0","0","0","0","0","0","0","0","0","0","0","0","0","0","211.36243613","211.36243613","0"
"U14404500","","","USD","20240702","1.22243613","1.22243613","0","0","0","0","0","0","0","0","0","0","0","0","0","211.5","211.5","0","0","0","0","0","0","0","0","0","0","0","0","0","0","0","0","0","0","0","0","0","0","0","0","0","0","0","0","0","0","0","0","0","0","0","0","0","0","0","0","0","0","0","0","0","0","0","0","0","0","0","0","0","0","0","0","0","0","0","0","0","0","0","0","0","0","0","0","0","0","0","0","0","212.72243613","212.72243613","0"
"U14404500","","","USD","20240703","1.22243613","1.22243613","0","0","0","0","0","0","0","0","0","0","0","0","0","212.45","212.45","0","0","0","0","0","0","0","0","0","0","0","0","0","0","0","0","0","0","0","0","0","0","0","0","0","0","0","0","0","0","0","0","0","0","0","0","0","0","0","0","0","0","0","0","0","0","0","0","0","0","0","0","0","0","0","0","0","0","0","0","0","0","0","0","0","0","0","0","0","0","0","0","0","213.67243613","213.67243613","0"
"U14404500","","","USD","20240704","1.22243613","1.22243613","0","0","0","0","0","0","0","0","0","0","0","0","0","212.45","212.45","0","0","0","0","0","0","0","0","0","0","0","0","0","0","0","0","0","0","0","0","0","0","0","0","0","0","0","0","0","0","0","0","0","0","0","0","0","0","0","0","0","0","0","0","0","0","0","0","0","0","0","0","0","0","0","0","0","0","0","0","0","0","0","0","0","0","0","0","0","0","0","0","0","213.67243613","213.67243613","0"
"U14404500","","","USD","20240705","1.22243613","1.22243613","0","0","0","0","0","0","0","0","0","0","0","0","0","213.72","213.72","0","0","0","0","0","0","0","0","0","0","0","0","0","0","0","0","0","0","0","0","0","0","0","0","0","0","0","0","0","0","0","0","0","0","0","0","0","0","0","0","0","0","0","0","0","0","0","0","0","0","0","0","0","0","0","0","0","0","0","0","0","0","0","0","0","0","0","0","0","0","0","0","0","214.94243613","214.94243613","0"
"U14404500","","","USD","20240708","1.22243613","1.22243613","0","0","0","0","0","0","0","0","0","0","0","0","0","213.93","213.93","0","0","0","0","0","0","0","0","0","0","0","0","0","0","0","0","0","0","0","0","0","0","0","0","0","0","0","0","0","0","0","0","0","0","0","0","0","0","0","0","0","0","0","0","0","0","0","0","0","0","0","0","0","0","0","0","0","0","0","0","0","0","0","0","0","0","0","0","0","0","0","0","0","215.15243613","215.15243613","0"
"U14404500","","","USD","20240709","1.22243613","1.22243613","0","0","0","0","0","0","0","0","0","0","0","0","0","214.17","214.17","0","0","0","0","0","0","0","0","0","0","0","0","0","0","0","0","0","0","0","0","0","0","0","0","0","0","0","0","0","0","0","0","0","0","0","0","0","0","0","0","0","0","0","0","0","0","0","0","0","0","0","0","0","0","0","0","0","0","0","0","0","0","0","0","0","0","0","0","0","0","0","0","0","215.39243613","215.39243613","0"
"U14404500","","","USD","20240710","1.22243613","1.22243613","0","0","0","0","0","0","0","0","0","0","0","0","0","216.23","216.23","0","0","0","0","0","0","0","0","0","0","0","0","0","0","0","0","0","0","0","0","0","0","0","0","0","0","0","0","0","0","0","0","0","0","0","0","0","0","0","0","0","0","0","0","0","0","0","0","0","0","0","0","0","0","0","0","0","0","0","0","0","0","0","0","0","0","0","0","0","0","0","0","0","217.45243613","217.45243613","0"
"U14404500","","","USD","20240711","1.22243613","1.22243613","0","0","0","0","0","0","0","0","0","0","0","0","0","214.37","214.37","0","0","0","0","0","0","0","0","0","0","0","0","0","0","0","0","0","0","0","0","0","0","0","0","0","0","0","0","0","0","0","0","0","0","0","0","0","0","0","0","0","0","0","0","0","0","0","0","0","0","0","0","0","0","0","0","0","0","0","0","0","0","0","0","0","0","0","0","0","0","0","0","0","215.59243613","215.59243613","0"
"U14404500","","","USD","20240712","1.22243613","1.22243613","0","0","0","0","0","0","0","0","0","0","0","0","0","215.7","215.7","0","0","0","0","0","0","0","0","0","0","0","0","0","0","0","0","0","0","0","0","0","0","0","0","0","0","0","0","0","0","0","0","0","0","0","0","0","0","0","0","0","0","0","0","0","0","0","0","0","0","0","0","0","0","0","0","0","0","0","0","0","0","0","0","0","0","0","0","0","0","0","0","0","216.92243613","216.92243613","0"
"U14404500","","","USD","20240715","1.22243613","1.22243613","0","0","0","0","0","0","0","0","0","0","0","0","0","216.35","216.35","0","0","0","0","0","0","0","0","0","0","0","0","0","0","0","0","0","0","0","0","0","0","0","0","0","0","0","0","0","0","0","0","0","0","0","0","0","0","0","0","0","0","0","0","0","0","0","0","0","0","0","0","0","0","0","0","0","0","0","0","0","0","0","0","0","0","0","0","0","0","0","0","0","217.57243613","217.57243613","0"
"U14404500","","","USD","20240716","1.22243613","1.22243613","0","0","0","0","0","0","0","0","0","0","0","0","0","217.58","217.58","0","0","0","0","0","0","0","0","0","0","0","0","0","0","0","0","0","0","0","0","0","0","0","0","0","0","0","0","0","0","0","0","0","0","0","0","0","0","0","0","0","0","0","0","0","0","0","0","0","0","0","0","0","0","0","0","0","0","0","0","0","0","0","0","0","0","0","0","0","0","0","0","0","218.80243613","218.80243613","0"
"U14404500","","","USD","20240717","1.22243613","1.22243613","0","0","0","0","0","0","0","0","0","0","0","0","0","214.54","214.54","0","0","0","0","0","0","0","0","0","0","0","0","0","0","0","0","0","0","0","0","0","0","0","0","0","0","0","0","0","0","0","0","0","0","0","0","0","0","0","0","0","0","0","0","0","0","0","0","0","0","0","0","0","0","0","0","0","0","0","0","0","0","0","0","0","0","0","0","0","0","0","0","0","215.76243613","215.76243613","0"
"U14404500","","","USD","20240718","1.22243613","1.22243613","0","0","0","0","0","0","0","0","0","0","0","0","0","212.93","212.93","0","0","0","0","0","0","0","0","0","0","0","0","0","0","0","0","0","0","0","0","0","0","0","0","0","0","0","0","0","0","0","0","0","0","0","0","0","0","0","0","0","0","0","0","0","0","0","0","0","0","0","0","0","0","0","0","0","0","0","0","0","0","0","0","0","0","0","0","0","0","0","0","0","214.15243613","214.15243613","0"
"U14404500","","","USD","20240719","1.22243613","1.22243613","0","0","0","0","0","0","0","0","0","0","0","0","0","211.51","211.51","0","0","0","0","0","0","0","0","0","0","0","0","0","0","0","0","0","0","0","0","0","0","0","0","0","0","0","0","0","0","0","0","0","0","0","0","0","0","0","0","0","0","0","0","0","0","0","0","0","0","0","0","0","0","0","0","0","0","0","0","0","0","0","0","0","0","0","0","0","0","0","0","0","212.73243613","212.73243613","0"
"U14404500","","","USD","20240722","1.22243613","1.22243613","0","0","0","0","0","0","0","0","0","0","0","0","0","213.7","213.7","0","0","0","0","0","0","0","0","0","0","0","0","0","0","0","0","0","0","0","0","0","0","0","0","0","0","0","0","0","0","0","0","0","0","0","0","0","0","0","0","0","0","0","0","0","0","0","0","0","0","0","0","0","0","0","0","0","0","0","0","0","0","0","0","0","0","0","0","0","0","0","0","0","214.92243613","214.92243613","0"
"U14404500","","","USD","20240723","1.22243613","1.22243613","0","0","0","0","0","0","0","0","0","0","0","0","0","213.35","213.35","0","0","0","0","0","0","0","0","0","0","0","0","0","0","0","0","0","0","0","0","0","0","0","0","0","0","0","0","0","0","0","0","0","0","0","0","0","0","0","0","0","0","0","0","0","0","0","0","0","0","0","0","0","0","0","0","0","0","0","0","0","0","0","0","0","0","0","0","0","0","0","0","0","214.57243613","214.57243613","0"
"U14404500","","","USD","20240724","1.22243613","1.22243613","0","0","0","0","0","0","0","0","0","0","0","0","0","208.46","208.46","0","0","0","0","0","0","0","0","0","0","0","0","0","0","0","0","0","0","0","0","0","0","0","0","0","0","0","0","0","0","0","0","0","0","0","0","0","0","0","0","0","0","0","0","0","0","0","0","0","0","0","0","0","0","0","0","0","0","0","0","0","0","0","0","0","0","0","0","0","0","0","0","0","209.68243613","209.68243613","0"
"U14404500","","","USD","20240725","1.22243613","1.22243613","0","0","0","0","0","0","0","0","0","0","0","0","0","207.41","207.41","0","0","0","0","0","0","0","0","0","0","0","0","0","0","0","0","0","0","0","0","0","0","0","0","0","0","0","0","0","0","0","0","0","0","0","0","0","0","0","0","0","0","0","0","0","0","0","0","0","0","0","0","0","0","0","0","0","0","0","0","0","0","0","0","0","0","0","0","0","0","0","0","0","208.63243613","208.63243613","0"
"U14404500","","","USD","20240726","1.22243613","1.22243613","0","0","0","0","0","0","0","0","0","0","0","0","0","209.74","209.74","0","0","0","0","0","0","0","0","0","0","0","0","0","0","0","0","0","0","0","0","0","0","0","0","0","0","0","0","0","0","0","0","0","0","0","0","0","0","0","0","0","0","0","0","0","0","0","0","0","0","0","0","0","0","0","0","0","0","0","0","0","0","0","0","0","0","0","0","0","0","0","0","0","210.96243613","210.96243613","0"
"U14404500","","","USD","20240729","1.22243613","1.22243613","0","0","0","0","0","0","0","0","0","0","0","0","0","209.89","209.89","0","0","0","0","0","0","0","0","0","0","0","0","0","0","0","0","0","0","0","0","0","0","0","0","0","0","0","0","0","0","0","0","0","0","0","0","0","0","0","0","0","0","0","0","0","0","0","0","0","0","0","0","0","0","0","0","0","0","0","0","0","0","0","0","0","0","0","0","0","0","0","0","0","211.11243613","211.11243613","0"
"U14404500","","","USD","20240730","1.22243613","1.22243613","0","0","0","0","0","0","0","0","0","0","0","0","0","208.8","208.8","0","0","0","0","0","0","0","0","0","0","0","0","0","0","0","0","0","0","0","0","0","0","0","0","0","0","0","0","0","0","0","0","0","0","0","0","0","0","0","0","0","0","0","0","0","0","0","0","0","0","0","0","0","0","0","0","0","0","0","0","0","0","0","0","0","0","0","0","0","0","0","0","0","210.02243613","210.02243613","0"
"U14404500","","","USD","20240731","1.22243613","1.22243613","0","0","0","0","0","0","0","0","0","0","0","0","0","212.09","212.09","0","0","0","0","0","0","0","0","0","0","0","0","0","0","0","0","0","0","0","0","0","0","0","0","0","0","0","0","0","0","0","0","0","0","0","0","0","0","0","0","0","0","0","0","0","0","0","0","0","0","0","0","0","0","0","0","0","0","0","0","0","0","0","0","0","0","0","0","0","0","0","0","0","213.31243613","213.31243613","0"
"U14404500","","","USD","20240801","1.22243613","1.22243613","0","0","0","0","0","0","0","0","0","0","0","0","0","209.19","209.19","0","0","0","0","0","0","0","0","0","0","0","0","0","0","0","0","0","0","0","0","0","0","0","0","0","0","0","0","0","0","0","0","0","0","0","0","0","0","0","0","0","0","0","0","0","0","0","0","0","0","0","0","0","0","0","0","0","0","0","0","0","0","0","0","0","0","0","0","0","0","0","0","0","210.41243613","210.41243613","0"
"U14404500","","","USD","20240802","1.22243613","1.22243613","0","0","0","0","0","0","0","0","0","0","0","0","0","205.37","205.37","0","0","0","0","0","0","0","0","0","0","0","0","0","0","0","0","0","0","0","0","0","0","0","0","0","0","0","0","0","0","0","0","0","0","0","0","0","0","0","0","0","0","0","0","0","0","0","0","0","0","0","0","0","0","0","0","0","0","0","0","0","0","0","0","0","0","0","0","0","0","0","0","0","206.59243613","206.59243613","0"
"U14404500","","","USD","20240805","1.22243613","1.22243613","0","0","0","0","0","0","0","0","0","0","0","0","0","199.2","199.2","0","0","0","0","0","0","0","0","0","0","0","0","0","0","0","0","0","0","0","0","0","0","0","0","0","0","0","0","0","0","0","0","0","0","0","0","0","0","0","0","0","0","0","0","0","0","0","0","0","0","0","0","0","0","0","0","0","0","0","0","0","0","0","0","0","0","0","0","0","0","0","0","0","200.42243613","200.42243613","0"
"U14404500","","","USD","20240806","1.22243613","1.22243613","0","0","0","0","0","0","0","0","0","0","0","0","0","201.19","201.19","0","0","0","0","0","0","0","0","0","0","0","0","0","0","0","0","0","0","0","0","0","0","0","0","0","0","0","0","0","0","0","0","0","0","0","0","0","0","0","0","0","0","0","0","0","0","0","0","0","0","0","0","0","0","0","0","0","0","0","0","0","0","0","0","0","0","0","0","0","0","0","0","0","202.41243613","202.41243613","0"
"U14404500","","","USD","20240807","1.22243613","1.22243613","0","0","0","0","0","0","0","0","0","0","0","0","0","199.79","199.79","0","0","0","0","0","0","0","0","0","0","0","0","0","0","0","0","0","0","0","0","0","0","0","0","0","0","0","0","0","0","0","0","0","0","0","0","0","0","0","0","0","0","0","0","0","0","0","0","0","0","0","0","0","0","0","0","0","0","0","0","0","0","0","0","0","0","0","0","0","0","0","0","0","201.01243613","201.01243613","0"
"U14404500","","","USD","20240808","1.22243613","1.22243613","0","0","0","0","0","0","0","0","0","0","0","0","0","204.46","204.46","0","0","0","0","0","0","0","0","0","0","0","0","0","0","0","0","0","0","0","0","0","0","0","0","0","0","0","0","0","0","0","0","0","0","0","0","0","0","0","0","0","0","0","0","0","0","0","0","0","0","0","0","0","0","0","0","0","0","0","0","0","0","0","0","0","0","0","0","0","0","0","0","0","205.68243613","205.68243613","0"
"U14404500","","","USD","20240809","1.22243613","1.22243613","0","0","0","0","0","0","0","0","0","0","0","0","0","205.33","205.33","0","0","0","0","0","0","0","0","0","0","0","0","0","0","0","0","0","0","0","0","0","0","0","0","0","0","0","0","0","0","0","0","0","0","0","0","0","0","0","0","0","0","0","0","0","0","0","0","0","0","0","0","0","0","0","0","0","0","0","0","0","0","0","0","0","0","0","0","0","0","0","0","0","206.55243613","206.55243613","0"
"U14404500","","","USD","20240812","101.22243613","101.22243613","0","0","0","0","0","0","0","0","0","0","0","0","0","205.44","205.44","0","0","0","0","0","0","0","0","0","0","0","0","0","0","0","0","0","0","0","0","0","0","0","0","0","0","0","0","0","0","0","0","0","0","0","0","0","0","0","0","0","0","0","0","0","0","0","0","0","0","0","0","0","0","0","0","0","0","0","0","0","0","0","0","0","0","0","0","0","0","0","0","0","306.66243613","306.66243613","0"
"U14404500","","","USD","20240813","101.22243613","101.22243613","0","0","0","0","0","0","0","0","0","0","0","0","0","208.85","208.85","0","0","0","0","0","0","0","0","0","0","0","0","0","0","0","0","0","0","0","0","0","0","0","0","0","0","0","0","0","0","0","0","0","0","0","0","0","0","0","0","0","0","0","0","0","0","0","0","0","0","0","0","0","0","0","0","0","0","0","0","0","0","0","0","0","0","0","0","0","0","0","0","0","310.07243613","310.07243613","0"
"U14404500","","","USD","20240814","101.22243613","101.22243613","0","0","0","0","0","0","0","0","0","0","0","0","0","209.52","209.52","0","0","0","0","0","0","0","0","0","0","0","0","0","0","0","0","0","0","0","0","0","0","0","0","0","0","0","0","0","0","0","0","0","0","0","0","0","0","0","0","0","0","0","0","0","0","0","0","0","0","0","0","0","0","0","0","0","0","0","0","0","0","0","0","0","0","0","0","0","0","0","0","0","310.74243613","310.74243613","0"
"U14404500","","","USD","20240815","101.22243613","101.22243613","0","0","0","0","0","0","0","0","0","0","0","0","0","213.11","213.11","0","0","0","0","0","0","0","0","0","0","0","0","0","0","0","0","0","0","0","0","0","0","0","0","0","0","0","0","0","0","0","0","0","0","0","0","0","0","0","0","0","0","0","0","0","0","0","0","0","0","0","0","0","0","0","0","0","0","0","0","0","0","0","0","0","0","0","0","0","0","0","0","0","314.33243613","314.33243613","0"
"U14404500","","","USD","20240816","0.26980008","0.26980008","0","0","0","0","0","0","0","0","0","0","0","0","0","313.77","313.77","0","0","0","0","0","0","0","0","0","0","0","0","0","0","0","0","0","0","0","0","0","0","0","0","0","0","0","0","0","0","0","0","0","0","0","0","0","0","0","0","0","0","0","0","0","0","0","0","0","0","0","0","0","0","0","0","0","0","0","0","0","0","0","0","0","0","0","0","0","0","0","0","0","314.03980008","314.03980008","0"
"U14404500","","","USD","20240819","0.26980008","0.26980008","0","0","0","0","0","0","0","0","0","0","0","0","0","316.79","316.79","0","0","0","0","0","0","0","0","0","0","0","0","0","0","0","0","0","0","0","0","0","0","0","0","0","0","0","0","0","0","0","0","0","0","0","0","0","0","0","0","0","0","0","0","0","0","0","0","0","0","0","0","0","0","0","0","0","0","0","0","0","0","0","0","0","0","0","0","0","0","0","0","0","317.05980008","317.05980008","0"
"U14404500","","","USD","20240820","0.26980008","0.26980008","0","0","0","0","0","0","0","0","0","0","0","0","0","316.26","316.26","0","0","0","0","0","0","0","0","0","0","0","0","0","0","0","0","0","0","0","0","0","0","0","0","0","0","0","0","0","0","0","0","0","0","0","0","0","0","0","0","0","0","0","0","0","0","0","0","0","0","0","0","0","0","0","0","0","0","0","0","0","0","0","0","0","0","0","0","0","0","0","0","0","316.52980008","316.52980008","0"
"U14404500","","","USD","20240821","0.26980008","0.26980008","0","0","0","0","0","0","0","0","0","0","0","0","0","317.37","317.37","0","0","0","0","0","0","0","0","0","0","0","0","0","0","0","0","0","0","0","0","0","0","0","0","0","0","0","0","0","0","0","0","0","0","0","0","0","0","0","0","0","0","0","0","0","0","0","0","0","0","0","0","0","0","0","0","0","0","0","0","0","0","0","0","0","0","0","0","0","0","0","0","0","317.63980008","317.63980008","0"
"U14404500","","","USD","20240822","0.26980008","0.26980008","0","0","0","0","0","0","0","0","0","0","0","0","0","314.8","314.8","0","0","0","0","0","0","0","0","0","0","0","0","0","0","0","0","0","0","0","0","0","0","0","0","0","0","0","0","0","0","0","0","0","0","0","0","0","0","0","0","0","0","0","0","0","0","0","0","0","0","0","0","0","0","0","0","0","0","0","0","0","0","0","0","0","0","0","0","0","0","0","0","0","315.06980008","315.06980008","0"
"U14404500","","","USD","20240823","0.26980008","0.26980008","0","0","0","0","0","0","0","0","0","0","0","0","0","318.21","318.21","0","0","0","0","0","0","0","0","0","0","0","0","0","0","0","0","0","0","0","0","0","0","0","0","0","0","0","0","0","0","0","0","0","0","0","0","0","0","0","0","0","0","0","0","0","0","0","0","0","0","0","0","0","0","0","0","0","0","0","0","0","0","0","0","0","0","0","0","0","0","0","0","0","318.47980008","318.47980008","0"
"U14404500","","","USD","20240826","0.26980008","0.26980008","0","0","0","0","0","0","0","0","0","0","0","0","0","317.43","317.43","0","0","0","0","0","0","0","0","0","0","0","0","0","0","0","0","0","0","0","0","0","0","0","0","0","0","0","0","0","0","0","0","0","0","0","0","0","0","0","0","0","0","0","0","0","0","0","0","0","0","0","0","0","0","0","0","0","0","0","0","0","0","0","0","0","0","0","0","0","0","0","0","0","317.69980008","317.69980008","0"
"U14404500","","","USD","20240827","0.26980008","0.26980008","0","0","0","0","0","0","0","0","0","0","0","0","0","317.85","317.85","0","0","0","0","0","0","0","0","0","0","0","0","0","0","0","0","0","0","0","0","0","0","0","0","0","0","0","0","0","0","0","0","0","0","0","0","0","0","0","0","0","0","0","0","0","0","0","0","0","0","0","0","0","0","0","0","0","0","0","0","0","0","0","0","0","0","0","0","0","0","0","0","0","318.11980008","318.11980008","0"
"U14404500","","","USD","20240828","0.26980008","0.26980008","0","0","0","0","0","0","0","0","0","0","0","0","0","316.04","316.04","0","0","0","0","0","0","0","0","0","0","0","0","0","0","0","0","0","0","0","0","0","0","0","0","0","0","0","0","0","0","0","0","0","0","0","0","0","0","0","0","0","0","0","0","0","0","0","0","0","0","0","0","0","0","0","0","0","0","0","0","0","0","0","0","0","0","0","0","0","0","0","0","0","316.30980008","316.30980008","0"
"U14404500","","","USD","20240829","0.26980008","0.26980008","0","0","0","0","0","0","0","0","0","0","0","0","0","316.09","316.09","0","0","0","0","0","0","0","0","0","0","0","0","0","0","0","0","0","0","0","0","0","0","0","0","0","0","0","0","0","0","0","0","0","0","0","0","0","0","0","0","0","0","0","0","0","0","0","0","0","0","0","0","0","0","0","0","0","0","0","0","0","0","0","0","0","0","0","0","0","0","0","0","0","316.35980008","316.35980008","0"
"U14404500","","","USD","20240830","0.26980008","0.26980008","0","0","0","0","0","0","0","0","0","0","0","0","0","319.06","319.06","0","0","0","0","0","0","0","0","0","0","0","0","0","0","0","0","0","0","0","0","0","0","0","0","0","0","0","0","0","0","0","0","0","0","0","0","0","0","0","0","0","0","0","0","0","0","0","0","0","0","0","0","0","0","0","0","0","0","0","0","0","0","0","0","0","0","0","0","0","0","0","0","0","319.32980008","319.32980008","0"
"U14404500","","","USD","20240902","0.26980008","0.26980008","0","0","0","0","0","0","0","0","0","0","0","0","0","319.06","319.06","0","0","0","0","0","0","0","0","0","0","0","0","0","0","0","0","0","0","0","0","0","0","0","0","0","0","0","0","0","0","0","0","0","0","0","0","0","0","0","0","0","0","0","0","0","0","0","0","0","0","0","0","0","0","0","0","0","0","0","0","0","0","0","0","0","0","0","0","0","0","0","0","0","319.32980008","319.32980008","0"
"U14404500","","","USD","20240903","0.26980008","0.26980008","0","0","0","0","0","0","0","0","0","0","0","0","0","312.61","312.61","0","0","0","0","0","0","0","0","0","0","0","0","0","0","0","0","0","0","0","0","0","0","0","0","0","0","0","0","0","0","0","0","0","0","0","0","0","0","0","0","0","0","0","0","0","0","0","0","0","0","0","0","0","0","0","0","0","0","0","0","0","0","0","0","0","0","0","0","0","0","0","0","0","312.87980008","312.87980008","0"
"U14404500","","","USD","20240904","0.26980008","0.26980008","0","0","0","0","0","0","0","0","0","0","0","0","0","311.83","311.83","0","0","0","0","0","0","0","0","0","0","0","0","0","0","0","0","0","0","0","0","0","0","0","0","0","0","0","0","0","0","0","0","0","0","0","0","0","0","0","0","0","0","0","0","0","0","0","0","0","0","0","0","0","0","0","0","0","0","0","0","0","0","0","0","0","0","0","0","0","0","0","0","0","312.09980008","312.09980008","0"
"U14404500","","","USD","20240905","0.26980008","0.26980008","0","0","0","0","0","0","0","0","0","0","0","0","0","311.06","311.06","0","0","0","0","0","0","0","0","0","0","0","0","0","0","0","0","0","0","0","0","0","0","0","0","0","0","0","0","0","0","0","0","0","0","0","0","0","0","0","0","0","0","0","0","0","0","0","0","0","0","0","0","0","0","0","0","0","0","0","0","0","0","0","0","0","0","0","0","0","0","0","0","0","311.32980008","311.32980008","0"
"U14404500","","","USD","20240906","0.26980008","0.26980008","0","0","0","0","0","0","0","0","0","0","0","0","0","305.88","305.88","0","0","0","0","0","0","0","0","0","0","0","0","0","0","0","0","0","0","0","0","0","0","0","0","0","0","0","0","0","0","0","0","0","0","0","0","0","0","0","0","0","0","0","0","0","0","0","0","0","0","0","0","0","0","0","0","0","0","0","0","0","0","0","0","0","0","0","0","0","0","0","0","0","306.14980008","306.14980008","0"
"U14404500","","","USD","20240909","0.26980008","0.26980008","0","0","0","0","0","0","0","0","0","0","0","0","0","309.32","309.32","0","0","0","0","0","0","0","0","0","0","0","0","0","0","0","0","0","0","0","0","0","0","0","0","0","0","0","0","0","0","0","0","0","0","0","0","0","0","0","0","0","0","0","0","0","0","0","0","0","0","0","0","0","0","0","0","0","0","0","0","0","0","0","0","0","0","0","0","0","0","0","0","0","309.58980008","309.58980008","0"
"U14404500","","","USD","20240910","0.26980008","0.26980008","0","0","0","0","0","0","0","0","0","0","0","0","0","310.6","310.6","0","0","0","0","0","0","0","0","0","0","0","0","0","0","0","0","0","0","0","0","0","0","0","0","0","0","0","0","0","0","0","0","0","0","0","0","0","0","0","0","0","0","0","0","0","0","0","0","0","0","0","0","0","0","0","0","0","0","0","0","0","0","0","0","0","0","0","0","0","0","0","0","0","310.86980008","310.86980008","0"
"U14404500","","","USD","20240911","0.26980008","0.26980008","0","0","0","0","0","0","0","0","0","0","0","0","0","313.78","313.78","0","0","0","0","0","0","0","0","0","0","0","0","0","0","0","0","0","0","0","0","0","0","0","0","0","0","0","0","0","0","0","0","0","0","0","0","0","0","0","0","0","0","0","0","0","0","0","0","0","0","0","0","0","0","0","0","0","0","0","0","0","0","0","0","0","0","0","0","0","0","0","0","0","314.04980008","314.04980008","0"
"U14404500","","","USD","20240912","0.26980008","0.26980008","0","0","0","0","0","0","0","0","0","0","0","0","0","316.47","316.47","0","0","0","0","0","0","0","0","0","0","0","0","0","0","0","0","0","0","0","0","0","0","0","0","0","0","0","0","0","0","0","0","0","0","0","0","0","0","0","0","0","0","0","0","0","0","0","0","0","0","0","0","0","0","0","0","0","0","0","0","0","0","0","0","0","0","0","0","0","0","0","0","0","316.73980008","316.73980008","0"
"U14404500","","","USD","20240913","0.26980008","0.26980008","0","0","0","0","0","0","0","0","0","0","0","0","0","318.16","318.16","0","0","0","0","0","0","0","0","0","0","0","0","0","0","0","0","0","0","0","0","0","0","0","0","0","0","0","0","0","0","0","0","0","0","0","0","0","0","0","0","0","0","0","0","0","0","0","0","0","0","0","0","0","0","0","0","0","0","0","0","0","0","0","0","0","0","0","0","0","0","0","0","0","318.42980008","318.42980008","0"
"U14404500","","","USD","20240916","0.26980008","0.26980008","0","0","0","0","0","0","0","0","0","0","0","0","0","318.64","318.64","0","0","0","0","0","0","0","0","0","0","0","0","0","0","0","0","0","0","0","0","0","0","0","0","0","0","0","0","0","0","0","0","0","0","0","0","0","0","0","0","0","0","0","0","0","0","0","0","0","0","0","0","0","0","0","0","0","0","0","0","0","0","0","0","0","0","0","0","0","0","0","0","0","318.90980008","318.90980008","0"
"U14404500","","","USD","20240917","0.26980008","0.26980008","0","0","0","0","0","0","0","0","0","0","0","0","0","318.78","318.78","0","0","0","0","0","0","0","0","0","0","0","0","0","0","0","0","0","0","0","0","0","0","0","0","0","0","0","0","0","0","0","0","0","0","0","0","0","0","0","0","0","0","0","0","0","0","0","0","0","0","0","0","0","0","0","0","0","0","0","0","0","0","0","0","0","0","0","0","0","0","0","0","0","319.04980008","319.04980008","0"
"U14404500","","","USD","20240918","0.26980008","0.26980008","0","0","0","0","0","0","0","0","0","0","0","0","0","317.75","317.75","0","0","0","0","0","0","0","0","0","0","0","0","0","0","0","0","0","0","0","0","0","0","0","0","0","0","0","0","0","0","0","0","0","0","0","0","0","0","0","0","0","0","0","0","0","0","0","0","0","0","0","0","0","0","0","0","0","0","0","0","0","0","0","0","0","0","0","0","0","0","0","0","0","318.01980008","318.01980008","0"
"U14404500","","","USD","20240919","0.287534999","0.287534999","0","0","0","0","0","0","0","0","0","0","0","0","0","1323.46","1323.46","0","0","0","0","0","0","0","0","0","0","0","0","0","0","0","0","0","0","0","0","0","0","0","0","0","0","0","0","0","0","0","0","0","0","0","0","0","0","0","0","0","0","0","0","0","0","0","0","0","0","0","0","0","0","0","0","0","0","0","0","0","0","0","0","0","0","0","0","0","0","0","0","0","1323.747534999","1323.747534999","0"
"U14404500","","","USD","20240920","0.287534999","0.287534999","0","0","0","0","0","0","0","0","0","0","0","0","0","1320.86","1320.86","0","0","0","0","0","0","0","0","0","0","0","0","0","0","0","0","0","0","0","0","0","0","0","0","0","0","0","0","0","0","0","0","0","0","0","0","0","0","0","0","0","0","0","0","0","0","0","0","0","0","0","0","0","0","0","0","0","0","0","0","0","0","0","0","0","0","0","0","0","0","0","0","0","1321.147534999","1321.147534999","0"
"U14404500","","","USD","20240923","0.287534999","0.287534999","0","0","0","0","0","0","0","0","0","0","0","0","0","1324.11","1324.11","0","0","0","0","0","0","0","0","0","0","0","0","0","0","0","0","0","0","0","0","0","0","0","0","0","0","0","0","0","0","0","0","0","0","0","0","0","0","0","0","0","0","0","0","0","0","0","0","0","0","0","0","0","0","0","0","0","0","0","0","0","0","0","0","0","0","0","0","0","0","0","0","0","1324.397534999","1324.397534999","0"
"U14404500","","","USD","20240924","0.287534999","0.287534999","0","0","0","0","0","0","0","0","0","0","0","0","0","1327.92","1327.92","0","0","0","0","0","0","0","0","0","0","0","0","0","0","0","0","0","0","0","0","0","0","0","0","0","0","0","0","0","0","0","0","0","0","0","0","0","0","0","0","0","0","0","0","0","0","0","0","0","0","0","0","0","0","0","0","0","0","0","0","0","0","0","0","0","0","0","0","0","0","0","0","0","1328.207534999","1328.207534999","0"
"U14404500","","","USD","20240925","0.287534999","0.287534999","0","0","0","0","0","0","0","0","0","0","0","0","0","1325.22","1325.22","0","0","0","0","0","0","0","0","0","0","0","0","0","0","0","0","0","0","0","0","0","0","0","0","0","0","0","0","0","0","0","0","0","0","0","0","0","0","0","0","0","0","0","0","0","0","0","0","0","0","0","0","0","0","0","0","0","0","0","0","0","0","0","0","0","0","0","0","0","0","0","0","0","1325.507534999","1325.507534999","0"
"U14404500","","","USD","20240926","0.287534999","0.287534999","0","0","0","0","0","0","0","0","0","0","0","0","0","1330.49","1330.49","0","0","0","0","0","0","0","0","0","0","0","0","0","0","0","0","0","0","0","0","0","0","0","0","0","0","0","0","0","0","0","0","0","0","0","0","0","0","0","0","0","0","0","0","0","0","0","0","0","0","0","0","0","0","0","0","0","0","0","0","0","0","0","0","0","0","0","0","0","0","0","0","0","1330.777534999","1330.777534999","0"
"U14404500","","","USD","20240927","0.287534999","0.287534999","0","0","0","0","0","0","0","0","0","0","0","0","0","1324.64","1324.64","0","0","0","0","0","0","0","0","0","0","0","0","0","0","0","0","0","0","0","0","0","0","0","0","0","3.51","3.51","0","0","0","0","0","0","0","0","0","0","0","0","0","0","0","0","0","0","0","0","0","0","0","0","0","0","0","0","0","0","0","0","0","0","0","0","0","0","0","0","0","0","0","0","0","0","1328.437534999","1328.437534999","0"
"U14404500","","","USD","20240930","0.287534999","0.287534999","0","0","0","0","0","0","0","0","0","0","0","0","0","1330.41","1330.41","0","0","0","0","0","0","0","0","0","0","0","0","0","0","0","0","0","0","0","0","0","0","0","0","0","3.51","3.51","0","0","0","0","0","0","0","0","0","0","0","0","0","0","0","0","0","0","0","0","0","0","0","0","0","0","0","0","0","0","0","0","0","0","0","0","0","0","0","0","0","0","0","0","0","0","1334.207534999","1334.207534999","0"
"U14404500","","","USD","20241001","3.797534999","3.797534999","0","0","0","0","0","0","0","0","0","0","0","0","0","1317.98","1317.98","0","0","0","0","0","0","0","0","0","0","0","0","0","0","0","0","0","0","0","0","0","0","0","0","0","0","0","0","0","0","0","0","0","0","0","0","0","0","0","0","0","0","0","0","0","0","0","0","0","0","0","0","0","0","0","0","0","0","0","0","0","0","0","0","0","0","0","0","0","0","0","0","0","1321.777534999","1321.777534999","0"
"U14404500","","","USD","20241002","0.30327675","0.30327675","0","0","0","0","0","0","0","0","0","0","0","0","0","1321.71","1321.71","0","0","0","0","0","0","0","0","0","0","0","0","0","0","0","0","0","0","0","0","0","0","0","0","0","0","0","0","0","0","0","0","0","0","0","0","0","0","0","0","0","0","0","0","0","0","0","0","0","0","0","0","0","0","0","0","0","0","0","0","0","0","0","0","0","0","0","0","0","0","0","0","0","1322.01327675","1322.01327675","0"
"U14404500","","","USD","20241003","0.30327675","0.30327675","0","0","0","0","0","0","0","0","0","0","0","0","0","1319.21","1319.21","0","0","0","0","0","0","0","0","0","0","0","0","0","0","0","0","0","0","0","0","0","0","0","0","0","0","0","0","0","0","0","0","0","0","0","0","0","0","0","0","0","0","0","0","0","0","0","0","0","0","0","0","0","0","0","0","0","0","0","0","0","0","0","0","0","0","0","0","0","0","0","0","0","1319.51327675","1319.51327675","0"
"U14404500","","","USD","20241004","0.30327675","0.30327675","0","0","0","0","0","0","0","0","0","0","0","0","0","1331.37","1331.37","0","0","0","0","0","0","0","0","0","0","0","0","0","0","0","0","0","0","0","0","0","0","0","0","0","0","0","0","0","0","0","0","0","0","0","0","0","0","0","0","0","0","0","0","0","0","0","0","0","0","0","0","0","0","0","0","0","0","0","0","0","0","0","0","0","0","0","0","0","0","0","0","0","1331.67327675","1331.67327675","0"
"U14404500","","","USD","20241007","0.30327675","0.30327675","0","0","0","0","0","0","0","0","0","0","0","0","0","1319.39","1319.39","0","0","0","0","0","0","0","0","0","0","0","0","0","0","0","0","0","0","0","0","0","0","0","0","0","0","0","0","0","0","0","0","0","0","0","0","0","0","0","0","0","0","0","0","0","0","0","0","0","0","0","0","0","0","0","0","0","0","0","0","0","0","0","0","0","0","0","0","0","0","0","0","0","1319.69327675","1319.69327675","0"
"U14404500","","","USD","20241008","0.30327675","0.30327675","0","0","0","0","0","0","0","0","0","0","0","0","0","1331.88","1331.88","0","0","0","0","0","0","0","0","0","0","0","0","0","0","0","0","0","0","0","0","0","0","0","0","0","0","0","0","0","0","0","0","0","0","0","0","0","0","0","0","0","0","0","0","0","0","0","0","0","0","0","0","0","0","0","0","0","0","0","0","0","0","0","0","0","0","0","0","0","0","0","0","0","1332.18327675","1332.18327675","0"
"U14404500","","","USD","20241009","0.30327675","0.30327675","0","0","0","0","0","0","0","0","0","0","0","0","0","1340.98","1340.98","0","0","0","0","0","0","0","0","0","0","0","0","0","0","0","0","0","0","0","0","0","0","0","0","0","0","0","0","0","0","0","0","0","0","0","0","0","0","0","0","0","0","0","0","0","0","0","0","0","0","0","0","0","0","0","0","0","0","0","0","0","0","0","0","0","0","0","0","0","0","0","0","0","1341.28327675","1341.28327675","0"
"U14404500","","","USD","20241010","0.30327675","0.30327675","0","0","0","0","0","0","0","0","0","0","0","0","0","1338.73","1338.73","0","0","0","0","0","0","0","0","0","0","0","0","0","0","0","0","0","0","0","0","0","0","0","0","0","0","0","0","0","0","0","0","0","0","0","0","0","0","0","0","0","0","0","0","0","0","0","0","0","0","0","0","0","0","0","0","0","0","0","0","0","0","0","0","0","0","0","0","0","0","0","0","0","1339.03327675","1339.03327675","0"
"U14404500","","","USD","20241011","0.30327675","0.30327675","0","0","0","0","0","0","0","0","0","0","0","0","0","1346.69","1346.69","0","0","0","0","0","0","0","0","0","0","0","0","0","0","0","0","0","0","0","0","0","0","0","0","0","0","0","0","0","0","0","0","0","0","0","0","0","0","0","0","0","0","0","0","0","0","0","0","0","0","0","0","0","0","0","0","0","0","0","0","0","0","0","0","0","0","0","0","0","0","0","0","0","1346.99327675","1346.99327675","0"
"U14404500","","","USD","20241014","0.30327675","0.30327675","0","0","0","0","0","0","0","0","0","0","0","0","0","1357.71","1357.71","0","0","0","0","0","0","0","0","0","0","0","0","0","0","0","0","0","0","0","0","0","0","0","0","0","0","0","0","0","0","0","0","0","0","0","0","0","0","0","0","0","0","0","0","0","0","0","0","0","0","0","0","0","0","0","0","0","0","0","0","0","0","0","0","0","0","0","0","0","0","0","0","0","1358.01327675","1358.01327675","0"
"U14404500","","","USD","20241015","0.30327675","0.30327675","0","0","0","0","0","0","0","0","0","0","0","0","0","1347.37","1347.37","0","0","0","0","0","0","0","0","0","0","0","0","0","0","0","0","0","0","0","0","0","0","0","0","0","0","0","0","0","0","0","0","0","0","0","0","0","0","0","0","0","0","0","0","0","0","0","0","0","0","0","0","0","0","0","0","0","0","0","0","0","0","0","0","0","0","0","0","0","0","0","0","0","1347.67327675","1347.67327675","0"
"U14404500","","","USD","20241016","0.30327675","0.30327675","0","0","0","0","0","0","0","0","0","0","0","0","0","1353.04","1353.04","0","0","0","0","0","0","0","0","0","0","0","0","0","0","0","0","0","0","0","0","0","0","0","0","0","0","0","0","0","0","0","0","0","0","0","0","0","0","0","0","0","0","0","0","0","0","0","0","0","0","0","0","0","0","0","0","0","0","0","0","0","0","0","0","0","0","0","0","0","0","0","0","0","1353.34327675","1353.34327675","0"
"U14404500","","","USD","20241017","0.30327675","0.30327675","0","0","0","0","0","0","0","0","0","0","0","0","0","1353.24","1353.24","0","0","0","0","0","0","0","0","0","0","0","0","0","0","0","0","0","0","0","0","0","0","0","0","0","0","0","0","0","0","0","0","0","0","0","0","0","0","0","0","0","0","0","0","0","0","0","0","0","0","0","0","0","0","0","0","0","0","0","0","0","0","0","0","0","0","0","0","0","0","0","0","0","1353.54327675","1353.54327675","0"
"U14404500","","","USD","20241018","0.30327675","0.30327675","0","0","0","0","0","0","0","0","0","0","0","0","0","1358.45","1358.45","0","0","0","0","0","0","0","0","0","0","0","0","0","0","0","0","0","0","0","0","0","0","0","0","0","0","0","0","0","0","0","0","0","0","0","0","0","0","0","0","0","0","0","0","0","0","0","0","0","0","0","0","0","0","0","0","0","0","0","0","0","0","0","0","0","0","0","0","0","0","0","0","0","1358.75327675","1358.75327675","0"
"U14404500","","","USD","20241021","0.30327675","0.30327675","0","0","0","0","0","0","0","0","0","0","0","0","0","1356.35","1356.35","0","0","0","0","0","0","0","0","0","0","0","0","0","0","0","0","0","0","0","0","0","0","0","0","0","0","0","0","0","0","0","0","0","0","0","0","0","0","0","0","0","0","0","0","0","0","0","0","0","0","0","0","0","0","0","0","0","0","0","0","0","0","0","0","0","0","0","0","0","0","0","0","0","1356.65327675","1356.65327675","0"
"U14404500","","","USD","20241022","0.30327675","0.30327675","0","0","0","0","0","0","0","0","0","0","0","0","0","1355.41","1355.41","0","0","0","0","0","0","0","0","0","0","0","0","0","0","0","0","0","0","0","0","0","0","0","0","0","0","0","0","0","0","0","0","0","0","0","0","0","0","0","0","0","0","0","0","0","0","0","0","0","0","0","0","0","0","0","0","0","0","0","0","0","0","0","0","0","0","0","0","0","0","0","0","0","1355.71327675","1355.71327675","0"
"U14404500","","","USD","20241023","0.30327675","0.30327675","0","0","0","0","0","0","0","0","0","0","0","0","0","1343.05","1343.05","0","0","0","0","0","0","0","0","0","0","0","0","0","0","0","0","0","0","0","0","0","0","0","0","0","0","0","0","0","0","0","0","0","0","0","0","0","0","0","0","0","0","0","0","0","0","0","0","0","0","0","0","0","0","0","0","0","0","0","0","0","0","0","0","0","0","0","0","0","0","0","0","0","1343.35327675","1343.35327675","0"
"U14404500","","","USD","20241024","0.30327675","0.30327675","0","0","0","0","0","0","0","0","0","0","0","0","0","1346.08","1346.08","0","0","0","0","0","0","0","0","0","0","0","0","0","0","0","0","0","0","0","0","0","0","0","0","0","0","0","0","0","0","0","0","0","0","0","0","0","0","0","0","0","0","0","0","0","0","0","0","0","0","0","0","0","0","0","0","0","0","0","0","0","0","0","0","0","0","0","0","0","0","0","0","0","1346.38327675","1346.38327675","0"
"U14404500","","","USD","20241025","0.30327675","0.30327675","0","0","0","0","0","0","0","0","0","0","0","0","0","1345.55","1345.55","0","0","0","0","0","0","0","0","0","0","0","0","0","0","0","0","0","0","0","0","0","0","0","0","0","0","0","0","0","0","0","0","0","0","0","0","0","0","0","0","0","0","0","0","0","0","0","0","0","0","0","0","0","0","0","0","0","0","0","0","0","0","0","0","0","0","0","0","0","0","0","0","0","1345.85327675","1345.85327675","0"
"U14404500","","","USD","20241028","0.30327675","0.30327675","0","0","0","0","0","0","0","0","0","0","0","0","0","1349.75","1349.75","0","0","0","0","0","0","0","0","0","0","0","0","0","0","0","0","0","0","0","0","0","0","0","0","0","0","0","0","0","0","0","0","0","0","0","0","0","0","0","0","0","0","0","0","0","0","0","0","0","0","0","0","0","0","0","0","0","0","0","0","0","0","0","0","0","0","0","0","0","0","0","0","0","1350.05327675","1350.05327675","0"
"U14404500","","","USD","20241029","0.30327675","0.30327675","0","0","0","0","0","0","0","0","0","0","0","0","0","1351.9","1351.9","0","0","0","0","0","0","0","0","0","0","0","0","0","0","0","0","0","0","0","0","0","0","0","0","0","0","0","0","0","0","0","0","0","0","0","0","0","0","0","0","0","0","0","0","0","0","0","0","0","0","0","0","0","0","0","0","0","0","0","0","0","0","0","0","0","0","0","0","0","0","0","0","0","1352.20327675","1352.20327675","0"
"U14404500","","","USD","20241030","0.30327675","0.30327675","0","0","0","0","0","0","0","0","0","0","0","0","0","1347.83","1347.83","0","0","0","0","0","0","0","0","0","0","0","0","0","0","0","0","0","0","0","0","0","0","0","0","0","0","0","0","0","0","0","0","0","0","0","0","0","0","0","0","0","0","0","0","0","0","0","0","0","0","0","0","0","0","0","0","0","0","0","0","0","0","0","0","0","0","0","0","0","0","0","0","0","1348.13327675","1348.13327675","0"
"U14404500","","","USD","20241031","0.30327675","0.30327675","0","0","0","0","0","0","0","0","0","0","0","0","0","1321.31","1321.31","0","0","0","0","0","0","0","0","0","0","0","0","0","0","0","0","0","0","0","0","0","0","0","0","0","0","0","0","0","0","0","0","0","0","0","0","0","0","0","0","0","0","0","0","0","0","0","0","0","0","0","0","0","0","0","0","0","0","0","0","0","0","0","0","0","0","0","0","0","0","0","0","0","1321.61327675","1321.61327675","0"
"U14404500","","","USD","20241101","0.30327675","0.30327675","0","0","0","0","0","0","0","0","0","0","0","0","0","1327.05","1327.05","0","0","0","0","0","0","0","0","0","0","0","0","0","0","0","0","0","0","0","0","0","0","0","0","0","0","0","0","0","0","0","0","0","0","0","0","0","0","0","0","0","0","0","0","0","0","0","0","0","0","0","0","0","0","0","0","0","0","0","0","0","0","0","0","0","0","0","0","0","0","0","0","0","1327.35327675","1327.35327675","0"
"U14404500","","","USD","20241104","0.30327675","0.30327675","0","0","0","0","0","0","0","0","0","0","0","0","0","1324.17","1324.17","0","0","0","0","0","0","0","0","0","0","0","0","0","0","0","0","0","0","0","0","0","0","0","0","0","0","0","0","0","0","0","0","0","0","0","0","0","0","0","0","0","0","0","0","0","0","0","0","0","0","0","0","0","0","0","0","0","0","0","0","0","0","0","0","0","0","0","0","0","0","0","0","0","1324.47327675","1324.47327675","0"
"U14404500","","","USD","20241105","0.30327675","0.30327675","0","0","0","0","0","0","0","0","0","0","0","0","0","1340.09","1340.09","0","0","0","0","0","0","0","0","0","0","0","0","0","0","0","0","0","0","0","0","0","0","0","0","0","0","0","0","0","0","0","0","0","0","0","0","0","0","0","0","0","0","0","0","0","0","0","0","0","0","0","0","0","0","0","0","0","0","0","0","0","0","0","0","0","0","0","0","0","0","0","0","0","1340.39327675","1340.39327675","0"
"U14404500","","","USD","20241106","0.30327675","0.30327675","0","0","0","0","0","0","0","0","0","0","0","0","0","1373.46","1373.46","0","0","0","0","0","0","0","0","0","0","0","0","0","0","0","0","0","0","0","0","0","0","0","0","0","0","0","0","0","0","0","0","0","0","0","0","0","0","0","0","0","0","0","0","0","0","0","0","0","0","0","0","0","0","0","0","0","0","0","0","0","0","0","0","0","0","0","0","0","0","0","0","0","1373.76327675","1373.76327675","0"
"U14404500","","","USD","20241107","0.30327675","0.30327675","0","0","0","0","0","0","0","0","0","0","0","0","0","1384.16","1384.16","0","0","0","0","0","0","0","0","0","0","0","0","0","0","0","0","0","0","0","0","0","0","0","0","0","0","0","0","0","0","0","0","0","0","0","0","0","0","0","0","0","0","0","0","0","0","0","0","0","0","0","0","0","0","0","0","0","0","0","0","0","0","0","0","0","0","0","0","0","0","0","0","0","1384.46327675","1384.46327675","0"
"U14404500","","","USD","20241108","0.30327675","0.30327675","0","0","0","0","0","0","0","0","0","0","0","0","0","1390.27","1390.27","0","0","0","0","0","0","0","0","0","0","0","0","0","0","0","0","0","0","0","0","0","0","0","0","0","0","0","0","0","0","0","0","0","0","0","0","0","0","0","0","0","0","0","0","0","0","0","0","0","0","0","0","0","0","0","0","0","0","0","0","0","0","0","0","0","0","0","0","0","0","0","0","0","1390.57327675","1390.57327675","0"
"U14404500","","","USD","20241111","0.30327675","0.30327675","0","0","0","0","0","0","0","0","0","0","0","0","0","1391.41","1391.41","0","0","0","0","0","0","0","0","0","0","0","0","0","0","0","0","0","0","0","0","0","0","0","0","0","0","0","0","0","0","0","0","0","0","0","0","0","0","0","0","0","0","0","0","0","0","0","0","0","0","0","0","0","0","0","0","0","0","0","0","0","0","0","0","0","0","0","0","0","0","0","0","0","1391.71327675","1391.71327675","0"
"U14404500","","","USD","20241112","0.30327675","0.30327675","0","0","0","0","0","0","0","0","0","0","0","0","0","1387.24","1387.24","0","0","0","0","0","0","0","0","0","0","0","0","0","0","0","0","0","0","0","0","0","0","0","0","0","0","0","0","0","0","0","0","0","0","0","0","0","0","0","0","0","0","0","0","0","0","0","0","0","0","0","0","0","0","0","0","0","0","0","0","0","0","0","0","0","0","0","0","0","0","0","0","0","1387.54327675","1387.54327675","0"
"U14404500","","","USD","20241113","0.30327675","0.30327675","0","0","0","0","0","0","0","0","0","0","0","0","0","1387.95","1387.95","0","0","0","0","0","0","0","0","0","0","0","0","0","0","0","0","0","0","0","0","0","0","0","0","0","0","0","0","0","0","0","0","0","0","0","0","0","0","0","0","0","0","0","0","0","0","0","0","0","0","0","0","0","0","0","0","0","0","0","0","0","0","0","0","0","0","0","0","0","0","0","0","0","1388.25327675","1388.25327675","0"
"U14404500","","","USD","20241114","0.30327675","0.30327675","0","0","0","0","0","0","0","0","0","0","0","0","0","1379.13","1379.13","0","0","0","0","0","0","0","0","0","0","0","0","0","0","0","0","0","0","0","0","0","0","0","0","0","0","0","0","0","0","0","0","0","0","0","0","0","0","0","0","0","0","0","0","0","0","0","0","0","0","0","0","0","0","0","0","0","0","0","0","0","0","0","0","0","0","0","0","0","0","0","0","0","1379.43327675","1379.43327675","0"
"U14404500","","","USD","20241115","0.30327675","0.30327675","0","0","0","0","0","0","0","0","0","0","0","0","0","1361.33","1361.33","0","0","0","0","0","0","0","0","0","0","0","0","0","0","0","0","0","0","0","0","0","0","0","0","0","0","0","0","0","0","0","0","0","0","0","0","0","0","0","0","0","0","0","0","0","0","0","0","0","0","0","0","0","0","0","0","0","0","0","0","0","0","0","0","0","0","0","0","0","0","0","0","0","1361.63327675","1361.63327675","0"
"U14404500","","","USD","20241118","0.30327675","0.30327675","0","0","0","0","0","0","0","0","0","0","0","0","0","1366.97","1366.97","0","0","0","0","0","0","0","0","0","0","0","0","0","0","0","0","0","0","0","0","0","0","0","0","0","0","0","0","0","0","0","0","0","0","0","0","0","0","0","0","0","0","0","0","0","0","0","0","0","0","0","0","0","0","0","0","0","0","0","0","0","0","0","0","0","0","0","0","0","0","0","0","0","1367.27327675","1367.27327675","0"
"U14404500","","","USD","20241119","0.30327675","0.30327675","0","0","0","0","0","0","0","0","0","0","0","0","0","1371.95","1371.95","0","0","0","0","0","0","0","0","0","0","0","0","0","0","0","0","0","0","0","0","0","0","0","0","0","0","0","0","0","0","0","0","0","0","0","0","0","0","0","0","0","0","0","0","0","0","0","0","0","0","0","0","0","0","0","0","0","0","0","0","0","0","0","0","0","0","0","0","0","0","0","0","0","1372.25327675","1372.25327675","0"
"U14404500","","","USD","20241120","0.30327675","0.30327675","0","0","0","0","0","0","0","0","0","0","0","0","0","1372.45","1372.45","0","0","0","0","0","0","0","0","0","0","0","0","0","0","0","0","0","0","0","0","0","0","0","0","0","0","0","0","0","0","0","0","0","0","0","0","0","0","0","0","0","0","0","0","0","0","0","0","0","0","0","0","0","0","0","0","0","0","0","0","0","0","0","0","0","0","0","0","0","0","0","0","0","1372.75327675","1372.75327675","0"
"U14404500","","","USD","20241121","0.30327675","0.30327675","0","0","0","0","0","0","0","0","0","0","0","0","0","1379.38","1379.38","0","0","0","0","0","0","0","0","0","0","0","0","0","0","0","0","0","0","0","0","0","0","0","0","0","0","0","0","0","0","0","0","0","0","0","0","0","0","0","0","0","0","0","0","0","0","0","0","0","0","0","0","0","0","0","0","0","0","0","0","0","0","0","0","0","0","0","0","0","0","0","0","0","1379.68327675","1379.68327675","0"
"U14404500","","","USD","20241122","0.30327675","0.30327675","0","0","0","0","0","0","0","0","0","0","0","0","0","1384","1384","0","0","0","0","0","0","0","0","0","0","0","0","0","0","0","0","0","0","0","0","0","0","0","0","0","0","0","0","0","0","0","0","0","0","0","0","0","0","0","0","0","0","0","0","0","0","0","0","0","0","0","0","0","0","0","0","0","0","0","0","0","0","0","0","0","0","0","0","0","0","0","0","0","1384.30327675","1384.30327675","0"
"U14404500","","","USD","20241125","0.30327675","0.30327675","0","0","0","0","0","0","0","0","0","0","0","0","0","1388.45","1388.45","0","0","0","0","0","0","0","0","0","0","0","0","0","0","0","0","0","0","0","0","0","0","0","0","0","0","0","0","0","0","0","0","0","0","0","0","0","0","0","0","0","0","0","0","0","0","0","0","0","0","0","0","0","0","0","0","0","0","0","0","0","0","0","0","0","0","0","0","0","0","0","0","0","1388.75327675","1388.75327675","0"
"U14404500","","","USD","20241126","0.30327675","0.30327675","0","0","0","0","0","0","0","0","0","0","0","0","0","1396.24","1396.24","0","0","0","0","0","0","0","0","0","0","0","0","0","0","0","0","0","0","0","0","0","0","0","0","0","0","0","0","0","0","0","0","0","0","0","0","0","0","0","0","0","0","0","0","0","0","0","0","0","0","0","0","0","0","0","0","0","0","0","0","0","0","0","0","0","0","0","0","0","0","0","0","0","1396.54327675","1396.54327675","0"
"U14404500","","","USD","20241127","0.30327675","0.30327675","0","0","0","0","0","0","0","0","0","0","0","0","0","1391.79","1391.79","0","0","0","0","0","0","0","0","0","0","0","0","0","0","0","0","0","0","0","0","0","0","0","0","0","0","0","0","0","0","0","0","0","0","0","0","0","0","0","0","0","0","0","0","0","0","0","0","0","0","0","0","0","0","0","0","0","0","0","0","0","0","0","0","0","0","0","0","0","0","0","0","0","1392.09327675","1392.09327675","0"
"U14404500","","","USD","20241128","0.30327675","0.30327675","0","0","0","0","0","0","0","0","0","0","0","0","0","1391.79","1391.79","0","0","0","0","0","0","0","0","0","0","0","0","0","0","0","0","0","0","0","0","0","0","0","0","0","0","0","0","0","0","0","0","0","0","0","0","0","0","0","0","0","0","0","0","0","0","0","0","0","0","0","0","0","0","0","0","0","0","0","0","0","0","0","0","0","0","0","0","0","0","0","0","0","1392.09327675","1392.09327675","0"
"U14404500","","","USD","20241129","0.30327675","0.30327675","0","0","0","0","0","0","0","0","0","0","0","0","0","1399.12","1399.12","0","0","0","0","0","0","0","0","0","0","0","0","0","0","0","0","0","0","0","0","0","0","0","0","0","0","0","0","0","0","0","0","0","0","0","0","0","0","0","0","0","0","0","0","0","0","0","0","0","0","0","0","0","0","0","0","0","0","0","0","0","0","0","0","0","0","0","0","0","0","0","0","0","1399.42327675","1399.42327675","0"
"U14404500","","","USD","20241202","0.30327675","0.30327675","0","0","0","0","0","0","0","0","0","0","0","0","0","1403.07","1403.07","0","0","0","0","0","0","0","0","0","0","0","0","0","0","0","0","0","0","0","0","0","0","0","0","0","0","0","0","0","0","0","0","0","0","0","0","0","0","0","0","0","0","0","0","0","0","0","0","0","0","0","0","0","0","0","0","0","0","0","0","0","0","0","0","0","0","0","0","0","0","0","0","0","1403.37327675","1403.37327675","0"
"U14404500","","","USD","20241203","0.30327675","0.30327675","0","0","0","0","0","0","0","0","0","0","0","0","0","1403.39","1403.39","0","0","0","0","0","0","0","0","0","0","0","0","0","0","0","0","0","0","0","0","0","0","0","0","0","0","0","0","0","0","0","0","0","0","0","0","0","0","0","0","0","0","0","0","0","0","0","0","0","0","0","0","0","0","0","0","0","0","0","0","0","0","0","0","0","0","0","0","0","0","0","0","0","1403.69327675","1403.69327675","0"
"U14404500","","","USD","20241204","0.30327675","0.30327675","0","0","0","0","0","0","0","0","0","0","0","0","0","1412.24","1412.24","0","0","0","0","0","0","0","0","0","0","0","0","0","0","0","0","0","0","0","0","0","0","0","0","0","0","0","0","0","0","0","0","0","0","0","0","0","0","0","0","0","0","0","0","0","0","0","0","0","0","0","0","0","0","0","0","0","0","0","0","0","0","0","0","0","0","0","0","0","0","0","0","0","1412.54327675","1412.54327675","0"
"U14404500","","","USD","20241205","0.30327675","0.30327675","0","0","0","0","0","0","0","0","0","0","0","0","0","1409.89","1409.89","0","0","0","0","0","0","0","0","0","0","0","0","0","0","0","0","0","0","0","0","0","0","0","0","0","0","0","0","0","0","0","0","0","0","0","0","0","0","0","0","0","0","0","0","0","0","0","0","0","0","0","0","0","0","0","0","0","0","0","0","0","0","0","0","0","0","0","0","0","0","0","0","0","1410.19327675","1410.19327675","0"
"U14404500","","","USD","20241206","0.30327675","0.30327675","0","0","0","0","0","0","0","0","0","0","0","0","0","1412.7","1412.7","0","0","0","0","0","0","0","0","0","0","0","0","0","0","0","0","0","0","0","0","0","0","0","0","0","0","0","0","0","0","0","0","0","0","0","0","0","0","0","0","0","0","0","0","0","0","0","0","0","0","0","0","0","0","0","0","0","0","0","0","0","0","0","0","0","0","0","0","0","0","0","0","0","1413.00327675","1413.00327675","0"
"U14404500","","","USD","20241209","0.30327675","0.30327675","0","0","0","0","0","0","0","0","0","0","0","0","0","1405.34","1405.34","0","0","0","0","0","0","0","0","0","0","0","0","0","0","0","0","0","0","0","0","0","0","0","0","0","0","0","0","0","0","0","0","0","0","0","0","0","0","0","0","0","0","0","0","0","0","0","0","0","0","0","0","0","0","0","0","0","0","0","0","0","0","0","0","0","0","0","0","0","0","0","0","0","1405.64327675","1405.64327675","0"
"U14404500","","","USD","20241210","0.30327675","0.30327675","0","0","0","0","0","0","0","0","0","0","0","0","0","1401.35","1401.35","0","0","0","0","0","0","0","0","0","0","0","0","0","0","0","0","0","0","0","0","0","0","0","0","0","0","0","0","0","0","0","0","0","0","0","0","0","0","0","0","0","0","0","0","0","0","0","0","0","0","0","0","0","0","0","0","0","0","0","0","0","0","0","0","0","0","0","0","0","0","0","0","0","1401.65327675","1401.65327675","0"
"U14404500","","","USD","20241211","0.30327675","0.30327675","0","0","0","0","0","0","0","0","0","0","0","0","0","1411.96","1411.96","0","0","0","0","0","0","0","0","0","0","0","0","0","0","0","0","0","0","0","0","0","0","0","0","0","0","0","0","0","0","0","0","0","0","0","0","0","0","0","0","0","0","0","0","0","0","0","0","0","0","0","0","0","0","0","0","0","0","0","0","0","0","0","0","0","0","0","0","0","0","0","0","0","1412.26327675","1412.26327675","0"
"U14404500","","","USD","20241212","0.30327675","0.30327675","0","0","0","0","0","0","0","0","0","0","0","0","0","1404.68","1404.68","0","0","0","0","0","0","0","0","0","0","0","0","0","0","0","0","0","0","0","0","0","0","0","0","0","0","0","0","0","0","0","0","0","0","0","0","0","0","0","0","0","0","0","0","0","0","0","0","0","0","0","0","0","0","0","0","0","0","0","0","0","0","0","0","0","0","0","0","0","0","0","0","0","1404.98327675","1404.98327675","0"
"U14404500","","","USD","20241213","0.30327675","0.30327675","0","0","0","0","0","0","0","0","0","0","0","0","0","1404.58","1404.58","0","0","0","0","0","0","0","0","0","0","0","0","0","0","0","0","0","0","0","0","0","0","0","0","0","0","0","0","0","0","0","0","0","0","0","0","0","0","0","0","0","0","0","0","0","0","0","0","0","0","0","0","0","0","0","0","0","0","0","0","0","0","0","0","0","0","0","0","0","0","0","0","0","1404.88327675","1404.88327675","0"
"U14404500","","","USD","20241216","0.30327675","0.30327675","0","0","0","0","0","0","0","0","0","0","0","0","0","1410.09","1410.09","0","0","0","0","0","0","0","0","0","0","0","0","0","0","0","0","0","0","0","0","0","0","0","0","0","0","0","0","0","0","0","0","0","0","0","0","0","0","0","0","0","0","0","0","0","0","0","0","0","0","0","0","0","0","0","0","0","0","0","0","0","0","0","0","0","0","0","0","0","0","0","0","0","1410.39327675","1410.39327675","0"
"U14404500","","","USD","20241217","0.30327675","0.30327675","0","0","0","0","0","0","0","0","0","0","0","0","0","1404.18","1404.18","0","0","0","0","0","0","0","0","0","0","0","0","0","0","0","0","0","0","0","0","0","0","0","0","0","0","0","0","0","0","0","0","0","0","0","0","0","0","0","0","0","0","0","0","0","0","0","0","0","0","0","0","0","0","0","0","0","0","0","0","0","0","0","0","0","0","0","0","0","0","0","0","0","1404.48327675","1404.48327675","0"
"U14404500","","","USD","20241218","0.30327675","0.30327675","0","0","0","0","0","0","0","0","0","0","0","0","0","1362.95","1362.95","0","0","0","0","0","0","0","0","0","0","0","0","0","0","0","0","0","0","0","0","0","0","0","0","0","0","0","0","0","0","0","0","0","0","0","0","0","0","0","0","0","0","0","0","0","0","0","0","0","0","0","0","0","0","0","0","0","0","0","0","0","0","0","0","0","0","0","0","0","0","0","0","0","1363.25327675","1363.25327675","0"
"U14404500","","","USD","20241219","0.31327675","0.31327675","0","0","0","0","0","0","0","0","0","0","0","0","0","1362.44","1362.44","0","0","0","0","0","0","0","0","0","0","0","0","0","0","0","0","0","0","0","0","0","0","0","0","0","0","0","0","0","0","0","0","0","0","0","0","0","0","0","0","0","0","0","0","0","0","0","0","0","0","0","0","0","0","0","0","0","0","0","0","0","0","0","0","0","0","0","0","0","0","0","0","0","1362.75327675","1362.75327675","0"
"U14404500","","","USD","20241220","0.31327675","0.31327675","0","0","0","0","0","0","0","0","0","0","0","0","0","1377.86","1377.86","0","0","0","0","0","0","0","0","0","0","0","0","0","0","0","0","0","0","0","0","0","0","0","0","0","0","0","0","0","0","0","0","0","0","0","0","0","0","0","0","0","0","0","0","0","0","0","0","0","0","0","0","0","0","0","0","0","0","0","0","0","0","0","0","0","0","0","0","0","0","0","0","0","1378.17327675","1378.17327675","0"
"U14404500","","","USD","20241223","0.31327675","0.31327675","0","0","0","0","0","0","0","0","0","0","0","0","0","1383.3","1383.3","0","0","0","0","0","0","0","0","0","0","0","0","0","0","0","0","0","0","0","0","0","0","0","0","0","3.73","3.73","0","0","0","0","0","0","0","0","0","0","0","0","0","0","0","0","0","0","0","0","0","0","0","0","0","0","0","0","0","0","0","0","0","0","0","0","0","0","0","0","0","0","0","0","0","0","1387.34327675","1387.34327675","0"
"U14404500","","","USD","20241224","0.31327675","0.31327675","0","0","0","0","0","0","0","0","0","0","0","0","0","1397.53","1397.53","0","0","0","0","0","0","0","0","0","0","0","0","0","0","0","0","0","0","0","0","0","0","0","0","0","3.73","3.73","0","0","0","0","0","0","0","0","0","0","0","0","0","0","0","0","0","0","0","0","0","0","0","0","0","0","0","0","0","0","0","0","0","0","0","0","0","0","0","0","0","0","0","0","0","0","1401.57327675","1401.57327675","0"
"U14404500","","","USD","20241225","0.31327675","0.31327675","0","0","0","0","0","0","0","0","0","0","0","0","0","1397.53","1397.53","0","0","0","0","0","0","0","0","0","0","0","0","0","0","0","0","0","0","0","0","0","0","0","0","0","3.73","3.73","0","0","0","0","0","0","0","0","0","0","0","0","0","0","0","0","0","0","0","0","0","0","0","0","0","0","0","0","0","0","0","0","0","0","0","0","0","0","0","0","0","0","0","0","0","0","1401.57327675","1401.57327675","0"
"U14404500","","","USD","20241226","4.04327675","4.04327675","0","0","0","0","0","0","0","0","0","0","0","0","0","1397.5","1397.5","0","0","0","0","0","0","0","0","0","0","0","0","0","0","0","0","0","0","0","0","0","0","0","0","0","0","0","0","0","0","0","0","0","0","0","0","0","0","0","0","0","0","0","0","0","0","0","0","0","0","0","0","0","0","0","0","0","0","0","0","0","0","0","0","0","0","0","0","0","0","0","0","0","1401.54327675","1401.54327675","0"
"U14404500","","","USD","20241227","0.361163834","0.361163834","0","0","0","0","0","0","0","0","0","0","0","0","0","1386.68","1386.68","0","0","0","0","0","0","0","0","0","0","0","0","0","0","0","0","0","0","0","0","0","0","0","0","0","0","0","0","0","0","0","0","0","0","0","0","0","0","0","0","0","0","0","0","0","0","0","0","0","0","0","0","0","0","0","0","0","0","0","0","0","0","0","0","0","0","0","0","0","0","0","0","0","1387.041163834","1387.041163834","0"
"U14404500","","","USD","20241230","0.361163834","0.361163834","0","0","0","0","0","0","0","0","0","0","0","0","0","1371.25","1371.25","0","0","0","0","0","0","0","0","0","0","0","0","0","0","0","0","0","0","0","0","0","0","0","0","0","0","0","0","0","0","0","0","0","0","0","0","0","0","0","0","0","0","0","0","0","0","0","0","0","0","0","0","0","0","0","0","0","0","0","0","0","0","0","0","0","0","0","0","0","0","0","0","0","1371.611163834","1371.611163834","0"
"U14404500","","","USD","20241231","0.361163834","0.361163834","0","0","0","0","0","0","0","0","0","0","0","0","0","1365.72","1365.72","0","0","0","0","0","0","0","0","0","0","0","0","0","0","0","0","0","0","0","0","0","0","0","0","0","0","0","0","0","0","0","0","0","0","0","0","0","0","0","0","0","0","0","0","0","0","0","0","0","0","0","0","0","0","0","0","0","0","0","0","0","0","0","0","0","0","0","0","0","0","0","0","0","1366.081163834","1366.081163834","0"
"ClientAccountID","AccountAlias","Model","CurrencyPrimary","FromDate","ToDate","StartingValue","Mtm","MtmAtPaxos","Realized","ChangeInUnrealized","CostAdjustments","TransferredPnlAdjustments","DepositsWithdrawals","CarbonCredits","Donations","InternalCashTransfers","PaxosTransfers","ExcessFundSweep","AssetTransfers","DebitCardActivity","BillPay","GrantActivity","Dividends","WithholdingTax","871mWithholding","WithholdingTaxCollected","ChangeInDividendAccruals","ChangeInLiteSurchargeAccruals","ChangeInCGTWithholdingAccruals","Interest","ChangeInInterestAccruals","ChangeInIncentiveCouponAccruals","BrokerFees","changeInBrokerFeeAccruals","AdvisorFees","ClientFees","OtherFees","OtherIncome","FeesReceivables","Commissions","CommissionsAtPaxos","ReferralFee","CommissionCreditsRedemption","CommissionReceivables","ForexCommissions","TransactionTax","TaxReceivables","SalesTax","BillableSalesTax","SoftDollars","NetFxTrading","FxTranslation","LinkingAdjustments","Other","EndingValue","TWR","CorporateActionProceeds"
"U14404500","","","USD","20240311","20241231","0","61.627724","0","0","0","0","0","1300.01","0","0","0","0","0","0","0","0","0","9.92","-1.49","0","0","-0","0","0","0","0","0","0","0","0","0","0","0","0","-3.98667717","0","0","0","0","0","0","0","0","0","0","0","0","0","0","1366.081163834","10.940795076","0"
"ClientAccountID","AccountAlias","Model","CurrencyPrimary","LevelOfDetail","FromDate","ToDate","StartingCash","StartingCashSecurities","StartingCashCommodities","ClientFees","ClientFeesSecurities","ClientFeesCommodities","ClientFeesMTD","ClientFeesYTD","Commissions","CommissionsSecurities","CommissionsCommodities","CommissionsMTD","CommissionsYTD","ReferralFee","ReferralFeeSecurities","ReferralFeeCommodities","ReferralFeeMTD","ReferralFeeYTD","CommissionCreditsRedemption","CommissionCreditsRedemptionSecurities","CommissionCreditsRedemptionCommodities","CommissionCreditsRedemptionMTD","CommissionCreditsRedemptionYTD","BillableCommissions","BillableCommissionsSecurities","BillableCommissionsCommodities","BillableCommissionsMTD","BillableCommissionsYTD","Deposit/Withdrawals","Deposit/WithdrawalsSecurities","Deposit/WithdrawalsCommodities","Deposit/WithdrawalsMTD","Deposit/WithdrawalsYTD","Deposits","DepositsSecurities","DepositsCommodities","DepositsMTD","DepositsYTD","Withdrawals","WithdrawalsSecurities","WithdrawalsCommodities","WithdrawalsMTD","WithdrawalsYTD","CarbonCredits","CarbonCreditsSecurities","CarbonCreditsCommodities","CarbonCreditsMTD","CarbonCreditsYTD","Donations","DonationsSecurities","DonationsCommodities","DonationsMTD","DonationsYTD","AccountTransfers","AccountTransfersSecurities","AccountTransfersCommodities","AccountTransfersMTD","AccountTransfersYTD","LinkingAdjustments","LinkingAdjustmentsSecurities","LinkingAdjustmentsCommodities","InternalTransfers","InternalTransfersSecurities","InternalTransfersCommodities","InternalTransfersMTD","InternalTransfersYTD","PaxosTransfers","PaxosTransfersSecurities","PaxosTransfersCommodities","PaxosTransfersMTD","PaxosTransfersYTD","ExcessFundSweep","ExcessFundSweepSec","ExcessFundSweepCom","ExcessFundSweepMTD","ExcessFundSweepYTD","DebitCardActivity","DebitCardActivitySecurities","DebitCardActivityCommodities","DebitCardActivityMTD","DebitCardActivityYTD","BillPay","BillPaySecurities","BillPayCommodities","BillPayMTD","BillPayYTD","Dividends","DividendsSecurities","DividendsCommodities","DividendsMTD","DividendsYTD","InsuredDepositInterest","InsuredDepositInterestSecurities","InsuredDepositInterestCommodities","InsuredDepositInterestMTD","InsuredDepositInterestYTD","BrokerInterest","BrokerInterestSecurities","BrokerInterestCommodities","BrokerInterestMTD","BrokerInterestYTD","BrokerFees","BrokerFeesSecurities","BrokerFeesCommodities","BrokerFeesMTD","BrokerFeesYTD","BondInterest","BondInterestSecurities","BondInterestCommodities","BondInterestMTD","BondInterestYTD","CashSettlingMtm","CashSettlingMtmSecurities","CashSettlingMtmCommodities","CashSettlingMtmMTD","CashSettlingMtmYTD","RealizedVm","RealizedVmSecurities","RealizedVmCommodities","RealizedVmMTD","RealizedVmYTD","RealizedForexVm","RealizedForexVmSecurities","RealizedForexVmCommodities","RealizedForexVmMTD","RealizedForexVmYTD","CFDCharges","CFDChargesSecurities","CFDChargesCommodities","CFDChargesMTD","CFDChargesYTD","NetTradesSales","NetTradesSalesSecurities","NetTradesSalesCommodities","NetTradesSalesMTD","NetTradesSalesYTD","NetTradesPurchases","NetTradesPurchasesSecurities","NetTradesPurchasesCommodities","NetTradesPurchasesMTD","NetTradesPurchasesYTD","AdvisorFees","AdvisorFeesSecurities","AdvisorFeesCommodities","AdvisorFeesMTD","AdvisorFeesYTD","FeesReceivables","FeesReceivablesSecurities","FeesReceivablesCommodities","FeesReceivablesMTD","FeesReceivablesYTD","PaymentInLieu","PaymentInLieuSecurities","PaymentInLieuCommodities","PaymentInLieuMTD","PaymentInLieuYTD","TransactionTax","TransactionTaxSecurities","TransactionTaxCommodities","TransactionTaxMTD","TransactionTaxYTD","TaxReceivables","TaxReceivablesSecurities","TaxReceivablesCommodities","TaxReceivablesMTD","TaxReceivablesYTD","WithholdingTax","WithholdingTaxSecurities","WithholdingTaxCommodities","WithholdingTaxMTD","WithholdingTaxYTD","871mWithholding","871mWithholdingSecurities","871mWithholdingCommodities","871mWithholdingMTD","871mWithholdingYTD","WithholdingTaxCollected","WithholdingTaxCollectedSecurities","WithholdingTaxCollectedCommodities","WithholdingTaxCollectedMTD","WithholdingTaxCollectedYTD","SalesTax","SalesTaxSecurities","SalesTaxCommodities","SalesTaxMTD","SalesTaxYTD","BillableSalesTax","BillableSalesTaxSecurities","BillableSalesTaxCommodities","BillableSalesTaxMTD","BillableSalesTaxYTD","ipoSubscription","ipoSubscriptionSecurities","ipoSubscriptionCommodities","ipoSubscriptionMTD","ipoSubscriptionYTD","FXTranslationGain/Loss","FXTranslationGain/LossSecurities","FXTranslationGain/LossCommodities","OtherFees","OtherFeesSecurities","OtherFeesCommodities","OtherFeesMTD","OtherFeesYTD","OtherIncome","OtherIncomeSecurities","OtherIncomeCommodities","OtherIncomeMTD","OtherIncomeYTD","Other","OtherSecurities","OtherCommodities","EndingCash","EndingCashSecurities","EndingCashCommodities","EndingSettledCash","EndingSettledCashSecurities","EndingSettledCashCommodities","StartingCashCollateralSLB","StartingCashCollateralSLBSecurities","StartingCashCollateralSLBCommodities","NetSecuritiesLentActivitySLB","NetSecuritiesLentActivitySLBSecurities","NetSecuritiesLentActivitySLBCommodities","EndingCashCollateralSLB","EndingCashCollateralSLBSecurities","EndingCashCollateralSLBCommodities","NetCashBalanceSLB","NetCashBalanceSLBSecurities","NetCashBalanceSLBCommodities","NetSettledCashBalanceSLB","NetSettledCashBalanceSLBSecurities","NetSettledCashBalanceSLBCommodities"
"U14404500","","","BASE_SUMMARY","BaseCurrency","20240311","20241231","0","0","0","0","0","0","0","0","-3.98667717","-3.98667717","0","-0.00367892","-3.98667717","0","0","0","0","0","0","0","0","0","0","0","0","0","0","0","1300.01","1300.01","0","0.01","1300.01","1300.01","1300.01","0","0.01","1300.01","0","0","0","0","0","0","0","0","0","0","0","0","0","0","0","0","0","0","0","0","0","0","0","0","0","0","0","0","0","0","0","0","0","0","0","0","0","0","0","0","0","0","0","0","0","0","0","0","9.92","9.92","0","4.39","9.92","0","0","0","0","0","0","0","0","0","0","0","0","0","0","0","0","0","0","0","0","0","0","0","0","0","0","0","0","0","0","0","0","0","0","0","0","0","0","0","0","0","0","0","0","0","-1304.092159","-1304.092159","0","-3.678434","-1304.092159","0","0","0","0","0","0","0","0","0","0","0","0","0","0","0","0","0","0","0","0","0","0","0","0","0","-1.49","-1.49","0","-0.66","-1.49","0","0","0","0","0","0","0","0","0","0","0","0","0","0","0","0","0","0","0","0","0","0","0","0","0","0","0","0","0","0","0","0","0","0","0","0","0","0","0","0","0","0.361163834","0.361163834","0","0.361163834","0.361163834","0","0","0","0","0","0","0","0","0","0","0.361163834","0.361163834","0","0.361163834","0.361163834","0"
"U14404500","","","USD","Currency","20240311","20241231","0","0","0","0","0","0","0","0","-3.98667717","-3.98667717","0","-0.00367892","-3.98667717","0","0","0","0","0","0","0","0","0","0","0","0","0","0","0","1300.01","1300.01","0","0.01","1300.01","1300.01","1300.01","0","0.01","1300.01","0","0","0","0","0","0","0","0","0","0","0","0","0","0","0","0","0","0","0","0","0","0","0","0","0","0","0","0","0","0","0","0","0","0","0","0","0","0","0","0","0","0","0","0","0","0","0","0","9.92","9.92","0","4.39","9.92","0","0","0","0","0","0","0","0","0","0","0","0","0","0","0","0","0","0","0","0","0","0","0","0","0","0","0","0","0","0","0","0","0","0","0","0","0","0","0","0","0","0","0","0","0","-1304.092159","-1304.092159","0","-3.678434","-1304.092159","0","0","0","0","0","0","0","0","0","0","0","0","0","0","0","0","0","0","0","0","0","0","0","0","0","-1.49","-1.49","0","-0.66","-1.49","0","0","0","0","0","0","0","0","0","0","0","0","0","0","0","0","0","0","0","0","0","0","0","0","0","0","0","0","0","0","0","0","0","0","0","0","0","0","0","0","0","0.361163834","0.361163834","0","0.361163834","0.361163834","0","0","0","0","0","0","0","0","0","0","0.361163834","0.361163834","0","0.361163834","0.361163834","0"
"ClientAccountID","AccountAlias","Model","CurrencyPrimary","FXRateToBase","AssetClass","SubCategory","Symbol","Description","Conid","SecurityID","SecurityIDType","CUSIP","ISIN","FIGI","ListingExchange","UnderlyingConid","UnderlyingSymbol","UnderlyingSecurityID","UnderlyingListingExchange","Issuer","IssuerCountryCode","Multiplier","Strike","Expiry","Put/Call","PrincipalAdjustFactor","ReportDate","Quantity","MarkPrice","PositionValue","OpenPrice","CostBasisPrice","CostBasisMoney","PercentOfNAV","FifoPnlUnrealized","Side","LevelOfDetail","OpenDateTime","HoldingPeriodDateTime","VestingDate","Code","OriginatingOrderID","OriginatingTransactionID","AccruedInterest","SerialNumber","DeliveryType","CommodityType","Fineness","Weight"
"U14404500","","","USD","1","STK","ETF","VOO","VANGUARD S&P 500 ETF","136155102","US9229083632","ISIN","922908363","US9229083632","BBG0015VYNT4","ARCA","","VOO","","","","US","1","","","","","20241231","2.5347","538.81","1365.72","516.068496864","516.068496864","1308.078819","100.00","57.641181","Long","SUMMARY","","","","","","","","","","","0.0","0.0"
"ClientAccountID","AccountAlias","Model","CurrencyPrimary","FXRateToBase","AssetClass","SubCategory","Symbol","Description","Conid","SecurityID","SecurityIDType","CUSIP","ISIN","FIGI","ListingExchange","UnderlyingConid","UnderlyingSymbol","UnderlyingSecurityID","UnderlyingListingExchange","Issuer","IssuerCountryCode","TradeID","Multiplier","RelatedTradeID","Strike","ReportDate","Expiry","DateTime","Put/Call","TradeDate","PrincipalAdjustFactor","SettleDateTarget","TransactionType","Exchange","Quantity","TradePrice","TradeMoney","Proceeds","Taxes","IBCommission","IBCommissionCurrency","NetCash","ClosePrice","Open/CloseIndicator","Notes/Codes","CostBasis","FifoPnlRealized","MtmPnl","OrigTradePrice","OrigTradeDate","OrigTradeID","OrigOrderID","OrigTransactionID","Buy/Sell","ClearingFirmID","IBOrderID","TransactionID","IBExecID","RelatedTransactionID","RTN","BrokerageOrderID","OrderReference","VolatilityOrderLink","ExchOrderID","ExtExecID","OrderTime","OpenDateTime","HoldingPeriodDateTime","WhenRealized","WhenReopened","LevelOfDetail","ChangeInPrice","ChangeInQuantity","OrderType","TraderID","IsAPIOrder","AccruedInterest","InitialInvestment","PositionActionID","SerialNumber","DeliveryType","CommodityType","Fineness","Weight"
"U14404500","","","USD","1","STK","ETF","VOO","VANGUARD S&P 500 ETF","136155102","US9229083632","ISIN","922908363","US9229083632","BBG0015VYNT4","ARCA","","","","","","US","6129799872","1","","","20240311","","20240311;093002","","20240311","","20240313","ExchTrade","IBKR","0.2109","469.14","98.941626","-98.941626","0","-0.98941626","USD","-99.93104226","470","O","FP;P","99.93104226","0","0.1814","0","","","0","0","BUY","","3163944553","26848906953","000102df.65eeecae.01.01","","","014ced35.0001af89.65ee856d.0001","","","N/A","014ced35.000230c0.65eec13a.0001","20240311;090601","","","","","EXECUTION","0","0","MKT","","N","0","","","","","","0.0","0.0"
"U14404500","","","USD","1","STK","ETF","VOO","VANGUARD S&P 500 ETF","136155102","US9229083632","ISIN","922908363","US9229083632","BBG0015VYNT4","ARCA","","","","","","US","6129879919","1","","","20240311","","20240311;093045","","20240311","","20240313","ExchTrade","IBKR","0.0001","469.52","0.046952","-0.046952","0","-0.00046952","USD","-0.04742152","470","O","FP;P","0.04742152","0","0","0","","","0","0","BUY","","3163944553","26849069678","000102df.65ef1272.01.01","","","014ced35.0001af89.65ee856d.0001","","","N/A","014ced35.000230c0.65eec1bb.0007","20240311;090601","","","","","EXECUTION","0","0","MKT","","N","0","","","","","","0.0","0.0"
"U14404500","","","USD","1","STK","ETF","VOO","VANGUARD S&P 500 ETF","136155102","US9229083632","ISIN","922908363","US9229083632","BBG0015VYNT4","ARCA","","","","","","US","6156186355","1","","","20240320","","20240320;093015","","20240320","","20240322","ExchTrade","IBKR","0.2081","475.5","98.95155","-98.95155","0","-0.9895155","USD","-99.9410655","479.75","O","P;RP","99.9410655","0","0.8844","0","","","0","0","BUY","","3178338063","26964748774","000102df.65fad62f.01.01","","","014ced35.0001af89.65fa632e.0001","","","N/A","00010e04.65fac8dd.01.01","20240320;090853","","","","","EXECUTION","0","0","MKT","","N","0","","","","","","0.0","0.0"
"U14404500","","","USD","1","STK","ETF","VOO","VANGUARD S&P 500 ETF","136155102","US9229083632","ISIN","922908363","US9229083632","BBG0015VYNT4","ARCA","","","","","","US","6156199221","1","","","20240320","","20240320;093023","","20240320","","20240322","ExchTrade","IBKR","0.0001","475.59","0.047559","-0.047559","0","-0.00047559","USD","-0.04803459","479.75","O","FP;P","0.04803459","0","0.0004","0","","","0","0","BUY","","3178338063","26964756152","000102df.65fade01.01.01","","","014ced35.0001af89.65fa632e.0001","","","N/A","014ced35.000230c0.65fa9db3.0001","20240320;090853","","","","","EXECUTION","0","0","MKT","","N","0","","","","","","0.0","0.0"
"U14404500","","","USD","1","STK","ETF","VOO","VANGUARD S&P 500 ETF","136155102","US9229083632","ISIN","922908363","US9229083632","BBG0015VYNT4","ARCA","","","","","","US","6589253800","1","","","20240816","","20240816;115052","","20240816","","20240819","ExchTrade","IBKR","0.1967","508.15","99.953105","-99.953105","0","-0.99953105","USD","-100.95263605","509.45","O","FP","100.95263605","0","0.2557","0","","","0","0","BUY","","3426633374","28765375856","00012978.66bf64ca.01.01","","","014ced35.0001b1c3.66bed57e.0001","","","N/A","014ced35.000230c0.66bf217e.0001","20240816;114102","","","","","EXECUTION","0","0","LMT","","N","0","","","","","","0.0","0.0"
"U14404500","","","USD","1","STK","ETF","VOO","VANGUARD S&P 500 ETF","136155102","US9229083632","ISIN","922908363","US9229083632","BBG0015VYNT4","ARCA","","VOO","","","","US","6693271391","1","","","20240919","","20240919;093130","","20240919","","20240920","ExchTrade","IBKR","0.9054","524.29","474.692166","-474.692166","0","-1.000047081","USD","-475.692213081","524.91","O","P;RP","475.692213081","0","0.5613","0","","","0","0","BUY","","3485684252","29178901654","00012978.66ec1516.01.01","","","014ced35.0001b1c3.66eba679.0001","","","N/A","00010e04.66ec11f9.01.01","20240919;070701","","","","","EXECUTION","0","0","LMT","","N","0","","","","","","0.0","0.0"
"U14404500","","","USD","1","STK","ETF","VOO","VANGUARD S&P 500 ETF","136155102","US9229083632","ISIN","922908363","US9229083632","BBG0015VYNT4","ARCA","","VOO","","","","US","6693272710","1","","","20240919","","20240919;093130","","20240919","","20240920","ExchTrade","ARCA","1","524.29","524.29","-524.29","0","-0.000052","USD","-524.290052","524.91","O","P","524.290052","0","0.62","0","","","0","0","BUY","","3485684252","29178902409","0001ebb8.66ebcc0b.01.01","","","014ced35.0001b1c3.66eba679.0001","","","N/A","0d.a2bc.14.01.000e25:26138","20240919;070701","","","","","EXECUTION","0","0","LMT","","N","0","","","","","","0.0","0.0"
"U14404500","","","USD","1","STK","ETF","VOO","VANGUARD S&P 500 ETF","136155102","US9229083632","ISIN","922908363","US9229083632","BBG0015VYNT4","ARCA","","VOO","","","","US","6737749987","1","","","20241002","","20241002;093338","","20241002","","20241003","ExchTrade","IBDRIPUS","0.0067","521.01","3.490767","-3.490767","0","-0.003491249","USD","-3.494258249","522.83","O","R","3.494258249","0","0.0122","0","","","0","0","BUY","","3511012008","29357885140","0000f993.66fee75c.01.01","","","","","","N/A","N/A","20241002;093338","","","","","EXECUTION","0","0","","","N","0","","","","","","0.0","0.0"
"U14404500","","","USD","1","STK","ETF","VOO","VANGUARD S&P 500 ETF","136155102","US9229083632","ISIN","922908363","US9229083632","BBG0015VYNT4","ARCA","","VOO","","","","US","7072691855","1","","","20241227","","20241227;093349","","20241227","","20241230","ExchTrade","IBDRIPUS","0.0067","549.02","3.678434","-3.678434","0","-0.003678916","USD","-3.682112916","547.08","O","R","3.682112916","0","-0.013","0","","","0","0","BUY","","3702957741","30638991237","0000f993.676fdf5a.01.01","","","","","","N/A","N/A","20241227;093349","","","","","EXECUTION","0","0","","","N","0","","","","","","0.0","0.0"
"ClientAccountID","AccountAlias","Model","CurrencyPrimary","FXRateToBase","AssetClass","SubCategory","Symbol","Description","Conid","SecurityID","SecurityIDType","CUSIP","ISIN","FIGI","ListingExchange","UnderlyingConid","UnderlyingSymbol","UnderlyingSecurityID","UnderlyingListingExchange","Issuer","IssuerCountryCode","Multiplier","Strike","Expiry","Put/Call","PrincipalAdjustFactor","Date","ReportDate","SettleDate","TaxDescription","Quantity","TaxAmount","OrderID","TradeID","TradePrice","Source","Code","LevelOfDetail","SerialNumber","DeliveryType","CommodityType","Fineness","Weight"
"ClientAccountID","AccountAlias","Model","CurrencyPrimary","FXRateToBase","AssetClass","SubCategory","Symbol","Description","Conid","SecurityID","SecurityIDType","CUSIP","ISIN","FIGI","ListingExchange","UnderlyingConid","UnderlyingSymbol","UnderlyingSecurityID","UnderlyingListingExchange","Issuer","IssuerCountryCode","Multiplier","Strike","Expiry","Put/Call","PrincipalAdjustFactor","Report Date","Date/Time","ActionDescription","Amount","Proceeds","Value","Quantity","CostBasis","FifoPnlRealized","MtmPnl","Code","Type","TransactionID","ActionID","LevelOfDetail","SerialNumber","DeliveryType","CommodityType","Fineness","Weight"
"ClientAccountID","AccountAlias","Model","CurrencyPrimary","FXRateToBase","AssetClass","SubCategory","Symbol","Description","Conid","SecurityID","SecurityIDType","CUSIP","ISIN","FIGI","ListingExchange","UnderlyingConid","UnderlyingSymbol","UnderlyingSecurityID","UnderlyingListingExchange","Issuer","IssuerCountryCode","Multiplier","Strike","Expiry","Put/Call","PrincipalAdjustFactor","Date/Time","SettleDate","AvailableForTradingDate","Amount","Type","DividendType","TradeID","Code","TransactionID","ReportDate","ExDate","ClientReference","ActionID","LevelOfDetail","SerialNumber","DeliveryType","CommodityType","Fineness","Weight"
"U14404500","","","USD","1","STK","ETF","VOO","VOO(US9229083632) CASH DIVIDEND USD 1.5429 PER SHARE - US TAX","136155102","US9229083632","ISIN","922908363","US9229083632","BBG0015VYNT4","ARCA","","","","","","US","1","","","","","20240327;202000","20240327","","-0.2","Withholding Tax","","","","27167909803","20240408","","","135402040","DETAIL","","","","0.0","0.0"
"U14404500","","","USD","1","STK","ETF","VOO","VOO(US9229083632) CASH DIVIDEND USD 1.5429 PER SHARE - US TAX","136155102","US9229083632","ISIN","922908363","US9229083632","BBG0015VYNT4","ARCA","","","","","","US","1","","","","","20240327;202000","20240327","","0.2","Withholding Tax","","","","27509135899","20240507","","","135402040","DETAIL","","","","0.0","0.0"
"U14404500","","","USD","1","STK","ETF","VOO","VOO(US9229083632) CASH DIVIDEND USD 1.5429 PER SHARE - US TAX","136155102","US9229083632","ISIN","922908363","US9229083632","BBG0015VYNT4","ARCA","","","","","","US","1","","","","","20240327;202000","20240327","","-0.1","Withholding Tax","","","","27509135903","20240507","","","135402040","DETAIL","","","","0.0","0.0"
"U14404500","","","USD","1","STK","ETF","VOO","VOO(US9229083632) CASH DIVIDEND USD 1.7835 PER SHARE - US TAX","136155102","US9229083632","ISIN","922908363","US9229083632","BBG0015VYNT4","ARCA","","","","","","US","1","","","","","20240702;202000","20240702","","-0.11","Withholding Tax","","","","28169096737","20240702","","","138267045","DETAIL","","","","0.0","0.0"
"U14404500","","","USD","1","STK","ETF","VOO","VOO(US9229083632) CASH DIVIDEND USD 1.6386 PER SHARE - US TAX","136155102","US9229083632","ISIN","922908363","US9229083632","BBG0015VYNT4","ARCA","","VOO","","","","US","1","","","","","20241001;202000","20241001","","-0.62","Withholding Tax","","","","29343571908","20241001","","","142104627","DETAIL","","","","0.0","0.0"
"U14404500","","","USD","1","STK","ETF","VOO","VOO(US9229083632) CASH DIVIDEND USD 1.7385 PER SHARE - US TAX","136155102","US9229083632","ISIN","922908363","US9229083632","BBG0015VYNT4","ARCA","","VOO","","","","US","1","","","","","20241226;202000","20241226","","-0.66","Withholding Tax","","","","30625113241","20241226","","","145468045","DETAIL","","","","0.0","0.0"
"U14404500","","","USD","1","STK","ETF","VOO","VOO(US9229083632) CASH DIVIDEND USD 1.5429 PER SHARE (Ordinary Dividend)","136155102","US9229083632","ISIN","922908363","US9229083632","BBG0015VYNT4","ARCA","","","","","","US","1","","","","","20240327;202000","20240327","","0.65","Dividends","Ordinary Dividend","","","27167909785","20240408","20240322","","135402040","DETAIL","","","","0.0","0.0"
"U14404500","","","USD","1","STK","ETF","VOO","VOO(US9229083632) CASH DIVIDEND USD 1.7835 PER SHARE (Ordinary Dividend)","136155102","US9229083632","ISIN","922908363","US9229083632","BBG0015VYNT4","ARCA","","","","","","US","1","","","","","20240702;202000","20240702","","0.75","Dividends","Ordinary Dividend","","","28169096730","20240702","20240628","","138267045","DETAIL","","","","0.0","0.0"
"U14404500","","","USD","1","STK","ETF","VOO","VOO(US9229083632) CASH DIVIDEND USD 1.6386 PER SHARE (Ordinary Dividend)","136155102","US9229083632","ISIN","922908363","US9229083632","BBG0015VYNT4","ARCA","","VOO","","","","US","1","","","","","20241001;202000","20241001","","4.13","Dividends","Ordinary Dividend","","","29343571893","20241001","20240927","","142104627","DETAIL","","","","0.0","0.0"
"U14404500","","","USD","1","STK","ETF","VOO","VOO(US9229083632) CASH DIVIDEND USD 1.7385 PER SHARE (Ordinary Dividend)","136155102","US9229083632","ISIN","922908363","US9229083632","BBG0015VYNT4","ARCA","","VOO","","","","US","1","","","","","20241226;202000","20241226","","4.39","Dividends","Ordinary Dividend","","","30625113230","20241226","20241223","","145468045","DETAIL","","","","0.0","0.0"
"U14404500","","","USD","1","","","","CASH RECEIPTS / ELECTRONIC FUND TRANSFERS","","","","","","","","","","","","","","0","","","","","20240311","20240311","20240311","100","Deposits/Withdrawals","","","","26848124152","20240311","","FROM BANK OF AMERICA","","DETAIL","","","","0.0","0.0"
"U14404500","","","USD","1","","","","CASH RECEIPTS / ELECTRONIC FUND TRANSFERS","","","","","","","","","","","","","","0","","","","","20240319","20240319","20240319","100","Deposits/Withdrawals","","","","26948761101","20240319","","FROM BANK OF AMERICA","","DETAIL","","","","0.0","0.0"
"U14404500","","","USD","1","","","","CASH RECEIPTS / ELECTRONIC FUND TRANSFERS","","","","","","","","","","","","","","0","","","","","20240812","20240812","20240812","100","Deposits/Withdrawals","","","","28691683089","20240812","","FROM BANK OF AMERICA","","DETAIL","","","","0.0","0.0"
"U14404500","","","USD","1","","","","CASH RECEIPTS / ELECTRONIC FUND TRANSFERS","","","","","","","","","","","","","","0","","","","","20240919","20240919","20240919","1000","Deposits/Withdrawals","","","","29177860142","20240919","","FROM BANK OF AMERICA","","DETAIL","","","","0.0","0.0"
"U14404500","","","USD","1","","","","ADJUSTMENT: COMMISSION","","","","","","","","","","","","","","0","","","","","20241218;153618","20241218","","0.01","Deposits/Withdrawals","","","","30520234723","20241219","","Consolidated Audit Trail Fee Refund","","DETAIL","","","","0.0","0.0"
"ClientAccountID","AccountAlias","Model","CurrencyPrimary","FromDate","ToDate","StartingAccrualBalance","InterestAccrued","AccrualReversal","FXTranslation","EndingAccrualBalance"
"ClientAccountID","AccountAlias","Model","CurrencyPrimary","FXRateToBase","AssetClass","SubCategory","Symbol","Description","Conid","SecurityID","SecurityIDType","CUSIP","ISIN","FIGI","ListingExchange","UnderlyingConid","UnderlyingSymbol","UnderlyingSecurityID","UnderlyingListingExchange","Issuer","IssuerCountryCode","Multiplier","Strike","Expiry","Put/Call","PrincipalAdjustFactor","ReportDate","Date","DateTime","SettleDate","Type","Direction","TransferCompany","TransferAccount","TransferAccountName","DeliveringBroker","Quantity","TransferPrice","PositionAmount","PositionAmountInBase","PnlAmount","PnlAmountInBase","CashTransfer","Code","ClientReference","TransactionID","LevelOfDetail","PositionInstructionID","PositionInstructionSetID","SerialNumber","DeliveryType","CommodityType","Fineness","Weight"
"CurrencyPrimary","AssetClass","SubCategory","Symbol","Description","Conid","SecurityID","SecurityIDType","CUSIP","ISIN","FIGI","ListingExchange","UnderlyingConid","UnderlyingSymbol","UnderlyingSecurityID","UnderlyingListingExchange","Issuer","IssuerCountryCode","Multiplier","Strike","Expiry","Put/Call","PrincipalAdjustFactor","Maturity","IssueDate","UnderlyingCategory","SettlementPolicyMethod","Code","SerialNumber","DeliveryType","CommodityType","Fineness","Weight"
"USD","STK","ETF","VOO","VANGUARD S&P 500 ETF","136155102","US9229083632","ISIN","922908363","US9229083632","BBG0015VYNT4","ARCA","","VOO","","","","US","1","","","","","","","","","","","","","0.0","0.0"
"Date/Time","FromCurrency","ToCurrency","Rate"
"20240311","CHF","USD","1.1396"
"20240312","CHF","USD","1.1399"
"20240313","CHF","USD","1.1378"
"20240314","CHF","USD","1.1316"
"20240315","CHF","USD","1.1316"
"20240317","CHF","USD","1.1323"
"20240318","CHF","USD","1.1264"
"20240319","CHF","USD","1.126"
"20240320","CHF","USD","1.1276"
"20240321","CHF","USD","1.1142"
"20240322","CHF","USD","1.1143"
"20240324","CHF","USD","1.1143"
"20240325","CHF","USD","1.1118"
"20240326","CHF","USD","1.1062"
"20240327","CHF","USD","1.1064"
"20240328","CHF","USD","1.109"
"20240329","CHF","USD","1.1087"
"20240331","CHF","USD","1.1084"
"20240401","CHF","USD","1.1058"
"20240402","CHF","USD","1.1013"
"20240403","CHF","USD","1.1075"
"20240404","CHF","USD","1.1094"
"20240405","CHF","USD","1.1087"
"20240407","CHF","USD","1.1091"
"20240408","CHF","USD","1.1045"
"20240409","CHF","USD","1.1067"
"20240410","CHF","USD","1.0954"
"20240411","CHF","USD","1.0989"
"20240412","CHF","USD","1.0936"
"20240414","CHF","USD","1.0939"
"20240415","CHF","USD","1.097"
"20240416","CHF","USD","1.0953"
"20240417","CHF","USD","1.098"
"20240418","CHF","USD","1.096"
"20240419","CHF","USD","1.0984"
"20240421","CHF","USD","1.098"
"20240422","CHF","USD","1.0964"
"20240423","CHF","USD","1.0966"
"20240424","CHF","USD","1.0927"
"20240425","CHF","USD","1.0962"
"20240426","CHF","USD","1.0935"
"20240428","CHF","USD","1.0937"
"20240429","CHF","USD","1.0983"
"20240430","CHF","USD","1.0876"
"20240501","CHF","USD","1.092"
"20240502","CHF","USD","1.0981"
"20240503","CHF","USD","1.1048"
"20240505","CHF","USD","1.1042"
"20240506","CHF","USD","1.1034"
"20240507","CHF","USD","1.1008"
"20240508","CHF","USD","1.1013"
"20240509","CHF","USD","1.1038"
"20240510","CHF","USD","1.1032"
"20240512","CHF","USD","1.1033"
"20240513","CHF","USD","1.101"
"20240514","CHF","USD","1.1031"
"20240515","CHF","USD","1.1084"
"20240516","CHF","USD","1.1035"
"20240517","CHF","USD","1.0999"
"20240519","CHF","USD","1.1"
"20240520","CHF","USD","1.0982"
"20240521","CHF","USD","1.0977"
"20240522","CHF","USD","1.092"
"20240523","CHF","USD","1.0937"
"20240524","CHF","USD","1.0932"
"20240526","CHF","USD","1.0939"
"20240527","CHF","USD","1.0945"
"20240528","CHF","USD","1.0959"
"20240529","CHF","USD","1.095"
"20240530","CHF","USD","1.107"
"20240531","CHF","USD","1.1082"
"20240602","CHF","USD","1.1072"
"20240603","CHF","USD","1.1164"
"20240604","CHF","USD","1.1233"
"20240605","CHF","USD","1.1192"
"20240606","CHF","USD","1.1245"
"20240607","CHF","USD","1.1154"
"20240609","CHF","USD","1.1137"
"20240610","CHF","USD","1.1154"
"20240611","CHF","USD","1.114"
"20240612","CHF","USD","1.1181"
"20240613","CHF","USD","1.1187"
"20240614","CHF","USD","1.1234"
"20240616","CHF","USD","1.1235"
"20240617","CHF","USD","1.1242"
"20240618","CHF","USD","1.131"
"20240619","CHF","USD","1.1307"
"20240620","CHF","USD","1.1218"
"20240621","CHF","USD","1.1184"
"20240623","CHF","USD","1.1193"
"20240624","CHF","USD","1.1198"
"20240625","CHF","USD","1.1176"
"20240626","CHF","USD","1.1143"
"20240627","CHF","USD","1.1125"
"20240628","CHF","USD","1.1127"
"20240630","CHF","USD","1.1132"
"20240701","CHF","USD","1.1077"
"20240702","CHF","USD","1.1062"
"20240703","CHF","USD","1.1092"
"20240704","CHF","USD","1.111"
"20240705","CHF","USD","1.1163"
"20240707","CHF","USD","1.1158"
"20240708","CHF","USD","1.114"
"20240709","CHF","USD","1.1138"
"20240710","CHF","USD","1.1116"
"20240711","CHF","USD","1.1155"
"20240712","CHF","USD","1.1181"
"20240714","CHF","USD","1.1181"
"20240715","CHF","USD","1.1163"
"20240716","CHF","USD","1.1189"
"20240717","CHF","USD","1.132"
"20240718","CHF","USD","1.1265"
"20240719","CHF","USD","1.1248"
"20240721","CHF","USD","1.1246"
"20240722","CHF","USD","1.1241"
"20240723","CHF","USD","1.1219"
"20240724","CHF","USD","1.1297"
"20240725","CHF","USD","1.1342"
"20240726","CHF","USD","1.1317"
"20240728","CHF","USD","1.1317"
"20240729","CHF","USD","1.1285"
"20240730","CHF","USD","1.133"
"20240731","CHF","USD","1.1389"
"20240801","CHF","USD","1.1455"
"20240802","CHF","USD","1.1656"
"20240804","CHF","USD","1.1659"
"20240805","CHF","USD","1.1731"
"20240806","CHF","USD","1.1745"
"20240807","CHF","USD","1.1605"
"20240808","CHF","USD","1.1538"
"20240809","CHF","USD","1.1556"
"20240811","CHF","USD","1.1566"
"20240812","CHF","USD","1.1558"
"20240813","CHF","USD","1.1563"
"20240814","CHF","USD","1.1558"
"20240815","CHF","USD","1.146"
"20240816","CHF","USD","1.1545"
"20240818","CHF","USD","1.1543"
"20240819","CHF","USD","1.159"
"20240820","CHF","USD","1.1709"
"20240821","CHF","USD","1.1741"
"20240822","CHF","USD","1.1733"
"20240823","CHF","USD","1.1794"
"20240825","CHF","USD","1.1796"
"20240826","CHF","USD","1.1803"
"20240827","CHF","USD","1.1883"
"20240828","CHF","USD","1.1873"
"20240829","CHF","USD","1.1801"
"20240830","CHF","USD","1.1764"
"20240901","CHF","USD","1.1763"
"20240902","CHF","USD","1.1741"
"20240903","CHF","USD","1.1759"
"20240904","CHF","USD","1.1813"
"20240905","CHF","USD","1.1848"
"20240906","CHF","USD","1.1861"
"20240908","CHF","USD","1.1846"
"20240909","CHF","USD","1.1774"
"20240910","CHF","USD","1.1807"
"20240911","CHF","USD","1.1733"
"20240912","CHF","USD","1.1749"
"20240913","CHF","USD","1.1777"
"20240915","CHF","USD","1.1777"
"20240916","CHF","USD","1.1837"
"20240917","CHF","USD","1.1803"
"20240918","CHF","USD","1.1818"
"20240919","CHF","USD","1.1795"
"20240920","CHF","USD","1.1762"
"20240922","CHF","USD","1.1762"
"20240923","CHF","USD","1.1799"
"20240924","CHF","USD","1.1858"
"20240925","CHF","USD","1.1759"
"20240926","CHF","USD","1.1818"
"20240927","CHF","USD","1.1897"
"20240929","CHF","USD","1.1889"
"20240930","CHF","USD","1.1826"
"20241001","CHF","USD","1.1812"
"20241002","CHF","USD","1.1768"
"20241003","CHF","USD","1.1726"
"20241004","CHF","USD","1.1653"
"20241006","CHF","USD","1.1645"
"20241007","CHF","USD","1.1704"
"20241008","CHF","USD","1.1665"
"20241009","CHF","USD","1.1617"
"20241010","CHF","USD","1.1679"
"20241011","CHF","USD","1.1665"
"20241013","CHF","USD","1.1666"
"20241014","CHF","USD","1.1594"
"20241015","CHF","USD","1.1599"
"20241016","CHF","USD","1.1554"
"20241017","CHF","USD","1.1547"
"20241018","CHF","USD","1.1564"
"20241020","CHF","USD","1.156"
"20241021","CHF","USD","1.1545"
"20241022","CHF","USD","1.1556"
"20241023","CHF","USD","1.1541"
"20241024","CHF","USD","1.155"
"20241025","CHF","USD","1.1536"
"20241027","CHF","USD","1.1525"
"20241028","CHF","USD","1.1557"
"20241029","CHF","USD","1.1529"
"20241030","CHF","USD","1.1539"
"20241031","CHF","USD","1.158"
"20241101","CHF","USD","1.1497"
"20241103","CHF","USD","1.1529"
"20241104","CHF","USD","1.1572"
"20241105","CHF","USD","1.1585"
"20241106","CHF","USD","1.1407"
"20241107","CHF","USD","1.1462"
"20241108","CHF","USD","1.142"
"20241110","CHF","USD","1.1419"
"20241111","CHF","USD","1.1352"
"20241112","CHF","USD","1.1342"
"20241113","CHF","USD","1.1286"
"20241114","CHF","USD","1.1231"
"20241115","CHF","USD","1.126"
"20241117","CHF","USD","1.1261"
"20241118","CHF","USD","1.1323"
"20241119","CHF","USD","1.1333"
"20241120","CHF","USD","1.1309"
"20241121","CHF","USD","1.1277"
"20241122","CHF","USD","1.1185"
"20241124","CHF","USD","1.1188"
"20241125","CHF","USD","1.1283"
"20241126","CHF","USD","1.128"
"20241127","CHF","USD","1.1338"
"20241128","CHF","USD","1.1324"
"20241129","CHF","USD","1.1351"
"20241201","CHF","USD","1.135"
"20241202","CHF","USD","1.128"
"20241203","CHF","USD","1.1282"
"20241204","CHF","USD","1.1307"
"20241205","CHF","USD","1.1382"
"20241206","CHF","USD","1.138"
"20241208","CHF","USD","1.1381"
"20241209","CHF","USD","1.138"
"20241210","CHF","USD","1.1327"
"20241211","CHF","USD","1.131"
"20241212","CHF","USD","1.1207"
"20241213","CHF","USD","1.1201"
"20241215","CHF","USD","1.1196"
"20241216","CHF","USD","1.118"
"20241217","CHF","USD","1.1202"
"20241218","CHF","USD","1.1098"
"20241219","CHF","USD","1.1126"
"20241220","CHF","USD","1.1196"
"20241222","CHF","USD","1.1198"
"20241223","CHF","USD","1.1128"
"20241224","CHF","USD","1.1107"
"20241225","CHF","USD","1.1123"
"20241226","CHF","USD","1.1127"
"20241227","CHF","USD","1.1087"
"20241229","CHF","USD","1.1091"
"20241230","CHF","USD","1.1065"
"20241231","CHF","USD","1.1019"
"20240311","MXN","USD","0.059529"
"20240312","MXN","USD","0.059526"
"20240313","MXN","USD","0.060006"
"20240314","MXN","USD","0.059874"
"20240315","MXN","USD","0.059826"
"20240317","MXN","USD","0.059887"
"20240318","MXN","USD","0.059417"
"20240319","MXN","USD","0.0595"
"20240320","MXN","USD","0.059943"
"20240321","MXN","USD","0.059733"
"20240322","MXN","USD","0.059655"
"20240324","MXN","USD","0.059637"
"20240325","MXN","USD","0.059972"
"20240326","MXN","USD","0.060084"
"20240327","MXN","USD","0.060445"
"20240328","MXN","USD","0.060148"
"20240329","MXN","USD","0.060363"
"20240331","MXN","USD","0.060401"
"20240401","MXN","USD","0.060189"
"20240402","MXN","USD","0.060405"
"20240403","MXN","USD","0.060461"
"20240404","MXN","USD","0.060279"
"20240405","MXN","USD","0.060775"
"20240407","MXN","USD","0.060781"
"20240408","MXN","USD","0.061277"
"20240409","MXN","USD","0.06102"
"20240410","MXN","USD","0.06082"
"20240411","MXN","USD","0.060827"
"20240412","MXN","USD","0.060087"
"20240414","MXN","USD","0.060093"
"20240415","MXN","USD","0.059812"
"20240416","MXN","USD","0.05857"
"20240417","MXN","USD","0.058941"
"20240418","MXN","USD","0.058589"
"20240419","MXN","USD","0.058514"
"20240421","MXN","USD","0.058476"
"20240422","MXN","USD","0.058346"
"20240423","MXN","USD","0.058957"
"20240424","MXN","USD","0.058569"
"20240425","MXN","USD","0.058123"
"20240426","MXN","USD","0.058266"
"20240428","MXN","USD","0.058271"
"20240429","MXN","USD","0.058796"
"20240430","MXN","USD","0.058349"
"20240501","MXN","USD","0.058844"
"20240502","MXN","USD","0.058877"
"20240503","MXN","USD","0.058922"
"20240505","MXN","USD","0.058921"
"20240506","MXN","USD","0.059239"
"20240507","MXN","USD","0.059164"
"20240508","MXN","USD","0.05917"
"20240509","MXN","USD","0.059586"
"20240510","MXN","USD","0.059602"
"20240512","MXN","USD","0.0596"
"20240513","MXN","USD","0.059505"
"20240514","MXN","USD","0.059338"
"20240515","MXN","USD","0.059933"
"20240516","MXN","USD","0.05992"
"20240517","MXN","USD","0.060207"
"20240519","MXN","USD","0.060169"
"20240520","MXN","USD","0.060385"
"20240521","MXN","USD","0.06009"
"20240522","MXN","USD","0.060021"
"20240523","MXN","USD","0.05981"
"20240524","MXN","USD","0.059901"
"20240526","MXN","USD","0.059844"
"20240527","MXN","USD","0.060001"
"20240528","MXN","USD","0.059532"
"20240529","MXN","USD","0.058864"
"20240530","MXN","USD","0.058759"
"20240531","MXN","USD","0.058713"
"20240602","MXN","USD","0.058724"
"20240603","MXN","USD","0.056504"
"20240604","MXN","USD","0.055979"
"20240605","MXN","USD","0.057075"
"20240606","MXN","USD","0.055598"
"20240607","MXN","USD","0.05436"
"20240609","MXN","USD","0.054307"
"20240610","MXN","USD","0.054858"
"20240611","MXN","USD","0.053798"
"20240612","MXN","USD","0.053335"
"20240613","MXN","USD","0.054417"
"20240614","MXN","USD","0.05415"
"20240616","MXN","USD","0.054121"
"20240617","MXN","USD","0.053952"
"20240618","MXN","USD","0.054322"
"20240619","MXN","USD","0.054269"
"20240620","MXN","USD","0.054428"
"20240621","MXN","USD","0.0552"
"20240623","MXN","USD","0.055098"
"20240624","MXN","USD","0.055675"
"20240625","MXN","USD","0.055254"
"20240626","MXN","USD","0.054526"
"20240627","MXN","USD","0.054229"
"20240628","MXN","USD","0.05453"
"20240630","MXN","USD","0.05453"
"20240701","MXN","USD","0.054458"
"20240702","MXN","USD","0.05476"
"20240703","MXN","USD","0.054995"
"20240704","MXN","USD","0.055269"
"20240705","MXN","USD","0.055222"
"20240707","MXN","USD","0.055222"
"20240708","MXN","USD","0.055527"
"20240709","MXN","USD","0.055817"
"20240710","MXN","USD","0.056062"
"20240711","MXN","USD","0.056256"
"20240712","MXN","USD","0.05675"
"20240714","MXN","USD","0.056744"
"20240715","MXN","USD","0.056335"
"20240716","MXN","USD","0.056602"
"20240717","MXN","USD","0.056493"
"20240718","MXN","USD","0.05566"
"20240719","MXN","USD","0.055401"
"20240721","MXN","USD","0.05554"
"20240722","MXN","USD","0.055728"
"20240723","MXN","USD","0.055108"
"20240724","MXN","USD","0.054448"
"20240725","MXN","USD","0.054188"
"20240726","MXN","USD","0.054165"
"20240728","MXN","USD","0.054181"
"20240729","MXN","USD","0.053664"
"20240730","MXN","USD","0.053294"
"20240731","MXN","USD","0.05371"
"20240801","MXN","USD","0.053016"
"20240802","MXN","USD","0.052141"
"20240804","MXN","USD","0.052143"
"20240805","MXN","USD","0.051702"
"20240806","MXN","USD","0.051048"
"20240807","MXN","USD","0.051848"
"20240808","MXN","USD","0.052986"
"20240809","MXN","USD","0.0531"
"20240811","MXN","USD","0.05308"
"20240812","MXN","USD","0.05243"
"20240813","MXN","USD","0.052563"
"20240814","MXN","USD","0.053202"
"20240815","MXN","USD","0.053605"
"20240816","MXN","USD","0.053642"
"20240818","MXN","USD","0.053641"
"20240819","MXN","USD","0.053549"
"20240820","MXN","USD","0.052656"
"20240821","MXN","USD","0.051865"
"20240822","MXN","USD","0.05123"
"20240823","MXN","USD","0.052319"
"20240825","MXN","USD","0.052334"
"20240826","MXN","USD","0.051537"
"20240827","MXN","USD","0.050602"
"20240828","MXN","USD","0.050906"
"20240829","MXN","USD","0.050379"
"20240830","MXN","USD","0.050695"
"20240901","MXN","USD","0.050696"
"20240902","MXN","USD","0.050459"
"20240903","MXN","USD","0.050517"
"20240904","MXN","USD","0.050156"
"20240905","MXN","USD","0.050339"
"20240906","MXN","USD","0.050045"
"20240908","MXN","USD","0.050033"
"20240909","MXN","USD","0.050286"
"20240910","MXN","USD","0.049733"
"20240911","MXN","USD","0.050475"
"20240912","MXN","USD","0.0512"
"20240913","MXN","USD","0.052047"
"20240915","MXN","USD","0.052029"
"20240916","MXN","USD","0.052024"
"20240917","MXN","USD","0.052354"
"20240918","MXN","USD","0.051843"
"20240919","MXN","USD","0.051757"
"20240920","MXN","USD","0.051503"
"20240922","MXN","USD","0.051477"
"20240923","MXN","USD","0.051479"
"20240924","MXN","USD","0.051725"
"20240925","MXN","USD","0.05091"
"20240926","MXN","USD","0.050931"
"20240927","MXN","USD","0.050754"
"20240929","MXN","USD","0.050697"
"20240930","MXN","USD","0.050772"
"20241001","MXN","USD","0.050979"
"20241002","MXN","USD","0.051505"
"20241003","MXN","USD","0.051661"
"20241004","MXN","USD","0.051855"
"20241006","MXN","USD","0.05185"
"20241007","MXN","USD","0.051849"
"20241008","MXN","USD","0.051674"
"20241009","MXN","USD","0.051287"
"20241010","MXN","USD","0.051384"
"20241011","MXN","USD","0.051869"
"20241013","MXN","USD","0.05189"
"20241014","MXN","USD","0.051597"
"20241015","MXN","USD","0.050758"
"20241016","MXN","USD","0.050277"
"20241017","MXN","USD","0.050406"
"20241018","MXN","USD","0.050292"
"20241020","MXN","USD","0.050296"
"20241021","MXN","USD","0.05005"
"20241022","MXN","USD","0.050106"
"20241023","MXN","USD","0.050385"
"20241024","MXN","USD","0.050485"
"20241025","MXN","USD","0.050032"
"20241027","MXN","USD","0.050025"
"20241028","MXN","USD","0.049898"
"20241029","MXN","USD","0.049843"
"20241030","MXN","USD","0.049617"
"20241031","MXN","USD","0.049904"
"20241101","MXN","USD","0.049302"
"20241103","MXN","USD","0.049302"
"20241104","MXN","USD","0.049734"
"20241105","MXN","USD","0.049734"
"20241106","MXN","USD","0.049772"
"20241107","MXN","USD","0.050502"
"20241108","MXN","USD","0.049563"
"20241110","MXN","USD","0.049563"
"20241111","MXN","USD","0.049161"
"20241112","MXN","USD","0.048551"
"20241113","MXN","USD","0.048752"
"20241114","MXN","USD","0.049"
"20241115","MXN","USD","0.04914"
"20241117","MXN","USD","0.049174"
"20241118","MXN","USD","0.049468"
"20241119","MXN","USD","0.049749"
"20241120","MXN","USD","0.049322"
"20241121","MXN","USD","0.048972"
"20241122","MXN","USD","0.048924"
"20241124","MXN","USD","0.049067"
"20241125","MXN","USD","0.049255"
"20241126","MXN","USD","0.048419"
"20241127","MXN","USD","0.04856"
"20241128","MXN","USD","0.048952"
"20241129","MXN","USD","0.049079"
"20241201","MXN","USD","0.04908"
"20241202","MXN","USD","0.049009"
"20241203","MXN","USD","0.04922"
"20241204","MXN","USD","0.049271"
"20241205","MXN","USD","0.049514"
"20241206","MXN","USD","0.049536"
"20241208","MXN","USD","0.049542"
"20241209","MXN","USD","0.049401"
"20241210","MXN","USD","0.049585"
"20241211","MXN","USD","0.049653"
"20241212","MXN","USD","0.04946"
"20241213","MXN","USD","0.049673"
"20241215","MXN","USD","0.049659"
"20241216","MXN","USD","0.049662"
"20241217","MXN","USD","0.049556"
"20241218","MXN","USD","0.049095"
"20241219","MXN","USD","0.049226"
"20241220","MXN","USD","0.049798"
"20241222","MXN","USD","0.049801"
"20241223","MXN","USD","0.049578"
"20241224","MXN","USD","0.049591"
"20241225","MXN","USD","0.049592"
"20241226","MXN","USD","0.049435"
"20241227","MXN","USD","0.049198"
"20241229","MXN","USD","0.0492"
"20241230","MXN","USD","0.048434"
"20241231","MXN","USD","0.048011"
"20240311","QAR","USD","-1"
"20240312","QAR","USD","-1"
"20240313","QAR","USD","-1"
"20240314","QAR","USD","-1"
"20240315","QAR","USD","-1"
"20240317","QAR","USD","-1"
"20240318","QAR","USD","-1"
"20240319","QAR","USD","-1"
"20240320","QAR","USD","-1"
"20240321","QAR","USD","-1"
"20240322","QAR","USD","-1"
"20240324","QAR","USD","-1"
"20240325","QAR","USD","-1"
"20240326","QAR","USD","-1"
"20240327","QAR","USD","-1"
"20240328","QAR","USD","-1"
"20240329","QAR","USD","-1"
"20240331","QAR","USD","-1"
"20240401","QAR","USD","-1"
"20240402","QAR","USD","-1"
"20240403","QAR","USD","-1"
"20240404","QAR","USD","-1"
"20240405","QAR","USD","-1"
"20240407","QAR","USD","-1"
"20240408","QAR","USD","-1"
"20240409","QAR","USD","-1"
"20240410","QAR","USD","-1"
"20240411","QAR","USD","-1"
"20240412","QAR","USD","-1"
"20240414","QAR","USD","-1"
"20240415","QAR","USD","-1"
"20240416","QAR","USD","-1"
"20240417","QAR","USD","-1"
"20240418","QAR","USD","-1"
"20240419","QAR","USD","-1"
"20240421","QAR","USD","-1"
"20240422","QAR","USD","-1"
"20240423","QAR","USD","-1"
"20240424","QAR","USD","-1"
"20240425","QAR","USD","-1"
"20240426","QAR","USD","-1"
"20240428","QAR","USD","-1"
"20240429","QAR","USD","-1"
"20240430","QAR","USD","-1"
"20240501","QAR","USD","-1"
"20240502","QAR","USD","-1"
"20240503","QAR","USD","-1"
"20240505","QAR","USD","-1"
"20240506","QAR","USD","-1"
"20240507","QAR","USD","-1"
"20240508","QAR","USD","-1"
"20240509","QAR","USD","-1"
"20240510","QAR","USD","-1"
"20240512","QAR","USD","-1"
"20240513","QAR","USD","-1"
"20240514","QAR","USD","-1"
"20240515","QAR","USD","-1"
"20240516","QAR","USD","-1"
"20240517","QAR","USD","-1"
"20240519","QAR","USD","-1"
"20240520","QAR","USD","-1"
"20240521","QAR","USD","-1"
"20240522","QAR","USD","-1"
"20240523","QAR","USD","-1"
"20240524","QAR","USD","-1"
"20240526","QAR","USD","-1"
"20240527","QAR","USD","-1"
"20240528","QAR","USD","-1"
"20240529","QAR","USD","-1"
"20240530","QAR","USD","-1"
"20240531","QAR","USD","-1"
"20240602","QAR","USD","-1"
"20240603","QAR","USD","-1"
"20240604","QAR","USD","-1"
"20240605","QAR","USD","-1"
"20240606","QAR","USD","-1"
"20240607","QAR","USD","-1"
"20240609","QAR","USD","-1"
"20240610","QAR","USD","-1"
"20240611","QAR","USD","-1"
"20240612","QAR","USD","-1"
"20240613","QAR","USD","-1"
"20240614","QAR","USD","-1"
"20240616","QAR","USD","-1"
"20240617","QAR","USD","-1"
"20240618","QAR","USD","-1"
"20240619","QAR","USD","-1"
"20240620","QAR","USD","-1"
"20240621","QAR","USD","-1"
"20240623","QAR","USD","-1"
"20240624","QAR","USD","-1"
"20240625","QAR","USD","-1"
"20240626","QAR","USD","-1"
"20240627","QAR","USD","-1"
"20240628","QAR","USD","-1"
"20240630","QAR","USD","-1"
"20240701","QAR","USD","-1"
"20240702","QAR","USD","-1"
"20240703","QAR","USD","-1"
"20240704","QAR","USD","-1"
"20240705","QAR","USD","-1"
"20240707","QAR","USD","-1"
"20240708","QAR","USD","-1"
"20240709","QAR","USD","-1"
"20240710","QAR","USD","-1"
"20240711","QAR","USD","-1"
"20240712","QAR","USD","-1"
"20240714","QAR","USD","-1"
"20240715","QAR","USD","-1"
"20240716","QAR","USD","-1"
"20240717","QAR","USD","-1"
"20240718","QAR","USD","-1"
"20240719","QAR","USD","-1"
"20240721","QAR","USD","-1"
"20240722","QAR","USD","-1"
"20240723","QAR","USD","-1"
"20240724","QAR","USD","-1"
"20240725","QAR","USD","-1"
"20240726","QAR","USD","-1"
"20240728","QAR","USD","-1"
"20240729","QAR","USD","-1"
"20240730","QAR","USD","-1"
"20240731","QAR","USD","-1"
"20240801","QAR","USD","-1"
"20240802","QAR","USD","-1"
"20240804","QAR","USD","-1"
"20240805","QAR","USD","-1"
"20240806","QAR","USD","-1"
"20240807","QAR","USD","-1"
"20240808","QAR","USD","-1"
"20240809","QAR","USD","-1"
"20240811","QAR","USD","-1"
"20240812","QAR","USD","-1"
"20240813","QAR","USD","-1"
"20240814","QAR","USD","-1"
"20240815","QAR","USD","-1"
"20240816","QAR","USD","-1"
"20240818","QAR","USD","-1"
"20240819","QAR","USD","-1"
"20240820","QAR","USD","-1"
"20240821","QAR","USD","-1"
"20240822","QAR","USD","-1"
"20240823","QAR","USD","-1"
"20240825","QAR","USD","-1"
"20240826","QAR","USD","-1"
"20240827","QAR","USD","-1"
"20240828","QAR","USD","-1"
"20240829","QAR","USD","-1"
"20240830","QAR","USD","-1"
"20240901","QAR","USD","-1"
"20240902","QAR","USD","-1"
"20240903","QAR","USD","-1"
"20240904","QAR","USD","-1"
"20240905","QAR","USD","-1"
"20240906","QAR","USD","-1"
"20240908","QAR","USD","-1"
"20240909","QAR","USD","-1"
"20240910","QAR","USD","-1"
"20240911","QAR","USD","-1"
"20240912","QAR","USD","-1"
"20240913","QAR","USD","-1"
"20240915","QAR","USD","-1"
"20240916","QAR","USD","-1"
"20240917","QAR","USD","-1"
"20240918","QAR","USD","-1"
"20240919","QAR","USD","-1"
"20240920","QAR","USD","-1"
"20240922","QAR","USD","-1"
"20240923","QAR","USD","-1"
"20240924","QAR","USD","-1"
"20240925","QAR","USD","-1"
"20240926","QAR","USD","-1"
"20240927","QAR","USD","-1"
"20240929","QAR","USD","-1"
"20240930","QAR","USD","-1"
"20241001","QAR","USD","-1"
"20241002","QAR","USD","-1"
"20241003","QAR","USD","-1"
"20241004","QAR","USD","-1"
"20241006","QAR","USD","-1"
"20241007","QAR","USD","-1"
"20241008","QAR","USD","-1"
"20241009","QAR","USD","-1"
"20241010","QAR","USD","-1"
"20241011","QAR","USD","-1"
"20241013","QAR","USD","-1"
"20241014","QAR","USD","-1"
"20241015","QAR","USD","-1"
"20241016","QAR","USD","-1"
"20241017","QAR","USD","-1"
"20241018","QAR","USD","-1"
"20241020","QAR","USD","-1"
"20241021","QAR","USD","-1"
"20241022","QAR","USD","-1"
"20241023","QAR","USD","-1"
"20241024","QAR","USD","-1"
"20241025","QAR","USD","-1"
"20241027","QAR","USD","-1"
"20241028","QAR","USD","-1"
"20241029","QAR","USD","-1"
"20241030","QAR","USD","-1"
"20241031","QAR","USD","-1"
"20241101","QAR","USD","-1"
"20241103","QAR","USD","-1"
"20241104","QAR","USD","-1"
"20241105","QAR","USD","-1"
"20241106","QAR","USD","-1"
"20241107","QAR","USD","-1"
"20241108","QAR","USD","-1"
"20241110","QAR","USD","-1"
"20241111","QAR","USD","-1"
"20241112","QAR","USD","-1"
"20241113","QAR","USD","-1"
"20241114","QAR","USD","-1"
"20241115","QAR","USD","-1"
"20241117","QAR","USD","-1"
"20241118","QAR","USD","-1"
"20241119","QAR","USD","-1"
"20241120","QAR","USD","-1"
"20241121","QAR","USD","-1"
"20241122","QAR","USD","-1"
"20241124","QAR","USD","-1"
"20241125","QAR","USD","-1"
"20241126","QAR","USD","-1"
"20241127","QAR","USD","-1"
"20241128","QAR","USD","-1"
"20241129","QAR","USD","-1"
"20241201","QAR","USD","-1"
"20241202","QAR","USD","-1"
"20241203","QAR","USD","-1"
"20241204","QAR","USD","-1"
"20241205","QAR","USD","-1"
"20241206","QAR","USD","-1"
"20241208","QAR","USD","-1"
"20241209","QAR","USD","-1"
"20241210","QAR","USD","-1"
"20241211","QAR","USD","-1"
"20241212","QAR","USD","-1"
"20241213","QAR","USD","-1"
"20241215","QAR","USD","-1"
"20241216","QAR","USD","-1"
"20241217","QAR","USD","-1"
"20241218","QAR","USD","-1"
"20241219","QAR","USD","-1"
"20241220","QAR","USD","-1"
"20241222","QAR","USD","-1"
"20241223","QAR","USD","-1"
"20241224","QAR","USD","-1"
"20241225","QAR","USD","-1"
"20241226","QAR","USD","-1"
"20241227","QAR","USD","-1"
"20241229","QAR","USD","-1"
"20241230","QAR","USD","-1"
"20241231","QAR","USD","-1"
"20240311","SAR","USD","0.26662"
"20240312","SAR","USD","0.26663"
"20240313","SAR","USD","0.26664"
"20240314","SAR","USD","0.26665"
"20240315","SAR","USD","0.26665"
"20240317","SAR","USD","0.26664"
"20240318","SAR","USD","0.26665"
"20240319","SAR","USD","0.26665"
"20240320","SAR","USD","0.26665"
"20240321","SAR","USD","0.26665"
"20240322","SAR","USD","0.26665"
"20240324","SAR","USD","0.26664"
"20240325","SAR","USD","0.26664"
"20240326","SAR","USD","0.26662"
"20240327","SAR","USD","0.26662"
"20240328","SAR","USD","0.26663"
"20240329","SAR","USD","0.26663"
"20240331","SAR","USD","0.26662"
"20240401","SAR","USD","0.26662"
"20240402","SAR","USD","0.26661"
"20240403","SAR","USD","0.26661"
"20240404","SAR","USD","0.2666"
"20240405","SAR","USD","0.2666"
"20240407","SAR","USD","0.2666"
"20240408","SAR","USD","0.2666"
"20240409","SAR","USD","0.2666"
"20240410","SAR","USD","0.2666"
"20240411","SAR","USD","0.2666"
"20240412","SAR","USD","0.26658"
"20240414","SAR","USD","0.2666"
"20240415","SAR","USD","0.26659"
"20240416","SAR","USD","0.26659"
"20240417","SAR","USD","0.26659"
"20240418","SAR","USD","0.26658"
"20240419","SAR","USD","0.26657"
"20240421","SAR","USD","0.26656"
"20240422","SAR","USD","0.2666"
"20240423","SAR","USD","0.26661"
"20240424","SAR","USD","0.26661"
"20240425","SAR","USD","0.26662"
"20240426","SAR","USD","0.26662"
"20240428","SAR","USD","0.26662"
"20240429","SAR","USD","0.26662"
"20240430","SAR","USD","0.26662"
"20240501","SAR","USD","0.26663"
"20240502","SAR","USD","0.26662"
"20240503","SAR","USD","0.26662"
"20240505","SAR","USD","0.26662"
"20240506","SAR","USD","0.26662"
"20240507","SAR","USD","0.26663"
"20240508","SAR","USD","0.26663"
"20240509","SAR","USD","0.26663"
"20240510","SAR","USD","0.26663"
"20240512","SAR","USD","0.26663"
"20240513","SAR","USD","0.26663"
"20240514","SAR","USD","0.26664"
"20240515","SAR","USD","0.26664"
"20240516","SAR","USD","0.26664"
"20240517","SAR","USD","0.26664"
"20240519","SAR","USD","0.26664"
"20240520","SAR","USD","0.26664"
"20240521","SAR","USD","0.26664"
"20240522","SAR","USD","0.26663"
"20240523","SAR","USD","0.26663"
"20240524","SAR","USD","0.26662"
"20240526","SAR","USD","0.26662"
"20240527","SAR","USD","0.26663"
"20240528","SAR","USD","0.26663"
"20240529","SAR","USD","0.26662"
"20240530","SAR","USD","0.26662"
"20240531","SAR","USD","0.26662"
"20240602","SAR","USD","0.26662"
"20240603","SAR","USD","0.26662"
"20240604","SAR","USD","0.26662"
"20240605","SAR","USD","0.26663"
"20240606","SAR","USD","0.26663"
"20240607","SAR","USD","0.26663"
"20240609","SAR","USD","0.26663"
"20240610","SAR","USD","0.26665"
"20240611","SAR","USD","0.26664"
"20240612","SAR","USD","0.26661"
"20240613","SAR","USD","0.26657"
"20240614","SAR","USD","0.26652"
"20240616","SAR","USD","0.26652"
"20240617","SAR","USD","0.26651"
"20240618","SAR","USD","0.26652"
"20240619","SAR","USD","0.26655"
"20240620","SAR","USD","0.26656"
"20240621","SAR","USD","0.26657"
"20240623","SAR","USD","0.26657"
"20240624","SAR","USD","0.26656"
"20240625","SAR","USD","0.26653"
"20240626","SAR","USD","0.26655"
"20240627","SAR","USD","0.26655"
"20240628","SAR","USD","0.26655"
"20240630","SAR","USD","0.26655"
"20240701","SAR","USD","0.26655"
"20240702","SAR","USD","0.26655"
"20240703","SAR","USD","0.26657"
"20240704","SAR","USD","0.26657"
"20240705","SAR","USD","0.26658"
"20240707","SAR","USD","0.26657"
"20240708","SAR","USD","0.26659"
"20240709","SAR","USD","0.26661"
"20240710","SAR","USD","0.26662"
"20240711","SAR","USD","0.26662"
"20240712","SAR","USD","0.26662"
"20240714","SAR","USD","0.26662"
"20240715","SAR","USD","0.26662"
"20240716","SAR","USD","0.26662"
"20240717","SAR","USD","0.26661"
"20240718","SAR","USD","0.26661"
"20240719","SAR","USD","0.2666"
"20240721","SAR","USD","0.2666"
"20240722","SAR","USD","0.2666"
"20240723","SAR","USD","0.26658"
"20240724","SAR","USD","0.26657"
"20240725","SAR","USD","0.26656"
"20240726","SAR","USD","0.26655"
"20240728","SAR","USD","0.26655"
"20240729","SAR","USD","0.26656"
"20240730","SAR","USD","0.26655"
"20240731","SAR","USD","0.26653"
"20240801","SAR","USD","0.2665"
"20240802","SAR","USD","0.26641"
"20240804","SAR","USD","0.26645"
"20240805","SAR","USD","0.2664"
"20240806","SAR","USD","0.26633"
"20240807","SAR","USD","0.26636"
"20240808","SAR","USD","0.26647"
"20240809","SAR","USD","0.26642"
"20240811","SAR","USD","0.26635"
"20240812","SAR","USD","0.26633"
"20240813","SAR","USD","0.26636"
"20240814","SAR","USD","0.26645"
"20240815","SAR","USD","0.26648"
"20240816","SAR","USD","0.26647"
"20240818","SAR","USD","0.26646"
"20240819","SAR","USD","0.2665"
"20240820","SAR","USD","0.26651"
"20240821","SAR","USD","0.26651"
"20240822","SAR","USD","0.26651"
"20240823","SAR","USD","0.26651"
"20240825","SAR","USD","0.26652"
"20240826","SAR","USD","0.26651"
"20240827","SAR","USD","0.2665"
"20240828","SAR","USD","0.26648"
"20240829","SAR","USD","0.26649"
"20240830","SAR","USD","0.26648"
"20240901","SAR","USD","0.26648"
"20240902","SAR","USD","0.26647"
"20240903","SAR","USD","0.26644"
"20240904","SAR","USD","0.26643"
"20240905","SAR","USD","0.2664"
"20240906","SAR","USD","0.2664"
"20240908","SAR","USD","0.2664"
"20240909","SAR","USD","0.26644"
"20240910","SAR","USD","0.26652"
"20240911","SAR","USD","0.26647"
"20240912","SAR","USD","0.26647"
"20240913","SAR","USD","0.26646"
"20240915","SAR","USD","0.26641"
"20240916","SAR","USD","0.26645"
"20240917","SAR","USD","0.26642"
"20240918","SAR","USD","0.26645"
"20240919","SAR","USD","0.26649"
"20240920","SAR","USD","0.2665"
"20240922","SAR","USD","0.2665"
"20240923","SAR","USD","0.26652"
"20240924","SAR","USD","0.26654"
"20240925","SAR","USD","0.26653"
"20240926","SAR","USD","0.2666"
"20240927","SAR","USD","0.26659"
"20240929","SAR","USD","0.26658"
"20240930","SAR","USD","0.26657"
"20241001","SAR","USD","0.26655"
"20241002","SAR","USD","0.26644"
"20241003","SAR","USD","0.26638"
"20241004","SAR","USD","0.26623"
"20241006","SAR","USD","0.26621"
"20241007","SAR","USD","0.26623"
"20241008","SAR","USD","0.26635"
"20241009","SAR","USD","0.26634"
"20241010","SAR","USD","0.26633"
"20241011","SAR","USD","0.26633"
"20241013","SAR","USD","0.26633"
"20241014","SAR","USD","0.26632"
"20241015","SAR","USD","0.26636"
"20241016","SAR","USD","0.26626"
"20241017","SAR","USD","0.26626"
"20241018","SAR","USD","0.26626"
"20241020","SAR","USD","0.26624"
"20241021","SAR","USD","0.26624"
"20241022","SAR","USD","0.26627"
"20241023","SAR","USD","0.26628"
"20241024","SAR","USD","0.26624"
"20241025","SAR","USD","0.26624"
"20241027","SAR","USD","0.26625"
"20241028","SAR","USD","0.26628"
"20241029","SAR","USD","0.26628"
"20241030","SAR","USD","0.26626"
"20241031","SAR","USD","0.26628"
"20241101","SAR","USD","0.26626"
"20241103","SAR","USD","0.26626"
"20241104","SAR","USD","0.26624"
"20241105","SAR","USD","0.26621"
"20241106","SAR","USD","0.26619"
"20241107","SAR","USD","0.26622"
"20241108","SAR","USD","0.26626"
"20241110","SAR","USD","0.26626"
"20241111","SAR","USD","0.26623"
"20241112","SAR","USD","0.26615"
"20241113","SAR","USD","0.26614"
"20241114","SAR","USD","0.26626"
"20241115","SAR","USD","0.26628"
"20241117","SAR","USD","0.26642"
"20241118","SAR","USD","0.26638"
"20241119","SAR","USD","0.26638"
"20241120","SAR","USD","0.26636"
"20241121","SAR","USD","0.26634"
"20241122","SAR","USD","0.26635"
"20241124","SAR","USD","0.26642"
"20241125","SAR","USD","0.2663"
"20241126","SAR","USD","0.26614"
"20241127","SAR","USD","0.26628"
"20241128","SAR","USD","0.26619"
"20241129","SAR","USD","0.26618"
"20241201","SAR","USD","0.26619"
"20241202","SAR","USD","0.26618"
"20241203","SAR","USD","0.26615"
"20241204","SAR","USD","0.26607"
"20241205","SAR","USD","0.26613"
"20241206","SAR","USD","0.26614"
"20241208","SAR","USD","0.26617"
"20241209","SAR","USD","0.26617"
"20241210","SAR","USD","0.26616"
"20241211","SAR","USD","0.26609"
"20241212","SAR","USD","0.26614"
"20241213","SAR","USD","0.26614"
"20241215","SAR","USD","0.26613"
"20241216","SAR","USD","0.26615"
"20241217","SAR","USD","0.26612"
"20241218","SAR","USD","0.26614"
"20241219","SAR","USD","0.2661"
"20241220","SAR","USD","0.26624"
"20241222","SAR","USD","0.2662"
"20241223","SAR","USD","0.26619"
"20241224","SAR","USD","0.26635"
"20241225","SAR","USD","0.26631"
"20241226","SAR","USD","0.26632"
"20241227","SAR","USD","0.26638"
"20241229","SAR","USD","0.26638"
"20241230","SAR","USD","0.26628"
"20241231","SAR","USD","0.26614"
"20240311","ZAR","USD","0.05353"
"20240312","ZAR","USD","0.053559"
"20240313","ZAR","USD","0.053824"
"20240314","ZAR","USD","0.053382"
"20240315","ZAR","USD","0.053366"
"20240317","ZAR","USD","0.053352"
"20240318","ZAR","USD","0.052788"
"20240319","ZAR","USD","0.052903"
"20240320","ZAR","USD","0.053465"
"20240321","ZAR","USD","0.053128"
"20240322","ZAR","USD","0.052597"
"20240324","ZAR","USD","0.052647"
"20240325","ZAR","USD","0.052948"
"20240326","ZAR","USD","0.052689"
"20240327","ZAR","USD","0.052888"
"20240328","ZAR","USD","0.052804"
"20240329","ZAR","USD","0.052994"
"20240331","ZAR","USD","0.052985"
"20240401","ZAR","USD","0.052796"
"20240402","ZAR","USD","0.053267"
"20240403","ZAR","USD","0.053562"
"20240404","ZAR","USD","0.053443"
"20240405","ZAR","USD","0.053528"
"20240407","ZAR","USD","0.053547"
"20240408","ZAR","USD","0.053646"
"20240409","ZAR","USD","0.054178"
"20240410","ZAR","USD","0.053259"
"20240411","ZAR","USD","0.05338"
"20240412","ZAR","USD","0.053006"
"20240414","ZAR","USD","0.052973"
"20240415","ZAR","USD","0.052682"
"20240416","ZAR","USD","0.052486"
"20240417","ZAR","USD","0.052561"
"20240418","ZAR","USD","0.052224"
"20240419","ZAR","USD","0.052357"
"20240421","ZAR","USD","0.052326"
"20240422","ZAR","USD","0.052101"
"20240423","ZAR","USD","0.052322"
"20240424","ZAR","USD","0.052022"
"20240425","ZAR","USD","0.05253"
"20240426","ZAR","USD","0.053157"
"20240428","ZAR","USD","0.05306"
"20240429","ZAR","USD","0.053687"
"20240430","ZAR","USD","0.053244"
"20240501","ZAR","USD","0.053756"
"20240502","ZAR","USD","0.053903"
"20240503","ZAR","USD","0.054034"
"20240505","ZAR","USD","0.054147"
"20240506","ZAR","USD","0.05412"
"20240507","ZAR","USD","0.054011"
"20240508","ZAR","USD","0.053847"
"20240509","ZAR","USD","0.054152"
"20240510","ZAR","USD","0.054229"
"20240512","ZAR","USD","0.054193"
"20240513","ZAR","USD","0.054441"
"20240514","ZAR","USD","0.05438"
"20240515","ZAR","USD","0.054738"
"20240516","ZAR","USD","0.054976"
"20240517","ZAR","USD","0.055098"
"20240519","ZAR","USD","0.055079"
"20240520","ZAR","USD","0.05499"
"20240521","ZAR","USD","0.055318"
"20240522","ZAR","USD","0.054693"
"20240523","ZAR","USD","0.054114"
"20240524","ZAR","USD","0.05422"
"20240526","ZAR","USD","0.054296"
"20240527","ZAR","USD","0.054469"
"20240528","ZAR","USD","0.054708"
"20240529","ZAR","USD","0.05419"
"20240530","ZAR","USD","0.05332"
"20240531","ZAR","USD","0.053202"
"20240602","ZAR","USD","0.05309"
"20240603","ZAR","USD","0.054011"
"20240604","ZAR","USD","0.053445"
"20240605","ZAR","USD","0.052799"
"20240606","ZAR","USD","0.052692"
"20240607","ZAR","USD","0.052964"
"20240609","ZAR","USD","0.053"
"20240610","ZAR","USD","0.053422"
"20240611","ZAR","USD","0.053807"
"20240612","ZAR","USD","0.054399"
"20240613","ZAR","USD","0.054256"
"20240614","ZAR","USD","0.054485"
"20240616","ZAR","USD","0.054486"
"20240617","ZAR","USD","0.054775"
"20240618","ZAR","USD","0.055415"
"20240619","ZAR","USD","0.055671"
"20240620","ZAR","USD","0.055641"
"20240621","ZAR","USD","0.055646"
"20240623","ZAR","USD","0.055582"
"20240624","ZAR","USD","0.055205"
"20240625","ZAR","USD","0.054826"
"20240626","ZAR","USD","0.055035"
"20240627","ZAR","USD","0.054129"
"20240628","ZAR","USD","0.05496"
"20240630","ZAR","USD","0.055455"
"20240701","ZAR","USD","0.054447"
"20240702","ZAR","USD","0.05377"
"20240703","ZAR","USD","0.054294"
"20240704","ZAR","USD","0.054763"
"20240705","ZAR","USD","0.055017"
"20240707","ZAR","USD","0.054994"
"20240708","ZAR","USD","0.055188"
"20240709","ZAR","USD","0.055081"
"20240710","ZAR","USD","0.055172"
"20240711","ZAR","USD","0.055542"
"20240712","ZAR","USD","0.0557"
"20240714","ZAR","USD","0.055631"
"20240715","ZAR","USD","0.054953"
"20240716","ZAR","USD","0.0554"
"20240717","ZAR","USD","0.054966"
"20240718","ZAR","USD","0.054743"
"20240719","ZAR","USD","0.054757"
"20240721","ZAR","USD","0.054713"
"20240722","ZAR","USD","0.054783"
"20240723","ZAR","USD","0.054367"
"20240724","ZAR","USD","0.054455"
"20240725","ZAR","USD","0.054484"
"20240726","ZAR","USD","0.05461"
"20240728","ZAR","USD","0.054599"
"20240729","ZAR","USD","0.054258"
"20240730","ZAR","USD","0.054561"
"20240731","ZAR","USD","0.054941"
"20240801","ZAR","USD","0.05472"
"20240802","ZAR","USD","0.054705"
"20240804","ZAR","USD","0.054705"
"20240805","ZAR","USD","0.053988"
"20240806","ZAR","USD","0.054079"
"20240807","ZAR","USD","0.054347"
"20240808","ZAR","USD","0.05444"
"20240809","ZAR","USD","0.054583"
"20240811","ZAR","USD","0.05458"
"20240812","ZAR","USD","0.054777"
"20240813","ZAR","USD","0.055237"
"20240814","ZAR","USD","0.055319"
"20240815","ZAR","USD","0.05553"
"20240816","ZAR","USD","0.055977"
"20240818","ZAR","USD","0.055975"
"20240819","ZAR","USD","0.056486"
"20240820","ZAR","USD","0.056166"
"20240821","ZAR","USD","0.056094"
"20240822","ZAR","USD","0.055514"
"20240823","ZAR","USD","0.056418"
"20240825","ZAR","USD","0.056417"
"20240826","ZAR","USD","0.056427"
"20240827","ZAR","USD","0.05646"
"20240828","ZAR","USD","0.05611"
"20240829","ZAR","USD","0.056316"
"20240830","ZAR","USD","0.056093"
"20240901","ZAR","USD","0.056084"
"20240902","ZAR","USD","0.056085"
"20240903","ZAR","USD","0.055622"
"20240904","ZAR","USD","0.055974"
"20240905","ZAR","USD","0.056464"
"20240906","ZAR","USD","0.056001"
"20240908","ZAR","USD","0.055993"
"20240909","ZAR","USD","0.055955"
"20240910","ZAR","USD","0.055726"
"20240911","ZAR","USD","0.055867"
"20240912","ZAR","USD","0.05626"
"20240913","ZAR","USD","0.056299"
"20240915","ZAR","USD","0.056386"
"20240916","ZAR","USD","0.056746"
"20240917","ZAR","USD","0.056837"
"20240918","ZAR","USD","0.056996"
"20240919","ZAR","USD","0.057105"
"20240920","ZAR","USD","0.057406"
"20240922","ZAR","USD","0.057404"
"20240923","ZAR","USD","0.057642"
"20240924","ZAR","USD","0.057935"
"20240925","ZAR","USD","0.057883"
"20240926","ZAR","USD","0.058203"
"20240927","ZAR","USD","0.058417"
"20240929","ZAR","USD","0.05847"
"20240930","ZAR","USD","0.057892"
"20241001","ZAR","USD","0.057494"
"20241002","ZAR","USD","0.057602"
"20241003","ZAR","USD","0.057099"
"20241004","ZAR","USD","0.05718"
"20241006","ZAR","USD","0.0572"
"20241007","ZAR","USD","0.057523"
"20241008","ZAR","USD","0.056883"
"20241009","ZAR","USD","0.056634"
"20241010","ZAR","USD","0.057062"
"20241011","ZAR","USD","0.057479"
"20241013","ZAR","USD","0.057426"
"20241014","ZAR","USD","0.056897"
"20241015","ZAR","USD","0.056665"
"20241016","ZAR","USD","0.056735"
"20241017","ZAR","USD","0.056558"
"20241018","ZAR","USD","0.056813"
"20241020","ZAR","USD","0.05685"
"20241021","ZAR","USD","0.056761"
"20241022","ZAR","USD","0.057019"
"20241023","ZAR","USD","0.056216"
"20241024","ZAR","USD","0.056624"
"20241025","ZAR","USD","0.056609"
"20241027","ZAR","USD","0.056625"
"20241028","ZAR","USD","0.056486"
"20241029","ZAR","USD","0.056619"
"20241030","ZAR","USD","0.056641"
"20241031","ZAR","USD","0.056832"
"20241101","ZAR","USD","0.056619"
"20241103","ZAR","USD","0.056672"
"20241104","ZAR","USD","0.057084"
"20241105","ZAR","USD","0.057489"
"20241106","ZAR","USD","0.056734"
"20241107","ZAR","USD","0.057781"
"20241108","ZAR","USD","0.05688"
"20241110","ZAR","USD","0.056765"
"20241111","ZAR","USD","0.055784"
"20241112","ZAR","USD","0.055229"
"20241113","ZAR","USD","0.054839"
"20241114","ZAR","USD","0.054722"
"20241115","ZAR","USD","0.054972"
"20241117","ZAR","USD","0.054935"
"20241118","ZAR","USD","0.055699"
"20241119","ZAR","USD","0.055389"
"20241120","ZAR","USD","0.05519"
"20241121","ZAR","USD","0.055234"
"20241122","ZAR","USD","0.055197"
"20241124","ZAR","USD","0.055418"
"20241125","ZAR","USD","0.055402"
"20241126","ZAR","USD","0.054995"
"20241127","ZAR","USD","0.054981"
"20241128","ZAR","USD","0.055223"
"20241129","ZAR","USD","0.055366"
"20241201","ZAR","USD","0.055242"
"20241202","ZAR","USD","0.055156"
"20241203","ZAR","USD","0.055236"
"20241204","ZAR","USD","0.055032"
"20241205","ZAR","USD","0.055509"
"20241206","ZAR","USD","0.055472"
"20241208","ZAR","USD","0.055509"
"20241209","ZAR","USD","0.056228"
"20241210","ZAR","USD","0.056148"
"20241211","ZAR","USD","0.056482"
"20241212","ZAR","USD","0.056199"
"20241213","ZAR","USD","0.055959"
"20241215","ZAR","USD","0.055963"
"20241216","ZAR","USD","0.055983"
"20241217","ZAR","USD","0.05527"
"20241218","ZAR","USD","0.054548"
"20241219","ZAR","USD","0.054325"
"20241220","ZAR","USD","0.054579"
"20241222","ZAR","USD","0.054681"
"20241223","ZAR","USD","0.053888"
"20241224","ZAR","USD","0.053559"
"20241225","ZAR","USD","0.053544"
"20241226","ZAR","USD","0.05307"
"20241227","ZAR","USD","0.053478"
"20241229","ZAR","USD","0.05349"
"20241230","ZAR","USD","0.053229"
"20241231","ZAR","USD","0.052994"
"20240311","INR","USD","0.012087"
"20240312","INR","USD","0.012079"
"20240313","INR","USD","0.012072"
"20240314","INR","USD","0.012057"
"20240315","INR","USD","0.012065"
"20240317","INR","USD","0.012064"
"20240318","INR","USD","0.012059"
"20240319","INR","USD","0.012043"
"20240320","INR","USD","0.012019"
"20240321","INR","USD","0.012019"
"20240322","INR","USD","0.011971"
"20240324","INR","USD","0.011964"
"20240325","INR","USD","0.011988"
"20240326","INR","USD","0.012001"
"20240327","INR","USD","0.012002"
"20240328","INR","USD","0.011993"
"20240329","INR","USD","0.011995"
"20240331","INR","USD","0.011995"
"20240401","INR","USD","0.011992"
"20240402","INR","USD","0.011998"
"20240403","INR","USD","0.011975"
"20240404","INR","USD","0.011995"
"20240405","INR","USD","0.012002"
"20240407","INR","USD","0.012002"
"20240408","INR","USD","0.012007"
"20240409","INR","USD","0.01202"
"20240410","INR","USD","0.011991"
"20240411","INR","USD","0.012"
"20240412","INR","USD","0.011967"
"20240414","INR","USD","0.011967"
"20240415","INR","USD","0.011974"
"20240416","INR","USD","0.011953"
"20240417","INR","USD","0.011953"
"20240418","INR","USD","0.01197"
"20240419","INR","USD","0.011992"
"20240421","INR","USD","0.011992"
"20240422","INR","USD","0.011995"
"20240423","INR","USD","0.012005"
"20240424","INR","USD","0.012001"
"20240425","INR","USD","0.012003"
"20240426","INR","USD","0.01199"
"20240428","INR","USD","0.01199"
"20240429","INR","USD","0.011987"
"20240430","INR","USD","0.011982"
"20240501","INR","USD","0.011981"
"20240502","INR","USD","0.011981"
"20240503","INR","USD","0.011993"
"20240505","INR","USD","0.011993"
"20240506","INR","USD","0.011977"
"20240507","INR","USD","0.011981"
"20240508","INR","USD","0.01198"
"20240509","INR","USD","0.011983"
"20240510","INR","USD","0.01197"
"20240512","INR","USD","0.011969"
"20240513","INR","USD","0.01198"
"20240514","INR","USD","0.011977"
"20240515","INR","USD","0.011987"
"20240516","INR","USD","0.011981"
"20240517","INR","USD","0.012004"
"20240519","INR","USD","0.012004"
"20240520","INR","USD","0.012004"
"20240521","INR","USD","0.01201"
"20240522","INR","USD","0.012014"
"20240523","INR","USD","0.012012"
"20240524","INR","USD","0.012038"
"20240526","INR","USD","0.012039"
"20240527","INR","USD","0.012029"
"20240528","INR","USD","0.012022"
"20240529","INR","USD","0.011995"
"20240530","INR","USD","0.012004"
"20240531","INR","USD","0.011983"
"20240602","INR","USD","0.011983"
"20240603","INR","USD","0.012032"
"20240604","INR","USD","0.011969"
"20240605","INR","USD","0.011993"
"20240606","INR","USD","0.01198"
"20240607","INR","USD","0.011972"
"20240609","INR","USD","0.011972"
"20240610","INR","USD","0.011974"
"20240611","INR","USD","0.011958"
"20240612","INR","USD","0.011985"
"20240613","INR","USD","0.011969"
"20240614","INR","USD","0.011969"
"20240616","INR","USD","0.011969"
"20240617","INR","USD","0.011975"
"20240618","INR","USD","0.011998"
"20240619","INR","USD","0.01198"
"20240620","INR","USD","0.011957"
"20240621","INR","USD","0.011967"
"20240623","INR","USD","0.011967"
"20240624","INR","USD","0.01198"
"20240625","INR","USD","0.011986"
"20240626","INR","USD","0.011966"
"20240627","INR","USD","0.011984"
"20240628","INR","USD","0.011996"
"20240630","INR","USD","0.011996"
"20240701","INR","USD","0.011981"
"20240702","INR","USD","0.011975"
"20240703","INR","USD","0.011972"
"20240704","INR","USD","0.011976"
"20240705","INR","USD","0.011975"
"20240707","INR","USD","0.011975"
"20240708","INR","USD","0.011975"
"20240709","INR","USD","0.011977"
"20240710","INR","USD","0.011973"
"20240711","INR","USD","0.011974"
"20240712","INR","USD","0.011972"
"20240714","INR","USD","0.011973"
"20240715","INR","USD","0.011968"
"20240716","INR","USD","0.011971"
"20240717","INR","USD","0.011963"
"20240718","INR","USD","0.011963"
"20240719","INR","USD","0.011943"
"20240721","INR","USD","0.011943"
"20240722","INR","USD","0.011953"
"20240723","INR","USD","0.01195"
"20240724","INR","USD","0.011945"
"20240725","INR","USD","0.011942"
"20240726","INR","USD","0.011943"
"20240728","INR","USD","0.011943"
"20240729","INR","USD","0.011939"
"20240730","INR","USD","0.011943"
"20240731","INR","USD","0.011946"
"20240801","INR","USD","0.011945"
"20240802","INR","USD","0.011933"
"20240804","INR","USD","0.011933"
"20240805","INR","USD","0.011898"
"20240806","INR","USD","0.011913"
"20240807","INR","USD","0.011917"
"20240808","INR","USD","0.011905"
"20240809","INR","USD","0.011912"
"20240811","INR","USD","0.011912"
"20240812","INR","USD","0.011913"
"20240813","INR","USD","0.011916"
"20240814","INR","USD","0.011909"
"20240815","INR","USD","0.011912"
"20240816","INR","USD","0.01192"
"20240818","INR","USD","0.01192"
"20240819","INR","USD","0.011925"
"20240820","INR","USD","0.011939"
"20240821","INR","USD","0.011922"
"20240822","INR","USD","0.011913"
"20240823","INR","USD","0.011931"
"20240825","INR","USD","0.011931"
"20240826","INR","USD","0.011926"
"20240827","INR","USD","0.011916"
"20240828","INR","USD","0.011917"
"20240829","INR","USD","0.01192"
"20240830","INR","USD","0.011923"
"20240901","INR","USD","0.011923"
"20240902","INR","USD","0.011918"
"20240903","INR","USD","0.01191"
"20240904","INR","USD","0.011909"
"20240905","INR","USD","0.011906"
"20240906","INR","USD","0.011906"
"20240908","INR","USD","0.011908"
"20240909","INR","USD","0.011911"
"20240910","INR","USD","0.011908"
"20240911","INR","USD","0.011909"
"20240912","INR","USD","0.011915"
"20240913","INR","USD","0.011921"
"20240915","INR","USD","0.011921"
"20240916","INR","USD","0.011926"
"20240917","INR","USD","0.011937"
"20240918","INR","USD","0.011953"
"20240919","INR","USD","0.011957"
"20240920","INR","USD","0.011976"
"20240922","INR","USD","0.011977"
"20240923","INR","USD","0.01197"
"20240924","INR","USD","0.01196"
"20240925","INR","USD","0.01196"
"20240926","INR","USD","0.011958"
"20240927","INR","USD","0.011945"
"20240929","INR","USD","0.011945"
"20240930","INR","USD","0.011936"
"20241001","INR","USD","0.011918"
"20241002","INR","USD","0.011915"
"20241003","INR","USD","0.011905"
"20241004","INR","USD","0.011899"
"20241006","INR","USD","0.011901"
"20241007","INR","USD","0.011906"
"20241008","INR","USD","0.011909"
"20241009","INR","USD","0.01191"
"20241010","INR","USD","0.011912"
"20241011","INR","USD","0.01189"
"20241013","INR","USD","0.01189"
"20241014","INR","USD","0.011894"
"20241015","INR","USD","0.011898"
"20241016","INR","USD","0.011899"
"20241017","INR","USD","0.011896"
"20241018","INR","USD","0.011895"
"20241020","INR","USD","0.011895"
"20241021","INR","USD","0.011893"
"20241022","INR","USD","0.011893"
"20241023","INR","USD","0.011893"
"20241024","INR","USD","0.011896"
"20241025","INR","USD","0.011891"
"20241027","INR","USD","0.011891"
"20241028","INR","USD","0.011895"
"20241029","INR","USD","0.011896"
"20241030","INR","USD","0.011892"
"20241031","INR","USD","0.011892"
"20241101","INR","USD","0.011893"
"20241103","INR","USD","0.011893"
"20241104","INR","USD","0.011885"
"20241105","INR","USD","0.011888"
"20241106","INR","USD","0.01186"
"20241107","INR","USD","0.011863"
"20241108","INR","USD","0.011848"
"20241110","INR","USD","0.011848"
"20241111","INR","USD","0.011847"
"20241112","INR","USD","0.01185"
"20241113","INR","USD","0.011845"
"20241114","INR","USD","0.011839"
"20241115","INR","USD","0.011844"
"20241117","INR","USD","0.011844"
"20241118","INR","USD","0.011848"
"20241119","INR","USD","0.011848"
"20241120","INR","USD","0.011853"
"20241121","INR","USD","0.011834"
"20241122","INR","USD","0.011844"
"20241124","INR","USD","0.011844"
"20241125","INR","USD","0.011867"
"20241126","INR","USD","0.011859"
"20241127","INR","USD","0.011846"
"20241128","INR","USD","0.011838"
"20241129","INR","USD","0.011825"
"20241201","INR","USD","0.011825"
"20241202","INR","USD","0.011799"
"20241203","INR","USD","0.011809"
"20241204","INR","USD","0.011804"
"20241205","INR","USD","0.011805"
"20241206","INR","USD","0.01181"
"20241208","INR","USD","0.01181"
"20241209","INR","USD","0.011785"
"20241210","INR","USD","0.011781"
"20241211","INR","USD","0.011789"
"20241212","INR","USD","0.011788"
"20241213","INR","USD","0.011791"
"20241215","INR","USD","0.011791"
"20241216","INR","USD","0.011776"
"20241217","INR","USD","0.011778"
"20241218","INR","USD","0.011779"
"20241219","INR","USD","0.011749"
"20241220","INR","USD","0.011771"
"20241222","INR","USD","0.011771"
"20241223","INR","USD","0.011751"
"20241224","INR","USD","0.011742"
"20241225","INR","USD","0.011737"
"20241226","INR","USD","0.011729"
"20241227","INR","USD","0.011711"
"20241229","INR","USD","0.011711"
"20241230","INR","USD","0.011696"
"20241231","INR","USD","0.011685"
"20240311","THB","USD","0.028234"
"20240312","THB","USD","0.027965"
"20240313","THB","USD","0.028055"
"20240314","THB","USD","0.027949"
"20240315","THB","USD","0.027855"
"20240317","THB","USD","0.027878"
"20240318","THB","USD","0.027788"
"20240319","THB","USD","0.027739"
"20240320","THB","USD","0.027781"
"20240321","THB","USD","0.027541"
"20240322","THB","USD","0.027488"
"20240324","THB","USD","0.027488"
"20240325","THB","USD","0.027507"
"20240326","THB","USD","0.027525"
"20240327","THB","USD","0.027495"
"20240328","THB","USD","0.027418"
"20240329","THB","USD","0.027502"
"20240331","THB","USD","0.027488"
"20240401","THB","USD","0.02734"
"20240402","THB","USD","0.027298"
"20240403","THB","USD","0.027314"
"20240404","THB","USD","0.027224"
"20240405","THB","USD","0.027335"
"20240407","THB","USD","0.027337"
"20240408","THB","USD","0.027233"
"20240409","THB","USD","0.027546"
"20240410","THB","USD","0.027298"
"20240411","THB","USD","0.027405"
"20240412","THB","USD","0.027315"
"20240414","THB","USD","0.027352"
"20240415","THB","USD","0.027226"
"20240416","THB","USD","0.027255"
"20240417","THB","USD","0.027238"
"20240418","THB","USD","0.027172"
"20240419","THB","USD","0.027152"
"20240421","THB","USD","0.027152"
"20240422","THB","USD","0.026986"
"20240423","THB","USD","0.027068"
"20240424","THB","USD","0.026973"
"20240425","THB","USD","0.027012"
"20240426","THB","USD","0.02702"
"20240428","THB","USD","0.027049"
"20240429","THB","USD","0.027023"
"20240430","THB","USD","0.026903"
"20240501","THB","USD","0.027064"
"20240502","THB","USD","0.027152"
"20240503","THB","USD","0.027226"
"20240505","THB","USD","0.027226"
"20240506","THB","USD","0.027218"
"20240507","THB","USD","0.027111"
"20240508","THB","USD","0.027075"
"20240509","THB","USD","0.027218"
"20240510","THB","USD","0.0272"
"20240512","THB","USD","0.0272"
"20240513","THB","USD","0.027179"
"20240514","THB","USD","0.027341"
"20240515","THB","USD","0.027533"
"20240516","THB","USD","0.027617"
"20240517","THB","USD","0.027712"
"20240519","THB","USD","0.027712"
"20240520","THB","USD","0.027691"
"20240521","THB","USD","0.027473"
"20240522","THB","USD","0.027432"
"20240523","THB","USD","0.027299"
"20240524","THB","USD","0.027307"
"20240526","THB","USD","0.0273"
"20240527","THB","USD","0.027344"
"20240528","THB","USD","0.02733"
"20240529","THB","USD","0.02716"
"20240530","THB","USD","0.027234"
"20240531","THB","USD","0.027152"
"20240602","THB","USD","0.027189"
"20240603","THB","USD","0.027319"
"20240604","THB","USD","0.027315"
"20240605","THB","USD","0.027325"
"20240606","THB","USD","0.027441"
"20240607","THB","USD","0.027171"
"20240609","THB","USD","0.027189"
"20240610","THB","USD","0.027211"
"20240611","THB","USD","0.027218"
"20240612","THB","USD","0.02729"
"20240613","THB","USD","0.027218"
"20240614","THB","USD","0.027268"
"20240616","THB","USD","0.027255"
"20240617","THB","USD","0.027152"
"20240618","THB","USD","0.027278"
"20240619","THB","USD","0.027264"
"20240620","THB","USD","0.027213"
"20240621","THB","USD","0.027218"
"20240623","THB","USD","0.027218"
"20240624","THB","USD","0.027296"
"20240625","THB","USD","0.027226"
"20240626","THB","USD","0.027064"
"20240627","THB","USD","0.027149"
"20240628","THB","USD","0.027203"
"20240630","THB","USD","0.027196"
"20240701","THB","USD","0.027226"
"20240702","THB","USD","0.027168"
"20240703","THB","USD","0.027259"
"20240704","THB","USD","0.0273"
"20240705","THB","USD","0.027427"
"20240707","THB","USD","0.027427"
"20240708","THB","USD","0.027454"
"20240709","THB","USD","0.027455"
"20240710","THB","USD","0.027508"
"20240711","THB","USD","0.027689"
"20240712","THB","USD","0.027701"
"20240714","THB","USD","0.02767"
"20240715","THB","USD","0.027663"
"20240716","THB","USD","0.027778"
"20240717","THB","USD","0.02784"
"20240718","THB","USD","0.027678"
"20240719","THB","USD","0.027507"
"20240721","THB","USD","0.027507"
"20240722","THB","USD","0.027556"
"20240723","THB","USD","0.027664"
"20240724","THB","USD","0.027721"
"20240725","THB","USD","0.027592"
"20240726","THB","USD","0.027832"
"20240728","THB","USD","0.027844"
"20240729","THB","USD","0.027793"
"20240730","THB","USD","0.027849"
"20240731","THB","USD","0.028127"
"20240801","THB","USD","0.028096"
"20240802","THB","USD","0.028317"
"20240804","THB","USD","0.028317"
"20240805","THB","USD","0.028193"
"20240806","THB","USD","0.028198"
"20240807","THB","USD","0.028106"
"20240808","THB","USD","0.028373"
"20240809","THB","USD","0.02837"
"20240811","THB","USD","0.028369"
"20240812","THB","USD","0.02845"
"20240813","THB","USD","0.028592"
"20240814","THB","USD","0.028482"
"20240815","THB","USD","0.028477"
"20240816","THB","USD","0.028864"
"20240818","THB","USD","0.028864"
"20240819","THB","USD","0.02906"
"20240820","THB","USD","0.029243"
"20240821","THB","USD","0.02921"
"20240822","THB","USD","0.028965"
"20240823","THB","USD","0.029468"
"20240825","THB","USD","0.029468"
"20240826","THB","USD","0.02941"
"20240827","THB","USD","0.029494"
"20240828","THB","USD","0.029348"
"20240829","THB","USD","0.029456"
"20240830","THB","USD","0.029412"
"20240901","THB","USD","0.029412"
"20240902","THB","USD","0.029246"
"20240903","THB","USD","0.029197"
"20240904","THB","USD","0.02939"
"20240905","THB","USD","0.029744"
"20240906","THB","USD","0.029647"
"20240908","THB","USD","0.029647"
"20240909","THB","USD","0.029499"
"20240910","THB","USD","0.029704"
"20240911","THB","USD","0.029638"
"20240912","THB","USD","0.029906"
"20240913","THB","USD","0.030066"
"20240915","THB","USD","0.030066"
"20240916","THB","USD","0.030098"
"20240917","THB","USD","0.029967"
"20240918","THB","USD","0.029999"
"20240919","THB","USD","0.030177"
"20240920","THB","USD","0.030391"
"20240922","THB","USD","0.030391"
"20240923","THB","USD","0.030354"
"20240924","THB","USD","0.030625"
"20240925","THB","USD","0.030511"
"20240926","THB","USD","0.030869"
"20240927","THB","USD","0.030888"
"20240929","THB","USD","0.030888"
"20240930","THB","USD","0.030861"
"20241001","THB","USD","0.030736"
"20241002","THB","USD","0.030451"
"20241003","THB","USD","0.030178"
"20241004","THB","USD","0.030044"
"20241006","THB","USD","0.030053"
"20241007","THB","USD","0.029869"
"20241008","THB","USD","0.029791"
"20241009","THB","USD","0.029827"
"20241010","THB","USD","0.029899"
"20241011","THB","USD","0.030148"
"20241013","THB","USD","0.030143"
"20241014","THB","USD","0.030057"
"20241015","THB","USD","0.030012"
"20241016","THB","USD","0.030094"
"20241017","THB","USD","0.03013"
"20241018","THB","USD","0.03019"
"20241020","THB","USD","0.030184"
"20241021","THB","USD","0.029845"
"20241022","THB","USD","0.029851"
"20241023","THB","USD","0.029577"
"20241024","THB","USD","0.029692"
"20241025","THB","USD","0.029689"
"20241027","THB","USD","0.029687"
"20241028","THB","USD","0.029601"
"20241029","THB","USD","0.029698"
"20241030","THB","USD","0.029615"
"20241031","THB","USD","0.02959"
"20241101","THB","USD","0.029438"
"20241103","THB","USD","0.029438"
"20241104","THB","USD","0.029603"
"20241105","THB","USD","0.029791"
"20241106","THB","USD","0.029119"
"20241107","THB","USD","0.029446"
"20241108","THB","USD","0.029248"
"20241110","THB","USD","0.029248"
"20241111","THB","USD","0.028966"
"20241112","THB","USD","0.028705"
"20241113","THB","USD","0.028674"
"20241114","THB","USD","0.028577"
"20241115","THB","USD","0.028711"
"20241117","THB","USD","0.028711"
"20241118","THB","USD","0.028927"
"20241119","THB","USD","0.02896"
"20241120","THB","USD","0.028827"
"20241121","THB","USD","0.028811"
"20241122","THB","USD","0.02901"
"20241124","THB","USD","0.029019"
"20241125","THB","USD","0.028898"
"20241126","THB","USD","0.028799"
"20241127","THB","USD","0.02899"
"20241128","THB","USD","0.029053"
"20241129","THB","USD","0.029152"
"20241201","THB","USD","0.029146"
"20241202","THB","USD","0.028974"
"20241203","THB","USD","0.029116"
"20241204","THB","USD","0.029178"
"20241205","THB","USD","0.029336"
"20241206","THB","USD","0.029338"
"20241208","THB","USD","0.029338"
"20241209","THB","USD","0.029577"
"20241210","THB","USD","0.029608"
"20241211","THB","USD","0.029541"
"20241212","THB","USD","0.029458"
"20241213","THB","USD","0.029313"
"20241215","THB","USD","0.029313"
"20241216","THB","USD","0.029347"
"20241217","THB","USD","0.029253"
"20241218","THB","USD","0.028948"
"20241219","THB","USD","0.028935"
"20241220","THB","USD","0.02922"
"20241222","THB","USD","0.029231"
"20241223","THB","USD","0.029132"
"20241224","THB","USD","0.02928"
"20241225","THB","USD","0.029301"
"20241226","THB","USD","0.02933"
"20241227","THB","USD","0.029343"
"20241229","THB","USD","0.029343"
"20241230","THB","USD","0.029253"
"20241231","THB","USD","0.029133"
"20240311","CNY","USD","0.13922"
"20240312","CNY","USD","0.13926"
"20240313","CNY","USD","0.13914"
"20240314","CNY","USD","0.13901"
"20240315","CNY","USD","0.13897"
"20240317","CNY","USD","0.13897"
"20240318","CNY","USD","0.13892"
"20240319","CNY","USD","0.1389"
"20240320","CNY","USD","0.1389"
"20240321","CNY","USD","0.1389"
"20240322","CNY","USD","0.13832"
"20240324","CNY","USD","0.13832"
"20240325","CNY","USD","0.13867"
"20240326","CNY","USD","0.13854"
"20240327","CNY","USD","0.13837"
"20240328","CNY","USD","0.13837"
"20240329","CNY","USD","0.13848"
"20240331","CNY","USD","0.13848"
"20240401","CNY","USD","0.1383"
"20240402","CNY","USD","0.13826"
"20240403","CNY","USD","0.13824"
"20240404","CNY","USD","0.13824"
"20240405","CNY","USD","0.13824"
"20240407","CNY","USD","0.13824"
"20240408","CNY","USD","0.1383"
"20240409","CNY","USD","0.13827"
"20240410","CNY","USD","0.13823"
"20240411","CNY","USD","0.13817"
"20240412","CNY","USD","0.13817"
"20240414","CNY","USD","0.13817"
"20240415","CNY","USD","0.13816"
"20240416","CNY","USD","0.13816"
"20240417","CNY","USD","0.13814"
"20240418","CNY","USD","0.13815"
"20240419","CNY","USD","0.13811"
"20240421","CNY","USD","0.13811"
"20240422","CNY","USD","0.13805"
"20240423","CNY","USD","0.13802"
"20240424","CNY","USD","0.13801"
"20240425","CNY","USD","0.13812"
"20240426","CNY","USD","0.138"
"20240428","CNY","USD","0.138"
"20240429","CNY","USD","0.13827"
"20240430","CNY","USD","0.1381"
"20240501","CNY","USD","0.1381"
"20240502","CNY","USD","0.1381"
"20240503","CNY","USD","0.1381"
"20240505","CNY","USD","0.1381"
"20240506","CNY","USD","0.13872"
"20240507","CNY","USD","0.13853"
"20240508","CNY","USD","0.13841"
"20240509","CNY","USD","0.13848"
"20240510","CNY","USD","0.13837"
"20240512","CNY","USD","0.13837"
"20240513","CNY","USD","0.13826"
"20240514","CNY","USD","0.13824"
"20240515","CNY","USD","0.13851"
"20240516","CNY","USD","0.13852"
"20240517","CNY","USD","0.13842"
"20240519","CNY","USD","0.13842"
"20240520","CNY","USD","0.13822"
"20240521","CNY","USD","0.13816"
"20240522","CNY","USD","0.1381"
"20240523","CNY","USD","0.13809"
"20240524","CNY","USD","0.13806"
"20240526","CNY","USD","0.13806"
"20240527","CNY","USD","0.13804"
"20240528","CNY","USD","0.13803"
"20240529","CNY","USD","0.13795"
"20240530","CNY","USD","0.13826"
"20240531","CNY","USD","0.13809"
"20240602","CNY","USD","0.13809"
"20240603","CNY","USD","0.13808"
"20240604","CNY","USD","0.13813"
"20240605","CNY","USD","0.13797"
"20240606","CNY","USD","0.13802"
"20240607","CNY","USD","0.13797"
"20240609","CNY","USD","0.13797"
"20240610","CNY","USD","0.13797"
"20240611","CNY","USD","0.13785"
"20240612","CNY","USD","0.13813"
"20240613","CNY","USD","0.13788"
"20240614","CNY","USD","0.13782"
"20240616","CNY","USD","0.13782"
"20240617","CNY","USD","0.13781"
"20240618","CNY","USD","0.13785"
"20240619","CNY","USD","0.1378"
"20240620","CNY","USD","0.13773"
"20240621","CNY","USD","0.13772"
"20240623","CNY","USD","0.13772"
"20240624","CNY","USD","0.13776"
"20240625","CNY","USD","0.13769"
"20240626","CNY","USD","0.13761"
"20240627","CNY","USD","0.13757"
"20240628","CNY","USD","0.1376"
"20240630","CNY","USD","0.1376"
"20240701","CNY","USD","0.13758"
"20240702","CNY","USD","0.13753"
"20240703","CNY","USD","0.13755"
"20240704","CNY","USD","0.13759"
"20240705","CNY","USD","0.13758"
"20240707","CNY","USD","0.13758"
"20240708","CNY","USD","0.13758"
"20240709","CNY","USD","0.1375"
"20240710","CNY","USD","0.13744"
"20240711","CNY","USD","0.13778"
"20240712","CNY","USD","0.13792"
"20240714","CNY","USD","0.13792"
"20240715","CNY","USD","0.13774"
"20240716","CNY","USD","0.13758"
"20240717","CNY","USD","0.13772"
"20240718","CNY","USD","0.13773"
"20240719","CNY","USD","0.13756"
"20240721","CNY","USD","0.13756"
"20240722","CNY","USD","0.13748"
"20240723","CNY","USD","0.13746"
"20240724","CNY","USD","0.13769"
"20240725","CNY","USD","0.13828"
"20240726","CNY","USD","0.13791"
"20240728","CNY","USD","0.13791"
"20240729","CNY","USD","0.13774"
"20240730","CNY","USD","0.13791"
"20240731","CNY","USD","0.13851"
"20240801","CNY","USD","0.13804"
"20240802","CNY","USD","0.13966"
"20240804","CNY","USD","0.13966"
"20240805","CNY","USD","0.14025"
"20240806","CNY","USD","0.13972"
"20240807","CNY","USD","0.13934"
"20240808","CNY","USD","0.13935"
"20240809","CNY","USD","0.13952"
"20240811","CNY","USD","0.13952"
"20240812","CNY","USD","0.13937"
"20240813","CNY","USD","0.13975"
"20240814","CNY","USD","0.14008"
"20240815","CNY","USD","0.13938"
"20240816","CNY","USD","0.13957"
"20240818","CNY","USD","0.13957"
"20240819","CNY","USD","0.14006"
"20240820","CNY","USD","0.1402"
"20240821","CNY","USD","0.14016"
"20240822","CNY","USD","0.13996"
"20240823","CNY","USD","0.14035"
"20240825","CNY","USD","0.14035"
"20240826","CNY","USD","0.14041"
"20240827","CNY","USD","0.14036"
"20240828","CNY","USD","0.14034"
"20240829","CNY","USD","0.14089"
"20240830","CNY","USD","0.14103"
"20240901","CNY","USD","0.14103"
"20240902","CNY","USD","0.1405"
"20240903","CNY","USD","0.14042"
"20240904","CNY","USD","0.1406"
"20240905","CNY","USD","0.14098"
"20240906","CNY","USD","0.14107"
"20240908","CNY","USD","0.14107"
"20240909","CNY","USD","0.14057"
"20240910","CNY","USD","0.14043"
"20240911","CNY","USD","0.14046"
"20240912","CNY","USD","0.1405"
"20240913","CNY","USD","0.14097"
"20240915","CNY","USD","0.14097"
"20240916","CNY","USD","0.14097"
"20240917","CNY","USD","0.14097"
"20240918","CNY","USD","0.14121"
"20240919","CNY","USD","0.14149"
"20240920","CNY","USD","0.14182"
"20240922","CNY","USD","0.14182"
"20240923","CNY","USD","0.14181"
"20240924","CNY","USD","0.14221"
"20240925","CNY","USD","0.1422"
"20240926","CNY","USD","0.14263"
"20240927","CNY","USD","0.14263"
"20240929","CNY","USD","0.14263"
"20240930","CNY","USD","0.14248"
"20241001","CNY","USD","0.14248"
"20241002","CNY","USD","0.14248"
"20241003","CNY","USD","0.14248"
"20241004","CNY","USD","0.14248"
"20241006","CNY","USD","0.14248"
"20241007","CNY","USD","0.14248"
"20241008","CNY","USD","0.14164"
"20241009","CNY","USD","0.14122"
"20241010","CNY","USD","0.14125"
"20241011","CNY","USD","0.14151"
"20241013","CNY","USD","0.14151"
"20241014","CNY","USD","0.14109"
"20241015","CNY","USD","0.14046"
"20241016","CNY","USD","0.14046"
"20241017","CNY","USD","0.14037"
"20241018","CNY","USD","0.1408"
"20241020","CNY","USD","0.1408"
"20241021","CNY","USD","0.14046"
"20241022","CNY","USD","0.14039"
"20241023","CNY","USD","0.14033"
"20241024","CNY","USD","0.14045"
"20241025","CNY","USD","0.14044"
"20241027","CNY","USD","0.14044"
"20241028","CNY","USD","0.14034"
"20241029","CNY","USD","0.14024"
"20241030","CNY","USD","0.14054"
"20241031","CNY","USD","0.14049"
"20241101","CNY","USD","0.1404"
"20241103","CNY","USD","0.1404"
"20241104","CNY","USD","0.14085"
"20241105","CNY","USD","0.14074"
"20241106","CNY","USD","0.13931"
"20241107","CNY","USD","0.14003"
"20241108","CNY","USD","0.1393"
"20241110","CNY","USD","0.1393"
"20241111","CNY","USD","0.1386"
"20241112","CNY","USD","0.13826"
"20241113","CNY","USD","0.1384"
"20241114","CNY","USD","0.13832"
"20241115","CNY","USD","0.13827"
"20241117","CNY","USD","0.13827"
"20241118","CNY","USD","0.13817"
"20241119","CNY","USD","0.13814"
"20241120","CNY","USD","0.13801"
"20241121","CNY","USD","0.13817"
"20241122","CNY","USD","0.13801"
"20241124","CNY","USD","0.13801"
"20241125","CNY","USD","0.13813"
"20241126","CNY","USD","0.13789"
"20241127","CNY","USD","0.13799"
"20241128","CNY","USD","0.13804"
"20241129","CNY","USD","0.13807"
"20241201","CNY","USD","0.13807"
"20241202","CNY","USD","0.13751"
"20241203","CNY","USD","0.13724"
"20241204","CNY","USD","0.13765"
"20241205","CNY","USD","0.13774"
"20241206","CNY","USD","0.13753"
"20241208","CNY","USD","0.13753"
"20241209","CNY","USD","0.13773"
"20241210","CNY","USD","0.13792"
"20241211","CNY","USD","0.13771"
"20241212","CNY","USD","0.13755"
"20241213","CNY","USD","0.13743"
"20241215","CNY","USD","0.13743"
"20241216","CNY","USD","0.13729"
"20241217","CNY","USD","0.13727"
"20241218","CNY","USD","0.13724"
"20241219","CNY","USD","0.13704"
"20241220","CNY","USD","0.13705"
"20241222","CNY","USD","0.13705"
"20241223","CNY","USD","0.13702"
"20241224","CNY","USD","0.13707"
"20241225","CNY","USD","0.13702"
"20241226","CNY","USD","0.13702"
"20241227","CNY","USD","0.13702"
"20241229","CNY","USD","0.13702"
"20241230","CNY","USD","0.137"
"20241231","CNY","USD","0.137"
"20240311","AUD","USD","0.66138"
"20240312","AUD","USD","0.66063"
"20240313","AUD","USD","0.66216"
"20240314","AUD","USD","0.65811"
"20240315","AUD","USD","0.6561"
"20240317","AUD","USD","0.656"
"20240318","AUD","USD","0.65596"
"20240319","AUD","USD","0.65321"
"20240320","AUD","USD","0.65864"
"20240321","AUD","USD","0.65702"
"20240322","AUD","USD","0.65145"
"20240324","AUD","USD","0.65165"
"20240325","AUD","USD","0.65401"
"20240326","AUD","USD","0.65332"
"20240327","AUD","USD","0.65345"
"20240328","AUD","USD","0.65161"
"20240329","AUD","USD","0.6522"
"20240331","AUD","USD","0.65195"
"20240401","AUD","USD","0.64901"
"20240402","AUD","USD","0.65181"
"20240403","AUD","USD","0.65648"
"20240404","AUD","USD","0.65873"
"20240405","AUD","USD","0.65793"
"20240407","AUD","USD","0.6573"
"20240408","AUD","USD","0.66047"
"20240409","AUD","USD","0.66286"
"20240410","AUD","USD","0.65128"
"20240411","AUD","USD","0.65378"
"20240412","AUD","USD","0.64625"
"20240414","AUD","USD","0.64697"
"20240415","AUD","USD","0.64423"
"20240416","AUD","USD","0.64018"
"20240417","AUD","USD","0.64352"
"20240418","AUD","USD","0.64213"
"20240419","AUD","USD","0.64177"
"20240421","AUD","USD","0.6415"
"20240422","AUD","USD","0.64494"
"20240423","AUD","USD","0.6487"
"20240424","AUD","USD","0.64978"
"20240425","AUD","USD","0.65187"
"20240426","AUD","USD","0.65332"
"20240428","AUD","USD","0.6527"
"20240429","AUD","USD","0.65665"
"20240430","AUD","USD","0.64728"
"20240501","AUD","USD","0.65232"
"20240502","AUD","USD","0.65658"
"20240503","AUD","USD","0.66099"
"20240505","AUD","USD","0.66205"
"20240506","AUD","USD","0.66254"
"20240507","AUD","USD","0.65979"
"20240508","AUD","USD","0.65795"
"20240509","AUD","USD","0.66197"
"20240510","AUD","USD","0.66031"
"20240512","AUD","USD","0.66025"
"20240513","AUD","USD","0.66082"
"20240514","AUD","USD","0.66271"
"20240515","AUD","USD","0.66932"
"20240516","AUD","USD","0.66787"
"20240517","AUD","USD","0.66934"
"20240519","AUD","USD","0.66945"
"20240520","AUD","USD","0.66677"
"20240521","AUD","USD","0.66658"
"20240522","AUD","USD","0.66195"
"20240523","AUD","USD","0.66067"
"20240524","AUD","USD","0.66284"
"20240526","AUD","USD","0.66245"
"20240527","AUD","USD","0.6654"
"20240528","AUD","USD","0.66498"
"20240529","AUD","USD","0.66104"
"20240530","AUD","USD","0.66333"
"20240531","AUD","USD","0.66532"
"20240602","AUD","USD","0.66445"
"20240603","AUD","USD","0.66894"
"20240604","AUD","USD","0.66496"
"20240605","AUD","USD","0.66476"
"20240606","AUD","USD","0.6667"
"20240607","AUD","USD","0.65808"
"20240609","AUD","USD","0.6583"
"20240610","AUD","USD","0.66102"
"20240611","AUD","USD","0.6606"
"20240612","AUD","USD","0.66635"
"20240613","AUD","USD","0.66361"
"20240614","AUD","USD","0.66155"
"20240616","AUD","USD","0.6608"
"20240617","AUD","USD","0.6613"
"20240618","AUD","USD","0.66562"
"20240619","AUD","USD","0.66726"
"20240620","AUD","USD","0.6656"
"20240621","AUD","USD","0.66414"
"20240623","AUD","USD","0.6641"
"20240624","AUD","USD","0.66569"
"20240625","AUD","USD","0.66474"
"20240626","AUD","USD","0.66479"
"20240627","AUD","USD","0.66471"
"20240628","AUD","USD","0.66694"
"20240630","AUD","USD","0.66815"
"20240701","AUD","USD","0.66599"
"20240702","AUD","USD","0.66669"
"20240703","AUD","USD","0.67054"
"20240704","AUD","USD","0.67262"
"20240705","AUD","USD","0.67488"
"20240707","AUD","USD","0.67385"
"20240708","AUD","USD","0.67372"
"20240709","AUD","USD","0.67411"
"20240710","AUD","USD","0.67474"
"20240711","AUD","USD","0.67599"
"20240712","AUD","USD","0.67848"
"20240714","AUD","USD","0.6774"
"20240715","AUD","USD","0.67599"
"20240716","AUD","USD","0.67338"
"20240717","AUD","USD","0.67289"
"20240718","AUD","USD","0.67061"
"20240719","AUD","USD","0.66846"
"20240721","AUD","USD","0.66925"
"20240722","AUD","USD","0.66427"
"20240723","AUD","USD","0.66151"
"20240724","AUD","USD","0.65812"
"20240725","AUD","USD","0.65381"
"20240726","AUD","USD","0.65476"
"20240728","AUD","USD","0.65505"
"20240729","AUD","USD","0.65492"
"20240730","AUD","USD","0.65376"
"20240731","AUD","USD","0.65416"
"20240801","AUD","USD","0.65015"
"20240802","AUD","USD","0.65107"
"20240804","AUD","USD","0.6512"
"20240805","AUD","USD","0.6497"
"20240806","AUD","USD","0.65191"
"20240807","AUD","USD","0.65195"
"20240808","AUD","USD","0.65925"
"20240809","AUD","USD","0.65722"
"20240811","AUD","USD","0.657"
"20240812","AUD","USD","0.65863"
"20240813","AUD","USD","0.66339"
"20240814","AUD","USD","0.65964"
"20240815","AUD","USD","0.6611"
"20240816","AUD","USD","0.66699"
"20240818","AUD","USD","0.6666"
"20240819","AUD","USD","0.67323"
"20240820","AUD","USD","0.67465"
"20240821","AUD","USD","0.6744"
"20240822","AUD","USD","0.67047"
"20240823","AUD","USD","0.67965"
"20240825","AUD","USD","0.67885"
"20240826","AUD","USD","0.67716"
"20240827","AUD","USD","0.67929"
"20240828","AUD","USD","0.67848"
"20240829","AUD","USD","0.67985"
"20240830","AUD","USD","0.67653"
"20240901","AUD","USD","0.67672"
"20240902","AUD","USD","0.67909"
"20240903","AUD","USD","0.67115"
"20240904","AUD","USD","0.6725"
"20240905","AUD","USD","0.67405"
"20240906","AUD","USD","0.66698"
"20240908","AUD","USD","0.66668"
"20240909","AUD","USD","0.66605"
"20240910","AUD","USD","0.66525"
"20240911","AUD","USD","0.66744"
"20240912","AUD","USD","0.67229"
"20240913","AUD","USD","0.67043"
"20240915","AUD","USD","0.67015"
"20240916","AUD","USD","0.67521"
"20240917","AUD","USD","0.67555"
"20240918","AUD","USD","0.67641"
"20240919","AUD","USD","0.68144"
"20240920","AUD","USD","0.68065"
"20240922","AUD","USD","0.6802"
"20240923","AUD","USD","0.68384"
"20240924","AUD","USD","0.68921"
"20240925","AUD","USD","0.68234"
"20240926","AUD","USD","0.68955"
"20240927","AUD","USD","0.69025"
"20240929","AUD","USD","0.69045"
"20240930","AUD","USD","0.69134"
"20241001","AUD","USD","0.68835"
"20241002","AUD","USD","0.68853"
"20241003","AUD","USD","0.68407"
"20241004","AUD","USD","0.67945"
"20241006","AUD","USD","0.67915"
"20241007","AUD","USD","0.67573"
"20241008","AUD","USD","0.67474"
"20241009","AUD","USD","0.67182"
"20241010","AUD","USD","0.67408"
"20241011","AUD","USD","0.67505"
"20241013","AUD","USD","0.67385"
"20241014","AUD","USD","0.67264"
"20241015","AUD","USD","0.67036"
"20241016","AUD","USD","0.66665"
"20241017","AUD","USD","0.66965"
"20241018","AUD","USD","0.67065"
"20241020","AUD","USD","0.67057"
"20241021","AUD","USD","0.66588"
"20241022","AUD","USD","0.66822"
"20241023","AUD","USD","0.66338"
"20241024","AUD","USD","0.66405"
"20241025","AUD","USD","0.66039"
"20241027","AUD","USD","0.6622"
"20241028","AUD","USD","0.65833"
"20241029","AUD","USD","0.6561"
"20241030","AUD","USD","0.65725"
"20241031","AUD","USD","0.65815"
"20241101","AUD","USD","0.65595"
"20241103","AUD","USD","0.66112"
"20241104","AUD","USD","0.65855"
"20241105","AUD","USD","0.66385"
"20241106","AUD","USD","0.65706"
"20241107","AUD","USD","0.66802"
"20241108","AUD","USD","0.65843"
"20241110","AUD","USD","0.65898"
"20241111","AUD","USD","0.65745"
"20241112","AUD","USD","0.65334"
"20241113","AUD","USD","0.64855"
"20241114","AUD","USD","0.64547"
"20241115","AUD","USD","0.64621"
"20241117","AUD","USD","0.64615"
"20241118","AUD","USD","0.6508"
"20241119","AUD","USD","0.65322"
"20241120","AUD","USD","0.65062"
"20241121","AUD","USD","0.65111"
"20241122","AUD","USD","0.65013"
"20241124","AUD","USD","0.65403"
"20241125","AUD","USD","0.65041"
"20241126","AUD","USD","0.64749"
"20241127","AUD","USD","0.64969"
"20241128","AUD","USD","0.64993"
"20241129","AUD","USD","0.6512"
"20241201","AUD","USD","0.65119"
"20241202","AUD","USD","0.64764"
"20241203","AUD","USD","0.6486"
"20241204","AUD","USD","0.64305"
"20241205","AUD","USD","0.64528"
"20241206","AUD","USD","0.63895"
"20241208","AUD","USD","0.63919"
"20241209","AUD","USD","0.64399"
"20241210","AUD","USD","0.63775"
"20241211","AUD","USD","0.63691"
"20241212","AUD","USD","0.63683"
"20241213","AUD","USD","0.63623"
"20241215","AUD","USD","0.63528"
"20241216","AUD","USD","0.6371"
"20241217","AUD","USD","0.63368"
"20241218","AUD","USD","0.62178"
"20241219","AUD","USD","0.62386"
"20241220","AUD","USD","0.62502"
"20241222","AUD","USD","0.62565"
"20241223","AUD","USD","0.62485"
"20241224","AUD","USD","0.6238"
"20241225","AUD","USD","0.624"
"20241226","AUD","USD","0.62211"
"20241227","AUD","USD","0.6217"
"20241229","AUD","USD","0.62175"
"20241230","AUD","USD","0.62212"
"20241231","AUD","USD","0.61882"
"20240311","KRW","USD","0.00076237"
"20240312","KRW","USD","0.00076201"
"20240313","KRW","USD","0.00076099"
"20240314","KRW","USD","0.00075491"
"20240315","KRW","USD","0.00075133"
"20240317","KRW","USD","0.00075132"
"20240318","KRW","USD","0.00074786"
"20240319","KRW","USD","0.00074769"
"20240320","KRW","USD","0.00075154"
"20240321","KRW","USD","0.00074883"
"20240322","KRW","USD","0.00074354"
"20240324","KRW","USD","0.00074354"
"20240325","KRW","USD","0.00074638"
"20240326","KRW","USD","0.00074401"
"20240327","KRW","USD","0.00074052"
"20240328","KRW","USD","0.0007405"
"20240329","KRW","USD","0.00074274"
"20240331","KRW","USD","0.00074274"
"20240401","KRW","USD","0.00073868"
"20240402","KRW","USD","0.00073982"
"20240403","KRW","USD","0.00074319"
"20240404","KRW","USD","0.00073989"
"20240405","KRW","USD","0.00074011"
"20240407","KRW","USD","0.00074004"
"20240408","KRW","USD","0.00073822"
"20240409","KRW","USD","0.00073943"
"20240410","KRW","USD","0.0007331"
"20240411","KRW","USD","0.00073077"
"20240412","KRW","USD","0.00072435"
"20240414","KRW","USD","0.00072433"
"20240415","KRW","USD","0.00072035"
"20240416","KRW","USD","0.00071929"
"20240417","KRW","USD","0.00072457"
"20240418","KRW","USD","0.00072435"
"20240419","KRW","USD","0.00072731"
"20240421","KRW","USD","0.00072731"
"20240422","KRW","USD","0.00072493"
"20240423","KRW","USD","0.0007279"
"20240424","KRW","USD","0.00072576"
"20240425","KRW","USD","0.00072874"
"20240426","KRW","USD","0.00072573"
"20240428","KRW","USD","0.00072573"
"20240429","KRW","USD","0.00072717"
"20240430","KRW","USD","0.00072156"
"20240501","KRW","USD","0.00072531"
"20240502","KRW","USD","0.00073101"
"20240503","KRW","USD","0.00073732"
"20240505","KRW","USD","0.00073739"
"20240506","KRW","USD","0.00073767"
"20240507","KRW","USD","0.00073559"
"20240508","KRW","USD","0.00073251"
"20240509","KRW","USD","0.000732"
"20240510","KRW","USD","0.00072937"
"20240512","KRW","USD","0.00072933"
"20240513","KRW","USD","0.0007314"
"20240514","KRW","USD","0.00073247"
"20240515","KRW","USD","0.00073874"
"20240516","KRW","USD","0.0007408"
"20240517","KRW","USD","0.00073898"
"20240519","KRW","USD","0.00073898"
"20240520","KRW","USD","0.0007345"
"20240521","KRW","USD","0.00073286"
"20240522","KRW","USD","0.00073195"
"20240523","KRW","USD","0.0007306"
"20240524","KRW","USD","0.00073136"
"20240526","KRW","USD","0.00073136"
"20240527","KRW","USD","0.00073422"
"20240528","KRW","USD","0.00073318"
"20240529","KRW","USD","0.00072909"
"20240530","KRW","USD","0.00072663"
"20240531","KRW","USD","0.00072305"
"20240602","KRW","USD","0.00072301"
"20240603","KRW","USD","0.00072901"
"20240604","KRW","USD","0.00072754"
"20240605","KRW","USD","0.00072992"
"20240606","KRW","USD","0.00073252"
"20240607","KRW","USD","0.0007246"
"20240609","KRW","USD","0.0007246"
"20240610","KRW","USD","0.00072737"
"20240611","KRW","USD","0.00072522"
"20240612","KRW","USD","0.00072932"
"20240613","KRW","USD","0.00072649"
"20240614","KRW","USD","0.00072289"
"20240616","KRW","USD","0.00072289"
"20240617","KRW","USD","0.00072466"
"20240618","KRW","USD","0.00072478"
"20240619","KRW","USD","0.00072334"
"20240620","KRW","USD","0.00071806"
"20240621","KRW","USD","0.00072015"
"20240623","KRW","USD","0.0007202"
"20240624","KRW","USD","0.00072109"
"20240625","KRW","USD","0.00071861"
"20240626","KRW","USD","0.00071719"
"20240627","KRW","USD","0.00072069"
"20240628","KRW","USD","0.00072394"
"20240630","KRW","USD","0.00072397"
"20240701","KRW","USD","0.0007227"
"20240702","KRW","USD","0.00072116"
"20240703","KRW","USD","0.00072066"
"20240704","KRW","USD","0.00072374"
"20240705","KRW","USD","0.00072591"
"20240707","KRW","USD","0.00072598"
"20240708","KRW","USD","0.00072214"
"20240709","KRW","USD","0.00072253"
"20240710","KRW","USD","0.00072257"
"20240711","KRW","USD","0.00072867"
"20240712","KRW","USD","0.00072719"
"20240714","KRW","USD","0.00072719"
"20240715","KRW","USD","0.00072177"
"20240716","KRW","USD","0.00072279"
"20240717","KRW","USD","0.00072476"
"20240718","KRW","USD","0.0007216"
"20240719","KRW","USD","0.00071947"
"20240721","KRW","USD","0.0007195"
"20240722","KRW","USD","0.00072053"
"20240723","KRW","USD","0.00072146"
"20240724","KRW","USD","0.00072288"
"20240725","KRW","USD","0.00072269"
"20240726","KRW","USD","0.00072214"
"20240728","KRW","USD","0.00072214"
"20240729","KRW","USD","0.00072371"
"20240730","KRW","USD","0.00072238"
"20240731","KRW","USD","0.00073028"
"20240801","KRW","USD","0.00072963"
"20240802","KRW","USD","0.00073631"
"20240804","KRW","USD","0.00073631"
"20240805","KRW","USD","0.00073107"
"20240806","KRW","USD","0.00072687"
"20240807","KRW","USD","0.00072675"
"20240808","KRW","USD","0.00072754"
"20240809","KRW","USD","0.00073238"
"20240811","KRW","USD","0.00073231"
"20240812","KRW","USD","0.00072973"
"20240813","KRW","USD","0.0007338"
"20240814","KRW","USD","0.00073665"
"20240815","KRW","USD","0.00073235"
"20240816","KRW","USD","0.0007406"
"20240818","KRW","USD","0.00074068"
"20240819","KRW","USD","0.00075038"
"20240820","KRW","USD","0.0007527"
"20240821","KRW","USD","0.00074952"
"20240822","KRW","USD","0.000745"
"20240823","KRW","USD","0.00075495"
"20240825","KRW","USD","0.0007549"
"20240826","KRW","USD","0.00075256"
"20240827","KRW","USD","0.00075343"
"20240828","KRW","USD","0.00074773"
"20240829","KRW","USD","0.00074939"
"20240830","KRW","USD","0.00074762"
"20240901","KRW","USD","0.00074762"
"20240902","KRW","USD","0.00074723"
"20240903","KRW","USD","0.00074589"
"20240904","KRW","USD","0.00074919"
"20240905","KRW","USD","0.00074985"
"20240906","KRW","USD","0.00074697"
"20240908","KRW","USD","0.00074697"
"20240909","KRW","USD","0.00074463"
"20240910","KRW","USD","0.00074384"
"20240911","KRW","USD","0.00074638"
"20240912","KRW","USD","0.00074795"
"20240913","KRW","USD","0.00075214"
"20240915","KRW","USD","0.00075214"
"20240916","KRW","USD","0.00075647"
"20240917","KRW","USD","0.00075767"
"20240918","KRW","USD","0.00075695"
"20240919","KRW","USD","0.00075246"
"20240920","KRW","USD","0.00075046"
"20240922","KRW","USD","0.00075047"
"20240923","KRW","USD","0.00074959"
"20240924","KRW","USD","0.00075413"
"20240925","KRW","USD","0.00074857"
"20240926","KRW","USD","0.00076112"
"20240927","KRW","USD","0.00076318"
"20240929","KRW","USD","0.00076318"
"20240930","KRW","USD","0.00075814"
"20241001","KRW","USD","0.00075483"
"20241002","KRW","USD","0.0007547"
"20241003","KRW","USD","0.00074901"
"20241004","KRW","USD","0.00074246"
"20241006","KRW","USD","0.00074246"
"20241007","KRW","USD","0.00074301"
"20241008","KRW","USD","0.00074557"
"20241009","KRW","USD","0.00074198"
"20241010","KRW","USD","0.00074035"
"20241011","KRW","USD","0.00074113"
"20241013","KRW","USD","0.00074111"
"20241014","KRW","USD","0.00073624"
"20241015","KRW","USD","0.00073272"
"20241016","KRW","USD","0.00073285"
"20241017","KRW","USD","0.00072921"
"20241018","KRW","USD","0.00073018"
"20241020","KRW","USD","0.00073019"
"20241021","KRW","USD","0.00072479"
"20241022","KRW","USD","0.00072471"
"20241023","KRW","USD","0.00072435"
"20241024","KRW","USD","0.00072501"
"20241025","KRW","USD","0.0007201"
"20241027","KRW","USD","0.0007201"
"20241028","KRW","USD","0.00072321"
"20241029","KRW","USD","0.00072236"
"20241030","KRW","USD","0.00072492"
"20241031","KRW","USD","0.0007279"
"20241101","KRW","USD","0.00072446"
"20241103","KRW","USD","0.00072446"
"20241104","KRW","USD","0.00072749"
"20241105","KRW","USD","0.00072543"
"20241106","KRW","USD","0.00071321"
"20241107","KRW","USD","0.00072365"
"20241108","KRW","USD","0.00071522"
"20241110","KRW","USD","0.00071519"
"20241111","KRW","USD","0.00071382"
"20241112","KRW","USD","0.00071033"
"20241113","KRW","USD","0.00071119"
"20241114","KRW","USD","0.0007115"
"20241115","KRW","USD","0.00071651"
"20241117","KRW","USD","0.00071651"
"20241118","KRW","USD","0.00071839"
"20241119","KRW","USD","0.0007176"
"20241120","KRW","USD","0.00071451"
"20241121","KRW","USD","0.00071398"
"20241122","KRW","USD","0.00071213"
"20241124","KRW","USD","0.00071205"
"20241125","KRW","USD","0.00071426"
"20241126","KRW","USD","0.00071563"
"20241127","KRW","USD","0.00071912"
"20241128","KRW","USD","0.00071653"
"20241129","KRW","USD","0.00071645"
"20241201","KRW","USD","0.00071645"
"20241202","KRW","USD","0.00071126"
"20241203","KRW","USD","0.00070662"
"20241204","KRW","USD","0.00070765"
"20241205","KRW","USD","0.00070656"
"20241206","KRW","USD","0.00070159"
"20241208","KRW","USD","0.00070163"
"20241209","KRW","USD","0.00069913"
"20241210","KRW","USD","0.00069672"
"20241211","KRW","USD","0.0006994"
"20241212","KRW","USD","0.00069848"
"20241213","KRW","USD","0.00069662"
"20241215","KRW","USD","0.00069662"
"20241216","KRW","USD","0.00069548"
"20241217","KRW","USD","0.00069479"
"20241218","KRW","USD","0.00068798"
"20241219","KRW","USD","0.00069131"
"20241220","KRW","USD","0.00069138"
"20241222","KRW","USD","0.00069129"
"20241223","KRW","USD","0.00068809"
"20241224","KRW","USD","0.00068469"
"20241225","KRW","USD","0.0006861"
"20241226","KRW","USD","0.00068091"
"20241227","KRW","USD","0.00067859"
"20241229","KRW","USD","0.00067852"
"20241230","KRW","USD","0.00067969"
"20241231","KRW","USD","0.00067648"
"20240311","ILS","USD","0.27573"
"20240312","ILS","USD","0.27333"
"20240313","ILS","USD","0.27528"
"20240314","ILS","USD","0.27358"
"20240315","ILS","USD","0.27196"
"20240317","ILS","USD","0.27162"
"20240318","ILS","USD","0.27373"
"20240319","ILS","USD","0.27265"
"20240320","ILS","USD","0.2741"
"20240321","ILS","USD","0.27702"
"20240322","ILS","USD","0.27474"
"20240324","ILS","USD","0.27457"
"20240325","ILS","USD","0.27431"
"20240326","ILS","USD","0.27291"
"20240327","ILS","USD","0.27187"
"20240328","ILS","USD","0.27253"
"20240329","ILS","USD","0.27108"
"20240331","ILS","USD","0.27069"
"20240401","ILS","USD","0.27131"
"20240402","ILS","USD","0.26921"
"20240403","ILS","USD","0.26977"
"20240404","ILS","USD","0.26622"
"20240405","ILS","USD","0.26564"
"20240407","ILS","USD","0.26571"
"20240408","ILS","USD","0.27053"
"20240409","ILS","USD","0.27044"
"20240410","ILS","USD","0.26697"
"20240411","ILS","USD","0.26744"
"20240412","ILS","USD","0.26523"
"20240414","ILS","USD","0.26519"
"20240415","ILS","USD","0.26669"
"20240416","ILS","USD","0.26602"
"20240417","ILS","USD","0.26353"
"20240418","ILS","USD","0.26384"
"20240419","ILS","USD","0.26586"
"20240421","ILS","USD","0.26614"
"20240422","ILS","USD","0.26503"
"20240423","ILS","USD","0.26517"
"20240424","ILS","USD","0.2645"
"20240425","ILS","USD","0.26284"
"20240426","ILS","USD","0.2622"
"20240428","ILS","USD","0.2622"
"20240429","ILS","USD","0.26626"
"20240430","ILS","USD","0.26775"
"20240501","ILS","USD","0.26638"
"20240502","ILS","USD","0.26877"
"20240503","ILS","USD","0.26959"
"20240505","ILS","USD","0.26908"
"20240506","ILS","USD","0.26794"
"20240507","ILS","USD","0.27035"
"20240508","ILS","USD","0.26929"
"20240509","ILS","USD","0.26837"
"20240510","ILS","USD","0.26863"
"20240512","ILS","USD","0.26825"
"20240513","ILS","USD","0.26899"
"20240514","ILS","USD","0.2706"
"20240515","ILS","USD","0.27224"
"20240516","ILS","USD","0.27055"
"20240517","ILS","USD","0.26978"
"20240519","ILS","USD","0.26992"
"20240520","ILS","USD","0.27126"
"20240521","ILS","USD","0.27252"
"20240522","ILS","USD","0.27202"
"20240523","ILS","USD","0.27194"
"20240524","ILS","USD","0.27338"
"20240526","ILS","USD","0.27332"
"20240527","ILS","USD","0.27218"
"20240528","ILS","USD","0.27157"
"20240529","ILS","USD","0.26992"
"20240530","ILS","USD","0.27014"
"20240531","ILS","USD","0.26939"
"20240602","ILS","USD","0.26886"
"20240603","ILS","USD","0.27318"
"20240604","ILS","USD","0.27107"
"20240605","ILS","USD","0.26899"
"20240606","ILS","USD","0.26777"
"20240607","ILS","USD","0.26593"
"20240609","ILS","USD","0.26579"
"20240610","ILS","USD","0.26708"
"20240611","ILS","USD","0.26932"
"20240612","ILS","USD","0.27062"
"20240613","ILS","USD","0.26902"
"20240614","ILS","USD","0.2687"
"20240616","ILS","USD","0.26851"
"20240617","ILS","USD","0.26938"
"20240618","ILS","USD","0.26875"
"20240619","ILS","USD","0.26926"
"20240620","ILS","USD","0.26824"
"20240621","ILS","USD","0.26613"
"20240623","ILS","USD","0.26596"
"20240624","ILS","USD","0.2684"
"20240625","ILS","USD","0.26726"
"20240626","ILS","USD","0.26647"
"20240627","ILS","USD","0.26614"
"20240628","ILS","USD","0.2654"
"20240630","ILS","USD","0.26548"
"20240701","ILS","USD","0.26557"
"20240702","ILS","USD","0.26538"
"20240703","ILS","USD","0.26612"
"20240704","ILS","USD","0.26744"
"20240705","ILS","USD","0.27096"
"20240707","ILS","USD","0.2707"
"20240708","ILS","USD","0.27152"
"20240709","ILS","USD","0.27188"
"20240710","ILS","USD","0.27335"
"20240711","ILS","USD","0.27459"
"20240712","ILS","USD","0.27724"
"20240714","ILS","USD","0.27681"
"20240715","ILS","USD","0.2762"
"20240716","ILS","USD","0.27628"
"20240717","ILS","USD","0.2749"
"20240718","ILS","USD","0.27421"
"20240719","ILS","USD","0.27423"
"20240721","ILS","USD","0.27434"
"20240722","ILS","USD","0.2753"
"20240723","ILS","USD","0.2755"
"20240724","ILS","USD","0.27388"
"20240725","ILS","USD","0.27223"
"20240726","ILS","USD","0.27316"
"20240728","ILS","USD","0.27343"
"20240729","ILS","USD","0.26873"
"20240730","ILS","USD","0.26711"
"20240731","ILS","USD","0.265"
"20240801","ILS","USD","0.26324"
"20240802","ILS","USD","0.26296"
"20240804","ILS","USD","0.26314"
"20240805","ILS","USD","0.26136"
"20240806","ILS","USD","0.26096"
"20240807","ILS","USD","0.26352"
"20240808","ILS","USD","0.2647"
"20240809","ILS","USD","0.2684"
"20240811","ILS","USD","0.26853"
"20240812","ILS","USD","0.2644"
"20240813","ILS","USD","0.26873"
"20240814","ILS","USD","0.26921"
"20240815","ILS","USD","0.27123"
"20240816","ILS","USD","0.27248"
"20240818","ILS","USD","0.27226"
"20240819","ILS","USD","0.2701"
"20240820","ILS","USD","0.27094"
"20240821","ILS","USD","0.26886"
"20240822","ILS","USD","0.26951"
"20240823","ILS","USD","0.27111"
"20240825","ILS","USD","0.27102"
"20240826","ILS","USD","0.27187"
"20240827","ILS","USD","0.27177"
"20240828","ILS","USD","0.27294"
"20240829","ILS","USD","0.27332"
"20240830","ILS","USD","0.27553"
"20240901","ILS","USD","0.27564"
"20240902","ILS","USD","0.27383"
"20240903","ILS","USD","0.27071"
"20240904","ILS","USD","0.27097"
"20240905","ILS","USD","0.26992"
"20240906","ILS","USD","0.2683"
"20240908","ILS","USD","0.2683"
"20240909","ILS","USD","0.26586"
"20240910","ILS","USD","0.2659"
"20240911","ILS","USD","0.26497"
"20240912","ILS","USD","0.26857"
"20240913","ILS","USD","0.26956"
"20240915","ILS","USD","0.26962"
"20240916","ILS","USD","0.26706"
"20240917","ILS","USD","0.26429"
"20240918","ILS","USD","0.26447"
"20240919","ILS","USD","0.26572"
"20240920","ILS","USD","0.26475"
"20240922","ILS","USD","0.26441"
"20240923","ILS","USD","0.26409"
"20240924","ILS","USD","0.26645"
"20240925","ILS","USD","0.26728"
"20240926","ILS","USD","0.27057"
"20240927","ILS","USD","0.26803"
"20240929","ILS","USD","0.27059"
"20240930","ILS","USD","0.26874"
"20241001","ILS","USD","0.26559"
"20241002","ILS","USD","0.2644"
"20241003","ILS","USD","0.26284"
"20241004","ILS","USD","0.26216"
"20241006","ILS","USD","0.26211"
"20241007","ILS","USD","0.2636"
"20241008","ILS","USD","0.26583"
"20241009","ILS","USD","0.26552"
"20241010","ILS","USD","0.2655"
"20241011","ILS","USD","0.26594"
"20241013","ILS","USD","0.26598"
"20241014","ILS","USD","0.26607"
"20241015","ILS","USD","0.26603"
"20241016","ILS","USD","0.26591"
"20241017","ILS","USD","0.26774"
"20241018","ILS","USD","0.26892"
"20241020","ILS","USD","0.26906"
"20241021","ILS","USD","0.26451"
"20241022","ILS","USD","0.26526"
"20241023","ILS","USD","0.26326"
"20241024","ILS","USD","0.264"
"20241025","ILS","USD","0.2637"
"20241027","ILS","USD","0.26391"
"20241028","ILS","USD","0.26808"
"20241029","ILS","USD","0.26855"
"20241030","ILS","USD","0.26954"
"20241031","ILS","USD","0.26727"
"20241101","ILS","USD","0.26655"
"20241103","ILS","USD","0.26649"
"20241104","ILS","USD","0.26646"
"20241105","ILS","USD","0.26664"
"20241106","ILS","USD","0.26802"
"20241107","ILS","USD","0.26865"
"20241108","ILS","USD","0.26669"
"20241110","ILS","USD","0.26664"
"20241111","ILS","USD","0.26671"
"20241112","ILS","USD","0.26611"
"20241113","ILS","USD","0.26659"
"20241114","ILS","USD","0.2674"
"20241115","ILS","USD","0.26694"
"20241117","ILS","USD","0.26671"
"20241118","ILS","USD","0.26779"
"20241119","ILS","USD","0.26716"
"20241120","ILS","USD","0.26763"
"20241121","ILS","USD","0.26925"
"20241122","ILS","USD","0.27011"
"20241124","ILS","USD","0.27014"
"20241125","ILS","USD","0.27449"
"20241126","ILS","USD","0.27438"
"20241127","ILS","USD","0.27347"
"20241128","ILS","USD","0.27373"
"20241129","ILS","USD","0.27517"
"20241201","ILS","USD","0.27499"
"20241202","ILS","USD","0.27366"
"20241203","ILS","USD","0.27629"
"20241204","ILS","USD","0.27634"
"20241205","ILS","USD","0.27774"
"20241206","ILS","USD","0.27926"
"20241208","ILS","USD","0.27926"
"20241209","ILS","USD","0.28043"
"20241210","ILS","USD","0.27894"
"20241211","ILS","USD","0.27934"
"20241212","ILS","USD","0.27911"
"20241213","ILS","USD","0.27753"
"20241215","ILS","USD","0.27745"
"20241216","ILS","USD","0.27886"
"20241217","ILS","USD","0.27813"
"20241218","ILS","USD","0.27746"
"20241219","ILS","USD","0.27411"
"20241220","ILS","USD","0.27389"
"20241222","ILS","USD","0.27364"
"20241223","ILS","USD","0.27272"
"20241224","ILS","USD","0.27415"
"20241225","ILS","USD","0.27421"
"20241226","ILS","USD","0.27336"
"20241227","ILS","USD","0.27146"
"20241229","ILS","USD","0.27155"
"20241230","ILS","USD","0.27363"
"20241231","ILS","USD","0.2748"
"20240311","JPY","USD","0.006805"
"20240312","JPY","USD","0.0067725"
"20240313","JPY","USD","0.0067678"
"20240314","JPY","USD","0.0067422"
"20240315","JPY","USD","0.0067086"
"20240317","JPY","USD","0.0067119"
"20240318","JPY","USD","0.0067044"
"20240319","JPY","USD","0.0066289"
"20240320","JPY","USD","0.0066113"
"20240321","JPY","USD","0.0065951"
"20240322","JPY","USD","0.006603"
"20240324","JPY","USD","0.0066013"
"20240325","JPY","USD","0.0066043"
"20240326","JPY","USD","0.006598"
"20240327","JPY","USD","0.0066082"
"20240328","JPY","USD","0.0066058"
"20240329","JPY","USD","0.0066069"
"20240331","JPY","USD","0.0066092"
"20240401","JPY","USD","0.0065941"
"20240402","JPY","USD","0.0065983"
"20240403","JPY","USD","0.0065921"
"20240404","JPY","USD","0.0066075"
"20240405","JPY","USD","0.0065954"
"20240407","JPY","USD","0.0065948"
"20240408","JPY","USD","0.0065855"
"20240409","JPY","USD","0.0065883"
"20240410","JPY","USD","0.0065292"
"20240411","JPY","USD","0.0065243"
"20240412","JPY","USD","0.0065231"
"20240414","JPY","USD","0.0065335"
"20240415","JPY","USD","0.006482"
"20240416","JPY","USD","0.0064632"
"20240417","JPY","USD","0.0064772"
"20240418","JPY","USD","0.0064662"
"20240419","JPY","USD","0.0064665"
"20240421","JPY","USD","0.0064668"
"20240422","JPY","USD","0.0064582"
"20240423","JPY","USD","0.0064585"
"20240424","JPY","USD","0.0064371"
"20240425","JPY","USD","0.0064246"
"20240426","JPY","USD","0.0063154"
"20240428","JPY","USD","0.0063153"
"20240429","JPY","USD","0.0063959"
"20240430","JPY","USD","0.0063367"
"20240501","JPY","USD","0.0064746"
"20240502","JPY","USD","0.0065085"
"20240503","JPY","USD","0.0065366"
"20240505","JPY","USD","0.0065362"
"20240506","JPY","USD","0.0064975"
"20240507","JPY","USD","0.0064642"
"20240508","JPY","USD","0.0064292"
"20240509","JPY","USD","0.0064319"
"20240510","JPY","USD","0.0064194"
"20240512","JPY","USD","0.006422"
"20240513","JPY","USD","0.0064009"
"20240514","JPY","USD","0.0063924"
"20240515","JPY","USD","0.0064562"
"20240516","JPY","USD","0.006435"
"20240517","JPY","USD","0.0064246"
"20240519","JPY","USD","0.0064257"
"20240520","JPY","USD","0.006399"
"20240521","JPY","USD","0.0064024"
"20240522","JPY","USD","0.0063769"
"20240523","JPY","USD","0.0063722"
"20240524","JPY","USD","0.0063694"
"20240526","JPY","USD","0.0063682"
"20240527","JPY","USD","0.0063742"
"20240528","JPY","USD","0.0063618"
"20240529","JPY","USD","0.0063425"
"20240530","JPY","USD","0.0063769"
"20240531","JPY","USD","0.0063573"
"20240602","JPY","USD","0.0063534"
"20240603","JPY","USD","0.0064074"
"20240604","JPY","USD","0.006456"
"20240605","JPY","USD","0.0064055"
"20240606","JPY","USD","0.0064262"
"20240607","JPY","USD","0.006379"
"20240609","JPY","USD","0.0063814"
"20240610","JPY","USD","0.0063678"
"20240611","JPY","USD","0.0063641"
"20240612","JPY","USD","0.0063807"
"20240613","JPY","USD","0.0063687"
"20240614","JPY","USD","0.0063533"
"20240616","JPY","USD","0.006353"
"20240617","JPY","USD","0.0063399"
"20240618","JPY","USD","0.0063347"
"20240619","JPY","USD","0.0063254"
"20240620","JPY","USD","0.0062921"
"20240621","JPY","USD","0.0062574"
"20240623","JPY","USD","0.0062588"
"20240624","JPY","USD","0.0062648"
"20240625","JPY","USD","0.0062621"
"20240626","JPY","USD","0.0062183"
"20240627","JPY","USD","0.0062199"
"20240628","JPY","USD","0.0062158"
"20240630","JPY","USD","0.0062245"
"20240701","JPY","USD","0.0061934"
"20240702","JPY","USD","0.0061936"
"20240703","JPY","USD","0.0061839"
"20240704","JPY","USD","0.0062005"
"20240705","JPY","USD","0.00622"
"20240707","JPY","USD","0.0062201"
"20240708","JPY","USD","0.0062174"
"20240709","JPY","USD","0.0061987"
"20240710","JPY","USD","0.0061844"
"20240711","JPY","USD","0.0062947"
"20240712","JPY","USD","0.0063325"
"20240714","JPY","USD","0.0063329"
"20240715","JPY","USD","0.0063258"
"20240716","JPY","USD","0.006314"
"20240717","JPY","USD","0.0064015"
"20240718","JPY","USD","0.0063546"
"20240719","JPY","USD","0.0063501"
"20240721","JPY","USD","0.006349"
"20240722","JPY","USD","0.0063676"
"20240723","JPY","USD","0.0064273"
"20240724","JPY","USD","0.0064986"
"20240725","JPY","USD","0.0064966"
"20240726","JPY","USD","0.0065038"
"20240728","JPY","USD","0.0065072"
"20240729","JPY","USD","0.0064923"
"20240730","JPY","USD","0.0065459"
"20240731","JPY","USD","0.0066672"
"20240801","JPY","USD","0.0066956"
"20240802","JPY","USD","0.0068238"
"20240804","JPY","USD","0.0068238"
"20240805","JPY","USD","0.006935"
"20240806","JPY","USD","0.0069282"
"20240807","JPY","USD","0.0068167"
"20240808","JPY","USD","0.0067897"
"20240809","JPY","USD","0.0068201"
"20240811","JPY","USD","0.0068199"
"20240812","JPY","USD","0.0067935"
"20240813","JPY","USD","0.0068097"
"20240814","JPY","USD","0.0067876"
"20240815","JPY","USD","0.0066981"
"20240816","JPY","USD","0.0067747"
"20240818","JPY","USD","0.0067755"
"20240819","JPY","USD","0.0068213"
"20240820","JPY","USD","0.006884"
"20240821","JPY","USD","0.0068829"
"20240822","JPY","USD","0.0068351"
"20240823","JPY","USD","0.0069258"
"20240825","JPY","USD","0.0069257"
"20240826","JPY","USD","0.0069192"
"20240827","JPY","USD","0.0069466"
"20240828","JPY","USD","0.0069162"
"20240829","JPY","USD","0.0068971"
"20240830","JPY","USD","0.0068409"
"20240901","JPY","USD","0.0068388"
"20240902","JPY","USD","0.0068063"
"20240903","JPY","USD","0.006874"
"20240904","JPY","USD","0.0069573"
"20240905","JPY","USD","0.0069711"
"20240906","JPY","USD","0.0070276"
"20240908","JPY","USD","0.0070311"
"20240909","JPY","USD","0.0069841"
"20240910","JPY","USD","0.0070197"
"20240911","JPY","USD","0.0070243"
"20240912","JPY","USD","0.007051"
"20240913","JPY","USD","0.0071003"
"20240915","JPY","USD","0.0071081"
"20240916","JPY","USD","0.0071116"
"20240917","JPY","USD","0.0070215"
"20240918","JPY","USD","0.0070284"
"20240919","JPY","USD","0.0070112"
"20240920","JPY","USD","0.0069493"
"20240922","JPY","USD","0.0069481"
"20240923","JPY","USD","0.0069634"
"20240924","JPY","USD","0.0069819"
"20240925","JPY","USD","0.0069081"
"20240926","JPY","USD","0.0069056"
"20240927","JPY","USD","0.0070324"
"20240929","JPY","USD","0.0070326"
"20240930","JPY","USD","0.0069624"
"20241001","JPY","USD","0.0069654"
"20241002","JPY","USD","0.0068275"
"20241003","JPY","USD","0.0068052"
"20241004","JPY","USD","0.0067244"
"20241006","JPY","USD","0.0067243"
"20241007","JPY","USD","0.0067484"
"20241008","JPY","USD","0.0067475"
"20241009","JPY","USD","0.0066972"
"20241010","JPY","USD","0.0067308"
"20241011","JPY","USD","0.0067049"
"20241013","JPY","USD","0.0067058"
"20241014","JPY","USD","0.0066776"
"20241015","JPY","USD","0.0067019"
"20241016","JPY","USD","0.0066824"
"20241017","JPY","USD","0.006657"
"20241018","JPY","USD","0.0066874"
"20241020","JPY","USD","0.0066892"
"20241021","JPY","USD","0.0066297"
"20241022","JPY","USD","0.0066187"
"20241023","JPY","USD","0.0065463"
"20241024","JPY","USD","0.0065861"
"20241025","JPY","USD","0.006566"
"20241027","JPY","USD","0.0065327"
"20241028","JPY","USD","0.0065237"
"20241029","JPY","USD","0.0065204"
"20241030","JPY","USD","0.0065181"
"20241031","JPY","USD","0.0065773"
"20241101","JPY","USD","0.0065361"
"20241103","JPY","USD","0.0065692"
"20241104","JPY","USD","0.0065731"
"20241105","JPY","USD","0.0065955"
"20241106","JPY","USD","0.0064668"
"20241107","JPY","USD","0.006539"
"20241108","JPY","USD","0.0065516"
"20241110","JPY","USD","0.0065511"
"20241111","JPY","USD","0.0065051"
"20241112","JPY","USD","0.0064672"
"20241113","JPY","USD","0.0064317"
"20241114","JPY","USD","0.006399"
"20241115","JPY","USD","0.0064772"
"20241117","JPY","USD","0.006479"
"20241118","JPY","USD","0.0064648"
"20241119","JPY","USD","0.0064658"
"20241120","JPY","USD","0.0064336"
"20241121","JPY","USD","0.0064706"
"20241122","JPY","USD","0.0064618"
"20241124","JPY","USD","0.0064618"
"20241125","JPY","USD","0.0064858"
"20241126","JPY","USD","0.0065311"
"20241127","JPY","USD","0.0066176"
"20241128","JPY","USD","0.0065984"
"20241129","JPY","USD","0.0066787"
"20241201","JPY","USD","0.0066818"
"20241202","JPY","USD","0.0066849"
"20241203","JPY","USD","0.0066847"
"20241204","JPY","USD","0.0066386"
"20241205","JPY","USD","0.0066615"
"20241206","JPY","USD","0.0066651"
"20241208","JPY","USD","0.0066638"
"20241209","JPY","USD","0.006613"
"20241210","JPY","USD","0.0065801"
"20241211","JPY","USD","0.0065589"
"20241212","JPY","USD","0.0065512"
"20241213","JPY","USD","0.0065065"
"20241215","JPY","USD","0.0065088"
"20241216","JPY","USD","0.0064869"
"20241217","JPY","USD","0.0065146"
"20241218","JPY","USD","0.0064584"
"20241219","JPY","USD","0.0063519"
"20241220","JPY","USD","0.0063932"
"20241222","JPY","USD","0.0063932"
"20241223","JPY","USD","0.0063621"
"20241224","JPY","USD","0.0063615"
"20241225","JPY","USD","0.0063522"
"20241226","JPY","USD","0.0063284"
"20241227","JPY","USD","0.0063357"
"20241229","JPY","USD","0.0063357"
"20241230","JPY","USD","0.0063752"
"20241231","JPY","USD","0.0063613"
"20240311","PLN","USD","0.25518"
"20240312","PLN","USD","0.25479"
"20240313","PLN","USD","0.25561"
"20240314","PLN","USD","0.25356"
"20240315","PLN","USD","0.25308"
"20240317","PLN","USD","0.25307"
"20240318","PLN","USD","0.25156"
"20240319","PLN","USD","0.25185"
"20240320","PLN","USD","0.25342"
"20240321","PLN","USD","0.25209"
"20240322","PLN","USD","0.25013"
"20240324","PLN","USD","0.25017"
"20240325","PLN","USD","0.2515"
"20240326","PLN","USD","0.25127"
"20240327","PLN","USD","0.25092"
"20240328","PLN","USD","0.25044"
"20240329","PLN","USD","0.25143"
"20240331","PLN","USD","0.25131"
"20240401","PLN","USD","0.25107"
"20240402","PLN","USD","0.25102"
"20240403","PLN","USD","0.25249"
"20240404","PLN","USD","0.25256"
"20240405","PLN","USD","0.25314"
"20240407","PLN","USD","0.25311"
"20240408","PLN","USD","0.25487"
"20240409","PLN","USD","0.25471"
"20240410","PLN","USD","0.25185"
"20240411","PLN","USD","0.25166"
"20240412","PLN","USD","0.2482"
"20240414","PLN","USD","0.24816"
"20240415","PLN","USD","0.24683"
"20240416","PLN","USD","0.24321"
"20240417","PLN","USD","0.24613"
"20240418","PLN","USD","0.24542"
"20240419","PLN","USD","0.24726"
"20240421","PLN","USD","0.24714"
"20240422","PLN","USD","0.24679"
"20240423","PLN","USD","0.24834"
"20240424","PLN","USD","0.24677"
"20240425","PLN","USD","0.24866"
"20240426","PLN","USD","0.24765"
"20240428","PLN","USD","0.24778"
"20240429","PLN","USD","0.24843"
"20240430","PLN","USD","0.2462"
"20240501","PLN","USD","0.24784"
"20240502","PLN","USD","0.24752"
"20240503","PLN","USD","0.24886"
"20240505","PLN","USD","0.24892"
"20240506","PLN","USD","0.24997"
"20240507","PLN","USD","0.24943"
"20240508","PLN","USD","0.24985"
"20240509","PLN","USD","0.25143"
"20240510","PLN","USD","0.25029"
"20240512","PLN","USD","0.25029"
"20240513","PLN","USD","0.25177"
"20240514","PLN","USD","0.25353"
"20240515","PLN","USD","0.25536"
"20240516","PLN","USD","0.25517"
"20240517","PLN","USD","0.2551"
"20240519","PLN","USD","0.25494"
"20240520","PLN","USD","0.25529"
"20240521","PLN","USD","0.25524"
"20240522","PLN","USD","0.25344"
"20240523","PLN","USD","0.25362"
"20240524","PLN","USD","0.25506"
"20240526","PLN","USD","0.25504"
"20240527","PLN","USD","0.25498"
"20240528","PLN","USD","0.25524"
"20240529","PLN","USD","0.25238"
"20240530","PLN","USD","0.25298"
"20240531","PLN","USD","0.25386"
"20240602","PLN","USD","0.25377"
"20240603","PLN","USD","0.25515"
"20240604","PLN","USD","0.25249"
"20240605","PLN","USD","0.25323"
"20240606","PLN","USD","0.25427"
"20240607","PLN","USD","0.2504"
"20240609","PLN","USD","0.25017"
"20240610","PLN","USD","0.24891"
"20240611","PLN","USD","0.2475"
"20240612","PLN","USD","0.2495"
"20240613","PLN","USD","0.24701"
"20240614","PLN","USD","0.24436"
"20240616","PLN","USD","0.24461"
"20240617","PLN","USD","0.24694"
"20240618","PLN","USD","0.24761"
"20240619","PLN","USD","0.24843"
"20240620","PLN","USD","0.24736"
"20240621","PLN","USD","0.24719"
"20240623","PLN","USD","0.24708"
"20240624","PLN","USD","0.24993"
"20240625","PLN","USD","0.24929"
"20240626","PLN","USD","0.24758"
"20240627","PLN","USD","0.24833"
"20240628","PLN","USD","0.24847"
"20240630","PLN","USD","0.24856"
"20240701","PLN","USD","0.24875"
"20240702","PLN","USD","0.24934"
"20240703","PLN","USD","0.25095"
"20240704","PLN","USD","0.25247"
"20240705","PLN","USD","0.25303"
"20240707","PLN","USD","0.25303"
"20240708","PLN","USD","0.25364"
"20240709","PLN","USD","0.25407"
"20240710","PLN","USD","0.25414"
"20240711","PLN","USD","0.25506"
"20240712","PLN","USD","0.2564"
"20240714","PLN","USD","0.25596"
"20240715","PLN","USD","0.25595"
"20240716","PLN","USD","0.25439"
"20240717","PLN","USD","0.25497"
"20240718","PLN","USD","0.25388"
"20240719","PLN","USD","0.25392"
"20240721","PLN","USD","0.2539"
"20240722","PLN","USD","0.25455"
"20240723","PLN","USD","0.25378"
"20240724","PLN","USD","0.25227"
"20240725","PLN","USD","0.25309"
"20240726","PLN","USD","0.254"
"20240728","PLN","USD","0.25405"
"20240729","PLN","USD","0.25204"
"20240730","PLN","USD","0.25197"
"20240731","PLN","USD","0.25239"
"20240801","PLN","USD","0.25081"
"20240802","PLN","USD","0.25422"
"20240804","PLN","USD","0.25422"
"20240805","PLN","USD","0.25458"
"20240806","PLN","USD","0.25352"
"20240807","PLN","USD","0.25248"
"20240808","PLN","USD","0.25274"
"20240809","PLN","USD","0.25262"
"20240811","PLN","USD","0.25257"
"20240812","PLN","USD","0.25395"
"20240813","PLN","USD","0.25626"
"20240814","PLN","USD","0.25662"
"20240815","PLN","USD","0.25583"
"20240816","PLN","USD","0.25867"
"20240818","PLN","USD","0.25841"
"20240819","PLN","USD","0.25987"
"20240820","PLN","USD","0.26027"
"20240821","PLN","USD","0.26043"
"20240822","PLN","USD","0.2595"
"20240823","PLN","USD","0.26243"
"20240825","PLN","USD","0.26246"
"20240826","PLN","USD","0.26064"
"20240827","PLN","USD","0.26114"
"20240828","PLN","USD","0.25887"
"20240829","PLN","USD","0.25855"
"20240830","PLN","USD","0.25798"
"20240901","PLN","USD","0.25802"
"20240902","PLN","USD","0.25929"
"20240903","PLN","USD","0.25797"
"20240904","PLN","USD","0.25924"
"20240905","PLN","USD","0.25941"
"20240906","PLN","USD","0.25885"
"20240908","PLN","USD","0.25892"
"20240909","PLN","USD","0.2581"
"20240910","PLN","USD","0.25743"
"20240911","PLN","USD","0.25672"
"20240912","PLN","USD","0.25843"
"20240913","PLN","USD","0.25871"
"20240915","PLN","USD","0.2588"
"20240916","PLN","USD","0.26037"
"20240917","PLN","USD","0.26001"
"20240918","PLN","USD","0.26032"
"20240919","PLN","USD","0.26116"
"20240920","PLN","USD","0.26144"
"20240922","PLN","USD","0.26137"
"20240923","PLN","USD","0.26015"
"20240924","PLN","USD","0.26276"
"20240925","PLN","USD","0.26082"
"20240926","PLN","USD","0.26143"
"20240927","PLN","USD","0.26107"
"20240929","PLN","USD","0.26105"
"20240930","PLN","USD","0.25988"
"20241001","PLN","USD","0.25822"
"20241002","PLN","USD","0.25724"
"20241003","PLN","USD","0.25601"
"20241004","PLN","USD","0.25434"
"20241006","PLN","USD","0.25418"
"20241007","PLN","USD","0.25381"
"20241008","PLN","USD","0.25518"
"20241009","PLN","USD","0.2546"
"20241010","PLN","USD","0.25427"
"20241011","PLN","USD","0.25478"
"20241013","PLN","USD","0.2546"
"20241014","PLN","USD","0.25404"
"20241015","PLN","USD","0.25368"
"20241016","PLN","USD","0.2527"
"20241017","PLN","USD","0.25134"
"20241018","PLN","USD","0.25243"
"20241020","PLN","USD","0.25225"
"20241021","PLN","USD","0.25031"
"20241022","PLN","USD","0.24973"
"20241023","PLN","USD","0.24815"
"20241024","PLN","USD","0.24912"
"20241025","PLN","USD","0.24853"
"20241027","PLN","USD","0.24859"
"20241028","PLN","USD","0.24854"
"20241029","PLN","USD","0.24932"
"20241030","PLN","USD","0.2493"
"20241031","PLN","USD","0.24994"
"20241101","PLN","USD","0.24836"
"20241103","PLN","USD","0.24834"
"20241104","PLN","USD","0.24968"
"20241105","PLN","USD","0.25101"
"20241106","PLN","USD","0.24645"
"20241107","PLN","USD","0.2505"
"20241108","PLN","USD","0.24791"
"20241110","PLN","USD","0.24779"
"20241111","PLN","USD","0.24428"
"20241112","PLN","USD","0.24419"
"20241113","PLN","USD","0.24332"
"20241114","PLN","USD","0.24362"
"20241115","PLN","USD","0.24406"
"20241117","PLN","USD","0.2437"
"20241118","PLN","USD","0.24573"
"20241119","PLN","USD","0.24449"
"20241120","PLN","USD","0.2432"
"20241121","PLN","USD","0.24115"
"20241122","PLN","USD","0.24028"
"20241124","PLN","USD","0.24026"
"20241125","PLN","USD","0.24347"
"20241126","PLN","USD","0.24365"
"20241127","PLN","USD","0.24558"
"20241128","PLN","USD","0.24508"
"20241129","PLN","USD","0.24591"
"20241201","PLN","USD","0.24576"
"20241202","PLN","USD","0.24509"
"20241203","PLN","USD","0.24481"
"20241204","PLN","USD","0.2456"
"20241205","PLN","USD","0.248"
"20241206","PLN","USD","0.24766"
"20241208","PLN","USD","0.24748"
"20241209","PLN","USD","0.24783"
"20241210","PLN","USD","0.24723"
"20241211","PLN","USD","0.24579"
"20241212","PLN","USD","0.24485"
"20241213","PLN","USD","0.24634"
"20241215","PLN","USD","0.24602"
"20241216","PLN","USD","0.2469"
"20241217","PLN","USD","0.24573"
"20241218","PLN","USD","0.24257"
"20241219","PLN","USD","0.24341"
"20241220","PLN","USD","0.24467"
"20241222","PLN","USD","0.24482"
"20241223","PLN","USD","0.24397"
"20241224","PLN","USD","0.24395"
"20241225","PLN","USD","0.24395"
"20241226","PLN","USD","0.2446"
"20241227","PLN","USD","0.24406"
"20241229","PLN","USD","0.24404"
"20241230","PLN","USD","0.24332"
"20241231","PLN","USD","0.242"
"20240311","GBP","USD","1.2814"
"20240312","GBP","USD","1.2794"
"20240313","GBP","USD","1.2797"
"20240314","GBP","USD","1.2753"
"20240315","GBP","USD","1.2734"
"20240317","GBP","USD","1.2732"
"20240318","GBP","USD","1.2729"
"20240319","GBP","USD","1.2722"
"20240320","GBP","USD","1.2786"
"20240321","GBP","USD","1.2658"
"20240322","GBP","USD","1.26"
"20240324","GBP","USD","1.26"
"20240325","GBP","USD","1.2637"
"20240326","GBP","USD","1.2628"
"20240327","GBP","USD","1.264"
"20240328","GBP","USD","1.2624"
"20240329","GBP","USD","1.2624"
"20240331","GBP","USD","1.2624"
"20240401","GBP","USD","1.2552"
"20240402","GBP","USD","1.2578"
"20240403","GBP","USD","1.2653"
"20240404","GBP","USD","1.2643"
"20240405","GBP","USD","1.2638"
"20240407","GBP","USD","1.263"
"20240408","GBP","USD","1.2655"
"20240409","GBP","USD","1.2677"
"20240410","GBP","USD","1.254"
"20240411","GBP","USD","1.2553"
"20240412","GBP","USD","1.245"
"20240414","GBP","USD","1.2452"
"20240415","GBP","USD","1.2446"
"20240416","GBP","USD","1.2426"
"20240417","GBP","USD","1.2454"
"20240418","GBP","USD","1.2437"
"20240419","GBP","USD","1.237"
"20240421","GBP","USD","1.2373"
"20240422","GBP","USD","1.235"
"20240423","GBP","USD","1.2449"
"20240424","GBP","USD","1.2464"
"20240425","GBP","USD","1.2514"
"20240426","GBP","USD","1.2493"
"20240428","GBP","USD","1.2501"
"20240429","GBP","USD","1.2562"
"20240430","GBP","USD","1.2492"
"20240501","GBP","USD","1.2528"
"20240502","GBP","USD","1.2534"
"20240503","GBP","USD","1.2547"
"20240505","GBP","USD","1.2546"
"20240506","GBP","USD","1.2563"
"20240507","GBP","USD","1.2508"
"20240508","GBP","USD","1.2498"
"20240509","GBP","USD","1.2524"
"20240510","GBP","USD","1.2525"
"20240512","GBP","USD","1.2521"
"20240513","GBP","USD","1.2559"
"20240514","GBP","USD","1.2592"
"20240515","GBP","USD","1.2686"
"20240516","GBP","USD","1.267"
"20240517","GBP","USD","1.2701"
"20240519","GBP","USD","1.269"
"20240520","GBP","USD","1.2707"
"20240521","GBP","USD","1.2709"
"20240522","GBP","USD","1.2717"
"20240523","GBP","USD","1.2699"
"20240524","GBP","USD","1.2737"
"20240526","GBP","USD","1.2733"
"20240527","GBP","USD","1.2769"
"20240528","GBP","USD","1.2762"
"20240529","GBP","USD","1.27"
"20240530","GBP","USD","1.2733"
"20240531","GBP","USD","1.2742"
"20240602","GBP","USD","1.2737"
"20240603","GBP","USD","1.2808"
"20240604","GBP","USD","1.277"
"20240605","GBP","USD","1.2787"
"20240606","GBP","USD","1.2791"
"20240607","GBP","USD","1.272"
"20240609","GBP","USD","1.2732"
"20240610","GBP","USD","1.2731"
"20240611","GBP","USD","1.274"
"20240612","GBP","USD","1.2798"
"20240613","GBP","USD","1.2763"
"20240614","GBP","USD","1.2686"
"20240616","GBP","USD","1.2686"
"20240617","GBP","USD","1.2704"
"20240618","GBP","USD","1.2708"
"20240619","GBP","USD","1.272"
"20240620","GBP","USD","1.2657"
"20240621","GBP","USD","1.2645"
"20240623","GBP","USD","1.2646"
"20240624","GBP","USD","1.2686"
"20240625","GBP","USD","1.2686"
"20240626","GBP","USD","1.2622"
"20240627","GBP","USD","1.264"
"20240628","GBP","USD","1.2645"
"20240630","GBP","USD","1.2654"
"20240701","GBP","USD","1.265"
"20240702","GBP","USD","1.2686"
"20240703","GBP","USD","1.2743"
"20240704","GBP","USD","1.2759"
"20240705","GBP","USD","1.2815"
"20240707","GBP","USD","1.2797"
"20240708","GBP","USD","1.2806"
"20240709","GBP","USD","1.2786"
"20240710","GBP","USD","1.2849"
"20240711","GBP","USD","1.2914"
"20240712","GBP","USD","1.299"
"20240714","GBP","USD","1.2969"
"20240715","GBP","USD","1.2968"
"20240716","GBP","USD","1.2974"
"20240717","GBP","USD","1.3009"
"20240718","GBP","USD","1.2944"
"20240719","GBP","USD","1.2916"
"20240721","GBP","USD","1.2914"
"20240722","GBP","USD","1.2933"
"20240723","GBP","USD","1.2907"
"20240724","GBP","USD","1.2907"
"20240725","GBP","USD","1.2851"
"20240726","GBP","USD","1.2868"
"20240728","GBP","USD","1.2864"
"20240729","GBP","USD","1.2861"
"20240730","GBP","USD","1.2836"
"20240731","GBP","USD","1.2857"
"20240801","GBP","USD","1.2739"
"20240802","GBP","USD","1.2804"
"20240804","GBP","USD","1.2812"
"20240805","GBP","USD","1.2776"
"20240806","GBP","USD","1.2692"
"20240807","GBP","USD","1.2693"
"20240808","GBP","USD","1.2749"
"20240809","GBP","USD","1.276"
"20240811","GBP","USD","1.2758"
"20240812","GBP","USD","1.2767"
"20240813","GBP","USD","1.2863"
"20240814","GBP","USD","1.2827"
"20240815","GBP","USD","1.2854"
"20240816","GBP","USD","1.2946"
"20240818","GBP","USD","1.2942"
"20240819","GBP","USD","1.2991"
"20240820","GBP","USD","1.3034"
"20240821","GBP","USD","1.309"
"20240822","GBP","USD","1.3092"
"20240823","GBP","USD","1.3215"
"20240825","GBP","USD","1.3212"
"20240826","GBP","USD","1.3188"
"20240827","GBP","USD","1.3261"
"20240828","GBP","USD","1.3191"
"20240829","GBP","USD","1.3169"
"20240830","GBP","USD","1.3128"
"20240901","GBP","USD","1.3124"
"20240902","GBP","USD","1.3148"
"20240903","GBP","USD","1.3114"
"20240904","GBP","USD","1.3148"
"20240905","GBP","USD","1.318"
"20240906","GBP","USD","1.313"
"20240908","GBP","USD","1.3118"
"20240909","GBP","USD","1.3074"
"20240910","GBP","USD","1.3081"
"20240911","GBP","USD","1.3043"
"20240912","GBP","USD","1.3125"
"20240913","GBP","USD","1.3123"
"20240915","GBP","USD","1.3124"
"20240916","GBP","USD","1.3217"
"20240917","GBP","USD","1.316"
"20240918","GBP","USD","1.3213"
"20240919","GBP","USD","1.3284"
"20240920","GBP","USD","1.3322"
"20240922","GBP","USD","1.3322"
"20240923","GBP","USD","1.3348"
"20240924","GBP","USD","1.3413"
"20240925","GBP","USD","1.3324"
"20240926","GBP","USD","1.3415"
"20240927","GBP","USD","1.3373"
"20240929","GBP","USD","1.3372"
"20240930","GBP","USD","1.3376"
"20241001","GBP","USD","1.3286"
"20241002","GBP","USD","1.3268"
"20241003","GBP","USD","1.3124"
"20241004","GBP","USD","1.3123"
"20241006","GBP","USD","1.3109"
"20241007","GBP","USD","1.3083"
"20241008","GBP","USD","1.3104"
"20241009","GBP","USD","1.3071"
"20241010","GBP","USD","1.306"
"20241011","GBP","USD","1.3066"
"20241013","GBP","USD","1.3068"
"20241014","GBP","USD","1.306"
"20241015","GBP","USD","1.3074"
"20241016","GBP","USD","1.299"
"20241017","GBP","USD","1.3012"
"20241018","GBP","USD","1.3051"
"20241020","GBP","USD","1.3046"
"20241021","GBP","USD","1.2985"
"20241022","GBP","USD","1.2985"
"20241023","GBP","USD","1.2921"
"20241024","GBP","USD","1.2976"
"20241025","GBP","USD","1.2962"
"20241027","GBP","USD","1.2974"
"20241028","GBP","USD","1.2972"
"20241029","GBP","USD","1.3016"
"20241030","GBP","USD","1.2962"
"20241031","GBP","USD","1.2899"
"20241101","GBP","USD","1.2923"
"20241103","GBP","USD","1.2972"
"20241104","GBP","USD","1.2957"
"20241105","GBP","USD","1.3041"
"20241106","GBP","USD","1.2879"
"20241107","GBP","USD","1.2987"
"20241108","GBP","USD","1.2922"
"20241110","GBP","USD","1.291"
"20241111","GBP","USD","1.2869"
"20241112","GBP","USD","1.2748"
"20241113","GBP","USD","1.2707"
"20241114","GBP","USD","1.2667"
"20241115","GBP","USD","1.262"
"20241117","GBP","USD","1.262"
"20241118","GBP","USD","1.2678"
"20241119","GBP","USD","1.2682"
"20241120","GBP","USD","1.2653"
"20241121","GBP","USD","1.259"
"20241122","GBP","USD","1.2532"
"20241124","GBP","USD","1.2596"
"20241125","GBP","USD","1.2569"
"20241126","GBP","USD","1.2569"
"20241127","GBP","USD","1.268"
"20241128","GBP","USD","1.2688"
"20241129","GBP","USD","1.2737"
"20241201","GBP","USD","1.2736"
"20241202","GBP","USD","1.2655"
"20241203","GBP","USD","1.2673"
"20241204","GBP","USD","1.2701"
"20241205","GBP","USD","1.2761"
"20241206","GBP","USD","1.2743"
"20241208","GBP","USD","1.2735"
"20241209","GBP","USD","1.2751"
"20241210","GBP","USD","1.2771"
"20241211","GBP","USD","1.2751"
"20241212","GBP","USD","1.2674"
"20241213","GBP","USD","1.262"
"20241215","GBP","USD","1.2615"
"20241216","GBP","USD","1.2684"
"20241217","GBP","USD","1.2711"
"20241218","GBP","USD","1.2573"
"20241219","GBP","USD","1.2502"
"20241220","GBP","USD","1.2569"
"20241222","GBP","USD","1.2568"
"20241223","GBP","USD","1.2537"
"20241224","GBP","USD","1.2546"
"20241225","GBP","USD","1.2556"
"20241226","GBP","USD","1.2526"
"20241227","GBP","USD","1.2578"
"20241229","GBP","USD","1.2574"
"20241230","GBP","USD","1.2551"
"20241231","GBP","USD","1.2513"
"20240311","IDR","USD","-1"
"20240312","IDR","USD","-1"
"20240313","IDR","USD","-1"
"20240314","IDR","USD","-1"
"20240315","IDR","USD","-1"
"20240317","IDR","USD","-1"
"20240318","IDR","USD","-1"
"20240319","IDR","USD","-1"
"20240320","IDR","USD","-1"
"20240321","IDR","USD","-1"
"20240322","IDR","USD","-1"
"20240324","IDR","USD","-1"
"20240325","IDR","USD","-1"
"20240326","IDR","USD","-1"
"20240327","IDR","USD","-1"
"20240328","IDR","USD","-1"
"20240329","IDR","USD","-1"
"20240331","IDR","USD","-1"
"20240401","IDR","USD","-1"
"20240402","IDR","USD","-1"
"20240403","IDR","USD","-1"
"20240404","IDR","USD","-1"
"20240405","IDR","USD","-1"
"20240407","IDR","USD","-1"
"20240408","IDR","USD","-1"
"20240409","IDR","USD","-1"
"20240410","IDR","USD","-1"
"20240411","IDR","USD","-1"
"20240412","IDR","USD","-1"
"20240414","IDR","USD","-1"
"20240415","IDR","USD","-1"
"20240416","IDR","USD","-1"
"20240417","IDR","USD","-1"
"20240418","IDR","USD","-1"
"20240419","IDR","USD","-1"
"20240421","IDR","USD","-1"
"20240422","IDR","USD","-1"
"20240423","IDR","USD","-1"
"20240424","IDR","USD","-1"
"20240425","IDR","USD","-1"
"20240426","IDR","USD","-1"
"20240428","IDR","USD","-1"
"20240429","IDR","USD","-1"
"20240430","IDR","USD","-1"
"20240501","IDR","USD","-1"
"20240502","IDR","USD","-1"
"20240503","IDR","USD","-1"
"20240505","IDR","USD","-1"
"20240506","IDR","USD","-1"
"20240507","IDR","USD","-1"
"20240508","IDR","USD","-1"
"20240509","IDR","USD","-1"
"20240510","IDR","USD","-1"
"20240512","IDR","USD","-1"
"20240513","IDR","USD","-1"
"20240514","IDR","USD","-1"
"20240515","IDR","USD","-1"
"20240516","IDR","USD","-1"
"20240517","IDR","USD","-1"
"20240519","IDR","USD","-1"
"20240520","IDR","USD","-1"
"20240521","IDR","USD","-1"
"20240522","IDR","USD","-1"
"20240523","IDR","USD","-1"
"20240524","IDR","USD","-1"
"20240526","IDR","USD","-1"
"20240527","IDR","USD","-1"
"20240528","IDR","USD","-1"
"20240529","IDR","USD","-1"
"20240530","IDR","USD","-1"
"20240531","IDR","USD","-1"
"20240602","IDR","USD","-1"
"20240603","IDR","USD","-1"
"20240604","IDR","USD","-1"
"20240605","IDR","USD","-1"
"20240606","IDR","USD","-1"
"20240607","IDR","USD","-1"
"20240609","IDR","USD","-1"
"20240610","IDR","USD","-1"
"20240611","IDR","USD","-1"
"20240612","IDR","USD","-1"
"20240613","IDR","USD","-1"
"20240614","IDR","USD","-1"
"20240616","IDR","USD","-1"
"20240617","IDR","USD","-1"
"20240618","IDR","USD","-1"
"20240619","IDR","USD","-1"
"20240620","IDR","USD","-1"
"20240621","IDR","USD","-1"
"20240623","IDR","USD","-1"
"20240624","IDR","USD","-1"
"20240625","IDR","USD","-1"
"20240626","IDR","USD","-1"
"20240627","IDR","USD","-1"
"20240628","IDR","USD","-1"
"20240630","IDR","USD","-1"
"20240701","IDR","USD","-1"
"20240702","IDR","USD","-1"
"20240703","IDR","USD","-1"
"20240704","IDR","USD","-1"
"20240705","IDR","USD","-1"
"20240707","IDR","USD","-1"
"20240708","IDR","USD","-1"
"20240709","IDR","USD","-1"
"20240710","IDR","USD","-1"
"20240711","IDR","USD","-1"
"20240712","IDR","USD","-1"
"20240714","IDR","USD","-1"
"20240715","IDR","USD","-1"
"20240716","IDR","USD","-1"
"20240717","IDR","USD","-1"
"20240718","IDR","USD","-1"
"20240719","IDR","USD","-1"
"20240721","IDR","USD","-1"
"20240722","IDR","USD","-1"
"20240723","IDR","USD","-1"
"20240724","IDR","USD","-1"
"20240725","IDR","USD","-1"
"20240726","IDR","USD","-1"
"20240728","IDR","USD","-1"
"20240729","IDR","USD","-1"
"20240730","IDR","USD","-1"
"20240731","IDR","USD","-1"
"20240801","IDR","USD","-1"
"20240802","IDR","USD","-1"
"20240804","IDR","USD","-1"
"20240805","IDR","USD","-1"
"20240806","IDR","USD","-1"
"20240807","IDR","USD","-1"
"20240808","IDR","USD","-1"
"20240809","IDR","USD","-1"
"20240811","IDR","USD","-1"
"20240812","IDR","USD","-1"
"20240813","IDR","USD","-1"
"20240814","IDR","USD","-1"
"20240815","IDR","USD","-1"
"20240816","IDR","USD","-1"
"20240818","IDR","USD","-1"
"20240819","IDR","USD","-1"
"20240820","IDR","USD","-1"
"20240821","IDR","USD","-1"
"20240822","IDR","USD","-1"
"20240823","IDR","USD","-1"
"20240825","IDR","USD","-1"
"20240826","IDR","USD","-1"
"20240827","IDR","USD","-1"
"20240828","IDR","USD","-1"
"20240829","IDR","USD","-1"
"20240830","IDR","USD","-1"
"20240901","IDR","USD","-1"
"20240902","IDR","USD","-1"
"20240903","IDR","USD","-1"
"20240904","IDR","USD","-1"
"20240905","IDR","USD","-1"
"20240906","IDR","USD","-1"
"20240908","IDR","USD","-1"
"20240909","IDR","USD","-1"
"20240910","IDR","USD","-1"
"20240911","IDR","USD","-1"
"20240912","IDR","USD","-1"
"20240913","IDR","USD","-1"
"20240915","IDR","USD","-1"
"20240916","IDR","USD","-1"
"20240917","IDR","USD","-1"
"20240918","IDR","USD","-1"
"20240919","IDR","USD","-1"
"20240920","IDR","USD","-1"
"20240922","IDR","USD","-1"
"20240923","IDR","USD","-1"
"20240924","IDR","USD","-1"
"20240925","IDR","USD","-1"
"20240926","IDR","USD","-1"
"20240927","IDR","USD","-1"
"20240929","IDR","USD","-1"
"20240930","IDR","USD","-1"
"20241001","IDR","USD","-1"
"20241002","IDR","USD","-1"
"20241003","IDR","USD","-1"
"20241004","IDR","USD","-1"
"20241006","IDR","USD","-1"
"20241007","IDR","USD","-1"
"20241008","IDR","USD","-1"
"20241009","IDR","USD","-1"
"20241010","IDR","USD","-1"
"20241011","IDR","USD","-1"
"20241013","IDR","USD","-1"
"20241014","IDR","USD","-1"
"20241015","IDR","USD","-1"
"20241016","IDR","USD","-1"
"20241017","IDR","USD","-1"
"20241018","IDR","USD","-1"
"20241020","IDR","USD","-1"
"20241021","IDR","USD","-1"
"20241022","IDR","USD","-1"
"20241023","IDR","USD","-1"
"20241024","IDR","USD","-1"
"20241025","IDR","USD","-1"
"20241027","IDR","USD","-1"
"20241028","IDR","USD","-1"
"20241029","IDR","USD","-1"
"20241030","IDR","USD","-1"
"20241031","IDR","USD","-1"
"20241101","IDR","USD","-1"
"20241103","IDR","USD","-1"
"20241104","IDR","USD","-1"
"20241105","IDR","USD","-1"
"20241106","IDR","USD","-1"
"20241107","IDR","USD","-1"
"20241108","IDR","USD","-1"
"20241110","IDR","USD","-1"
"20241111","IDR","USD","-1"
"20241112","IDR","USD","-1"
"20241113","IDR","USD","-1"
"20241114","IDR","USD","-1"
"20241115","IDR","USD","-1"
"20241117","IDR","USD","-1"
"20241118","IDR","USD","-1"
"20241119","IDR","USD","-1"
"20241120","IDR","USD","-1"
"20241121","IDR","USD","-1"
"20241122","IDR","USD","-1"
"20241124","IDR","USD","-1"
"20241125","IDR","USD","-1"
"20241126","IDR","USD","-1"
"20241127","IDR","USD","-1"
"20241128","IDR","USD","-1"
"20241129","IDR","USD","-1"
"20241201","IDR","USD","-1"
"20241202","IDR","USD","-1"
"20241203","IDR","USD","-1"
"20241204","IDR","USD","-1"
"20241205","IDR","USD","-1"
"20241206","IDR","USD","-1"
"20241208","IDR","USD","-1"
"20241209","IDR","USD","-1"
"20241210","IDR","USD","-1"
"20241211","IDR","USD","-1"
"20241212","IDR","USD","-1"
"20241213","IDR","USD","-1"
"20241215","IDR","USD","-1"
"20241216","IDR","USD","-1"
"20241217","IDR","USD","-1"
"20241218","IDR","USD","-1"
"20241219","IDR","USD","-1"
"20241220","IDR","USD","-1"
"20241222","IDR","USD","-1"
"20241223","IDR","USD","-1"
"20241224","IDR","USD","-1"
"20241225","IDR","USD","-1"
"20241226","IDR","USD","-1"
"20241227","IDR","USD","-1"
"20241229","IDR","USD","-1"
"20241230","IDR","USD","-1"
"20241231","IDR","USD","-1"
"20240311","HUF","USD","0.0027692"
"20240312","HUF","USD","0.0027386"
"20240313","HUF","USD","0.0027635"
"20240314","HUF","USD","0.0027503"
"20240315","HUF","USD","0.0027712"
"20240317","HUF","USD","0.0027711"
"20240318","HUF","USD","0.0027534"
"20240319","HUF","USD","0.002754"
"20240320","HUF","USD","0.0027754"
"20240321","HUF","USD","0.0027502"
"20240322","HUF","USD","0.0027195"
"20240324","HUF","USD","0.0027181"
"20240325","HUF","USD","0.0027293"
"20240326","HUF","USD","0.0027386"
"20240327","HUF","USD","0.0027426"
"20240328","HUF","USD","0.0027387"
"20240329","HUF","USD","0.0027405"
"20240331","HUF","USD","0.0027404"
"20240401","HUF","USD","0.002719"
"20240402","HUF","USD","0.002728"
"20240403","HUF","USD","0.0027599"
"20240404","HUF","USD","0.002764"
"20240405","HUF","USD","0.0027794"
"20240407","HUF","USD","0.0027805"
"20240408","HUF","USD","0.0027852"
"20240409","HUF","USD","0.0027808"
"20240410","HUF","USD","0.002746"
"20240411","HUF","USD","0.0027526"
"20240412","HUF","USD","0.0027091"
"20240414","HUF","USD","0.0027113"
"20240415","HUF","USD","0.0026963"
"20240416","HUF","USD","0.0026867"
"20240417","HUF","USD","0.0027156"
"20240418","HUF","USD","0.0026995"
"20240419","HUF","USD","0.0027028"
"20240421","HUF","USD","0.0027021"
"20240422","HUF","USD","0.0027018"
"20240423","HUF","USD","0.0027221"
"20240424","HUF","USD","0.0027153"
"20240425","HUF","USD","0.0027321"
"20240426","HUF","USD","0.002726"
"20240428","HUF","USD","0.0027262"
"20240429","HUF","USD","0.0027399"
"20240430","HUF","USD","0.0027255"
"20240501","HUF","USD","0.0027457"
"20240502","HUF","USD","0.0027542"
"20240503","HUF","USD","0.0027624"
"20240505","HUF","USD","0.0027641"
"20240506","HUF","USD","0.0027721"
"20240507","HUF","USD","0.0027631"
"20240508","HUF","USD","0.0027652"
"20240509","HUF","USD","0.0027787"
"20240510","HUF","USD","0.0027776"
"20240512","HUF","USD","0.0027791"
"20240513","HUF","USD","0.0027883"
"20240514","HUF","USD","0.0028052"
"20240515","HUF","USD","0.0028221"
"20240516","HUF","USD","0.0028091"
"20240517","HUF","USD","0.0028076"
"20240519","HUF","USD","0.0028075"
"20240520","HUF","USD","0.002813"
"20240521","HUF","USD","0.0028156"
"20240522","HUF","USD","0.0027957"
"20240523","HUF","USD","0.002801"
"20240524","HUF","USD","0.0028243"
"20240526","HUF","USD","0.0028221"
"20240527","HUF","USD","0.002823"
"20240528","HUF","USD","0.0028232"
"20240529","HUF","USD","0.0027824"
"20240530","HUF","USD","0.0027813"
"20240531","HUF","USD","0.0027855"
"20240602","HUF","USD","0.0027833"
"20240603","HUF","USD","0.002794"
"20240604","HUF","USD","0.0027671"
"20240605","HUF","USD","0.0027822"
"20240606","HUF","USD","0.0027952"
"20240607","HUF","USD","0.0027596"
"20240609","HUF","USD","0.0027575"
"20240610","HUF","USD","0.0027402"
"20240611","HUF","USD","0.0027179"
"20240612","HUF","USD","0.0027365"
"20240613","HUF","USD","0.0027063"
"20240614","HUF","USD","0.0026868"
"20240616","HUF","USD","0.0026886"
"20240617","HUF","USD","0.0027126"
"20240618","HUF","USD","0.0027218"
"20240619","HUF","USD","0.0027156"
"20240620","HUF","USD","0.0026967"
"20240621","HUF","USD","0.002698"
"20240623","HUF","USD","0.0026964"
"20240624","HUF","USD","0.0027168"
"20240625","HUF","USD","0.0027068"
"20240626","HUF","USD","0.0026919"
"20240627","HUF","USD","0.0026997"
"20240628","HUF","USD","0.0027125"
"20240630","HUF","USD","0.0027151"
"20240701","HUF","USD","0.0027213"
"20240702","HUF","USD","0.0027213"
"20240703","HUF","USD","0.002734"
"20240704","HUF","USD","0.0027507"
"20240705","HUF","USD","0.0027616"
"20240707","HUF","USD","0.0027507"
"20240708","HUF","USD","0.0027428"
"20240709","HUF","USD","0.0027454"
"20240710","HUF","USD","0.0027513"
"20240711","HUF","USD","0.0027584"
"20240712","HUF","USD","0.0027827"
"20240714","HUF","USD","0.0027829"
"20240715","HUF","USD","0.0027836"
"20240716","HUF","USD","0.0027798"
"20240717","HUF","USD","0.0027979"
"20240718","HUF","USD","0.002788"
"20240719","HUF","USD","0.0027862"
"20240721","HUF","USD","0.0027872"
"20240722","HUF","USD","0.0027959"
"20240723","HUF","USD","0.0027816"
"20240724","HUF","USD","0.0027561"
"20240725","HUF","USD","0.0027633"
"20240726","HUF","USD","0.0027765"
"20240728","HUF","USD","0.0027786"
"20240729","HUF","USD","0.0027532"
"20240730","HUF","USD","0.0027362"
"20240731","HUF","USD","0.0027474"
"20240801","HUF","USD","0.0027233"
"20240802","HUF","USD","0.0027427"
"20240804","HUF","USD","0.0027425"
"20240805","HUF","USD","0.0027598"
"20240806","HUF","USD","0.0027468"
"20240807","HUF","USD","0.0027445"
"20240808","HUF","USD","0.0027558"
"20240809","HUF","USD","0.0027691"
"20240811","HUF","USD","0.0027694"
"20240812","HUF","USD","0.0027735"
"20240813","HUF","USD","0.0027945"
"20240814","HUF","USD","0.0027875"
"20240815","HUF","USD","0.002773"
"20240816","HUF","USD","0.0027945"
"20240818","HUF","USD","0.0027943"
"20240819","HUF","USD","0.0028114"
"20240820","HUF","USD","0.002831"
"20240821","HUF","USD","0.0028404"
"20240822","HUF","USD","0.0028227"
"20240823","HUF","USD","0.0028436"
"20240825","HUF","USD","0.0028435"
"20240826","HUF","USD","0.0028299"
"20240827","HUF","USD","0.0028455"
"20240828","HUF","USD","0.0028268"
"20240829","HUF","USD","0.0028204"
"20240830","HUF","USD","0.0028118"
"20240901","HUF","USD","0.0028133"
"20240902","HUF","USD","0.0028199"
"20240903","HUF","USD","0.0028017"
"20240904","HUF","USD","0.0028182"
"20240905","HUF","USD","0.0028255"
"20240906","HUF","USD","0.0028147"
"20240908","HUF","USD","0.0028129"
"20240909","HUF","USD","0.0027812"
"20240910","HUF","USD","0.0027757"
"20240911","HUF","USD","0.0027806"
"20240912","HUF","USD","0.0028006"
"20240913","HUF","USD","0.0028052"
"20240915","HUF","USD","0.0028045"
"20240916","HUF","USD","0.0028233"
"20240917","HUF","USD","0.0028169"
"20240918","HUF","USD","0.0028194"
"20240919","HUF","USD","0.0028315"
"20240920","HUF","USD","0.0028399"
"20240922","HUF","USD","0.0028384"
"20240923","HUF","USD","0.0028144"
"20240924","HUF","USD","0.0028351"
"20240925","HUF","USD","0.002816"
"20240926","HUF","USD","0.0028204"
"20240927","HUF","USD","0.002813"
"20240929","HUF","USD","0.0028119"
"20240930","HUF","USD","0.0028034"
"20241001","HUF","USD","0.0027825"
"20241002","HUF","USD","0.0027601"
"20241003","HUF","USD","0.0027468"
"20241004","HUF","USD","0.0027344"
"20241006","HUF","USD","0.0027321"
"20241007","HUF","USD","0.0027302"
"20241008","HUF","USD","0.0027488"
"20241009","HUF","USD","0.0027418"
"20241010","HUF","USD","0.002727"
"20241011","HUF","USD","0.0027253"
"20241013","HUF","USD","0.0027235"
"20241014","HUF","USD","0.0027219"
"20241015","HUF","USD","0.0027214"
"20241016","HUF","USD","0.0027074"
"20241017","HUF","USD","0.0027062"
"20241018","HUF","USD","0.002716"
"20241020","HUF","USD","0.002716"
"20241021","HUF","USD","0.0026941"
"20241022","HUF","USD","0.0026973"
"20241023","HUF","USD","0.0026758"
"20241024","HUF","USD","0.0026867"
"20241025","HUF","USD","0.0026705"
"20241027","HUF","USD","0.0026739"
"20241028","HUF","USD","0.0026734"
"20241029","HUF","USD","0.0026681"
"20241030","HUF","USD","0.0026631"
"20241031","HUF","USD","0.0026659"
"20241101","HUF","USD","0.0026537"
"20241103","HUF","USD","0.0026535"
"20241104","HUF","USD","0.0026654"
"20241105","HUF","USD","0.0026705"
"20241106","HUF","USD","0.0026185"
"20241107","HUF","USD","0.0026702"
"20241108","HUF","USD","0.0026328"
"20241110","HUF","USD","0.0026319"
"20241111","HUF","USD","0.0025963"
"20241112","HUF","USD","0.0025861"
"20241113","HUF","USD","0.0025901"
"20241114","HUF","USD","0.0025905"
"20241115","HUF","USD","0.0025819"
"20241117","HUF","USD","0.0025786"
"20241118","HUF","USD","0.0026074"
"20241119","HUF","USD","0.002595"
"20241120","HUF","USD","0.0025728"
"20241121","HUF","USD","0.0025467"
"20241122","HUF","USD","0.0025316"
"20241124","HUF","USD","0.0025315"
"20241125","HUF","USD","0.002564"
"20241126","HUF","USD","0.002556"
"20241127","HUF","USD","0.0025587"
"20241128","HUF","USD","0.0025542"
"20241129","HUF","USD","0.0025618"
"20241201","HUF","USD","0.0025589"
"20241202","HUF","USD","0.002533"
"20241203","HUF","USD","0.0025356"
"20241204","HUF","USD","0.0025421"
"20241205","HUF","USD","0.0025636"
"20241206","HUF","USD","0.0025532"
"20241208","HUF","USD","0.0025506"
"20241209","HUF","USD","0.0025623"
"20241210","HUF","USD","0.0025667"
"20241211","HUF","USD","0.0025611"
"20241212","HUF","USD","0.0025561"
"20241213","HUF","USD","0.0025692"
"20241215","HUF","USD","0.0025691"
"20241216","HUF","USD","0.0025713"
"20241217","HUF","USD","0.0025627"
"20241218","HUF","USD","0.0025046"
"20241219","HUF","USD","0.0024996"
"20241220","HUF","USD","0.002519"
"20241222","HUF","USD","0.00252"
"20241223","HUF","USD","0.0025238"
"20241224","HUF","USD","0.0025312"
"20241225","HUF","USD","0.0025306"
"20241226","HUF","USD","0.0025361"
"20241227","HUF","USD","0.0025395"
"20241229","HUF","USD","0.0025374"
"20241230","HUF","USD","0.0025303"
"20241231","HUF","USD","0.002516"
"20240311","KWD","USD","-1"
"20240312","KWD","USD","-1"
"20240313","KWD","USD","-1"
"20240314","KWD","USD","-1"
"20240315","KWD","USD","-1"
"20240317","KWD","USD","-1"
"20240318","KWD","USD","-1"
"20240319","KWD","USD","-1"
"20240320","KWD","USD","-1"
"20240321","KWD","USD","-1"
"20240322","KWD","USD","-1"
"20240324","KWD","USD","-1"
"20240325","KWD","USD","-1"
"20240326","KWD","USD","-1"
"20240327","KWD","USD","-1"
"20240328","KWD","USD","-1"
"20240329","KWD","USD","-1"
"20240331","KWD","USD","-1"
"20240401","KWD","USD","-1"
"20240402","KWD","USD","-1"
"20240403","KWD","USD","-1"
"20240404","KWD","USD","-1"
"20240405","KWD","USD","-1"
"20240407","KWD","USD","-1"
"20240408","KWD","USD","-1"
"20240409","KWD","USD","-1"
"20240410","KWD","USD","-1"
"20240411","KWD","USD","-1"
"20240412","KWD","USD","-1"
"20240414","KWD","USD","-1"
"20240415","KWD","USD","-1"
"20240416","KWD","USD","-1"
"20240417","KWD","USD","-1"
"20240418","KWD","USD","-1"
"20240419","KWD","USD","-1"
"20240421","KWD","USD","-1"
"20240422","KWD","USD","-1"
"20240423","KWD","USD","-1"
"20240424","KWD","USD","-1"
"20240425","KWD","USD","-1"
"20240426","KWD","USD","-1"
"20240428","KWD","USD","-1"
"20240429","KWD","USD","-1"
"20240430","KWD","USD","-1"
"20240501","KWD","USD","-1"
"20240502","KWD","USD","-1"
"20240503","KWD","USD","-1"
"20240505","KWD","USD","-1"
"20240506","KWD","USD","-1"
"20240507","KWD","USD","-1"
"20240508","KWD","USD","-1"
"20240509","KWD","USD","-1"
"20240510","KWD","USD","-1"
"20240512","KWD","USD","-1"
"20240513","KWD","USD","-1"
"20240514","KWD","USD","-1"
"20240515","KWD","USD","-1"
"20240516","KWD","USD","-1"
"20240517","KWD","USD","-1"
"20240519","KWD","USD","-1"
"20240520","KWD","USD","-1"
"20240521","KWD","USD","-1"
"20240522","KWD","USD","-1"
"20240523","KWD","USD","-1"
"20240524","KWD","USD","-1"
"20240526","KWD","USD","-1"
"20240527","KWD","USD","-1"
"20240528","KWD","USD","-1"
"20240529","KWD","USD","-1"
"20240530","KWD","USD","-1"
"20240531","KWD","USD","-1"
"20240602","KWD","USD","-1"
"20240603","KWD","USD","-1"
"20240604","KWD","USD","-1"
"20240605","KWD","USD","-1"
"20240606","KWD","USD","-1"
"20240607","KWD","USD","-1"
"20240609","KWD","USD","-1"
"20240610","KWD","USD","-1"
"20240611","KWD","USD","-1"
"20240612","KWD","USD","-1"
"20240613","KWD","USD","-1"
"20240614","KWD","USD","-1"
"20240616","KWD","USD","-1"
"20240617","KWD","USD","-1"
"20240618","KWD","USD","-1"
"20240619","KWD","USD","-1"
"20240620","KWD","USD","-1"
"20240621","KWD","USD","-1"
"20240623","KWD","USD","-1"
"20240624","KWD","USD","-1"
"20240625","KWD","USD","-1"
"20240626","KWD","USD","-1"
"20240627","KWD","USD","-1"
"20240628","KWD","USD","-1"
"20240630","KWD","USD","-1"
"20240701","KWD","USD","-1"
"20240702","KWD","USD","-1"
"20240703","KWD","USD","-1"
"20240704","KWD","USD","-1"
"20240705","KWD","USD","-1"
"20240707","KWD","USD","-1"
"20240708","KWD","USD","-1"
"20240709","KWD","USD","-1"
"20240710","KWD","USD","-1"
"20240711","KWD","USD","-1"
"20240712","KWD","USD","-1"
"20240714","KWD","USD","-1"
"20240715","KWD","USD","-1"
"20240716","KWD","USD","-1"
"20240717","KWD","USD","-1"
"20240718","KWD","USD","-1"
"20240719","KWD","USD","-1"
"20240721","KWD","USD","-1"
"20240722","KWD","USD","-1"
"20240723","KWD","USD","-1"
"20240724","KWD","USD","-1"
"20240725","KWD","USD","-1"
"20240726","KWD","USD","-1"
"20240728","KWD","USD","-1"
"20240729","KWD","USD","-1"
"20240730","KWD","USD","-1"
"20240731","KWD","USD","-1"
"20240801","KWD","USD","-1"
"20240802","KWD","USD","-1"
"20240804","KWD","USD","-1"
"20240805","KWD","USD","-1"
"20240806","KWD","USD","-1"
"20240807","KWD","USD","-1"
"20240808","KWD","USD","-1"
"20240809","KWD","USD","-1"
"20240811","KWD","USD","-1"
"20240812","KWD","USD","-1"
"20240813","KWD","USD","-1"
"20240814","KWD","USD","-1"
"20240815","KWD","USD","-1"
"20240816","KWD","USD","-1"
"20240818","KWD","USD","-1"
"20240819","KWD","USD","-1"
"20240820","KWD","USD","-1"
"20240821","KWD","USD","-1"
"20240822","KWD","USD","-1"
"20240823","KWD","USD","-1"
"20240825","KWD","USD","-1"
"20240826","KWD","USD","-1"
"20240827","KWD","USD","-1"
"20240828","KWD","USD","-1"
"20240829","KWD","USD","-1"
"20240830","KWD","USD","-1"
"20240901","KWD","USD","-1"
"20240902","KWD","USD","-1"
"20240903","KWD","USD","-1"
"20240904","KWD","USD","-1"
"20240905","KWD","USD","-1"
"20240906","KWD","USD","-1"
"20240908","KWD","USD","-1"
"20240909","KWD","USD","-1"
"20240910","KWD","USD","-1"
"20240911","KWD","USD","-1"
"20240912","KWD","USD","-1"
"20240913","KWD","USD","-1"
"20240915","KWD","USD","-1"
"20240916","KWD","USD","-1"
"20240917","KWD","USD","-1"
"20240918","KWD","USD","-1"
"20240919","KWD","USD","-1"
"20240920","KWD","USD","-1"
"20240922","KWD","USD","-1"
"20240923","KWD","USD","-1"
"20240924","KWD","USD","-1"
"20240925","KWD","USD","-1"
"20240926","KWD","USD","-1"
"20240927","KWD","USD","-1"
"20240929","KWD","USD","-1"
"20240930","KWD","USD","-1"
"20241001","KWD","USD","-1"
"20241002","KWD","USD","-1"
"20241003","KWD","USD","-1"
"20241004","KWD","USD","-1"
"20241006","KWD","USD","-1"
"20241007","KWD","USD","-1"
"20241008","KWD","USD","-1"
"20241009","KWD","USD","-1"
"20241010","KWD","USD","-1"
"20241011","KWD","USD","-1"
"20241013","KWD","USD","-1"
"20241014","KWD","USD","-1"
"20241015","KWD","USD","-1"
"20241016","KWD","USD","-1"
"20241017","KWD","USD","-1"
"20241018","KWD","USD","-1"
"20241020","KWD","USD","-1"
"20241021","KWD","USD","-1"
"20241022","KWD","USD","-1"
"20241023","KWD","USD","-1"
"20241024","KWD","USD","-1"
"20241025","KWD","USD","-1"
"20241027","KWD","USD","-1"
"20241028","KWD","USD","-1"
"20241029","KWD","USD","-1"
"20241030","KWD","USD","-1"
"20241031","KWD","USD","-1"
"20241101","KWD","USD","-1"
"20241103","KWD","USD","-1"
"20241104","KWD","USD","-1"
"20241105","KWD","USD","-1"
"20241106","KWD","USD","-1"
"20241107","KWD","USD","-1"
"20241108","KWD","USD","-1"
"20241110","KWD","USD","-1"
"20241111","KWD","USD","-1"
"20241112","KWD","USD","-1"
"20241113","KWD","USD","-1"
"20241114","KWD","USD","-1"
"20241115","KWD","USD","-1"
"20241117","KWD","USD","-1"
"20241118","KWD","USD","-1"
"20241119","KWD","USD","-1"
"20241120","KWD","USD","-1"
"20241121","KWD","USD","-1"
"20241122","KWD","USD","-1"
"20241124","KWD","USD","-1"
"20241125","KWD","USD","-1"
"20241126","KWD","USD","-1"
"20241127","KWD","USD","-1"
"20241128","KWD","USD","-1"
"20241129","KWD","USD","-1"
"20241201","KWD","USD","-1"
"20241202","KWD","USD","-1"
"20241203","KWD","USD","-1"
"20241204","KWD","USD","-1"
"20241205","KWD","USD","-1"
"20241206","KWD","USD","-1"
"20241208","KWD","USD","-1"
"20241209","KWD","USD","-1"
"20241210","KWD","USD","-1"
"20241211","KWD","USD","-1"
"20241212","KWD","USD","-1"
"20241213","KWD","USD","-1"
"20241215","KWD","USD","-1"
"20241216","KWD","USD","-1"
"20241217","KWD","USD","-1"
"20241218","KWD","USD","-1"
"20241219","KWD","USD","-1"
"20241220","KWD","USD","-1"
"20241222","KWD","USD","-1"
"20241223","KWD","USD","-1"
"20241224","KWD","USD","-1"
"20241225","KWD","USD","-1"
"20241226","KWD","USD","-1"
"20241227","KWD","USD","-1"
"20241229","KWD","USD","-1"
"20241230","KWD","USD","-1"
"20241231","KWD","USD","-1"
"20240311","PHP","USD","-1"
"20240312","PHP","USD","-1"
"20240313","PHP","USD","-1"
"20240314","PHP","USD","-1"
"20240315","PHP","USD","-1"
"20240317","PHP","USD","-1"
"20240318","PHP","USD","-1"
"20240319","PHP","USD","-1"
"20240320","PHP","USD","-1"
"20240321","PHP","USD","-1"
"20240322","PHP","USD","-1"
"20240324","PHP","USD","-1"
"20240325","PHP","USD","-1"
"20240326","PHP","USD","-1"
"20240327","PHP","USD","-1"
"20240328","PHP","USD","-1"
"20240329","PHP","USD","-1"
"20240331","PHP","USD","-1"
"20240401","PHP","USD","-1"
"20240402","PHP","USD","-1"
"20240403","PHP","USD","-1"
"20240404","PHP","USD","-1"
"20240405","PHP","USD","-1"
"20240407","PHP","USD","-1"
"20240408","PHP","USD","-1"
"20240409","PHP","USD","-1"
"20240410","PHP","USD","-1"
"20240411","PHP","USD","-1"
"20240412","PHP","USD","-1"
"20240414","PHP","USD","-1"
"20240415","PHP","USD","-1"
"20240416","PHP","USD","-1"
"20240417","PHP","USD","-1"
"20240418","PHP","USD","-1"
"20240419","PHP","USD","-1"
"20240421","PHP","USD","-1"
"20240422","PHP","USD","-1"
"20240423","PHP","USD","-1"
"20240424","PHP","USD","-1"
"20240425","PHP","USD","-1"
"20240426","PHP","USD","-1"
"20240428","PHP","USD","-1"
"20240429","PHP","USD","-1"
"20240430","PHP","USD","-1"
"20240501","PHP","USD","-1"
"20240502","PHP","USD","-1"
"20240503","PHP","USD","-1"
"20240505","PHP","USD","-1"
"20240506","PHP","USD","-1"
"20240507","PHP","USD","-1"
"20240508","PHP","USD","-1"
"20240509","PHP","USD","-1"
"20240510","PHP","USD","-1"
"20240512","PHP","USD","-1"
"20240513","PHP","USD","-1"
"20240514","PHP","USD","-1"
"20240515","PHP","USD","-1"
"20240516","PHP","USD","-1"
"20240517","PHP","USD","-1"
"20240519","PHP","USD","-1"
"20240520","PHP","USD","-1"
"20240521","PHP","USD","-1"
"20240522","PHP","USD","-1"
"20240523","PHP","USD","-1"
"20240524","PHP","USD","-1"
"20240526","PHP","USD","-1"
"20240527","PHP","USD","-1"
"20240528","PHP","USD","-1"
"20240529","PHP","USD","-1"
"20240530","PHP","USD","-1"
"20240531","PHP","USD","-1"
"20240602","PHP","USD","-1"
"20240603","PHP","USD","-1"
"20240604","PHP","USD","-1"
"20240605","PHP","USD","-1"
"20240606","PHP","USD","-1"
"20240607","PHP","USD","-1"
"20240609","PHP","USD","-1"
"20240610","PHP","USD","-1"
"20240611","PHP","USD","-1"
"20240612","PHP","USD","-1"
"20240613","PHP","USD","-1"
"20240614","PHP","USD","-1"
"20240616","PHP","USD","-1"
"20240617","PHP","USD","-1"
"20240618","PHP","USD","-1"
"20240619","PHP","USD","-1"
"20240620","PHP","USD","-1"
"20240621","PHP","USD","-1"
"20240623","PHP","USD","-1"
"20240624","PHP","USD","-1"
"20240625","PHP","USD","-1"
"20240626","PHP","USD","-1"
"20240627","PHP","USD","-1"
"20240628","PHP","USD","-1"
"20240630","PHP","USD","-1"
"20240701","PHP","USD","-1"
"20240702","PHP","USD","-1"
"20240703","PHP","USD","-1"
"20240704","PHP","USD","-1"
"20240705","PHP","USD","-1"
"20240707","PHP","USD","-1"
"20240708","PHP","USD","-1"
"20240709","PHP","USD","-1"
"20240710","PHP","USD","-1"
"20240711","PHP","USD","-1"
"20240712","PHP","USD","-1"
"20240714","PHP","USD","-1"
"20240715","PHP","USD","-1"
"20240716","PHP","USD","-1"
"20240717","PHP","USD","-1"
"20240718","PHP","USD","-1"
"20240719","PHP","USD","-1"
"20240721","PHP","USD","-1"
"20240722","PHP","USD","-1"
"20240723","PHP","USD","-1"
"20240724","PHP","USD","-1"
"20240725","PHP","USD","-1"
"20240726","PHP","USD","-1"
"20240728","PHP","USD","-1"
"20240729","PHP","USD","-1"
"20240730","PHP","USD","-1"
"20240731","PHP","USD","-1"
"20240801","PHP","USD","-1"
"20240802","PHP","USD","-1"
"20240804","PHP","USD","-1"
"20240805","PHP","USD","-1"
"20240806","PHP","USD","-1"
"20240807","PHP","USD","-1"
"20240808","PHP","USD","-1"
"20240809","PHP","USD","-1"
"20240811","PHP","USD","-1"
"20240812","PHP","USD","-1"
"20240813","PHP","USD","-1"
"20240814","PHP","USD","-1"
"20240815","PHP","USD","-1"
"20240816","PHP","USD","-1"
"20240818","PHP","USD","-1"
"20240819","PHP","USD","-1"
"20240820","PHP","USD","-1"
"20240821","PHP","USD","-1"
"20240822","PHP","USD","-1"
"20240823","PHP","USD","-1"
"20240825","PHP","USD","-1"
"20240826","PHP","USD","-1"
"20240827","PHP","USD","-1"
"20240828","PHP","USD","-1"
"20240829","PHP","USD","-1"
"20240830","PHP","USD","-1"
"20240901","PHP","USD","-1"
"20240902","PHP","USD","-1"
"20240903","PHP","USD","-1"
"20240904","PHP","USD","-1"
"20240905","PHP","USD","-1"
"20240906","PHP","USD","-1"
"20240908","PHP","USD","-1"
"20240909","PHP","USD","-1"
"20240910","PHP","USD","-1"
"20240911","PHP","USD","-1"
"20240912","PHP","USD","-1"
"20240913","PHP","USD","-1"
"20240915","PHP","USD","-1"
"20240916","PHP","USD","-1"
"20240917","PHP","USD","-1"
"20240918","PHP","USD","-1"
"20240919","PHP","USD","-1"
"20240920","PHP","USD","-1"
"20240922","PHP","USD","-1"
"20240923","PHP","USD","-1"
"20240924","PHP","USD","-1"
"20240925","PHP","USD","-1"
"20240926","PHP","USD","-1"
"20240927","PHP","USD","-1"
"20240929","PHP","USD","-1"
"20240930","PHP","USD","-1"
"20241001","PHP","USD","-1"
"20241002","PHP","USD","-1"
"20241003","PHP","USD","-1"
"20241004","PHP","USD","-1"
"20241006","PHP","USD","-1"
"20241007","PHP","USD","-1"
"20241008","PHP","USD","-1"
"20241009","PHP","USD","-1"
"20241010","PHP","USD","-1"
"20241011","PHP","USD","-1"
"20241013","PHP","USD","-1"
"20241014","PHP","USD","-1"
"20241015","PHP","USD","-1"
"20241016","PHP","USD","-1"
"20241017","PHP","USD","-1"
"20241018","PHP","USD","-1"
"20241020","PHP","USD","-1"
"20241021","PHP","USD","-1"
"20241022","PHP","USD","-1"
"20241023","PHP","USD","-1"
"20241024","PHP","USD","-1"
"20241025","PHP","USD","-1"
"20241027","PHP","USD","-1"
"20241028","PHP","USD","-1"
"20241029","PHP","USD","-1"
"20241030","PHP","USD","-1"
"20241031","PHP","USD","-1"
"20241101","PHP","USD","-1"
"20241103","PHP","USD","-1"
"20241104","PHP","USD","-1"
"20241105","PHP","USD","-1"
"20241106","PHP","USD","-1"
"20241107","PHP","USD","-1"
"20241108","PHP","USD","-1"
"20241110","PHP","USD","-1"
"20241111","PHP","USD","-1"
"20241112","PHP","USD","-1"
"20241113","PHP","USD","-1"
"20241114","PHP","USD","-1"
"20241115","PHP","USD","-1"
"20241117","PHP","USD","-1"
"20241118","PHP","USD","-1"
"20241119","PHP","USD","-1"
"20241120","PHP","USD","-1"
"20241121","PHP","USD","-1"
"20241122","PHP","USD","-1"
"20241124","PHP","USD","-1"
"20241125","PHP","USD","-1"
"20241126","PHP","USD","-1"
"20241127","PHP","USD","-1"
"20241128","PHP","USD","-1"
"20241129","PHP","USD","-1"
"20241201","PHP","USD","-1"
"20241202","PHP","USD","-1"
"20241203","PHP","USD","-1"
"20241204","PHP","USD","-1"
"20241205","PHP","USD","-1"
"20241206","PHP","USD","-1"
"20241208","PHP","USD","-1"
"20241209","PHP","USD","-1"
"20241210","PHP","USD","-1"
"20241211","PHP","USD","-1"
"20241212","PHP","USD","-1"
"20241213","PHP","USD","-1"
"20241215","PHP","USD","-1"
"20241216","PHP","USD","-1"
"20241217","PHP","USD","-1"
"20241218","PHP","USD","-1"
"20241219","PHP","USD","-1"
"20241220","PHP","USD","-1"
"20241222","PHP","USD","-1"
"20241223","PHP","USD","-1"
"20241224","PHP","USD","-1"
"20241225","PHP","USD","-1"
"20241226","PHP","USD","-1"
"20241227","PHP","USD","-1"
"20241229","PHP","USD","-1"
"20241230","PHP","USD","-1"
"20241231","PHP","USD","-1"
"20240311","TRY","USD","0.031228"
"20240312","TRY","USD","0.031184"
"20240313","TRY","USD","0.031168"
"20240314","TRY","USD","0.03111"
"20240315","TRY","USD","0.03115"
"20240317","TRY","USD","0.031135"
"20240318","TRY","USD","0.03095"
"20240319","TRY","USD","0.030898"
"20240320","TRY","USD","0.030891"
"20240321","TRY","USD","0.031234"
"20240322","TRY","USD","0.031231"
"20240324","TRY","USD","0.031241"
"20240325","TRY","USD","0.031107"
"20240326","TRY","USD","0.03106"
"20240327","TRY","USD","0.030978"
"20240328","TRY","USD","0.030917"
"20240329","TRY","USD","0.030817"
"20240331","TRY","USD","0.030842"
"20240401","TRY","USD","0.031065"
"20240402","TRY","USD","0.031208"
"20240403","TRY","USD","0.031293"
"20240404","TRY","USD","0.031335"
"20240405","TRY","USD","0.03122"
"20240407","TRY","USD","0.031216"
"20240408","TRY","USD","0.031229"
"20240409","TRY","USD","0.031006"
"20240410","TRY","USD","0.030954"
"20240411","TRY","USD","0.030948"
"20240412","TRY","USD","0.0309"
"20240414","TRY","USD","0.03089"
"20240415","TRY","USD","0.030839"
"20240416","TRY","USD","0.03077"
"20240417","TRY","USD","0.030831"
"20240418","TRY","USD","0.030743"
"20240419","TRY","USD","0.030791"
"20240421","TRY","USD","0.0308"
"20240422","TRY","USD","0.030753"
"20240423","TRY","USD","0.030724"
"20240424","TRY","USD","0.030728"
"20240425","TRY","USD","0.030754"
"20240426","TRY","USD","0.030807"
"20240428","TRY","USD","0.030762"
"20240429","TRY","USD","0.030785"
"20240430","TRY","USD","0.030855"
"20240501","TRY","USD","0.030785"
"20240502","TRY","USD","0.03089"
"20240503","TRY","USD","0.030926"
"20240505","TRY","USD","0.030908"
"20240506","TRY","USD","0.031"
"20240507","TRY","USD","0.030992"
"20240508","TRY","USD","0.031006"
"20240509","TRY","USD","0.031005"
"20240510","TRY","USD","0.030985"
"20240512","TRY","USD","0.030997"
"20240513","TRY","USD","0.030979"
"20240514","TRY","USD","0.030974"
"20240515","TRY","USD","0.031085"
"20240516","TRY","USD","0.030986"
"20240517","TRY","USD","0.031054"
"20240519","TRY","USD","0.030974"
"20240520","TRY","USD","0.031047"
"20240521","TRY","USD","0.031058"
"20240522","TRY","USD","0.031065"
"20240523","TRY","USD","0.031068"
"20240524","TRY","USD","0.031029"
"20240526","TRY","USD","0.031029"
"20240527","TRY","USD","0.031132"
"20240528","TRY","USD","0.031026"
"20240529","TRY","USD","0.031003"
"20240530","TRY","USD","0.03104"
"20240531","TRY","USD","0.031037"
"20240602","TRY","USD","0.03105"
"20240603","TRY","USD","0.031068"
"20240604","TRY","USD","0.0307"
"20240605","TRY","USD","0.031015"
"20240606","TRY","USD","0.031022"
"20240607","TRY","USD","0.030909"
"20240609","TRY","USD","0.030838"
"20240610","TRY","USD","0.030901"
"20240611","TRY","USD","0.030907"
"20240612","TRY","USD","0.030954"
"20240613","TRY","USD","0.030947"
"20240614","TRY","USD","0.030505"
"20240616","TRY","USD","0.030513"
"20240617","TRY","USD","0.030477"
"20240618","TRY","USD","0.030741"
"20240619","TRY","USD","0.030742"
"20240620","TRY","USD","0.030468"
"20240621","TRY","USD","0.030452"
"20240623","TRY","USD","0.030455"
"20240624","TRY","USD","0.030378"
"20240625","TRY","USD","0.030349"
"20240626","TRY","USD","0.030448"
"20240627","TRY","USD","0.030448"
"20240628","TRY","USD","0.030559"
"20240630","TRY","USD","0.030559"
"20240701","TRY","USD","0.03063"
"20240702","TRY","USD","0.030721"
"20240703","TRY","USD","0.030722"
"20240704","TRY","USD","0.030697"
"20240705","TRY","USD","0.030608"
"20240707","TRY","USD","0.030596"
"20240708","TRY","USD","0.030584"
"20240709","TRY","USD","0.030417"
"20240710","TRY","USD","0.030447"
"20240711","TRY","USD","0.030453"
"20240712","TRY","USD","0.030263"
"20240714","TRY","USD","0.030279"
"20240715","TRY","USD","0.030303"
"20240716","TRY","USD","0.030258"
"20240717","TRY","USD","0.03023"
"20240718","TRY","USD","0.03023"
"20240719","TRY","USD","0.030253"
"20240721","TRY","USD","0.030253"
"20240722","TRY","USD","0.030392"
"20240723","TRY","USD","0.030428"
"20240724","TRY","USD","0.030467"
"20240725","TRY","USD","0.030312"
"20240726","TRY","USD","0.030352"
"20240728","TRY","USD","0.03034"
"20240729","TRY","USD","0.030235"
"20240730","TRY","USD","0.030226"
"20240731","TRY","USD","0.030175"
"20240801","TRY","USD","0.030217"
"20240802","TRY","USD","0.030119"
"20240804","TRY","USD","0.030075"
"20240805","TRY","USD","0.029981"
"20240806","TRY","USD","0.029757"
"20240807","TRY","USD","0.029876"
"20240808","TRY","USD","0.029861"
"20240809","TRY","USD","0.02986"
"20240811","TRY","USD","0.029789"
"20240812","TRY","USD","0.029789"
"20240813","TRY","USD","0.029816"
"20240814","TRY","USD","0.029769"
"20240815","TRY","USD","0.02974"
"20240816","TRY","USD","0.029682"
"20240818","TRY","USD","0.029695"
"20240819","TRY","USD","0.029628"
"20240820","TRY","USD","0.029511"
"20240821","TRY","USD","0.029521"
"20240822","TRY","USD","0.029482"
"20240823","TRY","USD","0.029426"
"20240825","TRY","USD","0.029407"
"20240826","TRY","USD","0.029418"
"20240827","TRY","USD","0.029396"
"20240828","TRY","USD","0.029365"
"20240829","TRY","USD","0.029348"
"20240830","TRY","USD","0.029344"
"20240901","TRY","USD","0.02935"
"20240902","TRY","USD","0.029513"
"20240903","TRY","USD","0.029409"
"20240904","TRY","USD","0.029397"
"20240905","TRY","USD","0.029457"
"20240906","TRY","USD","0.029426"
"20240908","TRY","USD","0.029428"
"20240909","TRY","USD","0.029354"
"20240910","TRY","USD","0.02938"
"20240911","TRY","USD","0.029422"
"20240912","TRY","USD","0.029497"
"20240913","TRY","USD","0.029486"
"20240915","TRY","USD","0.029522"
"20240916","TRY","USD","0.029413"
"20240917","TRY","USD","0.029338"
"20240918","TRY","USD","0.029348"
"20240919","TRY","USD","0.029385"
"20240920","TRY","USD","0.029305"
"20240922","TRY","USD","0.029321"
"20240923","TRY","USD","0.029295"
"20240924","TRY","USD","0.029313"
"20240925","TRY","USD","0.029291"
"20240926","TRY","USD","0.029281"
"20240927","TRY","USD","0.02927"
"20240929","TRY","USD","0.02926"
"20240930","TRY","USD","0.029247"
"20241001","TRY","USD","0.029232"
"20241002","TRY","USD","0.029225"
"20241003","TRY","USD","0.029282"
"20241004","TRY","USD","0.029191"
"20241006","TRY","USD","0.029194"
"20241007","TRY","USD","0.029186"
"20241008","TRY","USD","0.029184"
"20241009","TRY","USD","0.02921"
"20241010","TRY","USD","0.029256"
"20241011","TRY","USD","0.029168"
"20241013","TRY","USD","0.029164"
"20241014","TRY","USD","0.029178"
"20241015","TRY","USD","0.02923"
"20241016","TRY","USD","0.029264"
"20241017","TRY","USD","0.0293"
"20241018","TRY","USD","0.029204"
"20241020","TRY","USD","0.029247"
"20241021","TRY","USD","0.029204"
"20241022","TRY","USD","0.029191"
"20241023","TRY","USD","0.029167"
"20241024","TRY","USD","0.029198"
"20241025","TRY","USD","0.029159"
"20241027","TRY","USD","0.029165"
"20241028","TRY","USD","0.02915"
"20241029","TRY","USD","0.029177"
"20241030","TRY","USD","0.029177"
"20241031","TRY","USD","0.029192"
"20241101","TRY","USD","0.029132"
"20241103","TRY","USD","0.029116"
"20241104","TRY","USD","0.029116"
"20241105","TRY","USD","0.029141"
"20241106","TRY","USD","0.029231"
"20241107","TRY","USD","0.02921"
"20241108","TRY","USD","0.029099"
"20241110","TRY","USD","0.029102"
"20241111","TRY","USD","0.029124"
"20241112","TRY","USD","0.029111"
"20241113","TRY","USD","0.029109"
"20241114","TRY","USD","0.029123"
"20241115","TRY","USD","0.029035"
"20241117","TRY","USD","0.029054"
"20241118","TRY","USD","0.028965"
"20241119","TRY","USD","0.02901"
"20241120","TRY","USD","0.029024"
"20241121","TRY","USD","0.028995"
"20241122","TRY","USD","0.02893"
"20241124","TRY","USD","0.028969"
"20241125","TRY","USD","0.028928"
"20241126","TRY","USD","0.028868"
"20241127","TRY","USD","0.028867"
"20241128","TRY","USD","0.028859"
"20241129","TRY","USD","0.02882"
"20241201","TRY","USD","0.028816"
"20241202","TRY","USD","0.028804"
"20241203","TRY","USD","0.028783"
"20241204","TRY","USD","0.028781"
"20241205","TRY","USD","0.028809"
"20241206","TRY","USD","0.028782"
"20241208","TRY","USD","0.02874"
"20241209","TRY","USD","0.028711"
"20241210","TRY","USD","0.028686"
"20241211","TRY","USD","0.028668"
"20241212","TRY","USD","0.028654"
"20241213","TRY","USD","0.028606"
"20241215","TRY","USD","0.028623"
"20241216","TRY","USD","0.028613"
"20241217","TRY","USD","0.028595"
"20241218","TRY","USD","0.028543"
"20241219","TRY","USD","0.028481"
"20241220","TRY","USD","0.028408"
"20241222","TRY","USD","0.028421"
"20241223","TRY","USD","0.028404"
"20241224","TRY","USD","0.0285"
"20241225","TRY","USD","0.028389"
"20241226","TRY","USD","0.028432"
"20241227","TRY","USD","0.028509"
"20241229","TRY","USD","0.028399"
"20241230","TRY","USD","0.028305"
"20241231","TRY","USD","0.028299"
"20240311","RUB","USD","0.010989"
"20240312","RUB","USD","0.010905"
"20240313","RUB","USD","0.010947"
"20240314","RUB","USD","0.010926"
"20240315","RUB","USD","0.010808"
"20240317","RUB","USD","0.010808"
"20240318","RUB","USD","0.010903"
"20240319","RUB","USD","0.010814"
"20240320","RUB","USD","0.01084"
"20240321","RUB","USD","0.010884"
"20240322","RUB","USD","0.010855"
"20240324","RUB","USD","0.010855"
"20240325","RUB","USD","0.010764"
"20240326","RUB","USD","0.010814"
"20240327","RUB","USD","0.010817"
"20240328","RUB","USD","0.010802"
"20240329","RUB","USD","0.010802"
"20240331","RUB","USD","0.010802"
"20240401","RUB","USD","0.010835"
"20240402","RUB","USD","0.010817"
"20240403","RUB","USD","0.010826"
"20240404","RUB","USD","0.01084"
"20240405","RUB","USD","0.010809"
"20240407","RUB","USD","0.010809"
"20240408","RUB","USD","0.010796"
"20240409","RUB","USD","0.010764"
"20240410","RUB","USD","0.010718"
"20240411","RUB","USD","0.010716"
"20240412","RUB","USD","0.010718"
"20240414","RUB","USD","0.010718"
"20240415","RUB","USD","0.010695"
"20240416","RUB","USD","0.010621"
"20240417","RUB","USD","0.01063"
"20240418","RUB","USD","0.010612"
"20240419","RUB","USD","0.01075"
"20240421","RUB","USD","0.01075"
"20240422","RUB","USD","0.010666"
"20240423","RUB","USD","0.01073"
"20240424","RUB","USD","0.010834"
"20240425","RUB","USD","0.010844"
"20240426","RUB","USD","0.010884"
"20240428","RUB","USD","0.010884"
"20240429","RUB","USD","0.010715"
"20240430","RUB","USD","0.010701"
"20240501","RUB","USD","0.010658"
"20240502","RUB","USD","0.010974"
"20240503","RUB","USD","0.010932"
"20240505","RUB","USD","0.010932"
"20240506","RUB","USD","0.010953"
"20240507","RUB","USD","0.010935"
"20240508","RUB","USD","0.010914"
"20240509","RUB","USD","0.010805"
"20240510","RUB","USD","0.01079"
"20240512","RUB","USD","0.01079"
"20240513","RUB","USD","0.010917"
"20240514","RUB","USD","0.01095"
"20240515","RUB","USD","0.010982"
"20240516","RUB","USD","0.011004"
"20240517","RUB","USD","0.010989"
"20240519","RUB","USD","0.010989"
"20240520","RUB","USD","0.011029"
"20240521","RUB","USD","0.011083"
"20240522","RUB","USD","0.011086"
"20240523","RUB","USD","0.010914"
"20240524","RUB","USD","0.011161"
"20240526","RUB","USD","0.011161"
"20240527","RUB","USD","0.011242"
"20240528","RUB","USD","0.01129"
"20240529","RUB","USD","0.011164"
"20240530","RUB","USD","0.011062"
"20240531","RUB","USD","0.011064"
"20240602","RUB","USD","0.011064"
"20240603","RUB","USD","0.011195"
"20240604","RUB","USD","0.011255"
"20240605","RUB","USD","0.01123"
"20240606","RUB","USD","0.011196"
"20240607","RUB","USD","0.01123"
"20240609","RUB","USD","0.01123"
"20240610","RUB","USD","0.011252"
"20240611","RUB","USD","0.011204"
"20240612","RUB","USD","0.011236"
"20240613","RUB","USD","0.01138"
"20240614","RUB","USD","0.011159"
"20240616","RUB","USD","0.011159"
"20240617","RUB","USD","0.011281"
"20240618","RUB","USD","0.011713"
"20240619","RUB","USD","0.011976"
"20240620","RUB","USD","0.011461"
"20240621","RUB","USD","0.011226"
"20240623","RUB","USD","0.011226"
"20240624","RUB","USD","0.011364"
"20240625","RUB","USD","0.011331"
"20240626","RUB","USD","0.011331"
"20240627","RUB","USD","0.011765"
"20240628","RUB","USD","0.011662"
"20240630","RUB","USD","0.011662"
"20240701","RUB","USD","0.011527"
"20240702","RUB","USD","0.011383"
"20240703","RUB","USD","0.011383"
"20240704","RUB","USD","0.011236"
"20240705","RUB","USD","0.011364"
"20240707","RUB","USD","0.011364"
"20240708","RUB","USD","0.011544"
"20240709","RUB","USD","0.011561"
"20240710","RUB","USD","0.011319"
"20240711","RUB","USD","0.011494"
"20240712","RUB","USD","0.01138"
"20240714","RUB","USD","0.01138"
"20240715","RUB","USD","0.011319"
"20240716","RUB","USD","0.011312"
"20240717","RUB","USD","0.011299"
"20240718","RUB","USD","0.011312"
"20240719","RUB","USD","0.011403"
"20240721","RUB","USD","0.011403"
"20240722","RUB","USD","0.011383"
"20240723","RUB","USD","0.011383"
"20240724","RUB","USD","0.011595"
"20240725","RUB","USD","0.011765"
"20240726","RUB","USD","0.011614"
"20240728","RUB","USD","0.011614"
"20240729","RUB","USD","0.011574"
"20240730","RUB","USD","0.011662"
"20240731","RUB","USD","0.011606"
"20240801","RUB","USD","0.011696"
"20240802","RUB","USD","0.011696"
"20240804","RUB","USD","0.011696"
"20240805","RUB","USD","0.011782"
"20240806","RUB","USD","0.011672"
"20240807","RUB","USD","0.011658"
"20240808","RUB","USD","0.011533"
"20240809","RUB","USD","0.011287"
"20240811","RUB","USD","0.011287"
"20240812","RUB","USD","0.010989"
"20240813","RUB","USD","0.01105"
"20240814","RUB","USD","0.011136"
"20240815","RUB","USD","0.011252"
"20240816","RUB","USD","0.011179"
"20240818","RUB","USD","0.011179"
"20240819","RUB","USD","0.011133"
"20240820","RUB","USD","0.010971"
"20240821","RUB","USD","0.010929"
"20240822","RUB","USD","0.010952"
"20240823","RUB","USD","0.010929"
"20240825","RUB","USD","0.010929"
"20240826","RUB","USD","0.01087"
"20240827","RUB","USD","0.010929"
"20240828","RUB","USD","0.010929"
"20240829","RUB","USD","0.01087"
"20240830","RUB","USD","0.011031"
"20240901","RUB","USD","0.011031"
"20240902","RUB","USD","0.011136"
"20240903","RUB","USD","0.01139"
"20240904","RUB","USD","0.011428"
"20240905","RUB","USD","0.011331"
"20240906","RUB","USD","0.011068"
"20240908","RUB","USD","0.011068"
"20240909","RUB","USD","0.011044"
"20240910","RUB","USD","0.010989"
"20240911","RUB","USD","0.01092"
"20240912","RUB","USD","0.011211"
"20240913","RUB","USD","0.011111"
"20240915","RUB","USD","0.011111"
"20240916","RUB","USD","0.010941"
"20240917","RUB","USD","0.010929"
"20240918","RUB","USD","0.010681"
"20240919","RUB","USD","0.010849"
"20240920","RUB","USD","0.010828"
"20240922","RUB","USD","0.010828"
"20240923","RUB","USD","0.010932"
"20240924","RUB","USD","0.010776"
"20240925","RUB","USD","0.010811"
"20240926","RUB","USD","0.010797"
"20240927","RUB","USD","0.010602"
"20240929","RUB","USD","0.010602"
"20240930","RUB","USD","0.010753"
"20241001","RUB","USD","0.010433"
"20241002","RUB","USD","0.010455"
"20241003","RUB","USD","0.010554"
"20241004","RUB","USD","0.010526"
"20241006","RUB","USD","0.010526"
"20241007","RUB","USD","0.010395"
"20241008","RUB","USD","0.010336"
"20241009","RUB","USD","0.010309"
"20241010","RUB","USD","0.010352"
"20241011","RUB","USD","0.010438"
"20241013","RUB","USD","0.010438"
"20241014","RUB","USD","0.01046"
"20241015","RUB","USD","0.010336"
"20241016","RUB","USD","0.010336"
"20241017","RUB","USD","0.010336"
"20241018","RUB","USD","0.010336"
"20241020","RUB","USD","0.010336"
"20241021","RUB","USD","0.010331"
"20241022","RUB","USD","0.010444"
"20241023","RUB","USD","0.010417"
"20241024","RUB","USD","0.01039"
"20241025","RUB","USD","0.010283"
"20241027","RUB","USD","0.010283"
"20241028","RUB","USD","0.010292"
"20241029","RUB","USD","0.010256"
"20241030","RUB","USD","0.010319"
"20241031","RUB","USD","0.01027"
"20241101","RUB","USD","0.010204"
"20241103","RUB","USD","0.010204"
"20241104","RUB","USD","0.010167"
"20241105","RUB","USD","0.010225"
"20241106","RUB","USD","0.010285"
"20241107","RUB","USD","0.010204"
"20241108","RUB","USD","0.010246"
"20241110","RUB","USD","0.010246"
"20241111","RUB","USD","0.010417"
"20241112","RUB","USD","0.010178"
"20241113","RUB","USD","0.010152"
"20241114","RUB","USD","0.010049"
"20241115","RUB","USD","0.01"
"20241117","RUB","USD","0.01"
"20241118","RUB","USD","0.010025"
"20241119","RUB","USD","0.0099428"
"20241120","RUB","USD","0.0099404"
"20241121","RUB","USD","0.0098717"
"20241122","RUB","USD","0.0095831"
"20241124","RUB","USD","0.0095831"
"20241125","RUB","USD","0.0096154"
"20241126","RUB","USD","0.0094787"
"20241127","RUB","USD","0.0088378"
"20241128","RUB","USD","0.0092593"
"20241129","RUB","USD","0.0093897"
"20241201","RUB","USD","0.0093897"
"20241202","RUB","USD","0.0093897"
"20241203","RUB","USD","0.0095238"
"20241204","RUB","USD","0.0095238"
"20241205","RUB","USD","0.009901"
"20241206","RUB","USD","0.0099453"
"20241208","RUB","USD","0.0099453"
"20241209","RUB","USD","0.01"
"20241210","RUB","USD","0.009704"
"20241211","RUB","USD","0.0094787"
"20241212","RUB","USD","0.0095238"
"20241213","RUB","USD","0.0095694"
"20241215","RUB","USD","0.0095694"
"20241216","RUB","USD","0.0096525"
"20241217","RUB","USD","0.0095602"
"20241218","RUB","USD","0.0095534"
"20241219","RUB","USD","0.0096618"
"20241220","RUB","USD","0.0097087"
"20241222","RUB","USD","0.0097087"
"20241223","RUB","USD","0.009879"
"20241224","RUB","USD","0.01"
"20241225","RUB","USD","0.010049"
"20241226","RUB","USD","0.009999"
"20241227","RUB","USD","0.0094563"
"20241229","RUB","USD","0.0094563"
"20241230","RUB","USD","0.0090498"
"20241231","RUB","USD","0.0088106"
"20240311","AED","USD","0.27229"
"20240312","AED","USD","0.27227"
"20240313","AED","USD","0.27227"
"20240314","AED","USD","0.27229"
"20240315","AED","USD","0.2723"
"20240317","AED","USD","0.27229"
"20240318","AED","USD","0.27229"
"20240319","AED","USD","0.27226"
"20240320","AED","USD","0.27226"
"20240321","AED","USD","0.2723"
"20240322","AED","USD","0.27231"
"20240324","AED","USD","0.27231"
"20240325","AED","USD","0.27231"
"20240326","AED","USD","0.27232"
"20240327","AED","USD","0.27226"
"20240328","AED","USD","0.27232"
"20240329","AED","USD","0.2723"
"20240331","AED","USD","0.27231"
"20240401","AED","USD","0.27231"
"20240402","AED","USD","0.27229"
"20240403","AED","USD","0.27228"
"20240404","AED","USD","0.2723"
"20240405","AED","USD","0.2723"
"20240407","AED","USD","0.2723"
"20240408","AED","USD","0.2723"
"20240409","AED","USD","0.27229"
"20240410","AED","USD","0.2723"
"20240411","AED","USD","0.2723"
"20240412","AED","USD","0.27229"
"20240414","AED","USD","0.27231"
"20240415","AED","USD","0.2723"
"20240416","AED","USD","0.2723"
"20240417","AED","USD","0.27229"
"20240418","AED","USD","0.27229"
"20240419","AED","USD","0.27228"
"20240421","AED","USD","0.27228"
"20240422","AED","USD","0.27228"
"20240423","AED","USD","0.27229"
"20240424","AED","USD","0.27229"
"20240425","AED","USD","0.27226"
"20240426","AED","USD","0.27226"
"20240428","AED","USD","0.27226"
"20240429","AED","USD","0.27226"
"20240430","AED","USD","0.27226"
"20240501","AED","USD","0.27226"
"20240502","AED","USD","0.27226"
"20240503","AED","USD","0.27227"
"20240505","AED","USD","0.27226"
"20240506","AED","USD","0.27226"
"20240507","AED","USD","0.27226"
"20240508","AED","USD","0.27226"
"20240509","AED","USD","0.27227"
"20240510","AED","USD","0.27226"
"20240512","AED","USD","0.27226"
"20240513","AED","USD","0.27226"
"20240514","AED","USD","0.27226"
"20240515","AED","USD","0.27227"
"20240516","AED","USD","0.27226"
"20240517","AED","USD","0.27226"
"20240519","AED","USD","0.27226"
"20240520","AED","USD","0.27226"
"20240521","AED","USD","0.27226"
"20240522","AED","USD","0.27226"
"20240523","AED","USD","0.27225"
"20240524","AED","USD","0.27225"
"20240526","AED","USD","0.27226"
"20240527","AED","USD","0.27225"
"20240528","AED","USD","0.27225"
"20240529","AED","USD","0.27226"
"20240530","AED","USD","0.27226"
"20240531","AED","USD","0.27226"
"20240602","AED","USD","0.27226"
"20240603","AED","USD","0.27226"
"20240604","AED","USD","0.27226"
"20240605","AED","USD","0.27226"
"20240606","AED","USD","0.27226"
"20240607","AED","USD","0.27226"
"20240609","AED","USD","0.27226"
"20240610","AED","USD","0.27226"
"20240611","AED","USD","0.27226"
"20240612","AED","USD","0.27225"
"20240613","AED","USD","0.27225"
"20240614","AED","USD","0.27226"
"20240616","AED","USD","0.27226"
"20240617","AED","USD","0.27226"
"20240618","AED","USD","0.27226"
"20240619","AED","USD","0.27226"
"20240620","AED","USD","0.27225"
"20240621","AED","USD","0.27225"
"20240623","AED","USD","0.27226"
"20240624","AED","USD","0.27226"
"20240625","AED","USD","0.27226"
"20240626","AED","USD","0.27225"
"20240627","AED","USD","0.27225"
"20240628","AED","USD","0.27226"
"20240630","AED","USD","0.27226"
"20240701","AED","USD","0.27226"
"20240702","AED","USD","0.27226"
"20240703","AED","USD","0.27226"
"20240704","AED","USD","0.27226"
"20240705","AED","USD","0.27226"
"20240707","AED","USD","0.27226"
"20240708","AED","USD","0.27226"
"20240709","AED","USD","0.27226"
"20240710","AED","USD","0.27226"
"20240711","AED","USD","0.27226"
"20240712","AED","USD","0.27226"
"20240714","AED","USD","0.27226"
"20240715","AED","USD","0.27226"
"20240716","AED","USD","0.27226"
"20240717","AED","USD","0.27226"
"20240718","AED","USD","0.27226"
"20240719","AED","USD","0.27226"
"20240721","AED","USD","0.27226"
"20240722","AED","USD","0.27226"
"20240723","AED","USD","0.27226"
"20240724","AED","USD","0.27226"
"20240725","AED","USD","0.27226"
"20240726","AED","USD","0.27226"
"20240728","AED","USD","0.27226"
"20240729","AED","USD","0.27226"
"20240730","AED","USD","0.27226"
"20240731","AED","USD","0.27226"
"20240801","AED","USD","0.27226"
"20240802","AED","USD","0.27226"
"20240804","AED","USD","0.27226"
"20240805","AED","USD","0.27226"
"20240806","AED","USD","0.27226"
"20240807","AED","USD","0.27226"
"20240808","AED","USD","0.27226"
"20240809","AED","USD","0.27226"
"20240811","AED","USD","0.27226"
"20240812","AED","USD","0.27225"
"20240813","AED","USD","0.27225"
"20240814","AED","USD","0.27226"
"20240815","AED","USD","0.27226"
"20240816","AED","USD","0.27226"
"20240818","AED","USD","0.27226"
"20240819","AED","USD","0.27226"
"20240820","AED","USD","0.27226"
"20240821","AED","USD","0.27226"
"20240822","AED","USD","0.27227"
"20240823","AED","USD","0.27227"
"20240825","AED","USD","0.27226"
"20240826","AED","USD","0.27226"
"20240827","AED","USD","0.27227"
"20240828","AED","USD","0.27227"
"20240829","AED","USD","0.27227"
"20240830","AED","USD","0.27227"
"20240901","AED","USD","0.27226"
"20240902","AED","USD","0.27226"
"20240903","AED","USD","0.27226"
"20240904","AED","USD","0.27226"
"20240905","AED","USD","0.27226"
"20240906","AED","USD","0.27226"
"20240908","AED","USD","0.27226"
"20240909","AED","USD","0.27226"
"20240910","AED","USD","0.27226"
"20240911","AED","USD","0.27226"
"20240912","AED","USD","0.27226"
"20240913","AED","USD","0.27226"
"20240915","AED","USD","0.27226"
"20240916","AED","USD","0.27226"
"20240917","AED","USD","0.27226"
"20240918","AED","USD","0.27226"
"20240919","AED","USD","0.27226"
"20240920","AED","USD","0.27226"
"20240922","AED","USD","0.27226"
"20240923","AED","USD","0.27226"
"20240924","AED","USD","0.27226"
"20240925","AED","USD","0.27226"
"20240926","AED","USD","0.27226"
"20240927","AED","USD","0.27226"
"20240929","AED","USD","0.27226"
"20240930","AED","USD","0.27225"
"20241001","AED","USD","0.27225"
"20241002","AED","USD","0.27225"
"20241003","AED","USD","0.27225"
"20241004","AED","USD","0.27226"
"20241006","AED","USD","0.27226"
"20241007","AED","USD","0.27223"
"20241008","AED","USD","0.27225"
"20241009","AED","USD","0.27226"
"20241010","AED","USD","0.27225"
"20241011","AED","USD","0.27226"
"20241013","AED","USD","0.27226"
"20241014","AED","USD","0.27225"
"20241015","AED","USD","0.27225"
"20241016","AED","USD","0.27225"
"20241017","AED","USD","0.27225"
"20241018","AED","USD","0.27226"
"20241020","AED","USD","0.27226"
"20241021","AED","USD","0.27226"
"20241022","AED","USD","0.27225"
"20241023","AED","USD","0.27226"
"20241024","AED","USD","0.27226"
"20241025","AED","USD","0.27226"
"20241027","AED","USD","0.27226"
"20241028","AED","USD","0.27226"
"20241029","AED","USD","0.27226"
"20241030","AED","USD","0.27225"
"20241031","AED","USD","0.27225"
"20241101","AED","USD","0.27226"
"20241103","AED","USD","0.27226"
"20241104","AED","USD","0.27226"
"20241105","AED","USD","0.27225"
"20241106","AED","USD","0.27225"
"20241107","AED","USD","0.27226"
"20241108","AED","USD","0.27226"
"20241110","AED","USD","0.27226"
"20241111","AED","USD","0.27226"
"20241112","AED","USD","0.27226"
"20241113","AED","USD","0.27226"
"20241114","AED","USD","0.27226"
"20241115","AED","USD","0.27226"
"20241117","AED","USD","0.27226"
"20241118","AED","USD","0.27226"
"20241119","AED","USD","0.27226"
"20241120","AED","USD","0.27226"
"20241121","AED","USD","0.27226"
"20241122","AED","USD","0.27225"
"20241124","AED","USD","0.27226"
"20241125","AED","USD","0.27225"
"20241126","AED","USD","0.27225"
"20241127","AED","USD","0.27226"
"20241128","AED","USD","0.27226"
"20241129","AED","USD","0.27225"
"20241201","AED","USD","0.27226"
"20241202","AED","USD","0.27225"
"20241203","AED","USD","0.27225"
"20241204","AED","USD","0.27225"
"20241205","AED","USD","0.27225"
"20241206","AED","USD","0.27226"
"20241208","AED","USD","0.27226"
"20241209","AED","USD","0.27226"
"20241210","AED","USD","0.27226"
"20241211","AED","USD","0.27225"
"20241212","AED","USD","0.27226"
"20241213","AED","USD","0.27226"
"20241215","AED","USD","0.27226"
"20241216","AED","USD","0.27226"
"20241217","AED","USD","0.27226"
"20241218","AED","USD","0.27226"
"20241219","AED","USD","0.27226"
"20241220","AED","USD","0.27225"
"20241222","AED","USD","0.27226"
"20241223","AED","USD","0.27226"
"20241224","AED","USD","0.27226"
"20241225","AED","USD","0.27226"
"20241226","AED","USD","0.27225"
"20241227","AED","USD","0.27225"
"20241229","AED","USD","0.27226"
"20241230","AED","USD","0.27226"
"20241231","AED","USD","0.27225"
"20240311","TWD","USD","0.031822"
"20240312","TWD","USD","0.031934"
"20240313","TWD","USD","0.031779"
"20240314","TWD","USD","0.031669"
"20240315","TWD","USD","0.031622"
"20240317","TWD","USD","0.031629"
"20240318","TWD","USD","0.031565"
"20240319","TWD","USD","0.031465"
"20240320","TWD","USD","0.031455"
"20240321","TWD","USD","0.031325"
"20240322","TWD","USD","0.031284"
"20240324","TWD","USD","0.031297"
"20240325","TWD","USD","0.031407"
"20240326","TWD","USD","0.031327"
"20240327","TWD","USD","0.03126"
"20240328","TWD","USD","0.031254"
"20240329","TWD","USD","0.031288"
"20240331","TWD","USD","0.0313"
"20240401","TWD","USD","0.031212"
"20240402","TWD","USD","0.031194"
"20240403","TWD","USD","0.031227"
"20240404","TWD","USD","0.031173"
"20240405","TWD","USD","0.031123"
"20240407","TWD","USD","0.031127"
"20240408","TWD","USD","0.031163"
"20240409","TWD","USD","0.031235"
"20240410","TWD","USD","0.031049"
"20240411","TWD","USD","0.031027"
"20240412","TWD","USD","0.030959"
"20240414","TWD","USD","0.030989"
"20240415","TWD","USD","0.030831"
"20240416","TWD","USD","0.030728"
"20240417","TWD","USD","0.030863"
"20240418","TWD","USD","0.030785"
"20240419","TWD","USD","0.030734"
"20240421","TWD","USD","0.030751"
"20240422","TWD","USD","0.030657"
"20240423","TWD","USD","0.030714"
"20240424","TWD","USD","0.030618"
"20240425","TWD","USD","0.030707"
"20240426","TWD","USD","0.030673"
"20240428","TWD","USD","0.030699"
"20240429","TWD","USD","0.030763"
"20240430","TWD","USD","0.030658"
"20240501","TWD","USD","0.030759"
"20240502","TWD","USD","0.030887"
"20240503","TWD","USD","0.030962"
"20240505","TWD","USD","0.030961"
"20240506","TWD","USD","0.030954"
"20240507","TWD","USD","0.030852"
"20240508","TWD","USD","0.030886"
"20240509","TWD","USD","0.03087"
"20240510","TWD","USD","0.03082"
"20240512","TWD","USD","0.030831"
"20240513","TWD","USD","0.03085"
"20240514","TWD","USD","0.030922"
"20240515","TWD","USD","0.03116"
"20240516","TWD","USD","0.031084"
"20240517","TWD","USD","0.031076"
"20240519","TWD","USD","0.031076"
"20240520","TWD","USD","0.030996"
"20240521","TWD","USD","0.030965"
"20240522","TWD","USD","0.030988"
"20240523","TWD","USD","0.030988"
"20240524","TWD","USD","0.03101"
"20240526","TWD","USD","0.031052"
"20240527","TWD","USD","0.031103"
"20240528","TWD","USD","0.031025"
"20240529","TWD","USD","0.030875"
"20240530","TWD","USD","0.030867"
"20240531","TWD","USD","0.030789"
"20240602","TWD","USD","0.030788"
"20240603","TWD","USD","0.030947"
"20240604","TWD","USD","0.030912"
"20240605","TWD","USD","0.03095"
"20240606","TWD","USD","0.030989"
"20240607","TWD","USD","0.030848"
"20240609","TWD","USD","0.030845"
"20240610","TWD","USD","0.030898"
"20240611","TWD","USD","0.030883"
"20240612","TWD","USD","0.030994"
"20240613","TWD","USD","0.030897"
"20240614","TWD","USD","0.030899"
"20240616","TWD","USD","0.030899"
"20240617","TWD","USD","0.030899"
"20240618","TWD","USD","0.030909"
"20240619","TWD","USD","0.030876"
"20240620","TWD","USD","0.030884"
"20240621","TWD","USD","0.030892"
"20240623","TWD","USD","0.030885"
"20240624","TWD","USD","0.030888"
"20240625","TWD","USD","0.030786"
"20240626","TWD","USD","0.030703"
"20240627","TWD","USD","0.030711"
"20240628","TWD","USD","0.030756"
"20240630","TWD","USD","0.030751"
"20240701","TWD","USD","0.030714"
"20240702","TWD","USD","0.030683"
"20240703","TWD","USD","0.030646"
"20240704","TWD","USD","0.03076"
"20240705","TWD","USD","0.030857"
"20240707","TWD","USD","0.030857"
"20240708","TWD","USD","0.030788"
"20240709","TWD","USD","0.030711"
"20240710","TWD","USD","0.030656"
"20240711","TWD","USD","0.030817"
"20240712","TWD","USD","0.030737"
"20240714","TWD","USD","0.030747"
"20240715","TWD","USD","0.030649"
"20240716","TWD","USD","0.03069"
"20240717","TWD","USD","0.030707"
"20240718","TWD","USD","0.03058"
"20240719","TWD","USD","0.030485"
"20240721","TWD","USD","0.030492"
"20240722","TWD","USD","0.030454"
"20240723","TWD","USD","0.0305"
"20240724","TWD","USD","0.030542"
"20240725","TWD","USD","0.030544"
"20240726","TWD","USD","0.030472"
"20240728","TWD","USD","0.030476"
"20240729","TWD","USD","0.030429"
"20240730","TWD","USD","0.030449"
"20240731","TWD","USD","0.030586"
"20240801","TWD","USD","0.030497"
"20240802","TWD","USD","0.030685"
"20240804","TWD","USD","0.030681"
"20240805","TWD","USD","0.030574"
"20240806","TWD","USD","0.030508"
"20240807","TWD","USD","0.030615"
"20240808","TWD","USD","0.030825"
"20240809","TWD","USD","0.030819"
"20240811","TWD","USD","0.030817"
"20240812","TWD","USD","0.030837"
"20240813","TWD","USD","0.030917"
"20240814","TWD","USD","0.030995"
"20240815","TWD","USD","0.030848"
"20240816","TWD","USD","0.031102"
"20240818","TWD","USD","0.031104"
"20240819","TWD","USD","0.031304"
"20240820","TWD","USD","0.03134"
"20240821","TWD","USD","0.031321"
"20240822","TWD","USD","0.031249"
"20240823","TWD","USD","0.031478"
"20240825","TWD","USD","0.031477"
"20240826","TWD","USD","0.031392"
"20240827","TWD","USD","0.031345"
"20240828","TWD","USD","0.031271"
"20240829","TWD","USD","0.031361"
"20240830","TWD","USD","0.03124"
"20240901","TWD","USD","0.031239"
"20240902","TWD","USD","0.031193"
"20240903","TWD","USD","0.031147"
"20240904","TWD","USD","0.031136"
"20240905","TWD","USD","0.031203"
"20240906","TWD","USD","0.0312"
"20240908","TWD","USD","0.03121"
"20240909","TWD","USD","0.031127"
"20240910","TWD","USD","0.031067"
"20240911","TWD","USD","0.031114"
"20240912","TWD","USD","0.031176"
"20240913","TWD","USD","0.031299"
"20240915","TWD","USD","0.031296"
"20240916","TWD","USD","0.031371"
"20240917","TWD","USD","0.0313"
"20240918","TWD","USD","0.031245"
"20240919","TWD","USD","0.031325"
"20240920","TWD","USD","0.03126"
"20240922","TWD","USD","0.031246"
"20240923","TWD","USD","0.031205"
"20240924","TWD","USD","0.031402"
"20240925","TWD","USD","0.031246"
"20240926","TWD","USD","0.031573"
"20240927","TWD","USD","0.031657"
"20240929","TWD","USD","0.031656"
"20240930","TWD","USD","0.031492"
"20241001","TWD","USD","0.031341"
"20241002","TWD","USD","0.031295"
"20241003","TWD","USD","0.031202"
"20241004","TWD","USD","0.030951"
"20241006","TWD","USD","0.030951"
"20241007","TWD","USD","0.031074"
"20241008","TWD","USD","0.031021"
"20241009","TWD","USD","0.030972"
"20241010","TWD","USD","0.03101"
"20241011","TWD","USD","0.0311"
"20241013","TWD","USD","0.031109"
"20241014","TWD","USD","0.031074"
"20241015","TWD","USD","0.031024"
"20241016","TWD","USD","0.03106"
"20241017","TWD","USD","0.031123"
"20241018","TWD","USD","0.031198"
"20241020","TWD","USD","0.031194"
"20241021","TWD","USD","0.031122"
"20241022","TWD","USD","0.031191"
"20241023","TWD","USD","0.031171"
"20241024","TWD","USD","0.031166"
"20241025","TWD","USD","0.031173"
"20241027","TWD","USD","0.031173"
"20241028","TWD","USD","0.03114"
"20241029","TWD","USD","0.031164"
"20241030","TWD","USD","0.031291"
"20241031","TWD","USD","0.031326"
"20241101","TWD","USD","0.031312"
"20241103","TWD","USD","0.031318"
"20241104","TWD","USD","0.031314"
"20241105","TWD","USD","0.031334"
"20241106","TWD","USD","0.030914"
"20241107","TWD","USD","0.031155"
"20241108","TWD","USD","0.031003"
"20241110","TWD","USD","0.031008"
"20241111","TWD","USD","0.030863"
"20241112","TWD","USD","0.030815"
"20241113","TWD","USD","0.030785"
"20241114","TWD","USD","0.030667"
"20241115","TWD","USD","0.030768"
"20241117","TWD","USD","0.03078"
"20241118","TWD","USD","0.030787"
"20241119","TWD","USD","0.030892"
"20241120","TWD","USD","0.03075"
"20241121","TWD","USD","0.030711"
"20241122","TWD","USD","0.030696"
"20241124","TWD","USD","0.030697"
"20241125","TWD","USD","0.030827"
"20241126","TWD","USD","0.030773"
"20241127","TWD","USD","0.030795"
"20241128","TWD","USD","0.030705"
"20241129","TWD","USD","0.030794"
"20241201","TWD","USD","0.030812"
"20241202","TWD","USD","0.03066"
"20241203","TWD","USD","0.030717"
"20241204","TWD","USD","0.030849"
"20241205","TWD","USD","0.0309"
"20241206","TWD","USD","0.03085"
"20241208","TWD","USD","0.030876"
"20241209","TWD","USD","0.030835"
"20241210","TWD","USD","0.030732"
"20241211","TWD","USD","0.030763"
"20241212","TWD","USD","0.030733"
"20241213","TWD","USD","0.030755"
"20241215","TWD","USD","0.030752"
"20241216","TWD","USD","0.030768"
"20241217","TWD","USD","0.030744"
"20241218","TWD","USD","0.030579"
"20241219","TWD","USD","0.030626"
"20241220","TWD","USD","0.030658"
"20241222","TWD","USD","0.030664"
"20241223","TWD","USD","0.030585"
"20241224","TWD","USD","0.030586"
"20241225","TWD","USD","0.030571"
"20241226","TWD","USD","0.030514"
"20241227","TWD","USD","0.030463"
"20241229","TWD","USD","0.030466"
"20241230","TWD","USD","0.030533"
"20241231","TWD","USD","0.030485"
"20240311","HKD","USD","0.12785"
"20240312","HKD","USD","0.12782"
"20240313","HKD","USD","0.12782"
"20240314","HKD","USD","0.12783"
"20240315","HKD","USD","0.12785"
"20240317","HKD","USD","0.12785"
"20240318","HKD","USD","0.12789"
"20240319","HKD","USD","0.12782"
"20240320","HKD","USD","0.12783"
"20240321","HKD","USD","0.12785"
"20240322","HKD","USD","0.12784"
"20240324","HKD","USD","0.12785"
"20240325","HKD","USD","0.12785"
"20240326","HKD","USD","0.12782"
"20240327","HKD","USD","0.12781"
"20240328","HKD","USD","0.12777"
"20240329","HKD","USD","0.12779"
"20240331","HKD","USD","0.12779"
"20240401","HKD","USD","0.12778"
"20240402","HKD","USD","0.12773"
"20240403","HKD","USD","0.12773"
"20240404","HKD","USD","0.12773"
"20240405","HKD","USD","0.12773"
"20240407","HKD","USD","0.12773"
"20240408","HKD","USD","0.12769"
"20240409","HKD","USD","0.1277"
"20240410","HKD","USD","0.12762"
"20240411","HKD","USD","0.12758"
"20240412","HKD","USD","0.12759"
"20240414","HKD","USD","0.1276"
"20240415","HKD","USD","0.12773"
"20240416","HKD","USD","0.12768"
"20240417","HKD","USD","0.12771"
"20240418","HKD","USD","0.12769"
"20240419","HKD","USD","0.12767"
"20240421","HKD","USD","0.12768"
"20240422","HKD","USD","0.12762"
"20240423","HKD","USD","0.12763"
"20240424","HKD","USD","0.12769"
"20240425","HKD","USD","0.12775"
"20240426","HKD","USD","0.12774"
"20240428","HKD","USD","0.12774"
"20240429","HKD","USD","0.12779"
"20240430","HKD","USD","0.12781"
"20240501","HKD","USD","0.12783"
"20240502","HKD","USD","0.12799"
"20240503","HKD","USD","0.12802"
"20240505","HKD","USD","0.12801"
"20240506","HKD","USD","0.1279"
"20240507","HKD","USD","0.12786"
"20240508","HKD","USD","0.12792"
"20240509","HKD","USD","0.12798"
"20240510","HKD","USD","0.12798"
"20240512","HKD","USD","0.12799"
"20240513","HKD","USD","0.12801"
"20240514","HKD","USD","0.12801"
"20240515","HKD","USD","0.12804"
"20240516","HKD","USD","0.12819"
"20240517","HKD","USD","0.12817"
"20240519","HKD","USD","0.12817"
"20240520","HKD","USD","0.12823"
"20240521","HKD","USD","0.12813"
"20240522","HKD","USD","0.12807"
"20240523","HKD","USD","0.12805"
"20240524","HKD","USD","0.128"
"20240526","HKD","USD","0.12801"
"20240527","HKD","USD","0.12809"
"20240528","HKD","USD","0.12801"
"20240529","HKD","USD","0.12798"
"20240530","HKD","USD","0.12792"
"20240531","HKD","USD","0.12789"
"20240602","HKD","USD","0.1279"
"20240603","HKD","USD","0.12787"
"20240604","HKD","USD","0.12799"
"20240605","HKD","USD","0.12801"
"20240606","HKD","USD","0.12805"
"20240607","HKD","USD","0.128"
"20240609","HKD","USD","0.12801"
"20240610","HKD","USD","0.12799"
"20240611","HKD","USD","0.128"
"20240612","HKD","USD","0.12805"
"20240613","HKD","USD","0.12804"
"20240614","HKD","USD","0.12802"
"20240616","HKD","USD","0.12803"
"20240617","HKD","USD","0.12803"
"20240618","HKD","USD","0.12809"
"20240619","HKD","USD","0.12809"
"20240620","HKD","USD","0.12813"
"20240621","HKD","USD","0.1281"
"20240623","HKD","USD","0.12812"
"20240624","HKD","USD","0.12808"
"20240625","HKD","USD","0.12805"
"20240626","HKD","USD","0.12805"
"20240627","HKD","USD","0.12806"
"20240628","HKD","USD","0.12807"
"20240630","HKD","USD","0.12807"
"20240701","HKD","USD","0.12801"
"20240702","HKD","USD","0.12798"
"20240703","HKD","USD","0.12805"
"20240704","HKD","USD","0.12805"
"20240705","HKD","USD","0.12799"
"20240707","HKD","USD","0.12799"
"20240708","HKD","USD","0.12804"
"20240709","HKD","USD","0.12801"
"20240710","HKD","USD","0.12802"
"20240711","HKD","USD","0.12808"
"20240712","HKD","USD","0.12808"
"20240714","HKD","USD","0.12808"
"20240715","HKD","USD","0.1281"
"20240716","HKD","USD","0.12807"
"20240717","HKD","USD","0.12808"
"20240718","HKD","USD","0.12804"
"20240719","HKD","USD","0.12803"
"20240721","HKD","USD","0.12803"
"20240722","HKD","USD","0.12809"
"20240723","HKD","USD","0.12805"
"20240724","HKD","USD","0.12806"
"20240725","HKD","USD","0.12809"
"20240726","HKD","USD","0.1281"
"20240728","HKD","USD","0.12809"
"20240729","HKD","USD","0.12804"
"20240730","HKD","USD","0.12799"
"20240731","HKD","USD","0.128"
"20240801","HKD","USD","0.12796"
"20240802","HKD","USD","0.12809"
"20240804","HKD","USD","0.12809"
"20240805","HKD","USD","0.12839"
"20240806","HKD","USD","0.12829"
"20240807","HKD","USD","0.12823"
"20240808","HKD","USD","0.12829"
"20240809","HKD","USD","0.12825"
"20240811","HKD","USD","0.12824"
"20240812","HKD","USD","0.12835"
"20240813","HKD","USD","0.1284"
"20240814","HKD","USD","0.12832"
"20240815","HKD","USD","0.12826"
"20240816","HKD","USD","0.1283"
"20240818","HKD","USD","0.1283"
"20240819","HKD","USD","0.12839"
"20240820","HKD","USD","0.1284"
"20240821","HKD","USD","0.12831"
"20240822","HKD","USD","0.12825"
"20240823","HKD","USD","0.12827"
"20240825","HKD","USD","0.12828"
"20240826","HKD","USD","0.12827"
"20240827","HKD","USD","0.12818"
"20240828","HKD","USD","0.12818"
"20240829","HKD","USD","0.12824"
"20240830","HKD","USD","0.12825"
"20240901","HKD","USD","0.12824"
"20240902","HKD","USD","0.12826"
"20240903","HKD","USD","0.12822"
"20240904","HKD","USD","0.12826"
"20240905","HKD","USD","0.12832"
"20240906","HKD","USD","0.12828"
"20240908","HKD","USD","0.12828"
"20240909","HKD","USD","0.12825"
"20240910","HKD","USD","0.12825"
"20240911","HKD","USD","0.12822"
"20240912","HKD","USD","0.12815"
"20240913","HKD","USD","0.12822"
"20240915","HKD","USD","0.12824"
"20240916","HKD","USD","0.12832"
"20240917","HKD","USD","0.1283"
"20240918","HKD","USD","0.12832"
"20240919","HKD","USD","0.12829"
"20240920","HKD","USD","0.12837"
"20240922","HKD","USD","0.12837"
"20240923","HKD","USD","0.12843"
"20240924","HKD","USD","0.12846"
"20240925","HKD","USD","0.12846"
"20240926","HKD","USD","0.12855"
"20240927","HKD","USD","0.12867"
"20240929","HKD","USD","0.12866"
"20240930","HKD","USD","0.12865"
"20241001","HKD","USD","0.12868"
"20241002","HKD","USD","0.12882"
"20241003","HKD","USD","0.1288"
"20241004","HKD","USD","0.12875"
"20241006","HKD","USD","0.12876"
"20241007","HKD","USD","0.12877"
"20241008","HKD","USD","0.12861"
"20241009","HKD","USD","0.12868"
"20241010","HKD","USD","0.1287"
"20241011","HKD","USD","0.1287"
"20241013","HKD","USD","0.12869"
"20241014","HKD","USD","0.1288"
"20241015","HKD","USD","0.12874"
"20241016","HKD","USD","0.12869"
"20241017","HKD","USD","0.12864"
"20241018","HKD","USD","0.12869"
"20241020","HKD","USD","0.1287"
"20241021","HKD","USD","0.12864"
"20241022","HKD","USD","0.12867"
"20241023","HKD","USD","0.12872"
"20241024","HKD","USD","0.1287"
"20241025","HKD","USD","0.1287"
"20241027","HKD","USD","0.12869"
"20241028","HKD","USD","0.12867"
"20241029","HKD","USD","0.12868"
"20241030","HKD","USD","0.12866"
"20241031","HKD","USD","0.12865"
"20241101","HKD","USD","0.12858"
"20241103","HKD","USD","0.12858"
"20241104","HKD","USD","0.12866"
"20241105","HKD","USD","0.12865"
"20241106","HKD","USD","0.1286"
"20241107","HKD","USD","0.12869"
"20241108","HKD","USD","0.12862"
"20241110","HKD","USD","0.12861"
"20241111","HKD","USD","0.1286"
"20241112","HKD","USD","0.12857"
"20241113","HKD","USD","0.12852"
"20241114","HKD","USD","0.12851"
"20241115","HKD","USD","0.12845"
"20241117","HKD","USD","0.12845"
"20241118","HKD","USD","0.12848"
"20241119","HKD","USD","0.12848"
"20241120","HKD","USD","0.12848"
"20241121","HKD","USD","0.12849"
"20241122","HKD","USD","0.12846"
"20241124","HKD","USD","0.12848"
"20241125","HKD","USD","0.1285"
"20241126","HKD","USD","0.12848"
"20241127","HKD","USD","0.12851"
"20241128","HKD","USD","0.12847"
"20241129","HKD","USD","0.1285"
"20241201","HKD","USD","0.12851"
"20241202","HKD","USD","0.12851"
"20241203","HKD","USD","0.12849"
"20241204","HKD","USD","0.12846"
"20241205","HKD","USD","0.1285"
"20241206","HKD","USD","0.12855"
"20241208","HKD","USD","0.12853"
"20241209","HKD","USD","0.12863"
"20241210","HKD","USD","0.12863"
"20241211","HKD","USD","0.12863"
"20241212","HKD","USD","0.12863"
"20241213","HKD","USD","0.12861"
"20241215","HKD","USD","0.1286"
"20241216","HKD","USD","0.12863"
"20241217","HKD","USD","0.12871"
"20241218","HKD","USD","0.12869"
"20241219","HKD","USD","0.12871"
"20241220","HKD","USD","0.1286"
"20241222","HKD","USD","0.1286"
"20241223","HKD","USD","0.1287"
"20241224","HKD","USD","0.12874"
"20241225","HKD","USD","0.12875"
"20241226","HKD","USD","0.12874"
"20241227","HKD","USD","0.12883"
"20241229","HKD","USD","0.12883"
"20241230","HKD","USD","0.12876"
"20241231","HKD","USD","0.12873"
"20240311","EUR","USD","1.0926"
"20240312","EUR","USD","1.0927"
"20240313","EUR","USD","1.0948"
"20240314","EUR","USD","1.0883"
"20240315","EUR","USD","1.0888"
"20240317","EUR","USD","1.0891"
"20240318","EUR","USD","1.0873"
"20240319","EUR","USD","1.0866"
"20240320","EUR","USD","1.0922"
"20240321","EUR","USD","1.086"
"20240322","EUR","USD","1.0807"
"20240324","EUR","USD","1.0808"
"20240325","EUR","USD","1.0838"
"20240326","EUR","USD","1.0832"
"20240327","EUR","USD","1.0828"
"20240328","EUR","USD","1.0788"
"20240329","EUR","USD","1.0794"
"20240331","EUR","USD","1.0788"
"20240401","EUR","USD","1.0743"
"20240402","EUR","USD","1.0769"
"20240403","EUR","USD","1.0836"
"20240404","EUR","USD","1.0837"
"20240405","EUR","USD","1.0837"
"20240407","EUR","USD","1.0838"
"20240408","EUR","USD","1.0859"
"20240409","EUR","USD","1.0857"
"20240410","EUR","USD","1.0743"
"20240411","EUR","USD","1.0726"
"20240412","EUR","USD","1.0641"
"20240414","EUR","USD","1.0637"
"20240415","EUR","USD","1.0625"
"20240416","EUR","USD","1.0619"
"20240417","EUR","USD","1.0673"
"20240418","EUR","USD","1.0644"
"20240419","EUR","USD","1.0656"
"20240421","EUR","USD","1.0656"
"20240422","EUR","USD","1.0654"
"20240423","EUR","USD","1.0702"
"20240424","EUR","USD","1.0699"
"20240425","EUR","USD","1.073"
"20240426","EUR","USD","1.0693"
"20240428","EUR","USD","1.0694"
"20240429","EUR","USD","1.072"
"20240430","EUR","USD","1.0666"
"20240501","EUR","USD","1.0713"
"20240502","EUR","USD","1.0725"
"20240503","EUR","USD","1.0762"
"20240505","EUR","USD","1.0763"
"20240506","EUR","USD","1.077"
"20240507","EUR","USD","1.0755"
"20240508","EUR","USD","1.0748"
"20240509","EUR","USD","1.0782"
"20240510","EUR","USD","1.0771"
"20240512","EUR","USD","1.0774"
"20240513","EUR","USD","1.079"
"20240514","EUR","USD","1.0819"
"20240515","EUR","USD","1.0884"
"20240516","EUR","USD","1.0867"
"20240517","EUR","USD","1.087"
"20240519","EUR","USD","1.0868"
"20240520","EUR","USD","1.0857"
"20240521","EUR","USD","1.0854"
"20240522","EUR","USD","1.0823"
"20240523","EUR","USD","1.0815"
"20240524","EUR","USD","1.0847"
"20240526","EUR","USD","1.0849"
"20240527","EUR","USD","1.0858"
"20240528","EUR","USD","1.0857"
"20240529","EUR","USD","1.0801"
"20240530","EUR","USD","1.0832"
"20240531","EUR","USD","1.0849"
"20240602","EUR","USD","1.085"
"20240603","EUR","USD","1.0904"
"20240604","EUR","USD","1.0879"
"20240605","EUR","USD","1.0869"
"20240606","EUR","USD","1.0889"
"20240607","EUR","USD","1.0803"
"20240609","EUR","USD","1.0775"
"20240610","EUR","USD","1.0765"
"20240611","EUR","USD","1.074"
"20240612","EUR","USD","1.0809"
"20240613","EUR","USD","1.0738"
"20240614","EUR","USD","1.0703"
"20240616","EUR","USD","1.0706"
"20240617","EUR","USD","1.0734"
"20240618","EUR","USD","1.074"
"20240619","EUR","USD","1.0744"
"20240620","EUR","USD","1.0702"
"20240621","EUR","USD","1.0693"
"20240623","EUR","USD","1.0686"
"20240624","EUR","USD","1.0734"
"20240625","EUR","USD","1.0715"
"20240626","EUR","USD","1.0681"
"20240627","EUR","USD","1.0704"
"20240628","EUR","USD","1.0714"
"20240630","EUR","USD","1.0746"
"20240701","EUR","USD","1.074"
"20240702","EUR","USD","1.0745"
"20240703","EUR","USD","1.0788"
"20240704","EUR","USD","1.0811"
"20240705","EUR","USD","1.0838"
"20240707","EUR","USD","1.0803"
"20240708","EUR","USD","1.0825"
"20240709","EUR","USD","1.0814"
"20240710","EUR","USD","1.083"
"20240711","EUR","USD","1.0868"
"20240712","EUR","USD","1.0906"
"20240714","EUR","USD","1.0908"
"20240715","EUR","USD","1.0895"
"20240716","EUR","USD","1.0899"
"20240717","EUR","USD","1.0939"
"20240718","EUR","USD","1.0896"
"20240719","EUR","USD","1.0882"
"20240721","EUR","USD","1.0889"
"20240722","EUR","USD","1.0891"
"20240723","EUR","USD","1.0854"
"20240724","EUR","USD","1.084"
"20240725","EUR","USD","1.0845"
"20240726","EUR","USD","1.0856"
"20240728","EUR","USD","1.0858"
"20240729","EUR","USD","1.0821"
"20240730","EUR","USD","1.0815"
"20240731","EUR","USD","1.0826"
"20240801","EUR","USD","1.0792"
"20240802","EUR","USD","1.0911"
"20240804","EUR","USD","1.0926"
"20240805","EUR","USD","1.0952"
"20240806","EUR","USD","1.0932"
"20240807","EUR","USD","1.0923"
"20240808","EUR","USD","1.0918"
"20240809","EUR","USD","1.0916"
"20240811","EUR","USD","1.0917"
"20240812","EUR","USD","1.0932"
"20240813","EUR","USD","1.0993"
"20240814","EUR","USD","1.1012"
"20240815","EUR","USD","1.0972"
"20240816","EUR","USD","1.1028"
"20240818","EUR","USD","1.1029"
"20240819","EUR","USD","1.1086"
"20240820","EUR","USD","1.113"
"20240821","EUR","USD","1.115"
"20240822","EUR","USD","1.1112"
"20240823","EUR","USD","1.1192"
"20240825","EUR","USD","1.1188"
"20240826","EUR","USD","1.1161"
"20240827","EUR","USD","1.1184"
"20240828","EUR","USD","1.112"
"20240829","EUR","USD","1.1078"
"20240830","EUR","USD","1.1048"
"20240901","EUR","USD","1.1051"
"20240902","EUR","USD","1.1073"
"20240903","EUR","USD","1.1043"
"20240904","EUR","USD","1.1083"
"20240905","EUR","USD","1.111"
"20240906","EUR","USD","1.1085"
"20240908","EUR","USD","1.1087"
"20240909","EUR","USD","1.1035"
"20240910","EUR","USD","1.102"
"20240911","EUR","USD","1.1012"
"20240912","EUR","USD","1.1074"
"20240913","EUR","USD","1.1076"
"20240915","EUR","USD","1.1078"
"20240916","EUR","USD","1.1133"
"20240917","EUR","USD","1.1114"
"20240918","EUR","USD","1.1118"
"20240919","EUR","USD","1.1162"
"20240920","EUR","USD","1.1162"
"20240922","EUR","USD","1.1166"
"20240923","EUR","USD","1.1111"
"20240924","EUR","USD","1.118"
"20240925","EUR","USD","1.1133"
"20240926","EUR","USD","1.1176"
"20240927","EUR","USD","1.1164"
"20240929","EUR","USD","1.116"
"20240930","EUR","USD","1.1135"
"20241001","EUR","USD","1.1068"
"20241002","EUR","USD","1.1045"
"20241003","EUR","USD","1.1031"
"20241004","EUR","USD","1.0975"
"20241006","EUR","USD","1.0974"
"20241007","EUR","USD","1.0975"
"20241008","EUR","USD","1.0981"
"20241009","EUR","USD","1.094"
"20241010","EUR","USD","1.0937"
"20241011","EUR","USD","1.0937"
"20241013","EUR","USD","1.0933"
"20241014","EUR","USD","1.0909"
"20241015","EUR","USD","1.0891"
"20241016","EUR","USD","1.0862"
"20241017","EUR","USD","1.0831"
"20241018","EUR","USD","1.0867"
"20241020","EUR","USD","1.0863"
"20241021","EUR","USD","1.0815"
"20241022","EUR","USD","1.0799"
"20241023","EUR","USD","1.0782"
"20241024","EUR","USD","1.0828"
"20241025","EUR","USD","1.0796"
"20241027","EUR","USD","1.0802"
"20241028","EUR","USD","1.0812"
"20241029","EUR","USD","1.0818"
"20241030","EUR","USD","1.0856"
"20241031","EUR","USD","1.0883"
"20241101","EUR","USD","1.0834"
"20241103","EUR","USD","1.088"
"20241104","EUR","USD","1.0878"
"20241105","EUR","USD","1.093"
"20241106","EUR","USD","1.0729"
"20241107","EUR","USD","1.0803"
"20241108","EUR","USD","1.0719"
"20241110","EUR","USD","1.0711"
"20241111","EUR","USD","1.0656"
"20241112","EUR","USD","1.0624"
"20241113","EUR","USD","1.0564"
"20241114","EUR","USD","1.053"
"20241115","EUR","USD","1.054"
"20241117","EUR","USD","1.0542"
"20241118","EUR","USD","1.0599"
"20241119","EUR","USD","1.0596"
"20241120","EUR","USD","1.0544"
"20241121","EUR","USD","1.0475"
"20241122","EUR","USD","1.0421"
"20241124","EUR","USD","1.0418"
"20241125","EUR","USD","1.0496"
"20241126","EUR","USD","1.0489"
"20241127","EUR","USD","1.0567"
"20241128","EUR","USD","1.0555"
"20241129","EUR","USD","1.0578"
"20241201","EUR","USD","1.0569"
"20241202","EUR","USD","1.0498"
"20241203","EUR","USD","1.0509"
"20241204","EUR","USD","1.0511"
"20241205","EUR","USD","1.0588"
"20241206","EUR","USD","1.0568"
"20241208","EUR","USD","1.0561"
"20241209","EUR","USD","1.0553"
"20241210","EUR","USD","1.0527"
"20241211","EUR","USD","1.0496"
"20241212","EUR","USD","1.0467"
"20241213","EUR","USD","1.0503"
"20241215","EUR","USD","1.0487"
"20241216","EUR","USD","1.0512"
"20241217","EUR","USD","1.0491"
"20241218","EUR","USD","1.0352"
"20241219","EUR","USD","1.0363"
"20241220","EUR","USD","1.043"
"20241222","EUR","USD","1.0432"
"20241223","EUR","USD","1.0407"
"20241224","EUR","USD","1.0404"
"20241225","EUR","USD","1.0406"
"20241226","EUR","USD","1.0423"
"20241227","EUR","USD","1.0424"
"20241229","EUR","USD","1.0428"
"20241230","EUR","USD","1.0406"
"20241231","EUR","USD","1.0353"
"20240311","DKK","USD","0.14654"
"20240312","DKK","USD","0.14654"
"20240313","DKK","USD","0.14683"
"20240314","DKK","USD","0.14597"
"20240315","DKK","USD","0.14601"
"20240317","DKK","USD","0.14605"
"20240318","DKK","USD","0.14581"
"20240319","DKK","USD","0.14571"
"20240320","DKK","USD","0.14645"
"20240321","DKK","USD","0.14561"
"20240322","DKK","USD","0.14491"
"20240324","DKK","USD","0.14493"
"20240325","DKK","USD","0.14531"
"20240326","DKK","USD","0.14522"
"20240327","DKK","USD","0.14521"
"20240328","DKK","USD","0.14463"
"20240329","DKK","USD","0.14469"
"20240331","DKK","USD","0.14465"
"20240401","DKK","USD","0.14403"
"20240402","DKK","USD","0.1444"
"20240403","DKK","USD","0.14527"
"20240404","DKK","USD","0.14529"
"20240405","DKK","USD","0.1453"
"20240407","DKK","USD","0.14532"
"20240408","DKK","USD","0.14559"
"20240409","DKK","USD","0.14555"
"20240410","DKK","USD","0.144"
"20240411","DKK","USD","0.14379"
"20240412","DKK","USD","0.14263"
"20240414","DKK","USD","0.14266"
"20240415","DKK","USD","0.14241"
"20240416","DKK","USD","0.14231"
"20240417","DKK","USD","0.14304"
"20240418","DKK","USD","0.14265"
"20240419","DKK","USD","0.14282"
"20240421","DKK","USD","0.14282"
"20240422","DKK","USD","0.14279"
"20240423","DKK","USD","0.14346"
"20240424","DKK","USD","0.14345"
"20240425","DKK","USD","0.14388"
"20240426","DKK","USD","0.14338"
"20240428","DKK","USD","0.14342"
"20240429","DKK","USD","0.14374"
"20240430","DKK","USD","0.14301"
"20240501","DKK","USD","0.14363"
"20240502","DKK","USD","0.14381"
"20240503","DKK","USD","0.14431"
"20240505","DKK","USD","0.14431"
"20240506","DKK","USD","0.14439"
"20240507","DKK","USD","0.14418"
"20240508","DKK","USD","0.14411"
"20240509","DKK","USD","0.14454"
"20240510","DKK","USD","0.14438"
"20240512","DKK","USD","0.14442"
"20240513","DKK","USD","0.14462"
"20240514","DKK","USD","0.14502"
"20240515","DKK","USD","0.14588"
"20240516","DKK","USD","0.14566"
"20240517","DKK","USD","0.14568"
"20240519","DKK","USD","0.14566"
"20240520","DKK","USD","0.14551"
"20240521","DKK","USD","0.14547"
"20240522","DKK","USD","0.14504"
"20240523","DKK","USD","0.14495"
"20240524","DKK","USD","0.14536"
"20240526","DKK","USD","0.14542"
"20240527","DKK","USD","0.14554"
"20240528","DKK","USD","0.14551"
"20240529","DKK","USD","0.14479"
"20240530","DKK","USD","0.14523"
"20240531","DKK","USD","0.14545"
"20240602","DKK","USD","0.14544"
"20240603","DKK","USD","0.1462"
"20240604","DKK","USD","0.14585"
"20240605","DKK","USD","0.14571"
"20240606","DKK","USD","0.14597"
"20240607","DKK","USD","0.14479"
"20240609","DKK","USD","0.14479"
"20240610","DKK","USD","0.14433"
"20240611","DKK","USD","0.144"
"20240612","DKK","USD","0.14491"
"20240613","DKK","USD","0.14394"
"20240614","DKK","USD","0.14347"
"20240616","DKK","USD","0.14349"
"20240617","DKK","USD","0.1439"
"20240618","DKK","USD","0.14397"
"20240619","DKK","USD","0.14405"
"20240620","DKK","USD","0.14349"
"20240621","DKK","USD","0.14334"
"20240623","DKK","USD","0.14336"
"20240624","DKK","USD","0.1439"
"20240625","DKK","USD","0.14364"
"20240626","DKK","USD","0.14319"
"20240627","DKK","USD","0.14351"
"20240628","DKK","USD","0.14365"
"20240630","DKK","USD","0.14383"
"20240701","DKK","USD","0.144"
"20240702","DKK","USD","0.14406"
"20240703","DKK","USD","0.14464"
"20240704","DKK","USD","0.14495"
"20240705","DKK","USD","0.14532"
"20240707","DKK","USD","0.14534"
"20240708","DKK","USD","0.14512"
"20240709","DKK","USD","0.14496"
"20240710","DKK","USD","0.14518"
"20240711","DKK","USD","0.14568"
"20240712","DKK","USD","0.14617"
"20240714","DKK","USD","0.14618"
"20240715","DKK","USD","0.14602"
"20240716","DKK","USD","0.14613"
"20240717","DKK","USD","0.14665"
"20240718","DKK","USD","0.14604"
"20240719","DKK","USD","0.14586"
"20240721","DKK","USD","0.14589"
"20240722","DKK","USD","0.14596"
"20240723","DKK","USD","0.14545"
"20240724","DKK","USD","0.14526"
"20240725","DKK","USD","0.14532"
"20240726","DKK","USD","0.14547"
"20240728","DKK","USD","0.14548"
"20240729","DKK","USD","0.14501"
"20240730","DKK","USD","0.14492"
"20240731","DKK","USD","0.14507"
"20240801","DKK","USD","0.14462"
"20240802","DKK","USD","0.14623"
"20240804","DKK","USD","0.14641"
"20240805","DKK","USD","0.14678"
"20240806","DKK","USD","0.14649"
"20240807","DKK","USD","0.14637"
"20240808","DKK","USD","0.14633"
"20240809","DKK","USD","0.14628"
"20240811","DKK","USD","0.14626"
"20240812","DKK","USD","0.14648"
"20240813","DKK","USD","0.14733"
"20240814","DKK","USD","0.1476"
"20240815","DKK","USD","0.14705"
"20240816","DKK","USD","0.14782"
"20240818","DKK","USD","0.14782"
"20240819","DKK","USD","0.14856"
"20240820","DKK","USD","0.14915"
"20240821","DKK","USD","0.14941"
"20240822","DKK","USD","0.14892"
"20240823","DKK","USD","0.15002"
"20240825","DKK","USD","0.15001"
"20240826","DKK","USD","0.1496"
"20240827","DKK","USD","0.14993"
"20240828","DKK","USD","0.14909"
"20240829","DKK","USD","0.14852"
"20240830","DKK","USD","0.14812"
"20240901","DKK","USD","0.14815"
"20240902","DKK","USD","0.14845"
"20240903","DKK","USD","0.14803"
"20240904","DKK","USD","0.14856"
"20240905","DKK","USD","0.1489"
"20240906","DKK","USD","0.14855"
"20240908","DKK","USD","0.14855"
"20240909","DKK","USD","0.14789"
"20240910","DKK","USD","0.14767"
"20240911","DKK","USD","0.14757"
"20240912","DKK","USD","0.1484"
"20240913","DKK","USD","0.14843"
"20240915","DKK","USD","0.14841"
"20240916","DKK","USD","0.1492"
"20240917","DKK","USD","0.14894"
"20240918","DKK","USD","0.14905"
"20240919","DKK","USD","0.14963"
"20240920","DKK","USD","0.14967"
"20240922","DKK","USD","0.14965"
"20240923","DKK","USD","0.14897"
"20240924","DKK","USD","0.14992"
"20240925","DKK","USD","0.14927"
"20240926","DKK","USD","0.14989"
"20240927","DKK","USD","0.14972"
"20240929","DKK","USD","0.14969"
"20240930","DKK","USD","0.14937"
"20241001","DKK","USD","0.14839"
"20241002","DKK","USD","0.14809"
"20241003","DKK","USD","0.14787"
"20241004","DKK","USD","0.14723"
"20241006","DKK","USD","0.1472"
"20241007","DKK","USD","0.1472"
"20241008","DKK","USD","0.14724"
"20241009","DKK","USD","0.14667"
"20241010","DKK","USD","0.14659"
"20241011","DKK","USD","0.1466"
"20241013","DKK","USD","0.14659"
"20241014","DKK","USD","0.14621"
"20241015","DKK","USD","0.14597"
"20241016","DKK","USD","0.1456"
"20241017","DKK","USD","0.14522"
"20241018","DKK","USD","0.14571"
"20241020","DKK","USD","0.1457"
"20241021","DKK","USD","0.14503"
"20241022","DKK","USD","0.14481"
"20241023","DKK","USD","0.14456"
"20241024","DKK","USD","0.14515"
"20241025","DKK","USD","0.14469"
"20241027","DKK","USD","0.14474"
"20241028","DKK","USD","0.14499"
"20241029","DKK","USD","0.14501"
"20241030","DKK","USD","0.14553"
"20241031","DKK","USD","0.14592"
"20241101","DKK","USD","0.14525"
"20241103","DKK","USD","0.14587"
"20241104","DKK","USD","0.14586"
"20241105","DKK","USD","0.14655"
"20241106","DKK","USD","0.14385"
"20241107","DKK","USD","0.14486"
"20241108","DKK","USD","0.14374"
"20241110","DKK","USD","0.14374"
"20241111","DKK","USD","0.14286"
"20241112","DKK","USD","0.14242"
"20241113","DKK","USD","0.14163"
"20241114","DKK","USD","0.14118"
"20241115","DKK","USD","0.1413"
"20241117","DKK","USD","0.14133"
"20241118","DKK","USD","0.14209"
"20241119","DKK","USD","0.14205"
"20241120","DKK","USD","0.14134"
"20241121","DKK","USD","0.14044"
"20241122","DKK","USD","0.13971"
"20241124","DKK","USD","0.13971"
"20241125","DKK","USD","0.14072"
"20241126","DKK","USD","0.14063"
"20241127","DKK","USD","0.14168"
"20241128","DKK","USD","0.14153"
"20241129","DKK","USD","0.14182"
"20241201","DKK","USD","0.14179"
"20241202","DKK","USD","0.14075"
"20241203","DKK","USD","0.14092"
"20241204","DKK","USD","0.14092"
"20241205","DKK","USD","0.14196"
"20241206","DKK","USD","0.14171"
"20241208","DKK","USD","0.14172"
"20241209","DKK","USD","0.14152"
"20241210","DKK","USD","0.14117"
"20241211","DKK","USD","0.14076"
"20241212","DKK","USD","0.14035"
"20241213","DKK","USD","0.14084"
"20241215","DKK","USD","0.14084"
"20241216","DKK","USD","0.14092"
"20241217","DKK","USD","0.14064"
"20241218","DKK","USD","0.13873"
"20241219","DKK","USD","0.13893"
"20241220","DKK","USD","0.13983"
"20241222","DKK","USD","0.13987"
"20241223","DKK","USD","0.13951"
"20241224","DKK","USD","0.13937"
"20241225","DKK","USD","0.13941"
"20241226","DKK","USD","0.1397"
"20241227","DKK","USD","0.1398"
"20241229","DKK","USD","0.1398"
"20241230","DKK","USD","0.13954"
"20241231","DKK","USD","0.13883"
"20240311","CAD","USD","0.74169"
"20240312","CAD","USD","0.74124"
"20240313","CAD","USD","0.74235"
"20240314","CAD","USD","0.73895"
"20240315","CAD","USD","0.73838"
"20240317","CAD","USD","0.73863"
"20240318","CAD","USD","0.73888"
"20240319","CAD","USD","0.73709"
"20240320","CAD","USD","0.74116"
"20240321","CAD","USD","0.73906"
"20240322","CAD","USD","0.73497"
"20240324","CAD","USD","0.73509"
"20240325","CAD","USD","0.73604"
"20240326","CAD","USD","0.73615"
"20240327","CAD","USD","0.73703"
"20240328","CAD","USD","0.73853"
"20240329","CAD","USD","0.73846"
"20240331","CAD","USD","0.73823"
"20240401","CAD","USD","0.73689"
"20240402","CAD","USD","0.7371"
"20240403","CAD","USD","0.73928"
"20240404","CAD","USD","0.73836"
"20240405","CAD","USD","0.73581"
"20240407","CAD","USD","0.73563"
"20240408","CAD","USD","0.73679"
"20240409","CAD","USD","0.73685"
"20240410","CAD","USD","0.7309"
"20240411","CAD","USD","0.73052"
"20240412","CAD","USD","0.72603"
"20240414","CAD","USD","0.72577"
"20240415","CAD","USD","0.72528"
"20240416","CAD","USD","0.72312"
"20240417","CAD","USD","0.72605"
"20240418","CAD","USD","0.72634"
"20240419","CAD","USD","0.7273"
"20240421","CAD","USD","0.72717"
"20240422","CAD","USD","0.72991"
"20240423","CAD","USD","0.73188"
"20240424","CAD","USD","0.72976"
"20240425","CAD","USD","0.73219"
"20240426","CAD","USD","0.73153"
"20240428","CAD","USD","0.73201"
"20240429","CAD","USD","0.73203"
"20240430","CAD","USD","0.7258"
"20240501","CAD","USD","0.72786"
"20240502","CAD","USD","0.73131"
"20240503","CAD","USD","0.73066"
"20240505","CAD","USD","0.73097"
"20240506","CAD","USD","0.73178"
"20240507","CAD","USD","0.72853"
"20240508","CAD","USD","0.7287"
"20240509","CAD","USD","0.73116"
"20240510","CAD","USD","0.73138"
"20240512","CAD","USD","0.73153"
"20240513","CAD","USD","0.73172"
"20240514","CAD","USD","0.73256"
"20240515","CAD","USD","0.73516"
"20240516","CAD","USD","0.73434"
"20240517","CAD","USD","0.73464"
"20240519","CAD","USD","0.73446"
"20240520","CAD","USD","0.73396"
"20240521","CAD","USD","0.73237"
"20240522","CAD","USD","0.73021"
"20240523","CAD","USD","0.72835"
"20240524","CAD","USD","0.73181"
"20240526","CAD","USD","0.73156"
"20240527","CAD","USD","0.73348"
"20240528","CAD","USD","0.73284"
"20240529","CAD","USD","0.72897"
"20240530","CAD","USD","0.73096"
"20240531","CAD","USD","0.73381"
"20240602","CAD","USD","0.73361"
"20240603","CAD","USD","0.73381"
"20240604","CAD","USD","0.7312"
"20240605","CAD","USD","0.73023"
"20240606","CAD","USD","0.73153"
"20240607","CAD","USD","0.72651"
"20240609","CAD","USD","0.72672"
"20240610","CAD","USD","0.72685"
"20240611","CAD","USD","0.72684"
"20240612","CAD","USD","0.72866"
"20240613","CAD","USD","0.72774"
"20240614","CAD","USD","0.72809"
"20240616","CAD","USD","0.72823"
"20240617","CAD","USD","0.72866"
"20240618","CAD","USD","0.72894"
"20240619","CAD","USD","0.72957"
"20240620","CAD","USD","0.73049"
"20240621","CAD","USD","0.7303"
"20240623","CAD","USD","0.73031"
"20240624","CAD","USD","0.73217"
"20240625","CAD","USD","0.73218"
"20240626","CAD","USD","0.7298"
"20240627","CAD","USD","0.72989"
"20240628","CAD","USD","0.73104"
"20240630","CAD","USD","0.73136"
"20240701","CAD","USD","0.72801"
"20240702","CAD","USD","0.73107"
"20240703","CAD","USD","0.73316"
"20240704","CAD","USD","0.73459"
"20240705","CAD","USD","0.73304"
"20240707","CAD","USD","0.73283"
"20240708","CAD","USD","0.73343"
"20240709","CAD","USD","0.73339"
"20240710","CAD","USD","0.73423"
"20240711","CAD","USD","0.73354"
"20240712","CAD","USD","0.73337"
"20240714","CAD","USD","0.73288"
"20240715","CAD","USD","0.73084"
"20240716","CAD","USD","0.73134"
"20240717","CAD","USD","0.73084"
"20240718","CAD","USD","0.7296"
"20240719","CAD","USD","0.72837"
"20240721","CAD","USD","0.729"
"20240722","CAD","USD","0.72689"
"20240723","CAD","USD","0.72543"
"20240724","CAD","USD","0.72422"
"20240725","CAD","USD","0.72331"
"20240726","CAD","USD","0.72271"
"20240728","CAD","USD","0.72292"
"20240729","CAD","USD","0.72187"
"20240730","CAD","USD","0.72203"
"20240731","CAD","USD","0.72423"
"20240801","CAD","USD","0.72076"
"20240802","CAD","USD","0.72081"
"20240804","CAD","USD","0.72059"
"20240805","CAD","USD","0.72332"
"20240806","CAD","USD","0.72541"
"20240807","CAD","USD","0.72683"
"20240808","CAD","USD","0.72811"
"20240809","CAD","USD","0.72833"
"20240811","CAD","USD","0.72802"
"20240812","CAD","USD","0.72767"
"20240813","CAD","USD","0.72962"
"20240814","CAD","USD","0.7291"
"20240815","CAD","USD","0.72832"
"20240816","CAD","USD","0.73106"
"20240818","CAD","USD","0.73089"
"20240819","CAD","USD","0.73347"
"20240820","CAD","USD","0.73419"
"20240821","CAD","USD","0.73559"
"20240822","CAD","USD","0.73446"
"20240823","CAD","USD","0.74018"
"20240825","CAD","USD","0.74"
"20240826","CAD","USD","0.7415"
"20240827","CAD","USD","0.74383"
"20240828","CAD","USD","0.7418"
"20240829","CAD","USD","0.74157"
"20240830","CAD","USD","0.74107"
"20240901","CAD","USD","0.74143"
"20240902","CAD","USD","0.74104"
"20240903","CAD","USD","0.73796"
"20240904","CAD","USD","0.74044"
"20240905","CAD","USD","0.74057"
"20240906","CAD","USD","0.73672"
"20240908","CAD","USD","0.73673"
"20240909","CAD","USD","0.73751"
"20240910","CAD","USD","0.73475"
"20240911","CAD","USD","0.73664"
"20240912","CAD","USD","0.73633"
"20240913","CAD","USD","0.73603"
"20240915","CAD","USD","0.73535"
"20240916","CAD","USD","0.73601"
"20240917","CAD","USD","0.7354"
"20240918","CAD","USD","0.73502"
"20240919","CAD","USD","0.73753"
"20240920","CAD","USD","0.73689"
"20240922","CAD","USD","0.73735"
"20240923","CAD","USD","0.73847"
"20240924","CAD","USD","0.74453"
"20240925","CAD","USD","0.74156"
"20240926","CAD","USD","0.74266"
"20240927","CAD","USD","0.73987"
"20240929","CAD","USD","0.74008"
"20240930","CAD","USD","0.73936"
"20241001","CAD","USD","0.74125"
"20241002","CAD","USD","0.74062"
"20241003","CAD","USD","0.73774"
"20241004","CAD","USD","0.73663"
"20241006","CAD","USD","0.73668"
"20241007","CAD","USD","0.7342"
"20241008","CAD","USD","0.73276"
"20241009","CAD","USD","0.72934"
"20241010","CAD","USD","0.72773"
"20241011","CAD","USD","0.72656"
"20241013","CAD","USD","0.7269"
"20241014","CAD","USD","0.72488"
"20241015","CAD","USD","0.72596"
"20241016","CAD","USD","0.72721"
"20241017","CAD","USD","0.72489"
"20241018","CAD","USD","0.72461"
"20241020","CAD","USD","0.72456"
"20241021","CAD","USD","0.72298"
"20241022","CAD","USD","0.72375"
"20241023","CAD","USD","0.72269"
"20241024","CAD","USD","0.7218"
"20241025","CAD","USD","0.7198"
"20241027","CAD","USD","0.72002"
"20241028","CAD","USD","0.71995"
"20241029","CAD","USD","0.71865"
"20241030","CAD","USD","0.71925"
"20241031","CAD","USD","0.71766"
"20241101","CAD","USD","0.71669"
"20241103","CAD","USD","0.71816"
"20241104","CAD","USD","0.7193"
"20241105","CAD","USD","0.72332"
"20241106","CAD","USD","0.71739"
"20241107","CAD","USD","0.72147"
"20241108","CAD","USD","0.71896"
"20241110","CAD","USD","0.71953"
"20241111","CAD","USD","0.71814"
"20241112","CAD","USD","0.71714"
"20241113","CAD","USD","0.71436"
"20241114","CAD","USD","0.71123"
"20241115","CAD","USD","0.70974"
"20241117","CAD","USD","0.70972"
"20241118","CAD","USD","0.71353"
"20241119","CAD","USD","0.71653"
"20241120","CAD","USD","0.71554"
"20241121","CAD","USD","0.71559"
"20241122","CAD","USD","0.71532"
"20241124","CAD","USD","0.71681"
"20241125","CAD","USD","0.71498"
"20241126","CAD","USD","0.71151"
"20241127","CAD","USD","0.71277"
"20241128","CAD","USD","0.71351"
"20241129","CAD","USD","0.71417"
"20241201","CAD","USD","0.71472"
"20241202","CAD","USD","0.71194"
"20241203","CAD","USD","0.71074"
"20241204","CAD","USD","0.71054"
"20241205","CAD","USD","0.71302"
"20241206","CAD","USD","0.70628"
"20241208","CAD","USD","0.7065"
"20241209","CAD","USD","0.70562"
"20241210","CAD","USD","0.70517"
"20241211","CAD","USD","0.70627"
"20241212","CAD","USD","0.70322"
"20241213","CAD","USD","0.70255"
"20241215","CAD","USD","0.70254"
"20241216","CAD","USD","0.70212"
"20241217","CAD","USD","0.69879"
"20241218","CAD","USD","0.69216"
"20241219","CAD","USD","0.69449"
"20241220","CAD","USD","0.69577"
"20241222","CAD","USD","0.69602"
"20241223","CAD","USD","0.69584"
"20241224","CAD","USD","0.69655"
"20241225","CAD","USD","0.69614"
"20241226","CAD","USD","0.69408"
"20241227","CAD","USD","0.69382"
"20241229","CAD","USD","0.69375"
"20241230","CAD","USD","0.69661"
"20241231","CAD","USD","0.69529"
"20240311","MYR","USD","-1"
"20240312","MYR","USD","-1"
"20240313","MYR","USD","-1"
"20240314","MYR","USD","-1"
"20240315","MYR","USD","-1"
"20240317","MYR","USD","-1"
"20240318","MYR","USD","-1"
"20240319","MYR","USD","-1"
"20240320","MYR","USD","-1"
"20240321","MYR","USD","-1"
"20240322","MYR","USD","-1"
"20240324","MYR","USD","0.21108"
"20240325","MYR","USD","0.21164"
"20240326","MYR","USD","0.21186"
"20240327","MYR","USD","0.21128"
"20240328","MYR","USD","0.21128"
"20240329","MYR","USD","0.21166"
"20240331","MYR","USD","0.21166"
"20240401","MYR","USD","0.21146"
"20240402","MYR","USD","0.21033"
"20240403","MYR","USD","0.2103"
"20240404","MYR","USD","0.21099"
"20240405","MYR","USD","0.21066"
"20240407","MYR","USD","0.21066"
"20240408","MYR","USD","0.21046"
"20240409","MYR","USD","0.21064"
"20240410","MYR","USD","0.21064"
"20240411","MYR","USD","0.21064"
"20240412","MYR","USD","0.20964"
"20240414","MYR","USD","0.20964"
"20240415","MYR","USD","0.20925"
"20240416","MYR","USD","0.20868"
"20240417","MYR","USD","0.2087"
"20240418","MYR","USD","0.20905"
"20240419","MYR","USD","0.20905"
"20240421","MYR","USD","0.20905"
"20240422","MYR","USD","0.20929"
"20240423","MYR","USD","0.20921"
"20240424","MYR","USD","0.20931"
"20240425","MYR","USD","0.20931"
"20240426","MYR","USD","0.20975"
"20240428","MYR","USD","0.20975"
"20240429","MYR","USD","0.20975"
"20240430","MYR","USD","0.20953"
"20240501","MYR","USD","0.20953"
"20240502","MYR","USD","0.21033"
"20240503","MYR","USD","0.21097"
"20240505","MYR","USD","0.21097"
"20240506","MYR","USD","0.21101"
"20240507","MYR","USD","0.21106"
"20240508","MYR","USD","0.21086"
"20240509","MYR","USD","0.21094"
"20240510","MYR","USD","0.21101"
"20240512","MYR","USD","0.21101"
"20240513","MYR","USD","0.21133"
"20240514","MYR","USD","0.21189"
"20240515","MYR","USD","0.21245"
"20240516","MYR","USD","0.21354"
"20240517","MYR","USD","0.21333"
"20240519","MYR","USD","0.21333"
"20240520","MYR","USD","0.21345"
"20240521","MYR","USD","0.21311"
"20240522","MYR","USD","0.21311"
"20240523","MYR","USD","0.21256"
"20240524","MYR","USD","0.21225"
"20240526","MYR","USD","0.21225"
"20240527","MYR","USD","0.2129"
"20240528","MYR","USD","0.21305"
"20240529","MYR","USD","0.21261"
"20240530","MYR","USD","0.21259"
"20240531","MYR","USD","0.21245"
"20240602","MYR","USD","0.21245"
"20240603","MYR","USD","0.21245"
"20240604","MYR","USD","0.21268"
"20240605","MYR","USD","0.21286"
"20240606","MYR","USD","0.21304"
"20240607","MYR","USD","0.21317"
"20240609","MYR","USD","0.21317"
"20240610","MYR","USD","0.21182"
"20240611","MYR","USD","0.21189"
"20240612","MYR","USD","0.21198"
"20240613","MYR","USD","0.21243"
"20240614","MYR","USD","0.21189"
"20240616","MYR","USD","0.21189"
"20240617","MYR","USD","0.21189"
"20240618","MYR","USD","0.21213"
"20240619","MYR","USD","0.21247"
"20240620","MYR","USD","0.21229"
"20240621","MYR","USD","0.21218"
"20240623","MYR","USD","0.21218"
"20240624","MYR","USD","0.21225"
"20240625","MYR","USD","0.21256"
"20240626","MYR","USD","0.2122"
"20240627","MYR","USD","0.21189"
"20240628","MYR","USD","0.21198"
"20240630","MYR","USD","0.21198"
"20240701","MYR","USD","0.21218"
"20240702","MYR","USD","0.21191"
"20240703","MYR","USD","0.21184"
"20240704","MYR","USD","0.21234"
"20240705","MYR","USD","0.21236"
"20240707","MYR","USD","0.21236"
"20240708","MYR","USD","0.21236"
"20240709","MYR","USD","0.21243"
"20240710","MYR","USD","0.21274"
"20240711","MYR","USD","0.21333"
"20240712","MYR","USD","0.21416"
"20240714","MYR","USD","0.21416"
"20240715","MYR","USD","0.21406"
"20240716","MYR","USD","0.21386"
"20240717","MYR","USD","0.21443"
"20240718","MYR","USD","0.21425"
"20240719","MYR","USD","0.21333"
"20240721","MYR","USD","0.21333"
"20240722","MYR","USD","0.21365"
"20240723","MYR","USD","0.21404"
"20240724","MYR","USD","0.21402"
"20240725","MYR","USD","0.21445"
"20240726","MYR","USD","0.21471"
"20240728","MYR","USD","0.21471"
"20240729","MYR","USD","0.21556"
"20240730","MYR","USD","0.21633"
"20240731","MYR","USD","0.21765"
"20240801","MYR","USD","0.21887"
"20240802","MYR","USD","0.22235"
"20240804","MYR","USD","0.22235"
"20240805","MYR","USD","0.22599"
"20240806","MYR","USD","0.22351"
"20240807","MYR","USD","0.2224"
"20240808","MYR","USD","0.22346"
"20240809","MYR","USD","0.22612"
"20240811","MYR","USD","0.22612"
"20240812","MYR","USD","0.22442"
"20240813","MYR","USD","0.22469"
"20240814","MYR","USD","0.22624"
"20240815","MYR","USD","0.22548"
"20240816","MYR","USD","0.22566"
"20240818","MYR","USD","0.22566"
"20240819","MYR","USD","0.22823"
"20240820","MYR","USD","0.22844"
"20240821","MYR","USD","0.22831"
"20240822","MYR","USD","0.22841"
"20240823","MYR","USD","0.22857"
"20240825","MYR","USD","0.22857"
"20240826","MYR","USD","0.23002"
"20240827","MYR","USD","0.23002"
"20240828","MYR","USD","0.23026"
"20240829","MYR","USD","0.23196"
"20240830","MYR","USD","0.23145"
"20240901","MYR","USD","0.23145"
"20240902","MYR","USD","0.22962"
"20240903","MYR","USD","0.22896"
"20240904","MYR","USD","0.22973"
"20240905","MYR","USD","0.23053"
"20240906","MYR","USD","0.23092"
"20240908","MYR","USD","0.23092"
"20240909","MYR","USD","0.22875"
"20240910","MYR","USD","0.23028"
"20240911","MYR","USD","0.23095"
"20240912","MYR","USD","0.23072"
"20240913","MYR","USD","0.23248"
"20240915","MYR","USD","0.23248"
"20240916","MYR","USD","0.23248"
"20240917","MYR","USD","0.2348"
"20240918","MYR","USD","0.23563"
"20240919","MYR","USD","0.23753"
"20240920","MYR","USD","0.23781"
"20240922","MYR","USD","0.23781"
"20240923","MYR","USD","0.23793"
"20240924","MYR","USD","0.24073"
"20240925","MYR","USD","0.24207"
"20240926","MYR","USD","0.24125"
"20240927","MYR","USD","0.24242"
"20240929","MYR","USD","0.24242"
"20240930","MYR","USD","0.24251"
"20241001","MYR","USD","0.24012"
"20241002","MYR","USD","0.23961"
"20241003","MYR","USD","0.23688"
"20241004","MYR","USD","0.23697"
"20241006","MYR","USD","0.23697"
"20241007","MYR","USD","0.23348"
"20241008","MYR","USD","0.23329"
"20241009","MYR","USD","0.23351"
"20241010","MYR","USD","0.23302"
"20241011","MYR","USD","0.23324"
"20241013","MYR","USD","0.23324"
"20241014","MYR","USD","0.23283"
"20241015","MYR","USD","0.23205"
"20241016","MYR","USD","0.23283"
"20241017","MYR","USD","0.23202"
"20241018","MYR","USD","0.23232"
"20241020","MYR","USD","0.23232"
"20241021","MYR","USD","0.23237"
"20241022","MYR","USD","0.23105"
"20241023","MYR","USD","0.22989"
"20241024","MYR","USD","0.22999"
"20241025","MYR","USD","0.23041"
"20241027","MYR","USD","0.23041"
"20241028","MYR","USD","0.22931"
"20241029","MYR","USD","0.22862"
"20241030","MYR","USD","0.22836"
"20241031","MYR","USD","0.22836"
"20241101","MYR","USD","0.22839"
"20241103","MYR","USD","0.22839"
"20241104","MYR","USD","0.2287"
"20241105","MYR","USD","0.23012"
"20241106","MYR","USD","0.22709"
"20241107","MYR","USD","0.22709"
"20241108","MYR","USD","0.22818"
"20241110","MYR","USD","0.22818"
"20241111","MYR","USD","0.22676"
"20241112","MYR","USD","0.22538"
"20241113","MYR","USD","0.22482"
"20241114","MYR","USD","0.22319"
"20241115","MYR","USD","0.22369"
"20241117","MYR","USD","0.22369"
"20241118","MYR","USD","0.22319"
"20241119","MYR","USD","0.22356"
"20241120","MYR","USD","0.22364"
"20241121","MYR","USD","0.22396"
"20241122","MYR","USD","0.22384"
"20241124","MYR","USD","0.22384"
"20241125","MYR","USD","0.22462"
"20241126","MYR","USD","0.22434"
"20241127","MYR","USD","0.2251"
"20241128","MYR","USD","0.22487"
"20241129","MYR","USD","0.22497"
"20241201","MYR","USD","0.22497"
"20241202","MYR","USD","0.22422"
"20241203","MYR","USD","0.22371"
"20241204","MYR","USD","0.22459"
"20241205","MYR","USD","0.22586"
"20241206","MYR","USD","0.22627"
"20241208","MYR","USD","0.22627"
"20241209","MYR","USD","0.22599"
"20241210","MYR","USD","0.22584"
"20241211","MYR","USD","0.22558"
"20241212","MYR","USD","0.22538"
"20241213","MYR","USD","0.22472"
"20241215","MYR","USD","0.22472"
"20241216","MYR","USD","0.22459"
"20241217","MYR","USD","0.22389"
"20241218","MYR","USD","0.22371"
"20241219","MYR","USD","0.22195"
"20241220","MYR","USD","0.22183"
"20241222","MYR","USD","0.22183"
"20241223","MYR","USD","0.22272"
"20241224","MYR","USD","0.22287"
"20241225","MYR","USD","0.22287"
"20241226","MYR","USD","0.22376"
"20241227","MYR","USD","0.22364"
"20241229","MYR","USD","0.22364"
"20241230","MYR","USD","0.22396"
"20241231","MYR","USD","0.22364"
"20240311","BGN","USD","0.55863"
"20240312","BGN","USD","0.55867"
"20240313","BGN","USD","0.55976"
"20240314","BGN","USD","0.55645"
"20240315","BGN","USD","0.55667"
"20240317","BGN","USD","0.55675"
"20240318","BGN","USD","0.5559"
"20240319","BGN","USD","0.55558"
"20240320","BGN","USD","0.55845"
"20240321","BGN","USD","0.55524"
"20240322","BGN","USD","0.55257"
"20240324","BGN","USD","0.55258"
"20240325","BGN","USD","0.55412"
"20240326","BGN","USD","0.55381"
"20240327","BGN","USD","0.55362"
"20240328","BGN","USD","0.55158"
"20240329","BGN","USD","0.55191"
"20240331","BGN","USD","0.55179"
"20240401","BGN","USD","0.54928"
"20240402","BGN","USD","0.55063"
"20240403","BGN","USD","0.55404"
"20240404","BGN","USD","0.5541"
"20240405","BGN","USD","0.5541"
"20240407","BGN","USD","0.55409"
"20240408","BGN","USD","0.55523"
"20240409","BGN","USD","0.5551"
"20240410","BGN","USD","0.54926"
"20240411","BGN","USD","0.54843"
"20240412","BGN","USD","0.54404"
"20240414","BGN","USD","0.54408"
"20240415","BGN","USD","0.54323"
"20240416","BGN","USD","0.54291"
"20240417","BGN","USD","0.54569"
"20240418","BGN","USD","0.54419"
"20240419","BGN","USD","0.54484"
"20240421","BGN","USD","0.54478"
"20240422","BGN","USD","0.54472"
"20240423","BGN","USD","0.54717"
"20240424","BGN","USD","0.54702"
"20240425","BGN","USD","0.5486"
"20240426","BGN","USD","0.54673"
"20240428","BGN","USD","0.54673"
"20240429","BGN","USD","0.54813"
"20240430","BGN","USD","0.54537"
"20240501","BGN","USD","0.54775"
"20240502","BGN","USD","0.54657"
"20240503","BGN","USD","0.54657"
"20240505","BGN","USD","0.54657"
"20240506","BGN","USD","0.54657"
"20240507","BGN","USD","0.54989"
"20240508","BGN","USD","0.54978"
"20240509","BGN","USD","0.55128"
"20240510","BGN","USD","0.55072"
"20240512","BGN","USD","0.55071"
"20240513","BGN","USD","0.55198"
"20240514","BGN","USD","0.5532"
"20240515","BGN","USD","0.55523"
"20240516","BGN","USD","0.55551"
"20240517","BGN","USD","0.55576"
"20240519","BGN","USD","0.55573"
"20240520","BGN","USD","0.5551"
"20240521","BGN","USD","0.55495"
"20240522","BGN","USD","0.55336"
"20240523","BGN","USD","0.55298"
"20240524","BGN","USD","0.55291"
"20240526","BGN","USD","0.55291"
"20240527","BGN","USD","0.55489"
"20240528","BGN","USD","0.55511"
"20240529","BGN","USD","0.55327"
"20240530","BGN","USD","0.55403"
"20240531","BGN","USD","0.55469"
"20240602","BGN","USD","0.55465"
"20240603","BGN","USD","0.55628"
"20240604","BGN","USD","0.55625"
"20240605","BGN","USD","0.55572"
"20240606","BGN","USD","0.55677"
"20240607","BGN","USD","0.55235"
"20240609","BGN","USD","0.55235"
"20240610","BGN","USD","0.54918"
"20240611","BGN","USD","0.5482"
"20240612","BGN","USD","0.55266"
"20240613","BGN","USD","0.54901"
"20240614","BGN","USD","0.5472"
"20240616","BGN","USD","0.54718"
"20240617","BGN","USD","0.54884"
"20240618","BGN","USD","0.54911"
"20240619","BGN","USD","0.54934"
"20240620","BGN","USD","0.5472"
"20240621","BGN","USD","0.54669"
"20240623","BGN","USD","0.54673"
"20240624","BGN","USD","0.5491"
"20240625","BGN","USD","0.54687"
"20240626","BGN","USD","0.54642"
"20240627","BGN","USD","0.54728"
"20240628","BGN","USD","0.54778"
"20240630","BGN","USD","0.54775"
"20240701","BGN","USD","0.54933"
"20240702","BGN","USD","0.5494"
"20240703","BGN","USD","0.55159"
"20240704","BGN","USD","0.55277"
"20240705","BGN","USD","0.55413"
"20240707","BGN","USD","0.55414"
"20240708","BGN","USD","0.55403"
"20240709","BGN","USD","0.55301"
"20240710","BGN","USD","0.55357"
"20240711","BGN","USD","0.55597"
"20240712","BGN","USD","0.55727"
"20240714","BGN","USD","0.55727"
"20240715","BGN","USD","0.55704"
"20240716","BGN","USD","0.55727"
"20240717","BGN","USD","0.55932"
"20240718","BGN","USD","0.5571"
"20240719","BGN","USD","0.55641"
"20240721","BGN","USD","0.55653"
"20240722","BGN","USD","0.55617"
"20240723","BGN","USD","0.55492"
"20240724","BGN","USD","0.55425"
"20240725","BGN","USD","0.55452"
"20240726","BGN","USD","0.55504"
"20240728","BGN","USD","0.55522"
"20240729","BGN","USD","0.55328"
"20240730","BGN","USD","0.55296"
"20240731","BGN","USD","0.5533"
"20240801","BGN","USD","0.55175"
"20240802","BGN","USD","0.55787"
"20240804","BGN","USD","0.55785"
"20240805","BGN","USD","0.55996"
"20240806","BGN","USD","0.55893"
"20240807","BGN","USD","0.55849"
"20240808","BGN","USD","0.55824"
"20240809","BGN","USD","0.55812"
"20240811","BGN","USD","0.55814"
"20240812","BGN","USD","0.55898"
"20240813","BGN","USD","0.56209"
"20240814","BGN","USD","0.56305"
"20240815","BGN","USD","0.561"
"20240816","BGN","USD","0.56383"
"20240818","BGN","USD","0.56387"
"20240819","BGN","USD","0.5668"
"20240820","BGN","USD","0.56908"
"20240821","BGN","USD","0.56821"
"20240822","BGN","USD","0.56799"
"20240823","BGN","USD","0.57122"
"20240825","BGN","USD","0.57122"
"20240826","BGN","USD","0.57097"
"20240827","BGN","USD","0.57097"
"20240828","BGN","USD","0.56857"
"20240829","BGN","USD","0.5664"
"20240830","BGN","USD","0.56484"
"20240901","BGN","USD","0.56484"
"20240902","BGN","USD","0.56564"
"20240903","BGN","USD","0.5646"
"20240904","BGN","USD","0.56709"
"20240905","BGN","USD","0.56807"
"20240906","BGN","USD","0.56679"
"20240908","BGN","USD","0.56676"
"20240909","BGN","USD","0.56441"
"20240910","BGN","USD","0.56351"
"20240911","BGN","USD","0.5627"
"20240912","BGN","USD","0.56429"
"20240913","BGN","USD","0.56704"
"20240915","BGN","USD","0.56704"
"20240916","BGN","USD","0.56891"
"20240917","BGN","USD","0.56823"
"20240918","BGN","USD","0.56848"
"20240919","BGN","USD","0.57069"
"20240920","BGN","USD","0.57073"
"20240922","BGN","USD","0.57073"
"20240923","BGN","USD","0.57073"
"20240924","BGN","USD","0.57055"
"20240925","BGN","USD","0.5718"
"20240926","BGN","USD","0.57144"
"20240927","BGN","USD","0.57095"
"20240929","BGN","USD","0.57104"
"20240930","BGN","USD","0.5693"
"20241001","BGN","USD","0.56589"
"20241002","BGN","USD","0.56473"
"20241003","BGN","USD","0.564"
"20241004","BGN","USD","0.56117"
"20241006","BGN","USD","0.56117"
"20241007","BGN","USD","0.56114"
"20241008","BGN","USD","0.56144"
"20241009","BGN","USD","0.55935"
"20241010","BGN","USD","0.55921"
"20241011","BGN","USD","0.55919"
"20241013","BGN","USD","0.55922"
"20241014","BGN","USD","0.55779"
"20241015","BGN","USD","0.55752"
"20241016","BGN","USD","0.55594"
"20241017","BGN","USD","0.5538"
"20241018","BGN","USD","0.55563"
"20241020","BGN","USD","0.5556"
"20241021","BGN","USD","0.55446"
"20241022","BGN","USD","0.55236"
"20241023","BGN","USD","0.55109"
"20241024","BGN","USD","0.55218"
"20241025","BGN","USD","0.55197"
"20241027","BGN","USD","0.55197"
"20241028","BGN","USD","0.55334"
"20241029","BGN","USD","0.55313"
"20241030","BGN","USD","0.55504"
"20241031","BGN","USD","0.55645"
"20241101","BGN","USD","0.55394"
"20241103","BGN","USD","0.55391"
"20241104","BGN","USD","0.55616"
"20241105","BGN","USD","0.55884"
"20241106","BGN","USD","0.54856"
"20241107","BGN","USD","0.55235"
"20241108","BGN","USD","0.54805"
"20241110","BGN","USD","0.54804"
"20241111","BGN","USD","0.54483"
"20241112","BGN","USD","0.54317"
"20241113","BGN","USD","0.54012"
"20241114","BGN","USD","0.53839"
"20241115","BGN","USD","0.53891"
"20241117","BGN","USD","0.53898"
"20241118","BGN","USD","0.54041"
"20241119","BGN","USD","0.54176"
"20241120","BGN","USD","0.53908"
"20241121","BGN","USD","0.53555"
"20241122","BGN","USD","0.53282"
"20241124","BGN","USD","0.53282"
"20241125","BGN","USD","0.53665"
"20241126","BGN","USD","0.5363"
"20241127","BGN","USD","0.54027"
"20241128","BGN","USD","0.53968"
"20241129","BGN","USD","0.54084"
"20241201","BGN","USD","0.54076"
"20241202","BGN","USD","0.53532"
"20241203","BGN","USD","0.53654"
"20241204","BGN","USD","0.5374"
"20241205","BGN","USD","0.54134"
"20241206","BGN","USD","0.54034"
"20241208","BGN","USD","0.54038"
"20241209","BGN","USD","0.54058"
"20241210","BGN","USD","0.53729"
"20241211","BGN","USD","0.53678"
"20241212","BGN","USD","0.53683"
"20241213","BGN","USD","0.53647"
"20241215","BGN","USD","0.53647"
"20241216","BGN","USD","0.53745"
"20241217","BGN","USD","0.53641"
"20241218","BGN","USD","0.52933"
"20241219","BGN","USD","0.52985"
"20241220","BGN","USD","0.53324"
"20241222","BGN","USD","0.53328"
"20241223","BGN","USD","0.53149"
"20241224","BGN","USD","0.53149"
"20241225","BGN","USD","0.53149"
"20241226","BGN","USD","0.53149"
"20241227","BGN","USD","0.53303"
"20241229","BGN","USD","0.53299"
"20241230","BGN","USD","0.53148"
"20241231","BGN","USD","0.5309"
"20240311","NOK","USD","0.095638"
"20240312","NOK","USD","0.095072"
"20240313","NOK","USD","0.095409"
"20240314","NOK","USD","0.094641"
"20240315","NOK","USD","0.094173"
"20240317","NOK","USD","0.094132"
"20240318","NOK","USD","0.093848"
"20240319","NOK","USD","0.093914"
"20240320","NOK","USD","0.094704"
"20240321","NOK","USD","0.093754"
"20240322","NOK","USD","0.092966"
"20240324","NOK","USD","0.092923"
"20240325","NOK","USD","0.093328"
"20240326","NOK","USD","0.092958"
"20240327","NOK","USD","0.092739"
"20240328","NOK","USD","0.092097"
"20240329","NOK","USD","0.092303"
"20240331","NOK","USD","0.092444"
"20240401","NOK","USD","0.091266"
"20240402","NOK","USD","0.092254"
"20240403","NOK","USD","0.093293"
"20240404","NOK","USD","0.093197"
"20240405","NOK","USD","0.093228"
"20240407","NOK","USD","0.093126"
"20240408","NOK","USD","0.093588"
"20240409","NOK","USD","0.093673"
"20240410","NOK","USD","0.092316"
"20240411","NOK","USD","0.092368"
"20240412","NOK","USD","0.091724"
"20240414","NOK","USD","0.091753"
"20240415","NOK","USD","0.091377"
"20240416","NOK","USD","0.091019"
"20240417","NOK","USD","0.090915"
"20240418","NOK","USD","0.090463"
"20240419","NOK","USD","0.090762"
"20240421","NOK","USD","0.090632"
"20240422","NOK","USD","0.090989"
"20240423","NOK","USD","0.091658"
"20240424","NOK","USD","0.091002"
"20240425","NOK","USD","0.091239"
"20240426","NOK","USD","0.090627"
"20240428","NOK","USD","0.0906"
"20240429","NOK","USD","0.091006"
"20240430","NOK","USD","0.08998"
"20240501","NOK","USD","0.090588"
"20240502","NOK","USD","0.090975"
"20240503","NOK","USD","0.091988"
"20240505","NOK","USD","0.091988"
"20240506","NOK","USD","0.092318"
"20240507","NOK","USD","0.09168"
"20240508","NOK","USD","0.091686"
"20240509","NOK","USD","0.092158"
"20240510","NOK","USD","0.092214"
"20240512","NOK","USD","0.092245"
"20240513","NOK","USD","0.092447"
"20240514","NOK","USD","0.092554"
"20240515","NOK","USD","0.093745"
"20240516","NOK","USD","0.093483"
"20240517","NOK","USD","0.093644"
"20240519","NOK","USD","0.09355"
"20240520","NOK","USD","0.093424"
"20240521","NOK","USD","0.093706"
"20240522","NOK","USD","0.093361"
"20240523","NOK","USD","0.093671"
"20240524","NOK","USD","0.094514"
"20240526","NOK","USD","0.094471"
"20240527","NOK","USD","0.095323"
"20240528","NOK","USD","0.095154"
"20240529","NOK","USD","0.094409"
"20240530","NOK","USD","0.094777"
"20240531","NOK","USD","0.095301"
"20240602","NOK","USD","0.0954"
"20240603","NOK","USD","0.095689"
"20240604","NOK","USD","0.094633"
"20240605","NOK","USD","0.094487"
"20240606","NOK","USD","0.094739"
"20240607","NOK","USD","0.093345"
"20240609","NOK","USD","0.09329"
"20240610","NOK","USD","0.093964"
"20240611","NOK","USD","0.093502"
"20240612","NOK","USD","0.094536"
"20240613","NOK","USD","0.093898"
"20240614","NOK","USD","0.09368"
"20240616","NOK","USD","0.093607"
"20240617","NOK","USD","0.093824"
"20240618","NOK","USD","0.094528"
"20240619","NOK","USD","0.094632"
"20240620","NOK","USD","0.094755"
"20240621","NOK","USD","0.094605"
"20240623","NOK","USD","0.094628"
"20240624","NOK","USD","0.094878"
"20240625","NOK","USD","0.094208"
"20240626","NOK","USD","0.093622"
"20240627","NOK","USD","0.093839"
"20240628","NOK","USD","0.093632"
"20240630","NOK","USD","0.093505"
"20240701","NOK","USD","0.093841"
"20240702","NOK","USD","0.093705"
"20240703","NOK","USD","0.094736"
"20240704","NOK","USD","0.094601"
"20240705","NOK","USD","0.094861"
"20240707","NOK","USD","0.094195"
"20240708","NOK","USD","0.094271"
"20240709","NOK","USD","0.094331"
"20240710","NOK","USD","0.093345"
"20240711","NOK","USD","0.093337"
"20240712","NOK","USD","0.093244"
"20240714","NOK","USD","0.093112"
"20240715","NOK","USD","0.092468"
"20240716","NOK","USD","0.092673"
"20240717","NOK","USD","0.093276"
"20240718","NOK","USD","0.092474"
"20240719","NOK","USD","0.091575"
"20240721","NOK","USD","0.091973"
"20240722","NOK","USD","0.091265"
"20240723","NOK","USD","0.090769"
"20240724","NOK","USD","0.090668"
"20240725","NOK","USD","0.090602"
"20240726","NOK","USD","0.090714"
"20240728","NOK","USD","0.09074"
"20240729","NOK","USD","0.090928"
"20240730","NOK","USD","0.091269"
"20240731","NOK","USD","0.091733"
"20240801","NOK","USD","0.091313"
"20240802","NOK","USD","0.091364"
"20240804","NOK","USD","0.091348"
"20240805","NOK","USD","0.090734"
"20240806","NOK","USD","0.091556"
"20240807","NOK","USD","0.092544"
"20240808","NOK","USD","0.092238"
"20240809","NOK","USD","0.092529"
"20240811","NOK","USD","0.092437"
"20240812","NOK","USD","0.092512"
"20240813","NOK","USD","0.093174"
"20240814","NOK","USD","0.093304"
"20240815","NOK","USD","0.093041"
"20240816","NOK","USD","0.093685"
"20240818","NOK","USD","0.093606"
"20240819","NOK","USD","0.094781"
"20240820","NOK","USD","0.095298"
"20240821","NOK","USD","0.095155"
"20240822","NOK","USD","0.09433"
"20240823","NOK","USD","0.095587"
"20240825","NOK","USD","0.095068"
"20240826","NOK","USD","0.09482"
"20240827","NOK","USD","0.095584"
"20240828","NOK","USD","0.095187"
"20240829","NOK","USD","0.095208"
"20240830","NOK","USD","0.094247"
"20240901","NOK","USD","0.09381"
"20240902","NOK","USD","0.094471"
"20240903","NOK","USD","0.093539"
"20240904","NOK","USD","0.094016"
"20240905","NOK","USD","0.094068"
"20240906","NOK","USD","0.09332"
"20240908","NOK","USD","0.093251"
"20240909","NOK","USD","0.092262"
"20240910","NOK","USD","0.092241"
"20240911","NOK","USD","0.092157"
"20240912","NOK","USD","0.093305"
"20240913","NOK","USD","0.093818"
"20240915","NOK","USD","0.09384"
"20240916","NOK","USD","0.094443"
"20240917","NOK","USD","0.094224"
"20240918","NOK","USD","0.094416"
"20240919","NOK","USD","0.095325"
"20240920","NOK","USD","0.095411"
"20240922","NOK","USD","0.095411"
"20240923","NOK","USD","0.09534"
"20240924","NOK","USD","0.096118"
"20240925","NOK","USD","0.09458"
"20240926","NOK","USD","0.094959"
"20240927","NOK","USD","0.095244"
"20240929","NOK","USD","0.095079"
"20240930","NOK","USD","0.094803"
"20241001","NOK","USD","0.094245"
"20241002","NOK","USD","0.094614"
"20241003","NOK","USD","0.094245"
"20241004","NOK","USD","0.093863"
"20241006","NOK","USD","0.093603"
"20241007","NOK","USD","0.093991"
"20241008","NOK","USD","0.093425"
"20241009","NOK","USD","0.092769"
"20241010","NOK","USD","0.093166"
"20241011","NOK","USD","0.093486"
"20241013","NOK","USD","0.093497"
"20241014","NOK","USD","0.092598"
"20241015","NOK","USD","0.092406"
"20241016","NOK","USD","0.091621"
"20241017","NOK","USD","0.091551"
"20241018","NOK","USD","0.091513"
"20241020","NOK","USD","0.091589"
"20241021","NOK","USD","0.091296"
"20241022","NOK","USD","0.091598"
"20241023","NOK","USD","0.090989"
"20241024","NOK","USD","0.091414"
"20241025","NOK","USD","0.091141"
"20241027","NOK","USD","0.091222"
"20241028","NOK","USD","0.090928"
"20241029","NOK","USD","0.091227"
"20241030","NOK","USD","0.091187"
"20241031","NOK","USD","0.090892"
"20241101","NOK","USD","0.090399"
"20241103","NOK","USD","0.090937"
"20241104","NOK","USD","0.090878"
"20241105","NOK","USD","0.0913"
"20241106","NOK","USD","0.090251"
"20241107","NOK","USD","0.092043"
"20241108","NOK","USD","0.090897"
"20241110","NOK","USD","0.090709"
"20241111","NOK","USD","0.090648"
"20241112","NOK","USD","0.090279"
"20241113","NOK","USD","0.089771"
"20241114","NOK","USD","0.089677"
"20241115","NOK","USD","0.090203"
"20241117","NOK","USD","0.090029"
"20241118","NOK","USD","0.090927"
"20241119","NOK","USD","0.091074"
"20241120","NOK","USD","0.090405"
"20241121","NOK","USD","0.09032"
"20241122","NOK","USD","0.090343"
"20241124","NOK","USD","0.090345"
"20241125","NOK","USD","0.090175"
"20241126","NOK","USD","0.089595"
"20241127","NOK","USD","0.090387"
"20241128","NOK","USD","0.090561"
"20241129","NOK","USD","0.090585"
"20241201","NOK","USD","0.090566"
"20241202","NOK","USD","0.090068"
"20241203","NOK","USD","0.09036"
"20241204","NOK","USD","0.090443"
"20241205","NOK","USD","0.090616"
"20241206","NOK","USD","0.089633"
"20241208","NOK","USD","0.089662"
"20241209","NOK","USD","0.089891"
"20241210","NOK","USD","0.089644"
"20241211","NOK","USD","0.089712"
"20241212","NOK","USD","0.089469"
"20241213","NOK","USD","0.089754"
"20241215","NOK","USD","0.089602"
"20241216","NOK","USD","0.089655"
"20241217","NOK","USD","0.089302"
"20241218","NOK","USD","0.087807"
"20241219","NOK","USD","0.087377"
"20241220","NOK","USD","0.088344"
"20241222","NOK","USD","0.088331"
"20241223","NOK","USD","0.088064"
"20241224","NOK","USD","0.088093"
"20241225","NOK","USD","0.087813"
"20241226","NOK","USD","0.087788"
"20241227","NOK","USD","0.088055"
"20241229","NOK","USD","0.087979"
"20241230","NOK","USD","0.088241"
"20241231","NOK","USD","0.087844"
"20240311","RON","USD","0.21997"
"20240312","RON","USD","0.22"
"20240313","RON","USD","0.22028"
"20240314","RON","USD","0.2189"
"20240315","RON","USD","0.21899"
"20240317","RON","USD","0.21901"
"20240318","RON","USD","0.21863"
"20240319","RON","USD","0.21845"
"20240320","RON","USD","0.21967"
"20240321","RON","USD","0.21838"
"20240322","RON","USD","0.21736"
"20240324","RON","USD","0.21738"
"20240325","RON","USD","0.21802"
"20240326","RON","USD","0.21798"
"20240327","RON","USD","0.21771"
"20240328","RON","USD","0.21706"
"20240329","RON","USD","0.21725"
"20240331","RON","USD","0.21715"
"20240401","RON","USD","0.21613"
"20240402","RON","USD","0.2167"
"20240403","RON","USD","0.21805"
"20240404","RON","USD","0.21811"
"20240405","RON","USD","0.21816"
"20240407","RON","USD","0.21817"
"20240408","RON","USD","0.21857"
"20240409","RON","USD","0.2185"
"20240410","RON","USD","0.21615"
"20240411","RON","USD","0.21574"
"20240412","RON","USD","0.21399"
"20240414","RON","USD","0.21398"
"20240415","RON","USD","0.21356"
"20240416","RON","USD","0.21341"
"20240417","RON","USD","0.21452"
"20240418","RON","USD","0.2139"
"20240419","RON","USD","0.21416"
"20240421","RON","USD","0.21415"
"20240422","RON","USD","0.21413"
"20240423","RON","USD","0.21505"
"20240424","RON","USD","0.21501"
"20240425","RON","USD","0.21561"
"20240426","RON","USD","0.21487"
"20240428","RON","USD","0.21487"
"20240429","RON","USD","0.21546"
"20240430","RON","USD","0.21438"
"20240501","RON","USD","0.21533"
"20240502","RON","USD","0.21554"
"20240503","RON","USD","0.21644"
"20240505","RON","USD","0.21644"
"20240506","RON","USD","0.21666"
"20240507","RON","USD","0.21611"
"20240508","RON","USD","0.21602"
"20240509","RON","USD","0.21674"
"20240510","RON","USD","0.21641"
"20240512","RON","USD","0.21641"
"20240513","RON","USD","0.21683"
"20240514","RON","USD","0.21744"
"20240515","RON","USD","0.21879"
"20240516","RON","USD","0.21844"
"20240517","RON","USD","0.21847"
"20240519","RON","USD","0.21848"
"20240520","RON","USD","0.21825"
"20240521","RON","USD","0.21822"
"20240522","RON","USD","0.21752"
"20240523","RON","USD","0.21741"
"20240524","RON","USD","0.21801"
"20240526","RON","USD","0.21809"
"20240527","RON","USD","0.21821"
"20240528","RON","USD","0.21823"
"20240529","RON","USD","0.21703"
"20240530","RON","USD","0.21768"
"20240531","RON","USD","0.21799"
"20240602","RON","USD","0.21799"
"20240603","RON","USD","0.2192"
"20240604","RON","USD","0.21873"
"20240605","RON","USD","0.21843"
"20240606","RON","USD","0.21882"
"20240607","RON","USD","0.21708"
"20240609","RON","USD","0.21712"
"20240610","RON","USD","0.21631"
"20240611","RON","USD","0.21579"
"20240612","RON","USD","0.21706"
"20240613","RON","USD","0.21574"
"20240614","RON","USD","0.21503"
"20240616","RON","USD","0.21508"
"20240617","RON","USD","0.2157"
"20240618","RON","USD","0.21585"
"20240619","RON","USD","0.21589"
"20240620","RON","USD","0.21506"
"20240621","RON","USD","0.2149"
"20240623","RON","USD","0.21494"
"20240624","RON","USD","0.21566"
"20240625","RON","USD","0.21532"
"20240626","RON","USD","0.2146"
"20240627","RON","USD","0.21505"
"20240628","RON","USD","0.21551"
"20240630","RON","USD","0.21551"
"20240701","RON","USD","0.21582"
"20240702","RON","USD","0.21591"
"20240703","RON","USD","0.21676"
"20240704","RON","USD","0.21724"
"20240705","RON","USD","0.21785"
"20240707","RON","USD","0.21786"
"20240708","RON","USD","0.21761"
"20240709","RON","USD","0.21747"
"20240710","RON","USD","0.21775"
"20240711","RON","USD","0.21848"
"20240712","RON","USD","0.21954"
"20240714","RON","USD","0.21949"
"20240715","RON","USD","0.21928"
"20240716","RON","USD","0.21939"
"20240717","RON","USD","0.22011"
"20240718","RON","USD","0.21926"
"20240719","RON","USD","0.21891"
"20240721","RON","USD","0.21891"
"20240722","RON","USD","0.21906"
"20240723","RON","USD","0.2183"
"20240724","RON","USD","0.21808"
"20240725","RON","USD","0.21824"
"20240726","RON","USD","0.21837"
"20240728","RON","USD","0.21838"
"20240729","RON","USD","0.21754"
"20240730","RON","USD","0.21734"
"20240731","RON","USD","0.21754"
"20240801","RON","USD","0.21687"
"20240802","RON","USD","0.21926"
"20240804","RON","USD","0.21927"
"20240805","RON","USD","0.22006"
"20240806","RON","USD","0.21962"
"20240807","RON","USD","0.21949"
"20240808","RON","USD","0.21936"
"20240809","RON","USD","0.21929"
"20240811","RON","USD","0.21933"
"20240812","RON","USD","0.21966"
"20240813","RON","USD","0.22093"
"20240814","RON","USD","0.22132"
"20240815","RON","USD","0.22049"
"20240816","RON","USD","0.22162"
"20240818","RON","USD","0.22163"
"20240819","RON","USD","0.2227"
"20240820","RON","USD","0.22362"
"20240821","RON","USD","0.22405"
"20240822","RON","USD","0.22327"
"20240823","RON","USD","0.22492"
"20240825","RON","USD","0.22498"
"20240826","RON","USD","0.22424"
"20240827","RON","USD","0.22468"
"20240828","RON","USD","0.22343"
"20240829","RON","USD","0.22254"
"20240830","RON","USD","0.22198"
"20240901","RON","USD","0.22203"
"20240902","RON","USD","0.22256"
"20240903","RON","USD","0.22208"
"20240904","RON","USD","0.22293"
"20240905","RON","USD","0.22346"
"20240906","RON","USD","0.22294"
"20240908","RON","USD","0.22294"
"20240909","RON","USD","0.22186"
"20240910","RON","USD","0.22155"
"20240911","RON","USD","0.2214"
"20240912","RON","USD","0.22264"
"20240913","RON","USD","0.22268"
"20240915","RON","USD","0.22269"
"20240916","RON","USD","0.22382"
"20240917","RON","USD","0.22343"
"20240918","RON","USD","0.22348"
"20240919","RON","USD","0.2244"
"20240920","RON","USD","0.22453"
"20240922","RON","USD","0.22449"
"20240923","RON","USD","0.22335"
"20240924","RON","USD","0.22468"
"20240925","RON","USD","0.22374"
"20240926","RON","USD","0.22462"
"20240927","RON","USD","0.22435"
"20240929","RON","USD","0.22434"
"20240930","RON","USD","0.22377"
"20241001","RON","USD","0.2224"
"20241002","RON","USD","0.22195"
"20241003","RON","USD","0.22163"
"20241004","RON","USD","0.22052"
"20241006","RON","USD","0.22044"
"20241007","RON","USD","0.22051"
"20241008","RON","USD","0.22062"
"20241009","RON","USD","0.21985"
"20241010","RON","USD","0.21978"
"20241011","RON","USD","0.21982"
"20241013","RON","USD","0.21974"
"20241014","RON","USD","0.21931"
"20241015","RON","USD","0.21888"
"20241016","RON","USD","0.21828"
"20241017","RON","USD","0.21774"
"20241018","RON","USD","0.2185"
"20241020","RON","USD","0.21839"
"20241021","RON","USD","0.21743"
"20241022","RON","USD","0.2171"
"20241023","RON","USD","0.2168"
"20241024","RON","USD","0.21771"
"20241025","RON","USD","0.21707"
"20241027","RON","USD","0.21713"
"20241028","RON","USD","0.21739"
"20241029","RON","USD","0.21748"
"20241030","RON","USD","0.21822"
"20241031","RON","USD","0.21877"
"20241101","RON","USD","0.21785"
"20241103","RON","USD","0.21782"
"20241104","RON","USD","0.21863"
"20241105","RON","USD","0.21969"
"20241106","RON","USD","0.21563"
"20241107","RON","USD","0.2171"
"20241108","RON","USD","0.21544"
"20241110","RON","USD","0.2154"
"20241111","RON","USD","0.21414"
"20241112","RON","USD","0.21349"
"20241113","RON","USD","0.21229"
"20241114","RON","USD","0.21162"
"20241115","RON","USD","0.21178"
"20241117","RON","USD","0.21177"
"20241118","RON","USD","0.213"
"20241119","RON","USD","0.21292"
"20241120","RON","USD","0.21187"
"20241121","RON","USD","0.21048"
"20241122","RON","USD","0.20942"
"20241124","RON","USD","0.20942"
"20241125","RON","USD","0.21089"
"20241126","RON","USD","0.21074"
"20241127","RON","USD","0.21232"
"20241128","RON","USD","0.21205"
"20241129","RON","USD","0.21254"
"20241201","RON","USD","0.21235"
"20241202","RON","USD","0.21092"
"20241203","RON","USD","0.21113"
"20241204","RON","USD","0.21118"
"20241205","RON","USD","0.2127"
"20241206","RON","USD","0.21263"
"20241208","RON","USD","0.21248"
"20241209","RON","USD","0.21225"
"20241210","RON","USD","0.21181"
"20241211","RON","USD","0.21131"
"20241212","RON","USD","0.21056"
"20241213","RON","USD","0.21116"
"20241215","RON","USD","0.21114"
"20241216","RON","USD","0.21127"
"20241217","RON","USD","0.21086"
"20241218","RON","USD","0.20808"
"20241219","RON","USD","0.20826"
"20241220","RON","USD","0.20959"
"20241222","RON","USD","0.20958"
"20241223","RON","USD","0.20913"
"20241224","RON","USD","0.20915"
"20241225","RON","USD","0.20916"
"20241226","RON","USD","0.20952"
"20241227","RON","USD","0.20947"
"20241229","RON","USD","0.20945"
"20241230","RON","USD","0.20915"
"20241231","RON","USD","0.2081"
"20240311","RUS","USD","-1"
"20240312","RUS","USD","-1"
"20240313","RUS","USD","-1"
"20240314","RUS","USD","-1"
"20240315","RUS","USD","-1"
"20240317","RUS","USD","-1"
"20240318","RUS","USD","-1"
"20240319","RUS","USD","-1"
"20240320","RUS","USD","-1"
"20240321","RUS","USD","-1"
"20240322","RUS","USD","-1"
"20240324","RUS","USD","-1"
"20240325","RUS","USD","-1"
"20240326","RUS","USD","-1"
"20240327","RUS","USD","-1"
"20240328","RUS","USD","-1"
"20240329","RUS","USD","-1"
"20240331","RUS","USD","-1"
"20240401","RUS","USD","-1"
"20240402","RUS","USD","-1"
"20240403","RUS","USD","-1"
"20240404","RUS","USD","-1"
"20240405","RUS","USD","-1"
"20240407","RUS","USD","-1"
"20240408","RUS","USD","-1"
"20240409","RUS","USD","-1"
"20240410","RUS","USD","-1"
"20240411","RUS","USD","-1"
"20240412","RUS","USD","-1"
"20240414","RUS","USD","-1"
"20240415","RUS","USD","-1"
"20240416","RUS","USD","-1"
"20240417","RUS","USD","-1"
"20240418","RUS","USD","-1"
"20240419","RUS","USD","-1"
"20240421","RUS","USD","-1"
"20240422","RUS","USD","-1"
"20240423","RUS","USD","-1"
"20240424","RUS","USD","-1"
"20240425","RUS","USD","-1"
"20240426","RUS","USD","-1"
"20240428","RUS","USD","-1"
"20240429","RUS","USD","-1"
"20240430","RUS","USD","-1"
"20240501","RUS","USD","-1"
"20240502","RUS","USD","-1"
"20240503","RUS","USD","-1"
"20240505","RUS","USD","-1"
"20240506","RUS","USD","-1"
"20240507","RUS","USD","-1"
"20240508","RUS","USD","-1"
"20240509","RUS","USD","-1"
"20240510","RUS","USD","-1"
"20240512","RUS","USD","-1"
"20240513","RUS","USD","-1"
"20240514","RUS","USD","-1"
"20240515","RUS","USD","-1"
"20240516","RUS","USD","-1"
"20240517","RUS","USD","-1"
"20240519","RUS","USD","-1"
"20240520","RUS","USD","-1"
"20240521","RUS","USD","-1"
"20240522","RUS","USD","-1"
"20240523","RUS","USD","-1"
"20240524","RUS","USD","-1"
"20240526","RUS","USD","-1"
"20240527","RUS","USD","-1"
"20240528","RUS","USD","-1"
"20240529","RUS","USD","-1"
"20240530","RUS","USD","-1"
"20240531","RUS","USD","-1"
"20240602","RUS","USD","-1"
"20240603","RUS","USD","-1"
"20240604","RUS","USD","-1"
"20240605","RUS","USD","-1"
"20240606","RUS","USD","-1"
"20240607","RUS","USD","-1"
"20240609","RUS","USD","-1"
"20240610","RUS","USD","-1"
"20240611","RUS","USD","-1"
"20240612","RUS","USD","-1"
"20240613","RUS","USD","-1"
"20240614","RUS","USD","-1"
"20240616","RUS","USD","-1"
"20240617","RUS","USD","-1"
"20240618","RUS","USD","-1"
"20240619","RUS","USD","-1"
"20240620","RUS","USD","-1"
"20240621","RUS","USD","-1"
"20240623","RUS","USD","-1"
"20240624","RUS","USD","-1"
"20240625","RUS","USD","-1"
"20240626","RUS","USD","-1"
"20240627","RUS","USD","-1"
"20240628","RUS","USD","-1"
"20240630","RUS","USD","-1"
"20240701","RUS","USD","-1"
"20240702","RUS","USD","-1"
"20240703","RUS","USD","-1"
"20240704","RUS","USD","-1"
"20240705","RUS","USD","-1"
"20240707","RUS","USD","-1"
"20240708","RUS","USD","-1"
"20240709","RUS","USD","-1"
"20240710","RUS","USD","-1"
"20240711","RUS","USD","-1"
"20240712","RUS","USD","-1"
"20240714","RUS","USD","-1"
"20240715","RUS","USD","-1"
"20240716","RUS","USD","-1"
"20240717","RUS","USD","-1"
"20240718","RUS","USD","-1"
"20240719","RUS","USD","-1"
"20240721","RUS","USD","-1"
"20240722","RUS","USD","-1"
"20240723","RUS","USD","-1"
"20240724","RUS","USD","-1"
"20240725","RUS","USD","-1"
"20240726","RUS","USD","-1"
"20240728","RUS","USD","-1"
"20240729","RUS","USD","-1"
"20240730","RUS","USD","-1"
"20240731","RUS","USD","-1"
"20240801","RUS","USD","-1"
"20240802","RUS","USD","-1"
"20240804","RUS","USD","-1"
"20240805","RUS","USD","-1"
"20240806","RUS","USD","-1"
"20240807","RUS","USD","-1"
"20240808","RUS","USD","-1"
"20240809","RUS","USD","-1"
"20240811","RUS","USD","-1"
"20240812","RUS","USD","-1"
"20240813","RUS","USD","-1"
"20240814","RUS","USD","-1"
"20240815","RUS","USD","-1"
"20240816","RUS","USD","-1"
"20240818","RUS","USD","-1"
"20240819","RUS","USD","-1"
"20240820","RUS","USD","-1"
"20240821","RUS","USD","-1"
"20240822","RUS","USD","-1"
"20240823","RUS","USD","-1"
"20240825","RUS","USD","-1"
"20240826","RUS","USD","-1"
"20240827","RUS","USD","-1"
"20240828","RUS","USD","-1"
"20240829","RUS","USD","-1"
"20240830","RUS","USD","-1"
"20240901","RUS","USD","-1"
"20240902","RUS","USD","-1"
"20240903","RUS","USD","-1"
"20240904","RUS","USD","-1"
"20240905","RUS","USD","-1"
"20240906","RUS","USD","-1"
"20240908","RUS","USD","-1"
"20240909","RUS","USD","-1"
"20240910","RUS","USD","-1"
"20240911","RUS","USD","-1"
"20240912","RUS","USD","-1"
"20240913","RUS","USD","-1"
"20240915","RUS","USD","-1"
"20240916","RUS","USD","-1"
"20240917","RUS","USD","-1"
"20240918","RUS","USD","-1"
"20240919","RUS","USD","-1"
"20240920","RUS","USD","-1"
"20240922","RUS","USD","-1"
"20240923","RUS","USD","-1"
"20240924","RUS","USD","-1"
"20240925","RUS","USD","-1"
"20240926","RUS","USD","-1"
"20240927","RUS","USD","-1"
"20240929","RUS","USD","-1"
"20240930","RUS","USD","-1"
"20241001","RUS","USD","-1"
"20241002","RUS","USD","-1"
"20241003","RUS","USD","-1"
"20241004","RUS","USD","-1"
"20241006","RUS","USD","-1"
"20241007","RUS","USD","-1"
"20241008","RUS","USD","-1"
"20241009","RUS","USD","-1"
"20241010","RUS","USD","-1"
"20241011","RUS","USD","-1"
"20241013","RUS","USD","-1"
"20241014","RUS","USD","-1"
"20241015","RUS","USD","-1"
"20241016","RUS","USD","-1"
"20241017","RUS","USD","-1"
"20241018","RUS","USD","-1"
"20241020","RUS","USD","-1"
"20241021","RUS","USD","-1"
"20241022","RUS","USD","-1"
"20241023","RUS","USD","-1"
"20241024","RUS","USD","-1"
"20241025","RUS","USD","-1"
"20241027","RUS","USD","-1"
"20241028","RUS","USD","-1"
"20241029","RUS","USD","-1"
"20241030","RUS","USD","-1"
"20241031","RUS","USD","-1"
"20241101","RUS","USD","-1"
"20241103","RUS","USD","-1"
"20241104","RUS","USD","-1"
"20241105","RUS","USD","-1"
"20241106","RUS","USD","-1"
"20241107","RUS","USD","-1"
"20241108","RUS","USD","-1"
"20241110","RUS","USD","-1"
"20241111","RUS","USD","-1"
"20241112","RUS","USD","-1"
"20241113","RUS","USD","-1"
"20241114","RUS","USD","-1"
"20241115","RUS","USD","-1"
"20241117","RUS","USD","-1"
"20241118","RUS","USD","-1"
"20241119","RUS","USD","-1"
"20241120","RUS","USD","-1"
"20241121","RUS","USD","-1"
"20241122","RUS","USD","-1"
"20241124","RUS","USD","-1"
"20241125","RUS","USD","-1"
"20241126","RUS","USD","-1"
"20241127","RUS","USD","-1"
"20241128","RUS","USD","-1"
"20241129","RUS","USD","-1"
"20241201","RUS","USD","-1"
"20241202","RUS","USD","-1"
"20241203","RUS","USD","-1"
"20241204","RUS","USD","-1"
"20241205","RUS","USD","-1"
"20241206","RUS","USD","-1"
"20241208","RUS","USD","-1"
"20241209","RUS","USD","-1"
"20241210","RUS","USD","-1"
"20241211","RUS","USD","-1"
"20241212","RUS","USD","-1"
"20241213","RUS","USD","-1"
"20241215","RUS","USD","-1"
"20241216","RUS","USD","-1"
"20241217","RUS","USD","-1"
"20241218","RUS","USD","-1"
"20241219","RUS","USD","-1"
"20241220","RUS","USD","-1"
"20241222","RUS","USD","-1"
"20241223","RUS","USD","-1"
"20241224","RUS","USD","-1"
"20241225","RUS","USD","-1"
"20241226","RUS","USD","-1"
"20241227","RUS","USD","-1"
"20241229","RUS","USD","-1"
"20241230","RUS","USD","-1"
"20241231","RUS","USD","-1"
"20240311","SGD","USD","0.75166"
"20240312","SGD","USD","0.75056"
"20240313","SGD","USD","0.75057"
"20240314","SGD","USD","0.74851"
"20240315","SGD","USD","0.74755"
"20240317","SGD","USD","0.74758"
"20240318","SGD","USD","0.74674"
"20240319","SGD","USD","0.74516"
"20240320","SGD","USD","0.74644"
"20240321","SGD","USD","0.74408"
"20240322","SGD","USD","0.74148"
"20240324","SGD","USD","0.74154"
"20240325","SGD","USD","0.74294"
"20240326","SGD","USD","0.74311"
"20240327","SGD","USD","0.74206"
"20240328","SGD","USD","0.74056"
"20240329","SGD","USD","0.74107"
"20240331","SGD","USD","0.74104"
"20240401","SGD","USD","0.7395"
"20240402","SGD","USD","0.73995"
"20240403","SGD","USD","0.74175"
"20240404","SGD","USD","0.7416"
"20240405","SGD","USD","0.74141"
"20240407","SGD","USD","0.74166"
"20240408","SGD","USD","0.74214"
"20240409","SGD","USD","0.74361"
"20240410","SGD","USD","0.73869"
"20240411","SGD","USD","0.73907"
"20240412","SGD","USD","0.73452"
"20240414","SGD","USD","0.73454"
"20240415","SGD","USD","0.73372"
"20240416","SGD","USD","0.73257"
"20240417","SGD","USD","0.735"
"20240418","SGD","USD","0.73407"
"20240419","SGD","USD","0.73437"
"20240421","SGD","USD","0.7344"
"20240422","SGD","USD","0.73421"
"20240423","SGD","USD","0.73455"
"20240424","SGD","USD","0.7342"
"20240425","SGD","USD","0.73579"
"20240426","SGD","USD","0.7338"
"20240428","SGD","USD","0.73424"
"20240429","SGD","USD","0.73554"
"20240430","SGD","USD","0.73236"
"20240501","SGD","USD","0.73493"
"20240502","SGD","USD","0.73805"
"20240503","SGD","USD","0.741"
"20240505","SGD","USD","0.74099"
"20240506","SGD","USD","0.74006"
"20240507","SGD","USD","0.7383"
"20240508","SGD","USD","0.73769"
"20240509","SGD","USD","0.73934"
"20240510","SGD","USD","0.73824"
"20240512","SGD","USD","0.73836"
"20240513","SGD","USD","0.7388"
"20240514","SGD","USD","0.73974"
"20240515","SGD","USD","0.74341"
"20240516","SGD","USD","0.74293"
"20240517","SGD","USD","0.74342"
"20240519","SGD","USD","0.74314"
"20240520","SGD","USD","0.74209"
"20240521","SGD","USD","0.74221"
"20240522","SGD","USD","0.74033"
"20240523","SGD","USD","0.73979"
"20240524","SGD","USD","0.74077"
"20240526","SGD","USD","0.74074"
"20240527","SGD","USD","0.7411"
"20240528","SGD","USD","0.74132"
"20240529","SGD","USD","0.73955"
"20240530","SGD","USD","0.74071"
"20240531","SGD","USD","0.74005"
"20240602","SGD","USD","0.74006"
"20240603","SGD","USD","0.74306"
"20240604","SGD","USD","0.74253"
"20240605","SGD","USD","0.74139"
"20240606","SGD","USD","0.74304"
"20240607","SGD","USD","0.73955"
"20240609","SGD","USD","0.73948"
"20240610","SGD","USD","0.7393"
"20240611","SGD","USD","0.73907"
"20240612","SGD","USD","0.74231"
"20240613","SGD","USD","0.74022"
"20240614","SGD","USD","0.73891"
"20240616","SGD","USD","0.73859"
"20240617","SGD","USD","0.73969"
"20240618","SGD","USD","0.74023"
"20240619","SGD","USD","0.74033"
"20240620","SGD","USD","0.73834"
"20240621","SGD","USD","0.73788"
"20240623","SGD","USD","0.73814"
"20240624","SGD","USD","0.73919"
"20240625","SGD","USD","0.73823"
"20240626","SGD","USD","0.73613"
"20240627","SGD","USD","0.73612"
"20240628","SGD","USD","0.73749"
"20240630","SGD","USD","0.73764"
"20240701","SGD","USD","0.73662"
"20240702","SGD","USD","0.73745"
"20240703","SGD","USD","0.73861"
"20240704","SGD","USD","0.7397"
"20240705","SGD","USD","0.7415"
"20240707","SGD","USD","0.74151"
"20240708","SGD","USD","0.74077"
"20240709","SGD","USD","0.74032"
"20240710","SGD","USD","0.74137"
"20240711","SGD","USD","0.74462"
"20240712","SGD","USD","0.74574"
"20240714","SGD","USD","0.74524"
"20240715","SGD","USD","0.74419"
"20240716","SGD","USD","0.74391"
"20240717","SGD","USD","0.74602"
"20240718","SGD","USD","0.74408"
"20240719","SGD","USD","0.7433"
"20240721","SGD","USD","0.74333"
"20240722","SGD","USD","0.74295"
"20240723","SGD","USD","0.74317"
"20240724","SGD","USD","0.74438"
"20240725","SGD","USD","0.74439"
"20240726","SGD","USD","0.7448"
"20240728","SGD","USD","0.74449"
"20240729","SGD","USD","0.74435"
"20240730","SGD","USD","0.74501"
"20240731","SGD","USD","0.74854"
"20240801","SGD","USD","0.74808"
"20240802","SGD","USD","0.75371"
"20240804","SGD","USD","0.75369"
"20240805","SGD","USD","0.7546"
"20240806","SGD","USD","0.75448"
"20240807","SGD","USD","0.75319"
"20240808","SGD","USD","0.75436"
"20240809","SGD","USD","0.75522"
"20240811","SGD","USD","0.75534"
"20240812","SGD","USD","0.75504"
"20240813","SGD","USD","0.75898"
"20240814","SGD","USD","0.75965"
"20240815","SGD","USD","0.75607"
"20240816","SGD","USD","0.76003"
"20240818","SGD","USD","0.7595"
"20240819","SGD","USD","0.76458"
"20240820","SGD","USD","0.76638"
"20240821","SGD","USD","0.76591"
"20240822","SGD","USD","0.76286"
"20240823","SGD","USD","0.76882"
"20240825","SGD","USD","0.7687"
"20240826","SGD","USD","0.7669"
"20240827","SGD","USD","0.76849"
"20240828","SGD","USD","0.76716"
"20240829","SGD","USD","0.7674"
"20240830","SGD","USD","0.76542"
"20240901","SGD","USD","0.76558"
"20240902","SGD","USD","0.76494"
"20240903","SGD","USD","0.76503"
"20240904","SGD","USD","0.76696"
"20240905","SGD","USD","0.7692"
"20240906","SGD","USD","0.76767"
"20240908","SGD","USD","0.76772"
"20240909","SGD","USD","0.76582"
"20240910","SGD","USD","0.76649"
"20240911","SGD","USD","0.76677"
"20240912","SGD","USD","0.76843"
"20240913","SGD","USD","0.77052"
"20240915","SGD","USD","0.77053"
"20240916","SGD","USD","0.77204"
"20240917","SGD","USD","0.771"
"20240918","SGD","USD","0.77213"
"20240919","SGD","USD","0.77416"
"20240920","SGD","USD","0.7748"
"20240922","SGD","USD","0.7748"
"20240923","SGD","USD","0.77488"
"20240924","SGD","USD","0.77918"
"20240925","SGD","USD","0.77528"
"20240926","SGD","USD","0.77932"
"20240927","SGD","USD","0.78052"
"20240929","SGD","USD","0.78026"
"20240930","SGD","USD","0.77818"
"20241001","SGD","USD","0.77631"
"20241002","SGD","USD","0.77402"
"20241003","SGD","USD","0.77076"
"20241004","SGD","USD","0.76651"
"20241006","SGD","USD","0.76643"
"20241007","SGD","USD","0.76678"
"20241008","SGD","USD","0.76689"
"20241009","SGD","USD","0.76494"
"20241010","SGD","USD","0.76591"
"20241011","SGD","USD","0.76633"
"20241013","SGD","USD","0.76643"
"20241014","SGD","USD","0.76428"
"20241015","SGD","USD","0.76391"
"20241016","SGD","USD","0.76134"
"20241017","SGD","USD","0.7608"
"20241018","SGD","USD","0.76325"
"20241020","SGD","USD","0.76352"
"20241021","SGD","USD","0.75966"
"20241022","SGD","USD","0.75974"
"20241023","SGD","USD","0.75589"
"20241024","SGD","USD","0.75861"
"20241025","SGD","USD","0.75697"
"20241027","SGD","USD","0.75677"
"20241028","SGD","USD","0.75599"
"20241029","SGD","USD","0.7552"
"20241030","SGD","USD","0.75622"
"20241031","SGD","USD","0.75768"
"20241101","SGD","USD","0.75409"
"20241103","SGD","USD","0.75412"
"20241104","SGD","USD","0.75773"
"20241105","SGD","USD","0.76102"
"20241106","SGD","USD","0.75005"
"20241107","SGD","USD","0.75759"
"20241108","SGD","USD","0.75398"
"20241110","SGD","USD","0.75395"
"20241111","SGD","USD","0.74971"
"20241112","SGD","USD","0.74722"
"20241113","SGD","USD","0.74474"
"20241114","SGD","USD","0.7428"
"20241115","SGD","USD","0.74474"
"20241117","SGD","USD","0.74474"
"20241118","SGD","USD","0.74696"
"20241119","SGD","USD","0.74774"
"20241120","SGD","USD","0.74463"
"20241121","SGD","USD","0.74269"
"20241122","SGD","USD","0.7427"
"20241124","SGD","USD","0.74386"
"20241125","SGD","USD","0.74296"
"20241126","SGD","USD","0.74247"
"20241127","SGD","USD","0.74605"
"20241128","SGD","USD","0.74481"
"20241129","SGD","USD","0.74671"
"20241201","SGD","USD","0.74667"
"20241202","SGD","USD","0.7435"
"20241203","SGD","USD","0.74347"
"20241204","SGD","USD","0.74401"
"20241205","SGD","USD","0.74704"
"20241206","SGD","USD","0.74493"
"20241208","SGD","USD","0.74433"
"20241209","SGD","USD","0.74605"
"20241210","SGD","USD","0.74523"
"20241211","SGD","USD","0.74385"
"20241212","SGD","USD","0.74242"
"20241213","SGD","USD","0.74134"
"20241215","SGD","USD","0.74142"
"20241216","SGD","USD","0.74083"
"20241217","SGD","USD","0.74069"
"20241218","SGD","USD","0.73358"
"20241219","SGD","USD","0.7344"
"20241220","SGD","USD","0.73785"
"20241222","SGD","USD","0.7379"
"20241223","SGD","USD","0.73669"
"20241224","SGD","USD","0.73578"
"20241225","SGD","USD","0.73649"
"20241226","SGD","USD","0.73581"
"20241227","SGD","USD","0.736"
"20241229","SGD","USD","0.736"
"20241230","SGD","USD","0.73524"
"20241231","SGD","USD","0.73233"
"20240311","OMR","USD","-1"
"20240312","OMR","USD","-1"
"20240313","OMR","USD","-1"
"20240314","OMR","USD","-1"
"20240315","OMR","USD","-1"
"20240317","OMR","USD","-1"
"20240318","OMR","USD","-1"
"20240319","OMR","USD","-1"
"20240320","OMR","USD","-1"
"20240321","OMR","USD","-1"
"20240322","OMR","USD","-1"
"20240324","OMR","USD","-1"
"20240325","OMR","USD","-1"
"20240326","OMR","USD","-1"
"20240327","OMR","USD","-1"
"20240328","OMR","USD","-1"
"20240329","OMR","USD","-1"
"20240331","OMR","USD","-1"
"20240401","OMR","USD","-1"
"20240402","OMR","USD","-1"
"20240403","OMR","USD","-1"
"20240404","OMR","USD","-1"
"20240405","OMR","USD","-1"
"20240407","OMR","USD","-1"
"20240408","OMR","USD","-1"
"20240409","OMR","USD","-1"
"20240410","OMR","USD","-1"
"20240411","OMR","USD","-1"
"20240412","OMR","USD","-1"
"20240414","OMR","USD","-1"
"20240415","OMR","USD","-1"
"20240416","OMR","USD","-1"
"20240417","OMR","USD","-1"
"20240418","OMR","USD","-1"
"20240419","OMR","USD","-1"
"20240421","OMR","USD","-1"
"20240422","OMR","USD","-1"
"20240423","OMR","USD","-1"
"20240424","OMR","USD","-1"
"20240425","OMR","USD","-1"
"20240426","OMR","USD","-1"
"20240428","OMR","USD","-1"
"20240429","OMR","USD","-1"
"20240430","OMR","USD","-1"
"20240501","OMR","USD","-1"
"20240502","OMR","USD","-1"
"20240503","OMR","USD","-1"
"20240505","OMR","USD","-1"
"20240506","OMR","USD","-1"
"20240507","OMR","USD","-1"
"20240508","OMR","USD","-1"
"20240509","OMR","USD","-1"
"20240510","OMR","USD","-1"
"20240512","OMR","USD","-1"
"20240513","OMR","USD","-1"
"20240514","OMR","USD","-1"
"20240515","OMR","USD","-1"
"20240516","OMR","USD","-1"
"20240517","OMR","USD","-1"
"20240519","OMR","USD","-1"
"20240520","OMR","USD","-1"
"20240521","OMR","USD","-1"
"20240522","OMR","USD","-1"
"20240523","OMR","USD","-1"
"20240524","OMR","USD","-1"
"20240526","OMR","USD","-1"
"20240527","OMR","USD","-1"
"20240528","OMR","USD","-1"
"20240529","OMR","USD","-1"
"20240530","OMR","USD","-1"
"20240531","OMR","USD","-1"
"20240602","OMR","USD","-1"
"20240603","OMR","USD","-1"
"20240604","OMR","USD","-1"
"20240605","OMR","USD","-1"
"20240606","OMR","USD","-1"
"20240607","OMR","USD","-1"
"20240609","OMR","USD","-1"
"20240610","OMR","USD","-1"
"20240611","OMR","USD","-1"
"20240612","OMR","USD","-1"
"20240613","OMR","USD","-1"
"20240614","OMR","USD","-1"
"20240616","OMR","USD","-1"
"20240617","OMR","USD","-1"
"20240618","OMR","USD","-1"
"20240619","OMR","USD","-1"
"20240620","OMR","USD","-1"
"20240621","OMR","USD","-1"
"20240623","OMR","USD","-1"
"20240624","OMR","USD","-1"
"20240625","OMR","USD","-1"
"20240626","OMR","USD","-1"
"20240627","OMR","USD","-1"
"20240628","OMR","USD","-1"
"20240630","OMR","USD","-1"
"20240701","OMR","USD","-1"
"20240702","OMR","USD","-1"
"20240703","OMR","USD","-1"
"20240704","OMR","USD","-1"
"20240705","OMR","USD","-1"
"20240707","OMR","USD","-1"
"20240708","OMR","USD","-1"
"20240709","OMR","USD","-1"
"20240710","OMR","USD","-1"
"20240711","OMR","USD","-1"
"20240712","OMR","USD","-1"
"20240714","OMR","USD","-1"
"20240715","OMR","USD","-1"
"20240716","OMR","USD","-1"
"20240717","OMR","USD","-1"
"20240718","OMR","USD","-1"
"20240719","OMR","USD","-1"
"20240721","OMR","USD","-1"
"20240722","OMR","USD","-1"
"20240723","OMR","USD","-1"
"20240724","OMR","USD","-1"
"20240725","OMR","USD","-1"
"20240726","OMR","USD","-1"
"20240728","OMR","USD","-1"
"20240729","OMR","USD","-1"
"20240730","OMR","USD","-1"
"20240731","OMR","USD","-1"
"20240801","OMR","USD","-1"
"20240802","OMR","USD","-1"
"20240804","OMR","USD","-1"
"20240805","OMR","USD","-1"
"20240806","OMR","USD","-1"
"20240807","OMR","USD","-1"
"20240808","OMR","USD","-1"
"20240809","OMR","USD","-1"
"20240811","OMR","USD","-1"
"20240812","OMR","USD","-1"
"20240813","OMR","USD","-1"
"20240814","OMR","USD","-1"
"20240815","OMR","USD","-1"
"20240816","OMR","USD","-1"
"20240818","OMR","USD","-1"
"20240819","OMR","USD","-1"
"20240820","OMR","USD","-1"
"20240821","OMR","USD","-1"
"20240822","OMR","USD","-1"
"20240823","OMR","USD","-1"
"20240825","OMR","USD","-1"
"20240826","OMR","USD","-1"
"20240827","OMR","USD","-1"
"20240828","OMR","USD","-1"
"20240829","OMR","USD","-1"
"20240830","OMR","USD","-1"
"20240901","OMR","USD","-1"
"20240902","OMR","USD","-1"
"20240903","OMR","USD","-1"
"20240904","OMR","USD","-1"
"20240905","OMR","USD","-1"
"20240906","OMR","USD","-1"
"20240908","OMR","USD","-1"
"20240909","OMR","USD","-1"
"20240910","OMR","USD","-1"
"20240911","OMR","USD","-1"
"20240912","OMR","USD","-1"
"20240913","OMR","USD","-1"
"20240915","OMR","USD","-1"
"20240916","OMR","USD","-1"
"20240917","OMR","USD","-1"
"20240918","OMR","USD","-1"
"20240919","OMR","USD","-1"
"20240920","OMR","USD","-1"
"20240922","OMR","USD","-1"
"20240923","OMR","USD","-1"
"20240924","OMR","USD","-1"
"20240925","OMR","USD","-1"
"20240926","OMR","USD","-1"
"20240927","OMR","USD","-1"
"20240929","OMR","USD","-1"
"20240930","OMR","USD","-1"
"20241001","OMR","USD","-1"
"20241002","OMR","USD","-1"
"20241003","OMR","USD","-1"
"20241004","OMR","USD","-1"
"20241006","OMR","USD","-1"
"20241007","OMR","USD","-1"
"20241008","OMR","USD","-1"
"20241009","OMR","USD","-1"
"20241010","OMR","USD","-1"
"20241011","OMR","USD","-1"
"20241013","OMR","USD","-1"
"20241014","OMR","USD","-1"
"20241015","OMR","USD","-1"
"20241016","OMR","USD","-1"
"20241017","OMR","USD","-1"
"20241018","OMR","USD","-1"
"20241020","OMR","USD","-1"
"20241021","OMR","USD","-1"
"20241022","OMR","USD","-1"
"20241023","OMR","USD","-1"
"20241024","OMR","USD","-1"
"20241025","OMR","USD","-1"
"20241027","OMR","USD","-1"
"20241028","OMR","USD","-1"
"20241029","OMR","USD","-1"
"20241030","OMR","USD","-1"
"20241031","OMR","USD","-1"
"20241101","OMR","USD","-1"
"20241103","OMR","USD","-1"
"20241104","OMR","USD","-1"
"20241105","OMR","USD","-1"
"20241106","OMR","USD","-1"
"20241107","OMR","USD","-1"
"20241108","OMR","USD","-1"
"20241110","OMR","USD","-1"
"20241111","OMR","USD","-1"
"20241112","OMR","USD","-1"
"20241113","OMR","USD","-1"
"20241114","OMR","USD","-1"
"20241115","OMR","USD","-1"
"20241117","OMR","USD","-1"
"20241118","OMR","USD","-1"
"20241119","OMR","USD","-1"
"20241120","OMR","USD","-1"
"20241121","OMR","USD","-1"
"20241122","OMR","USD","-1"
"20241124","OMR","USD","-1"
"20241125","OMR","USD","-1"
"20241126","OMR","USD","-1"
"20241127","OMR","USD","-1"
"20241128","OMR","USD","-1"
"20241129","OMR","USD","-1"
"20241201","OMR","USD","-1"
"20241202","OMR","USD","-1"
"20241203","OMR","USD","-1"
"20241204","OMR","USD","-1"
"20241205","OMR","USD","-1"
"20241206","OMR","USD","-1"
"20241208","OMR","USD","-1"
"20241209","OMR","USD","-1"
"20241210","OMR","USD","-1"
"20241211","OMR","USD","-1"
"20241212","OMR","USD","-1"
"20241213","OMR","USD","-1"
"20241215","OMR","USD","-1"
"20241216","OMR","USD","-1"
"20241217","OMR","USD","-1"
"20241218","OMR","USD","-1"
"20241219","OMR","USD","-1"
"20241220","OMR","USD","-1"
"20241222","OMR","USD","-1"
"20241223","OMR","USD","-1"
"20241224","OMR","USD","-1"
"20241225","OMR","USD","-1"
"20241226","OMR","USD","-1"
"20241227","OMR","USD","-1"
"20241229","OMR","USD","-1"
"20241230","OMR","USD","-1"
"20241231","OMR","USD","-1"
"20240311","CZK","USD","0.043148"
"20240312","CZK","USD","0.043208"
"20240313","CZK","USD","0.043346"
"20240314","CZK","USD","0.043194"
"20240315","CZK","USD","0.043298"
"20240317","CZK","USD","0.043295"
"20240318","CZK","USD","0.043091"
"20240319","CZK","USD","0.042998"
"20240320","CZK","USD","0.043335"
"20240321","CZK","USD","0.042888"
"20240322","CZK","USD","0.04264"
"20240324","CZK","USD","0.04264"
"20240325","CZK","USD","0.042851"
"20240326","CZK","USD","0.042817"
"20240327","CZK","USD","0.042764"
"20240328","CZK","USD","0.042637"
"20240329","CZK","USD","0.042762"
"20240331","CZK","USD","0.042762"
"20240401","CZK","USD","0.042495"
"20240402","CZK","USD","0.042556"
"20240403","CZK","USD","0.04278"
"20240404","CZK","USD","0.042796"
"20240405","CZK","USD","0.042806"
"20240407","CZK","USD","0.042806"
"20240408","CZK","USD","0.042841"
"20240409","CZK","USD","0.042713"
"20240410","CZK","USD","0.042235"
"20240411","CZK","USD","0.042278"
"20240412","CZK","USD","0.042014"
"20240414","CZK","USD","0.042015"
"20240415","CZK","USD","0.042"
"20240416","CZK","USD","0.042139"
"20240417","CZK","USD","0.042255"
"20240418","CZK","USD","0.042106"
"20240419","CZK","USD","0.042196"
"20240421","CZK","USD","0.042195"
"20240422","CZK","USD","0.042152"
"20240423","CZK","USD","0.042433"
"20240424","CZK","USD","0.042381"
"20240425","CZK","USD","0.042686"
"20240426","CZK","USD","0.042509"
"20240428","CZK","USD","0.042531"
"20240429","CZK","USD","0.042641"
"20240430","CZK","USD","0.042406"
"20240501","CZK","USD","0.042703"
"20240502","CZK","USD","0.042974"
"20240503","CZK","USD","0.042956"
"20240505","CZK","USD","0.04297"
"20240506","CZK","USD","0.043072"
"20240507","CZK","USD","0.04297"
"20240508","CZK","USD","0.042974"
"20240509","CZK","USD","0.043232"
"20240510","CZK","USD","0.043223"
"20240512","CZK","USD","0.043223"
"20240513","CZK","USD","0.043494"
"20240514","CZK","USD","0.043608"
"20240515","CZK","USD","0.044017"
"20240516","CZK","USD","0.04398"
"20240517","CZK","USD","0.044019"
"20240519","CZK","USD","0.044018"
"20240520","CZK","USD","0.043928"
"20240521","CZK","USD","0.043887"
"20240522","CZK","USD","0.043774"
"20240523","CZK","USD","0.043733"
"20240524","CZK","USD","0.044004"
"20240526","CZK","USD","0.044028"
"20240527","CZK","USD","0.043985"
"20240528","CZK","USD","0.044028"
"20240529","CZK","USD","0.043662"
"20240530","CZK","USD","0.043802"
"20240531","CZK","USD","0.043946"
"20240602","CZK","USD","0.043948"
"20240603","CZK","USD","0.044206"
"20240604","CZK","USD","0.044016"
"20240605","CZK","USD","0.044125"
"20240606","CZK","USD","0.044341"
"20240607","CZK","USD","0.043845"
"20240609","CZK","USD","0.043867"
"20240610","CZK","USD","0.043706"
"20240611","CZK","USD","0.043442"
"20240612","CZK","USD","0.043832"
"20240613","CZK","USD","0.043448"
"20240614","CZK","USD","0.043266"
"20240616","CZK","USD","0.043248"
"20240617","CZK","USD","0.043431"
"20240618","CZK","USD","0.043251"
"20240619","CZK","USD","0.043142"
"20240620","CZK","USD","0.042971"
"20240621","CZK","USD","0.042891"
"20240623","CZK","USD","0.042891"
"20240624","CZK","USD","0.043133"
"20240625","CZK","USD","0.043164"
"20240626","CZK","USD","0.042866"
"20240627","CZK","USD","0.042699"
"20240628","CZK","USD","0.042798"
"20240630","CZK","USD","0.042805"
"20240701","CZK","USD","0.042689"
"20240702","CZK","USD","0.04271"
"20240703","CZK","USD","0.042886"
"20240704","CZK","USD","0.043041"
"20240705","CZK","USD","0.043136"
"20240707","CZK","USD","0.043136"
"20240708","CZK","USD","0.042982"
"20240709","CZK","USD","0.042773"
"20240710","CZK","USD","0.042639"
"20240711","CZK","USD","0.042834"
"20240712","CZK","USD","0.043052"
"20240714","CZK","USD","0.043057"
"20240715","CZK","USD","0.042938"
"20240716","CZK","USD","0.04303"
"20240717","CZK","USD","0.043288"
"20240718","CZK","USD","0.043124"
"20240719","CZK","USD","0.043156"
"20240721","CZK","USD","0.043156"
"20240722","CZK","USD","0.043131"
"20240723","CZK","USD","0.042733"
"20240724","CZK","USD","0.042656"
"20240725","CZK","USD","0.042742"
"20240726","CZK","USD","0.042827"
"20240728","CZK","USD","0.042828"
"20240729","CZK","USD","0.042592"
"20240730","CZK","USD","0.042535"
"20240731","CZK","USD","0.042593"
"20240801","CZK","USD","0.042628"
"20240802","CZK","USD","0.043067"
"20240804","CZK","USD","0.043059"
"20240805","CZK","USD","0.043307"
"20240806","CZK","USD","0.043206"
"20240807","CZK","USD","0.043222"
"20240808","CZK","USD","0.043203"
"20240809","CZK","USD","0.043239"
"20240811","CZK","USD","0.043239"
"20240812","CZK","USD","0.043409"
"20240813","CZK","USD","0.043651"
"20240814","CZK","USD","0.043798"
"20240815","CZK","USD","0.043469"
"20240816","CZK","USD","0.04378"
"20240818","CZK","USD","0.043781"
"20240819","CZK","USD","0.044063"
"20240820","CZK","USD","0.044267"
"20240821","CZK","USD","0.044477"
"20240822","CZK","USD","0.044293"
"20240823","CZK","USD","0.044686"
"20240825","CZK","USD","0.044686"
"20240826","CZK","USD","0.044566"
"20240827","CZK","USD","0.044693"
"20240828","CZK","USD","0.044386"
"20240829","CZK","USD","0.044235"
"20240830","CZK","USD","0.044131"
"20240901","CZK","USD","0.044132"
"20240902","CZK","USD","0.044228"
"20240903","CZK","USD","0.043967"
"20240904","CZK","USD","0.044239"
"20240905","CZK","USD","0.044384"
"20240906","CZK","USD","0.044278"
"20240908","CZK","USD","0.044278"
"20240909","CZK","USD","0.044055"
"20240910","CZK","USD","0.043947"
"20240911","CZK","USD","0.0439"
"20240912","CZK","USD","0.044086"
"20240913","CZK","USD","0.044068"
"20240915","CZK","USD","0.044067"
"20240916","CZK","USD","0.044242"
"20240917","CZK","USD","0.044273"
"20240918","CZK","USD","0.044346"
"20240919","CZK","USD","0.044475"
"20240920","CZK","USD","0.04454"
"20240922","CZK","USD","0.044541"
"20240923","CZK","USD","0.044203"
"20240924","CZK","USD","0.044572"
"20240925","CZK","USD","0.04424"
"20240926","CZK","USD","0.044457"
"20240927","CZK","USD","0.044416"
"20240929","CZK","USD","0.044416"
"20240930","CZK","USD","0.044161"
"20241001","CZK","USD","0.043762"
"20241002","CZK","USD","0.043589"
"20241003","CZK","USD","0.043557"
"20241004","CZK","USD","0.043309"
"20241006","CZK","USD","0.043311"
"20241007","CZK","USD","0.043267"
"20241008","CZK","USD","0.043376"
"20241009","CZK","USD","0.043172"
"20241010","CZK","USD","0.043158"
"20241011","CZK","USD","0.043218"
"20241013","CZK","USD","0.043212"
"20241014","CZK","USD","0.043196"
"20241015","CZK","USD","0.043171"
"20241016","CZK","USD","0.042955"
"20241017","CZK","USD","0.042921"
"20241018","CZK","USD","0.04309"
"20241020","CZK","USD","0.04309"
"20241021","CZK","USD","0.042793"
"20241022","CZK","USD","0.042825"
"20241023","CZK","USD","0.042684"
"20241024","CZK","USD","0.042955"
"20241025","CZK","USD","0.042673"
"20241027","CZK","USD","0.042666"
"20241028","CZK","USD","0.042632"
"20241029","CZK","USD","0.042668"
"20241030","CZK","USD","0.042776"
"20241031","CZK","USD","0.042985"
"20241101","CZK","USD","0.042755"
"20241103","CZK","USD","0.042755"
"20241104","CZK","USD","0.042939"
"20241105","CZK","USD","0.043167"
"20241106","CZK","USD","0.042327"
"20241107","CZK","USD","0.042777"
"20241108","CZK","USD","0.042434"
"20241110","CZK","USD","0.042434"
"20241111","CZK","USD","0.04205"
"20241112","CZK","USD","0.041849"
"20241113","CZK","USD","0.041785"
"20241114","CZK","USD","0.04163"
"20241115","CZK","USD","0.041719"
"20241117","CZK","USD","0.041719"
"20241118","CZK","USD","0.041901"
"20241119","CZK","USD","0.041903"
"20241120","CZK","USD","0.0417"
"20241121","CZK","USD","0.041315"
"20241122","CZK","USD","0.041104"
"20241124","CZK","USD","0.041106"
"20241125","CZK","USD","0.041486"
"20241126","CZK","USD","0.041492"
"20241127","CZK","USD","0.041826"
"20241128","CZK","USD","0.041755"
"20241129","CZK","USD","0.041884"
"20241201","CZK","USD","0.041884"
"20241202","CZK","USD","0.041598"
"20241203","CZK","USD","0.041768"
"20241204","CZK","USD","0.04176"
"20241205","CZK","USD","0.042217"
"20241206","CZK","USD","0.042109"
"20241208","CZK","USD","0.042115"
"20241209","CZK","USD","0.042061"
"20241210","CZK","USD","0.04197"
"20241211","CZK","USD","0.041851"
"20241212","CZK","USD","0.041768"
"20241213","CZK","USD","0.04198"
"20241215","CZK","USD","0.041988"
"20241216","CZK","USD","0.041988"
"20241217","CZK","USD","0.041832"
"20241218","CZK","USD","0.041188"
"20241219","CZK","USD","0.041219"
"20241220","CZK","USD","0.041506"
"20241222","CZK","USD","0.041506"
"20241223","CZK","USD","0.041376"
"20241224","CZK","USD","0.041322"
"20241225","CZK","USD","0.041305"
"20241226","CZK","USD","0.041476"
"20241227","CZK","USD","0.041362"
"20241229","CZK","USD","0.041362"
"20241230","CZK","USD","0.041355"
"20241231","CZK","USD","0.041072"
"20240311","SEK","USD","0.097657"
"20240312","SEK","USD","0.097675"
"20240313","SEK","USD","0.097773"
"20240314","SEK","USD","0.096719"
"20240315","SEK","USD","0.096518"
"20240317","SEK","USD","0.096491"
"20240318","SEK","USD","0.095847"
"20240319","SEK","USD","0.095835"
"20240320","SEK","USD","0.096295"
"20240321","SEK","USD","0.095547"
"20240322","SEK","USD","0.094638"
"20240324","SEK","USD","0.094594"
"20240325","SEK","USD","0.094547"
"20240326","SEK","USD","0.094414"
"20240327","SEK","USD","0.094227"
"20240328","SEK","USD","0.093458"
"20240329","SEK","USD","0.093806"
"20240331","SEK","USD","0.093714"
"20240401","SEK","USD","0.092595"
"20240402","SEK","USD","0.093139"
"20240403","SEK","USD","0.093958"
"20240404","SEK","USD","0.093962"
"20240405","SEK","USD","0.093976"
"20240407","SEK","USD","0.094035"
"20240408","SEK","USD","0.094665"
"20240409","SEK","USD","0.094754"
"20240410","SEK","USD","0.093283"
"20240411","SEK","USD","0.093238"
"20240412","SEK","USD","0.091848"
"20240414","SEK","USD","0.091965"
"20240415","SEK","USD","0.091856"
"20240416","SEK","USD","0.09122"
"20240417","SEK","USD","0.091377"
"20240418","SEK","USD","0.091159"
"20240419","SEK","USD","0.091557"
"20240421","SEK","USD","0.091548"
"20240422","SEK","USD","0.091834"
"20240423","SEK","USD","0.092442"
"20240424","SEK","USD","0.091894"
"20240425","SEK","USD","0.091886"
"20240426","SEK","USD","0.091376"
"20240428","SEK","USD","0.091359"
"20240429","SEK","USD","0.091543"
"20240430","SEK","USD","0.090718"
"20240501","SEK","USD","0.091506"
"20240502","SEK","USD","0.092043"
"20240503","SEK","USD","0.092432"
"20240505","SEK","USD","0.092515"
"20240506","SEK","USD","0.092467"
"20240507","SEK","USD","0.092054"
"20240508","SEK","USD","0.091672"
"20240509","SEK","USD","0.092162"
"20240510","SEK","USD","0.09224"
"20240512","SEK","USD","0.092283"
"20240513","SEK","USD","0.092231"
"20240514","SEK","USD","0.09254"
"20240515","SEK","USD","0.093751"
"20240516","SEK","USD","0.093322"
"20240517","SEK","USD","0.093308"
"20240519","SEK","USD","0.093312"
"20240520","SEK","USD","0.093545"
"20240521","SEK","USD","0.093485"
"20240522","SEK","USD","0.093138"
"20240523","SEK","USD","0.093107"
"20240524","SEK","USD","0.093716"
"20240526","SEK","USD","0.093842"
"20240527","SEK","USD","0.094221"
"20240528","SEK","USD","0.09455"
"20240529","SEK","USD","0.093691"
"20240530","SEK","USD","0.094412"
"20240531","SEK","USD","0.094961"
"20240602","SEK","USD","0.094961"
"20240603","SEK","USD","0.096074"
"20240604","SEK","USD","0.095786"
"20240605","SEK","USD","0.096197"
"20240606","SEK","USD","0.096217"
"20240607","SEK","USD","0.094885"
"20240609","SEK","USD","0.094674"
"20240610","SEK","USD","0.095431"
"20240611","SEK","USD","0.095361"
"20240612","SEK","USD","0.09635"
"20240613","SEK","USD","0.095449"
"20240614","SEK","USD","0.095094"
"20240616","SEK","USD","0.094994"
"20240617","SEK","USD","0.095436"
"20240618","SEK","USD","0.095804"
"20240619","SEK","USD","0.095794"
"20240620","SEK","USD","0.09523"
"20240621","SEK","USD","0.095164"
"20240623","SEK","USD","0.095109"
"20240624","SEK","USD","0.095451"
"20240625","SEK","USD","0.095155"
"20240626","SEK","USD","0.094557"
"20240627","SEK","USD","0.094102"
"20240628","SEK","USD","0.094341"
"20240630","SEK","USD","0.094712"
"20240701","SEK","USD","0.094219"
"20240702","SEK","USD","0.094517"
"20240703","SEK","USD","0.095303"
"20240704","SEK","USD","0.095196"
"20240705","SEK","USD","0.095424"
"20240707","SEK","USD","0.095009"
"20240708","SEK","USD","0.094492"
"20240709","SEK","USD","0.094759"
"20240710","SEK","USD","0.094842"
"20240711","SEK","USD","0.095289"
"20240712","SEK","USD","0.094971"
"20240714","SEK","USD","0.094971"
"20240715","SEK","USD","0.094331"
"20240716","SEK","USD","0.094415"
"20240717","SEK","USD","0.094831"
"20240718","SEK","USD","0.094306"
"20240719","SEK","USD","0.093662"
"20240721","SEK","USD","0.093746"
"20240722","SEK","USD","0.093257"
"20240723","SEK","USD","0.092892"
"20240724","SEK","USD","0.092778"
"20240725","SEK","USD","0.092311"
"20240726","SEK","USD","0.092443"
"20240728","SEK","USD","0.092414"
"20240729","SEK","USD","0.092353"
"20240730","SEK","USD","0.092881"
"20240731","SEK","USD","0.093499"
"20240801","SEK","USD","0.093176"
"20240802","SEK","USD","0.094523"
"20240804","SEK","USD","0.09476"
"20240805","SEK","USD","0.094676"
"20240806","SEK","USD","0.094975"
"20240807","SEK","USD","0.095306"
"20240808","SEK","USD","0.095107"
"20240809","SEK","USD","0.095053"
"20240811","SEK","USD","0.094992"
"20240812","SEK","USD","0.095012"
"20240813","SEK","USD","0.095546"
"20240814","SEK","USD","0.095514"
"20240815","SEK","USD","0.094872"
"20240816","SEK","USD","0.095781"
"20240818","SEK","USD","0.095734"
"20240819","SEK","USD","0.09698"
"20240820","SEK","USD","0.098025"
"20240821","SEK","USD","0.098195"
"20240822","SEK","USD","0.097591"
"20240823","SEK","USD","0.098234"
"20240825","SEK","USD","0.098263"
"20240826","SEK","USD","0.097897"
"20240827","SEK","USD","0.098519"
"20240828","SEK","USD","0.098088"
"20240829","SEK","USD","0.097824"
"20240830","SEK","USD","0.097334"
"20240901","SEK","USD","0.09748"
"20240902","SEK","USD","0.097538"
"20240903","SEK","USD","0.09702"
"20240904","SEK","USD","0.097319"
"20240905","SEK","USD","0.097536"
"20240906","SEK","USD","0.09707"
"20240908","SEK","USD","0.097076"
"20240909","SEK","USD","0.096355"
"20240910","SEK","USD","0.096388"
"20240911","SEK","USD","0.096267"
"20240912","SEK","USD","0.097231"
"20240913","SEK","USD","0.097764"
"20240915","SEK","USD","0.097655"
"20240916","SEK","USD","0.0983"
"20240917","SEK","USD","0.098123"
"20240918","SEK","USD","0.097939"
"20240919","SEK","USD","0.09843"
"20240920","SEK","USD","0.09829"
"20240922","SEK","USD","0.098285"
"20240923","SEK","USD","0.098092"
"20240924","SEK","USD","0.099049"
"20240925","SEK","USD","0.098185"
"20240926","SEK","USD","0.098873"
"20240927","SEK","USD","0.099075"
"20240929","SEK","USD","0.099152"
"20240930","SEK","USD","0.098418"
"20241001","SEK","USD","0.097403"
"20241002","SEK","USD","0.097425"
"20241003","SEK","USD","0.097016"
"20241004","SEK","USD","0.096414"
"20241006","SEK","USD","0.096636"
"20241007","SEK","USD","0.096558"
"20241008","SEK","USD","0.096766"
"20241009","SEK","USD","0.09619"
"20241010","SEK","USD","0.096247"
"20241011","SEK","USD","0.096432"
"20241013","SEK","USD","0.096369"
"20241014","SEK","USD","0.095939"
"20241015","SEK","USD","0.095995"
"20241016","SEK","USD","0.095196"
"20241017","SEK","USD","0.094879"
"20241018","SEK","USD","0.095073"
"20241020","SEK","USD","0.095011"
"20241021","SEK","USD","0.094677"
"20241022","SEK","USD","0.094841"
"20241023","SEK","USD","0.09439"
"20241024","SEK","USD","0.094695"
"20241025","SEK","USD","0.094139"
"20241027","SEK","USD","0.094225"
"20241028","SEK","USD","0.093892"
"20241029","SEK","USD","0.093958"
"20241030","SEK","USD","0.093656"
"20241031","SEK","USD","0.093918"
"20241101","SEK","USD","0.093052"
"20241103","SEK","USD","0.093574"
"20241104","SEK","USD","0.093227"
"20241105","SEK","USD","0.093445"
"20241106","SEK","USD","0.092135"
"20241107","SEK","USD","0.093601"
"20241108","SEK","USD","0.092415"
"20241110","SEK","USD","0.092301"
"20241111","SEK","USD","0.092225"
"20241112","SEK","USD","0.091769"
"20241113","SEK","USD","0.091031"
"20241114","SEK","USD","0.090898"
"20241115","SEK","USD","0.091095"
"20241117","SEK","USD","0.091014"
"20241118","SEK","USD","0.091718"
"20241119","SEK","USD","0.091582"
"20241120","SEK","USD","0.090676"
"20241121","SEK","USD","0.090363"
"20241122","SEK","USD","0.090599"
"20241124","SEK","USD","0.090845"
"20241125","SEK","USD","0.091034"
"20241126","SEK","USD","0.091008"
"20241127","SEK","USD","0.091639"
"20241128","SEK","USD","0.091558"
"20241129","SEK","USD","0.091766"
"20241201","SEK","USD","0.091725"
"20241202","SEK","USD","0.090966"
"20241203","SEK","USD","0.090828"
"20241204","SEK","USD","0.091512"
"20241205","SEK","USD","0.092165"
"20241206","SEK","USD","0.091437"
"20241208","SEK","USD","0.09143"
"20241209","SEK","USD","0.091626"
"20241210","SEK","USD","0.091129"
"20241211","SEK","USD","0.091107"
"20241212","SEK","USD","0.090745"
"20241213","SEK","USD","0.091087"
"20241215","SEK","USD","0.090879"
"20241216","SEK","USD","0.091855"
"20241217","SEK","USD","0.09122"
"20241218","SEK","USD","0.089839"
"20241219","SEK","USD","0.090657"
"20241220","SEK","USD","0.090602"
"20241222","SEK","USD","0.090714"
"20241223","SEK","USD","0.090517"
"20241224","SEK","USD","0.090106"
"20241225","SEK","USD","0.090227"
"20241226","SEK","USD","0.090531"
"20241227","SEK","USD","0.090901"
"20241229","SEK","USD","0.090841"
"20241230","SEK","USD","0.090686"
"20241231","SEK","USD","0.090336"
"20240311","NZD","USD","0.617"
"20240312","NZD","USD","0.61508"
"20240313","NZD","USD","0.61574"
"20240314","NZD","USD","0.61306"
"20240315","NZD","USD","0.60844"
"20240317","NZD","USD","0.60895"
"20240318","NZD","USD","0.60854"
"20240319","NZD","USD","0.60519"
"20240320","NZD","USD","0.60811"
"20240321","NZD","USD","0.60441"
"20240322","NZD","USD","0.59931"
"20240324","NZD","USD","0.60068"
"20240325","NZD","USD","0.60035"
"20240326","NZD","USD","0.60044"
"20240327","NZD","USD","0.60046"
"20240328","NZD","USD","0.59728"
"20240329","NZD","USD","0.598"
"20240331","NZD","USD","0.598"
"20240401","NZD","USD","0.59537"
"20240402","NZD","USD","0.59717"
"20240403","NZD","USD","0.60092"
"20240404","NZD","USD","0.60257"
"20240405","NZD","USD","0.60126"
"20240407","NZD","USD","0.60121"
"20240408","NZD","USD","0.60319"
"20240409","NZD","USD","0.60599"
"20240410","NZD","USD","0.59751"
"20240411","NZD","USD","0.59966"
"20240412","NZD","USD","0.5937"
"20240414","NZD","USD","0.5943"
"20240415","NZD","USD","0.5904"
"20240416","NZD","USD","0.58808"
"20240417","NZD","USD","0.59168"
"20240418","NZD","USD","0.59022"
"20240419","NZD","USD","0.58893"
"20240421","NZD","USD","0.58909"
"20240422","NZD","USD","0.59194"
"20240423","NZD","USD","0.59325"
"20240424","NZD","USD","0.59362"
"20240425","NZD","USD","0.59484"
"20240426","NZD","USD","0.59396"
"20240428","NZD","USD","0.59542"
"20240429","NZD","USD","0.59779"
"20240430","NZD","USD","0.58873"
"20240501","NZD","USD","0.59306"
"20240502","NZD","USD","0.59618"
"20240503","NZD","USD","0.60105"
"20240505","NZD","USD","0.60115"
"20240506","NZD","USD","0.60101"
"20240507","NZD","USD","0.60023"
"20240508","NZD","USD","0.60042"
"20240509","NZD","USD","0.60344"
"20240510","NZD","USD","0.60195"
"20240512","NZD","USD","0.60228"
"20240513","NZD","USD","0.60168"
"20240514","NZD","USD","0.60413"
"20240515","NZD","USD","0.61223"
"20240516","NZD","USD","0.61219"
"20240517","NZD","USD","0.61342"
"20240519","NZD","USD","0.61338"
"20240520","NZD","USD","0.61058"
"20240521","NZD","USD","0.60915"
"20240522","NZD","USD","0.60968"
"20240523","NZD","USD","0.60993"
"20240524","NZD","USD","0.6121"
"20240526","NZD","USD","0.6116"
"20240527","NZD","USD","0.61497"
"20240528","NZD","USD","0.61411"
"20240529","NZD","USD","0.61154"
"20240530","NZD","USD","0.61146"
"20240531","NZD","USD","0.61435"
"20240602","NZD","USD","0.61365"
"20240603","NZD","USD","0.61923"
"20240604","NZD","USD","0.61772"
"20240605","NZD","USD","0.61929"
"20240606","NZD","USD","0.61999"
"20240607","NZD","USD","0.61035"
"20240609","NZD","USD","0.61055"
"20240610","NZD","USD","0.61287"
"20240611","NZD","USD","0.61443"
"20240612","NZD","USD","0.61858"
"20240613","NZD","USD","0.61684"
"20240614","NZD","USD","0.61425"
"20240616","NZD","USD","0.6136"
"20240617","NZD","USD","0.61317"
"20240618","NZD","USD","0.61442"
"20240619","NZD","USD","0.61324"
"20240620","NZD","USD","0.61199"
"20240621","NZD","USD","0.61187"
"20240623","NZD","USD","0.61185"
"20240624","NZD","USD","0.61246"
"20240625","NZD","USD","0.61214"
"20240626","NZD","USD","0.60824"
"20240627","NZD","USD","0.60826"
"20240628","NZD","USD","0.60913"
"20240630","NZD","USD","0.6096"
"20240701","NZD","USD","0.60757"
"20240702","NZD","USD","0.60781"
"20240703","NZD","USD","0.61032"
"20240704","NZD","USD","0.61162"
"20240705","NZD","USD","0.61455"
"20240707","NZD","USD","0.61377"
"20240708","NZD","USD","0.61257"
"20240709","NZD","USD","0.61252"
"20240710","NZD","USD","0.60818"
"20240711","NZD","USD","0.60955"
"20240712","NZD","USD","0.61188"
"20240714","NZD","USD","0.6108"
"20240715","NZD","USD","0.6075"
"20240716","NZD","USD","0.60502"
"20240717","NZD","USD","0.60822"
"20240718","NZD","USD","0.60448"
"20240719","NZD","USD","0.60094"
"20240721","NZD","USD","0.60163"
"20240722","NZD","USD","0.5979"
"20240723","NZD","USD","0.59564"
"20240724","NZD","USD","0.59305"
"20240725","NZD","USD","0.58876"
"20240726","NZD","USD","0.58885"
"20240728","NZD","USD","0.5891"
"20240729","NZD","USD","0.58759"
"20240730","NZD","USD","0.59032"
"20240731","NZD","USD","0.59509"
"20240801","NZD","USD","0.59492"
"20240802","NZD","USD","0.59568"
"20240804","NZD","USD","0.59495"
"20240805","NZD","USD","0.59402"
"20240806","NZD","USD","0.59536"
"20240807","NZD","USD","0.59945"
"20240808","NZD","USD","0.60135"
"20240809","NZD","USD","0.59988"
"20240811","NZD","USD","0.60032"
"20240812","NZD","USD","0.60182"
"20240813","NZD","USD","0.60777"
"20240814","NZD","USD","0.59969"
"20240815","NZD","USD","0.59846"
"20240816","NZD","USD","0.60539"
"20240818","NZD","USD","0.6046"
"20240819","NZD","USD","0.61138"
"20240820","NZD","USD","0.6154"
"20240821","NZD","USD","0.61571"
"20240822","NZD","USD","0.61396"
"20240823","NZD","USD","0.62338"
"20240825","NZD","USD","0.62257"
"20240826","NZD","USD","0.62047"
"20240827","NZD","USD","0.62529"
"20240828","NZD","USD","0.6245"
"20240829","NZD","USD","0.62582"
"20240830","NZD","USD","0.62495"
"20240901","NZD","USD","0.62425"
"20240902","NZD","USD","0.62318"
"20240903","NZD","USD","0.61871"
"20240904","NZD","USD","0.61992"
"20240905","NZD","USD","0.62238"
"20240906","NZD","USD","0.61745"
"20240908","NZD","USD","0.6175"
"20240909","NZD","USD","0.61452"
"20240910","NZD","USD","0.61497"
"20240911","NZD","USD","0.61372"
"20240912","NZD","USD","0.61836"
"20240913","NZD","USD","0.61573"
"20240915","NZD","USD","0.616"
"20240916","NZD","USD","0.62018"
"20240917","NZD","USD","0.61847"
"20240918","NZD","USD","0.62089"
"20240919","NZD","USD","0.62391"
"20240920","NZD","USD","0.62375"
"20240922","NZD","USD","0.62338"
"20240923","NZD","USD","0.62668"
"20240924","NZD","USD","0.63401"
"20240925","NZD","USD","0.62624"
"20240926","NZD","USD","0.6328"
"20240927","NZD","USD","0.63405"
"20240929","NZD","USD","0.63355"
"20240930","NZD","USD","0.63487"
"20241001","NZD","USD","0.62811"
"20241002","NZD","USD","0.62628"
"20241003","NZD","USD","0.62129"
"20241004","NZD","USD","0.61584"
"20241006","NZD","USD","0.61638"
"20241007","NZD","USD","0.61248"
"20241008","NZD","USD","0.61386"
"20241009","NZD","USD","0.60639"
"20241010","NZD","USD","0.60933"
"20241011","NZD","USD","0.61095"
"20241013","NZD","USD","0.60955"
"20241014","NZD","USD","0.6096"
"20241015","NZD","USD","0.60835"
"20241016","NZD","USD","0.60572"
"20241017","NZD","USD","0.60597"
"20241018","NZD","USD","0.60712"
"20241020","NZD","USD","0.60695"
"20241021","NZD","USD","0.6031"
"20241022","NZD","USD","0.60438"
"20241023","NZD","USD","0.60049"
"20241024","NZD","USD","0.60157"
"20241025","NZD","USD","0.59775"
"20241027","NZD","USD","0.598"
"20241028","NZD","USD","0.59806"
"20241029","NZD","USD","0.59736"
"20241030","NZD","USD","0.59733"
"20241031","NZD","USD","0.59768"
"20241101","NZD","USD","0.59628"
"20241103","NZD","USD","0.60008"
"20241104","NZD","USD","0.59729"
"20241105","NZD","USD","0.60065"
"20241106","NZD","USD","0.59388"
"20241107","NZD","USD","0.60254"
"20241108","NZD","USD","0.59691"
"20241110","NZD","USD","0.5966"
"20241111","NZD","USD","0.59644"
"20241112","NZD","USD","0.59264"
"20241113","NZD","USD","0.58802"
"20241114","NZD","USD","0.58499"
"20241115","NZD","USD","0.58666"
"20241117","NZD","USD","0.58682"
"20241118","NZD","USD","0.58934"
"20241119","NZD","USD","0.59125"
"20241120","NZD","USD","0.5877"
"20241121","NZD","USD","0.58595"
"20241122","NZD","USD","0.58354"
"20241124","NZD","USD","0.58568"
"20241125","NZD","USD","0.58455"
"20241126","NZD","USD","0.58345"
"20241127","NZD","USD","0.58945"
"20241128","NZD","USD","0.58894"
"20241129","NZD","USD","0.59175"
"20241201","NZD","USD","0.59124"
"20241202","NZD","USD","0.58882"
"20241203","NZD","USD","0.58812"
"20241204","NZD","USD","0.58505"
"20241205","NZD","USD","0.58858"
"20241206","NZD","USD","0.58296"
"20241208","NZD","USD","0.58392"
"20241209","NZD","USD","0.58648"
"20241210","NZD","USD","0.57995"
"20241211","NZD","USD","0.57845"
"20241212","NZD","USD","0.57691"
"20241213","NZD","USD","0.57622"
"20241215","NZD","USD","0.57595"
"20241216","NZD","USD","0.57823"
"20241217","NZD","USD","0.57536"
"20241218","NZD","USD","0.56234"
"20241219","NZD","USD","0.56305"
"20241220","NZD","USD","0.56539"
"20241222","NZD","USD","0.56598"
"20241223","NZD","USD","0.56486"
"20241224","NZD","USD","0.5652"
"20241225","NZD","USD","0.56445"
"20241226","NZD","USD","0.56235"
"20241227","NZD","USD","0.56325"
"20241229","NZD","USD","0.56331"
"20241230","NZD","USD","0.56395"
"20241231","NZD","USD","0.55937"
"20240311","CNH","USD","0.13928"
"20240312","CNH","USD","0.13915"
"20240313","CNH","USD","0.13901"
"20240314","CNH","USD","0.13884"
"20240315","CNH","USD","0.13877"
"20240317","CNH","USD","0.13881"
"20240318","CNH","USD","0.13877"
"20240319","CNH","USD","0.13867"
"20240320","CNH","USD","0.13868"
"20240321","CNH","USD","0.13847"
"20240322","CNH","USD","0.13744"
"20240324","CNH","USD","0.13745"
"20240325","CNH","USD","0.13788"
"20240326","CNH","USD","0.13796"
"20240327","CNH","USD","0.13786"
"20240328","CNH","USD","0.1377"
"20240329","CNH","USD","0.13779"
"20240331","CNH","USD","0.13783"
"20240401","CNH","USD","0.13775"
"20240402","CNH","USD","0.13785"
"20240403","CNH","USD","0.13795"
"20240404","CNH","USD","0.13792"
"20240405","CNH","USD","0.13798"
"20240407","CNH","USD","0.13798"
"20240408","CNH","USD","0.13808"
"20240409","CNH","USD","0.13815"
"20240410","CNH","USD","0.13771"
"20240411","CNH","USD","0.13782"
"20240412","CNH","USD","0.13761"
"20240414","CNH","USD","0.13761"
"20240415","CNH","USD","0.13776"
"20240416","CNH","USD","0.13767"
"20240417","CNH","USD","0.13804"
"20240418","CNH","USD","0.13793"
"20240419","CNH","USD","0.13792"
"20240421","CNH","USD","0.13793"
"20240422","CNH","USD","0.13791"
"20240423","CNH","USD","0.13773"
"20240424","CNH","USD","0.1375"
"20240425","CNH","USD","0.13783"
"20240426","CNH","USD","0.13759"
"20240428","CNH","USD","0.13761"
"20240429","CNH","USD","0.13806"
"20240430","CNH","USD","0.13784"
"20240501","CNH","USD","0.13824"
"20240502","CNH","USD","0.13877"
"20240503","CNH","USD","0.13904"
"20240505","CNH","USD","0.13905"
"20240506","CNH","USD","0.13861"
"20240507","CNH","USD","0.13841"
"20240508","CNH","USD","0.13832"
"20240509","CNH","USD","0.13846"
"20240510","CNH","USD","0.13823"
"20240512","CNH","USD","0.13824"
"20240513","CNH","USD","0.13813"
"20240514","CNH","USD","0.13812"
"20240515","CNH","USD","0.13854"
"20240516","CNH","USD","0.13845"
"20240517","CNH","USD","0.13824"
"20240519","CNH","USD","0.13826"
"20240520","CNH","USD","0.13799"
"20240521","CNH","USD","0.13798"
"20240522","CNH","USD","0.13784"
"20240523","CNH","USD","0.13778"
"20240524","CNH","USD","0.1377"
"20240526","CNH","USD","0.13771"
"20240527","CNH","USD","0.13776"
"20240528","CNH","USD","0.13767"
"20240529","CNH","USD","0.13749"
"20240530","CNH","USD","0.13788"
"20240531","CNH","USD","0.13768"
"20240602","CNH","USD","0.13774"
"20240603","CNH","USD","0.1379"
"20240604","CNH","USD","0.13798"
"20240605","CNH","USD","0.13775"
"20240606","CNH","USD","0.13775"
"20240607","CNH","USD","0.13768"
"20240609","CNH","USD","0.13769"
"20240610","CNH","USD","0.13764"
"20240611","CNH","USD","0.13752"
"20240612","CNH","USD","0.13769"
"20240613","CNH","USD","0.13754"
"20240614","CNH","USD","0.13753"
"20240616","CNH","USD","0.13759"
"20240617","CNH","USD","0.13756"
"20240618","CNH","USD","0.13753"
"20240619","CNH","USD","0.13734"
"20240620","CNH","USD","0.13716"
"20240621","CNH","USD","0.13717"
"20240623","CNH","USD","0.13719"
"20240624","CNH","USD","0.1373"
"20240625","CNH","USD","0.13719"
"20240626","CNH","USD","0.13698"
"20240627","CNH","USD","0.13692"
"20240628","CNH","USD","0.13699"
"20240630","CNH","USD","0.13701"
"20240701","CNH","USD","0.13689"
"20240702","CNH","USD","0.13685"
"20240703","CNH","USD","0.13694"
"20240704","CNH","USD","0.13711"
"20240705","CNH","USD","0.13721"
"20240707","CNH","USD","0.13721"
"20240708","CNH","USD","0.13726"
"20240709","CNH","USD","0.1372"
"20240710","CNH","USD","0.13713"
"20240711","CNH","USD","0.13759"
"20240712","CNH","USD","0.13751"
"20240714","CNH","USD","0.13751"
"20240715","CNH","USD","0.13746"
"20240716","CNH","USD","0.13719"
"20240717","CNH","USD","0.13752"
"20240718","CNH","USD","0.13742"
"20240719","CNH","USD","0.13727"
"20240721","CNH","USD","0.13726"
"20240722","CNH","USD","0.13706"
"20240723","CNH","USD","0.13719"
"20240724","CNH","USD","0.13765"
"20240725","CNH","USD","0.13812"
"20240726","CNH","USD","0.13768"
"20240728","CNH","USD","0.13771"
"20240729","CNH","USD","0.13753"
"20240730","CNH","USD","0.13805"
"20240731","CNH","USD","0.13837"
"20240801","CNH","USD","0.13792"
"20240802","CNH","USD","0.13958"
"20240804","CNH","USD","0.13963"
"20240805","CNH","USD","0.14008"
"20240806","CNH","USD","0.13968"
"20240807","CNH","USD","0.13941"
"20240808","CNH","USD","0.13918"
"20240809","CNH","USD","0.13938"
"20240811","CNH","USD","0.13936"
"20240812","CNH","USD","0.13931"
"20240813","CNH","USD","0.1399"
"20240814","CNH","USD","0.13993"
"20240815","CNH","USD","0.13927"
"20240816","CNH","USD","0.13962"
"20240818","CNH","USD","0.13964"
"20240819","CNH","USD","0.14019"
"20240820","CNH","USD","0.14052"
"20240821","CNH","USD","0.1402"
"20240822","CNH","USD","0.13993"
"20240823","CNH","USD","0.14054"
"20240825","CNH","USD","0.14055"
"20240826","CNH","USD","0.14039"
"20240827","CNH","USD","0.14044"
"20240828","CNH","USD","0.14021"
"20240829","CNH","USD","0.14095"
"20240830","CNH","USD","0.14103"
"20240901","CNH","USD","0.14108"
"20240902","CNH","USD","0.14052"
"20240903","CNH","USD","0.14044"
"20240904","CNH","USD","0.14059"
"20240905","CNH","USD","0.14105"
"20240906","CNH","USD","0.14101"
"20240908","CNH","USD","0.14101"
"20240909","CNH","USD","0.14044"
"20240910","CNH","USD","0.14015"
"20240911","CNH","USD","0.14025"
"20240912","CNH","USD","0.14048"
"20240913","CNH","USD","0.14089"
"20240915","CNH","USD","0.14088"
"20240916","CNH","USD","0.14091"
"20240917","CNH","USD","0.14062"
"20240918","CNH","USD","0.14095"
"20240919","CNH","USD","0.14142"
"20240920","CNH","USD","0.14201"
"20240922","CNH","USD","0.14202"
"20240923","CNH","USD","0.14161"
"20240924","CNH","USD","0.14265"
"20240925","CNH","USD","0.1422"
"20240926","CNH","USD","0.14342"
"20240927","CNH","USD","0.14324"
"20240929","CNH","USD","0.1433"
"20240930","CNH","USD","0.14272"
"20241001","CNH","USD","0.14226"
"20241002","CNH","USD","0.14212"
"20241003","CNH","USD","0.1418"
"20241004","CNH","USD","0.1409"
"20241006","CNH","USD","0.14092"
"20241007","CNH","USD","0.14141"
"20241008","CNH","USD","0.14137"
"20241009","CNH","USD","0.14097"
"20241010","CNH","USD","0.14119"
"20241011","CNH","USD","0.14147"
"20241013","CNH","USD","0.14145"
"20241014","CNH","USD","0.14094"
"20241015","CNH","USD","0.14013"
"20241016","CNH","USD","0.14012"
"20241017","CNH","USD","0.14012"
"20241018","CNH","USD","0.14049"
"20241020","CNH","USD","0.14051"
"20241021","CNH","USD","0.14012"
"20241022","CNH","USD","0.14015"
"20241023","CNH","USD","0.14014"
"20241024","CNH","USD","0.14036"
"20241025","CNH","USD","0.14016"
"20241027","CNH","USD","0.14019"
"20241028","CNH","USD","0.13997"
"20241029","CNH","USD","0.14"
"20241030","CNH","USD","0.14035"
"20241031","CNH","USD","0.14042"
"20241101","CNH","USD","0.14009"
"20241103","CNH","USD","0.14063"
"20241104","CNH","USD","0.14063"
"20241105","CNH","USD","0.14081"
"20241106","CNH","USD","0.13881"
"20241107","CNH","USD","0.13987"
"20241108","CNH","USD","0.13887"
"20241110","CNH","USD","0.13891"
"20241111","CNH","USD","0.13836"
"20241112","CNH","USD","0.13807"
"20241113","CNH","USD","0.13807"
"20241114","CNH","USD","0.13789"
"20241115","CNH","USD","0.13816"
"20241117","CNH","USD","0.13819"
"20241118","CNH","USD","0.13839"
"20241119","CNH","USD","0.13823"
"20241120","CNH","USD","0.13793"
"20241121","CNH","USD","0.13783"
"20241122","CNH","USD","0.13775"
"20241124","CNH","USD","0.13807"
"20241125","CNH","USD","0.138"
"20241126","CNH","USD","0.13778"
"20241127","CNH","USD","0.13802"
"20241128","CNH","USD","0.13794"
"20241129","CNH","USD","0.13795"
"20241201","CNH","USD","0.13789"
"20241202","CNH","USD","0.13724"
"20241203","CNH","USD","0.13699"
"20241204","CNH","USD","0.13741"
"20241205","CNH","USD","0.13767"
"20241206","CNH","USD","0.1373"
"20241208","CNH","USD","0.13736"
"20241209","CNH","USD","0.13759"
"20241210","CNH","USD","0.13778"
"20241211","CNH","USD","0.13737"
"20241212","CNH","USD","0.13744"
"20241213","CNH","USD","0.13737"
"20241215","CNH","USD","0.13733"
"20241216","CNH","USD","0.13712"
"20241217","CNH","USD","0.13721"
"20241218","CNH","USD","0.13652"
"20241219","CNH","USD","0.13681"
"20241220","CNH","USD","0.13711"
"20241222","CNH","USD","0.13714"
"20241223","CNH","USD","0.13685"
"20241224","CNH","USD","0.13687"
"20241225","CNH","USD","0.13693"
"20241226","CNH","USD","0.13694"
"20241227","CNH","USD","0.13698"
"20241229","CNH","USD","0.13696"
"20241230","CNH","USD","0.13671"
"20241231","CNH","USD","0.13632"
"20240311","BRL","USD","0.2009"
"20240312","BRL","USD","0.20111"
"20240313","BRL","USD","0.20118"
"20240314","BRL","USD","0.20041"
"20240315","BRL","USD","0.20017"
"20240317","BRL","USD","0.20016"
"20240318","BRL","USD","0.19898"
"20240319","BRL","USD","0.19876"
"20240320","BRL","USD","0.20127"
"20240321","BRL","USD","0.20085"
"20240322","BRL","USD","0.19999"
"20240324","BRL","USD","0.19991"
"20240325","BRL","USD","0.20099"
"20240326","BRL","USD","0.20072"
"20240327","BRL","USD","0.20054"
"20240328","BRL","USD","0.19944"
"20240329","BRL","USD","0.19938"
"20240331","BRL","USD","0.19941"
"20240401","BRL","USD","0.19783"
"20240402","BRL","USD","0.1977"
"20240403","BRL","USD","0.19843"
"20240404","BRL","USD","0.19783"
"20240405","BRL","USD","0.19739"
"20240407","BRL","USD","0.19737"
"20240408","BRL","USD","0.19888"
"20240409","BRL","USD","0.19964"
"20240410","BRL","USD","0.19708"
"20240411","BRL","USD","0.19638"
"20240412","BRL","USD","0.19539"
"20240414","BRL","USD","0.19543"
"20240415","BRL","USD","0.19284"
"20240416","BRL","USD","0.18929"
"20240417","BRL","USD","0.19075"
"20240418","BRL","USD","0.19054"
"20240419","BRL","USD","0.19221"
"20240421","BRL","USD","0.19203"
"20240422","BRL","USD","0.19352"
"20240423","BRL","USD","0.19507"
"20240424","BRL","USD","0.19427"
"20240425","BRL","USD","0.19383"
"20240426","BRL","USD","0.19545"
"20240428","BRL","USD","0.19543"
"20240429","BRL","USD","0.19532"
"20240430","BRL","USD","0.19255"
"20240501","BRL","USD","0.19253"
"20240502","BRL","USD","0.19563"
"20240503","BRL","USD","0.19713"
"20240505","BRL","USD","0.19714"
"20240506","BRL","USD","0.19699"
"20240507","BRL","USD","0.19719"
"20240508","BRL","USD","0.19641"
"20240509","BRL","USD","0.19448"
"20240510","BRL","USD","0.19386"
"20240512","BRL","USD","0.19384"
"20240513","BRL","USD","0.19411"
"20240514","BRL","USD","0.19495"
"20240515","BRL","USD","0.19467"
"20240516","BRL","USD","0.19495"
"20240517","BRL","USD","0.1959"
"20240519","BRL","USD","0.19594"
"20240520","BRL","USD","0.19592"
"20240521","BRL","USD","0.19518"
"20240522","BRL","USD","0.19414"
"20240523","BRL","USD","0.19438"
"20240524","BRL","USD","0.19351"
"20240526","BRL","USD","0.19337"
"20240527","BRL","USD","0.19337"
"20240528","BRL","USD","0.19374"
"20240529","BRL","USD","0.19216"
"20240530","BRL","USD","0.19217"
"20240531","BRL","USD","0.19062"
"20240602","BRL","USD","0.19063"
"20240603","BRL","USD","0.19061"
"20240604","BRL","USD","0.18914"
"20240605","BRL","USD","0.18874"
"20240606","BRL","USD","0.19028"
"20240607","BRL","USD","0.18711"
"20240609","BRL","USD","0.18678"
"20240610","BRL","USD","0.18675"
"20240611","BRL","USD","0.18636"
"20240612","BRL","USD","0.18471"
"20240613","BRL","USD","0.18642"
"20240614","BRL","USD","0.186"
"20240616","BRL","USD","0.186"
"20240617","BRL","USD","0.18446"
"20240618","BRL","USD","0.18396"
"20240619","BRL","USD","0.18393"
"20240620","BRL","USD","0.18347"
"20240621","BRL","USD","0.1841"
"20240623","BRL","USD","0.18418"
"20240624","BRL","USD","0.18546"
"20240625","BRL","USD","0.18344"
"20240626","BRL","USD","0.18115"
"20240627","BRL","USD","0.18176"
"20240628","BRL","USD","0.17877"
"20240630","BRL","USD","0.17883"
"20240701","BRL","USD","0.17668"
"20240702","BRL","USD","0.17611"
"20240703","BRL","USD","0.18002"
"20240704","BRL","USD","0.18222"
"20240705","BRL","USD","0.18317"
"20240707","BRL","USD","0.18315"
"20240708","BRL","USD","0.18281"
"20240709","BRL","USD","0.18444"
"20240710","BRL","USD","0.18465"
"20240711","BRL","USD","0.18386"
"20240712","BRL","USD","0.18418"
"20240714","BRL","USD","0.18419"
"20240715","BRL","USD","0.18364"
"20240716","BRL","USD","0.1842"
"20240717","BRL","USD","0.18239"
"20240718","BRL","USD","0.1803"
"20240719","BRL","USD","0.17867"
"20240721","BRL","USD","0.1782"
"20240722","BRL","USD","0.17928"
"20240723","BRL","USD","0.17903"
"20240724","BRL","USD","0.17686"
"20240725","BRL","USD","0.17715"
"20240726","BRL","USD","0.17678"
"20240728","BRL","USD","0.17648"
"20240729","BRL","USD","0.17806"
"20240730","BRL","USD","0.17818"
"20240731","BRL","USD","0.17695"
"20240801","BRL","USD","0.17396"
"20240802","BRL","USD","0.17456"
"20240804","BRL","USD","0.17457"
"20240805","BRL","USD","0.17472"
"20240806","BRL","USD","0.1766"
"20240807","BRL","USD","0.17748"
"20240808","BRL","USD","0.18022"
"20240809","BRL","USD","0.18157"
"20240811","BRL","USD","0.18156"
"20240812","BRL","USD","0.18191"
"20240813","BRL","USD","0.18332"
"20240814","BRL","USD","0.18267"
"20240815","BRL","USD","0.18237"
"20240816","BRL","USD","0.1827"
"20240818","BRL","USD","0.18275"
"20240819","BRL","USD","0.18477"
"20240820","BRL","USD","0.18256"
"20240821","BRL","USD","0.18225"
"20240822","BRL","USD","0.17909"
"20240823","BRL","USD","0.18224"
"20240825","BRL","USD","0.18225"
"20240826","BRL","USD","0.18196"
"20240827","BRL","USD","0.18151"
"20240828","BRL","USD","0.17963"
"20240829","BRL","USD","0.17767"
"20240830","BRL","USD","0.1783"
"20240901","BRL","USD","0.17817"
"20240902","BRL","USD","0.17799"
"20240903","BRL","USD","0.17715"
"20240904","BRL","USD","0.17728"
"20240905","BRL","USD","0.17941"
"20240906","BRL","USD","0.17859"
"20240908","BRL","USD","0.1786"
"20240909","BRL","USD","0.17904"
"20240910","BRL","USD","0.17667"
"20240911","BRL","USD","0.1766"
"20240912","BRL","USD","0.17768"
"20240913","BRL","USD","0.17969"
"20240915","BRL","USD","0.17975"
"20240916","BRL","USD","0.18145"
"20240917","BRL","USD","0.18239"
"20240918","BRL","USD","0.18313"
"20240919","BRL","USD","0.18433"
"20240920","BRL","USD","0.18146"
"20240922","BRL","USD","0.18148"
"20240923","BRL","USD","0.18059"
"20240924","BRL","USD","0.1833"
"20240925","BRL","USD","0.18257"
"20240926","BRL","USD","0.18387"
"20240927","BRL","USD","0.18403"
"20240929","BRL","USD","0.184"
"20240930","BRL","USD","0.1835"
"20241001","BRL","USD","0.18392"
"20241002","BRL","USD","0.18377"
"20241003","BRL","USD","0.18257"
"20241004","BRL","USD","0.18329"
"20241006","BRL","USD","0.18329"
"20241007","BRL","USD","0.18215"
"20241008","BRL","USD","0.18067"
"20241009","BRL","USD","0.17875"
"20241010","BRL","USD","0.1791"
"20241011","BRL","USD","0.17819"
"20241013","BRL","USD","0.17819"
"20241014","BRL","USD","0.17876"
"20241015","BRL","USD","0.17692"
"20241016","BRL","USD","0.17651"
"20241017","BRL","USD","0.17683"
"20241018","BRL","USD","0.17568"
"20241020","BRL","USD","0.17575"
"20241021","BRL","USD","0.1756"
"20241022","BRL","USD","0.17579"
"20241023","BRL","USD","0.17578"
"20241024","BRL","USD","0.17653"
"20241025","BRL","USD","0.17519"
"20241027","BRL","USD","0.17521"
"20241028","BRL","USD","0.17516"
"20241029","BRL","USD","0.17357"
"20241030","BRL","USD","0.17352"
"20241031","BRL","USD","0.17276"
"20241101","BRL","USD","0.17038"
"20241103","BRL","USD","0.17041"
"20241104","BRL","USD","0.17265"
"20241105","BRL","USD","0.17388"
"20241106","BRL","USD","0.17606"
"20241107","BRL","USD","0.17567"
"20241108","BRL","USD","0.17428"
"20241110","BRL","USD","0.17427"
"20241111","BRL","USD","0.17371"
"20241112","BRL","USD","0.17393"
"20241113","BRL","USD","0.17222"
"20241114","BRL","USD","0.17273"
"20241115","BRL","USD","0.17254"
"20241117","BRL","USD","0.17256"
"20241118","BRL","USD","0.17398"
"20241119","BRL","USD","0.17331"
"20241120","BRL","USD","0.17323"
"20241121","BRL","USD","0.17197"
"20241122","BRL","USD","0.17242"
"20241124","BRL","USD","0.17238"
"20241125","BRL","USD","0.17245"
"20241126","BRL","USD","0.17212"
"20241127","BRL","USD","0.1684"
"20241128","BRL","USD","0.16624"
"20241129","BRL","USD","0.16741"
"20241201","BRL","USD","0.16741"
"20241202","BRL","USD","0.16506"
"20241203","BRL","USD","0.16544"
"20241204","BRL","USD","0.16552"
"20241205","BRL","USD","0.16634"
"20241206","BRL","USD","0.16421"
"20241208","BRL","USD","0.16421"
"20241209","BRL","USD","0.1645"
"20241210","BRL","USD","0.16541"
"20241211","BRL","USD","0.16793"
"20241212","BRL","USD","0.16689"
"20241213","BRL","USD","0.16547"
"20241215","BRL","USD","0.16539"
"20241216","BRL","USD","0.16264"
"20241217","BRL","USD","0.16379"
"20241218","BRL","USD","0.15898"
"20241219","BRL","USD","0.16252"
"20241220","BRL","USD","0.16433"
"20241222","BRL","USD","0.16448"
"20241223","BRL","USD","0.16144"
"20241224","BRL","USD","0.16151"
"20241225","BRL","USD","0.16151"
"20241226","BRL","USD","0.16173"
"20241227","BRL","USD","0.16137"
"20241229","BRL","USD","0.16137"
"20241230","BRL","USD","0.16186"
"20241231","BRL","USD","0.16169"
"20240311","BHD","USD","-1"
"20240312","BHD","USD","-1"
"20240313","BHD","USD","-1"
"20240314","BHD","USD","-1"
"20240315","BHD","USD","-1"
"20240317","BHD","USD","-1"
"20240318","BHD","USD","-1"
"20240319","BHD","USD","-1"
"20240320","BHD","USD","-1"
"20240321","BHD","USD","-1"
"20240322","BHD","USD","-1"
"20240324","BHD","USD","-1"
"20240325","BHD","USD","-1"
"20240326","BHD","USD","-1"
"20240327","BHD","USD","-1"
"20240328","BHD","USD","-1"
"20240329","BHD","USD","-1"
"20240331","BHD","USD","-1"
"20240401","BHD","USD","-1"
"20240402","BHD","USD","-1"
"20240403","BHD","USD","-1"
"20240404","BHD","USD","-1"
"20240405","BHD","USD","-1"
"20240407","BHD","USD","-1"
"20240408","BHD","USD","-1"
"20240409","BHD","USD","-1"
"20240410","BHD","USD","-1"
"20240411","BHD","USD","-1"
"20240412","BHD","USD","-1"
"20240414","BHD","USD","-1"
"20240415","BHD","USD","-1"
"20240416","BHD","USD","-1"
"20240417","BHD","USD","-1"
"20240418","BHD","USD","-1"
"20240419","BHD","USD","-1"
"20240421","BHD","USD","-1"
"20240422","BHD","USD","-1"
"20240423","BHD","USD","-1"
"20240424","BHD","USD","-1"
"20240425","BHD","USD","-1"
"20240426","BHD","USD","-1"
"20240428","BHD","USD","-1"
"20240429","BHD","USD","-1"
"20240430","BHD","USD","-1"
"20240501","BHD","USD","-1"
"20240502","BHD","USD","-1"
"20240503","BHD","USD","-1"
"20240505","BHD","USD","-1"
"20240506","BHD","USD","-1"
"20240507","BHD","USD","-1"
"20240508","BHD","USD","-1"
"20240509","BHD","USD","-1"
"20240510","BHD","USD","-1"
"20240512","BHD","USD","-1"
"20240513","BHD","USD","-1"
"20240514","BHD","USD","-1"
"20240515","BHD","USD","-1"
"20240516","BHD","USD","-1"
"20240517","BHD","USD","-1"
"20240519","BHD","USD","-1"
"20240520","BHD","USD","-1"
"20240521","BHD","USD","-1"
"20240522","BHD","USD","-1"
"20240523","BHD","USD","-1"
"20240524","BHD","USD","-1"
"20240526","BHD","USD","-1"
"20240527","BHD","USD","-1"
"20240528","BHD","USD","-1"
"20240529","BHD","USD","-1"
"20240530","BHD","USD","-1"
"20240531","BHD","USD","-1"
"20240602","BHD","USD","-1"
"20240603","BHD","USD","-1"
"20240604","BHD","USD","-1"
"20240605","BHD","USD","-1"
"20240606","BHD","USD","-1"
"20240607","BHD","USD","-1"
"20240609","BHD","USD","-1"
"20240610","BHD","USD","-1"
"20240611","BHD","USD","-1"
"20240612","BHD","USD","-1"
"20240613","BHD","USD","-1"
"20240614","BHD","USD","-1"
"20240616","BHD","USD","-1"
"20240617","BHD","USD","-1"
"20240618","BHD","USD","-1"
"20240619","BHD","USD","-1"
"20240620","BHD","USD","-1"
"20240621","BHD","USD","-1"
"20240623","BHD","USD","-1"
"20240624","BHD","USD","-1"
"20240625","BHD","USD","-1"
"20240626","BHD","USD","-1"
"20240627","BHD","USD","-1"
"20240628","BHD","USD","-1"
"20240630","BHD","USD","-1"
"20240701","BHD","USD","-1"
"20240702","BHD","USD","-1"
"20240703","BHD","USD","-1"
"20240704","BHD","USD","-1"
"20240705","BHD","USD","-1"
"20240707","BHD","USD","-1"
"20240708","BHD","USD","-1"
"20240709","BHD","USD","-1"
"20240710","BHD","USD","-1"
"20240711","BHD","USD","-1"
"20240712","BHD","USD","-1"
"20240714","BHD","USD","-1"
"20240715","BHD","USD","-1"
"20240716","BHD","USD","-1"
"20240717","BHD","USD","-1"
"20240718","BHD","USD","-1"
"20240719","BHD","USD","-1"
"20240721","BHD","USD","-1"
"20240722","BHD","USD","-1"
"20240723","BHD","USD","-1"
"20240724","BHD","USD","-1"
"20240725","BHD","USD","-1"
"20240726","BHD","USD","-1"
"20240728","BHD","USD","-1"
"20240729","BHD","USD","-1"
"20240730","BHD","USD","-1"
"20240731","BHD","USD","-1"
"20240801","BHD","USD","-1"
"20240802","BHD","USD","-1"
"20240804","BHD","USD","-1"
"20240805","BHD","USD","-1"
"20240806","BHD","USD","-1"
"20240807","BHD","USD","-1"
"20240808","BHD","USD","-1"
"20240809","BHD","USD","-1"
"20240811","BHD","USD","-1"
"20240812","BHD","USD","-1"
"20240813","BHD","USD","-1"
"20240814","BHD","USD","-1"
"20240815","BHD","USD","-1"
"20240816","BHD","USD","-1"
"20240818","BHD","USD","-1"
"20240819","BHD","USD","-1"
"20240820","BHD","USD","-1"
"20240821","BHD","USD","-1"
"20240822","BHD","USD","-1"
"20240823","BHD","USD","-1"
"20240825","BHD","USD","-1"
"20240826","BHD","USD","-1"
"20240827","BHD","USD","-1"
"20240828","BHD","USD","-1"
"20240829","BHD","USD","-1"
"20240830","BHD","USD","-1"
"20240901","BHD","USD","-1"
"20240902","BHD","USD","-1"
"20240903","BHD","USD","-1"
"20240904","BHD","USD","-1"
"20240905","BHD","USD","-1"
"20240906","BHD","USD","-1"
"20240908","BHD","USD","-1"
"20240909","BHD","USD","-1"
"20240910","BHD","USD","-1"
"20240911","BHD","USD","-1"
"20240912","BHD","USD","-1"
"20240913","BHD","USD","-1"
"20240915","BHD","USD","-1"
"20240916","BHD","USD","-1"
"20240917","BHD","USD","-1"
"20240918","BHD","USD","-1"
"20240919","BHD","USD","-1"
"20240920","BHD","USD","-1"
"20240922","BHD","USD","-1"
"20240923","BHD","USD","-1"
"20240924","BHD","USD","-1"
"20240925","BHD","USD","-1"
"20240926","BHD","USD","-1"
"20240927","BHD","USD","-1"
"20240929","BHD","USD","-1"
"20240930","BHD","USD","-1"
"20241001","BHD","USD","-1"
"20241002","BHD","USD","-1"
"20241003","BHD","USD","-1"
"20241004","BHD","USD","-1"
"20241006","BHD","USD","-1"
"20241007","BHD","USD","-1"
"20241008","BHD","USD","-1"
"20241009","BHD","USD","-1"
"20241010","BHD","USD","-1"
"20241011","BHD","USD","-1"
"20241013","BHD","USD","-1"
"20241014","BHD","USD","-1"
"20241015","BHD","USD","-1"
"20241016","BHD","USD","-1"
"20241017","BHD","USD","-1"
"20241018","BHD","USD","-1"
"20241020","BHD","USD","-1"
"20241021","BHD","USD","-1"
"20241022","BHD","USD","-1"
"20241023","BHD","USD","-1"
"20241024","BHD","USD","-1"
"20241025","BHD","USD","-1"
"20241027","BHD","USD","-1"
"20241028","BHD","USD","-1"
"20241029","BHD","USD","-1"
"20241030","BHD","USD","-1"
"20241031","BHD","USD","-1"
"20241101","BHD","USD","-1"
"20241103","BHD","USD","-1"
"20241104","BHD","USD","-1"
"20241105","BHD","USD","-1"
"20241106","BHD","USD","-1"
"20241107","BHD","USD","-1"
"20241108","BHD","USD","-1"
"20241110","BHD","USD","-1"
"20241111","BHD","USD","-1"
"20241112","BHD","USD","-1"
"20241113","BHD","USD","-1"
"20241114","BHD","USD","-1"
"20241115","BHD","USD","-1"
"20241117","BHD","USD","-1"
"20241118","BHD","USD","-1"
"20241119","BHD","USD","-1"
"20241120","BHD","USD","-1"
"20241121","BHD","USD","-1"
"20241122","BHD","USD","-1"
"20241124","BHD","USD","-1"
"20241125","BHD","USD","-1"
"20241126","BHD","USD","-1"
"20241127","BHD","USD","-1"
"20241128","BHD","USD","-1"
"20241129","BHD","USD","-1"
"20241201","BHD","USD","-1"
"20241202","BHD","USD","-1"
"20241203","BHD","USD","-1"
"20241204","BHD","USD","-1"
"20241205","BHD","USD","-1"
"20241206","BHD","USD","-1"
"20241208","BHD","USD","-1"
"20241209","BHD","USD","-1"
"20241210","BHD","USD","-1"
"20241211","BHD","USD","-1"
"20241212","BHD","USD","-1"
"20241213","BHD","USD","-1"
"20241215","BHD","USD","-1"
"20241216","BHD","USD","-1"
"20241217","BHD","USD","-1"
"20241218","BHD","USD","-1"
"20241219","BHD","USD","-1"
"20241220","BHD","USD","-1"
"20241222","BHD","USD","-1"
"20241223","BHD","USD","-1"
"20241224","BHD","USD","-1"
"20241225","BHD","USD","-1"
"20241226","BHD","USD","-1"
"20241227","BHD","USD","-1"
"20241229","BHD","USD","-1"
"20241230","BHD","USD","-1"
"20241231","BHD","USD","-1"
