"ClientAccountID","AccountAlias","CurrencyPrimary","AccountType","DateOpened","DateFunded"
"U14404500","","USD","Individual","20240307","20240311"
"ClientAccountID","AccountAlias","Model","CurrencyPrimary","ReportDate","Cash","CashLong","CashShort","BrokerCashComponent","BrokerCashComponentLong","BrokerCashComponentShort","FDICInsuredBankSweepAccountCashComponent","FDICInsuredBankSweepAccountCashComponentLong","FDICInsuredBankSweepAccountCashComponentShort","InsuredBankDepositRedemptionCashComponent","InsuredBankDepositRedemptionCashComponentLong","InsuredBankDepositRedemptionCashComponentShort","SLBCashCollateral","SLBCashCollateralLong","SLBCashCollateralShort","Stock","StockLong","StockShort","IPOSubscription","IPOSubscriptionLong","IPOSubscriptionShort","SLBDirectSecuritiesBorrowed","SLBDirectSecuritiesBorrowedLong","SLBDirectSecuritiesBorrowedShort","SLBDirectSecuritiesLent","SLBDirectSecuritiesLentLong","SLBDirectSecuritiesLentShort","Options","OptionsLong","OptionsShort","Bonds","BondsLong","BondsShort","Commodities","CommoditiesLong","CommoditiesShort","Notes","NotesLong","NotesShort","Funds","FundsLong","FundsShort","DividendAccruals","DividendAccrualsLong","DividendAccrualsShort","LiteSurchargeAccruals","LiteSurchargeAccrualsLong","LiteSurchargeAccrualsShort","CGTWithholdingAccruals","CGTWithholdingAccrualsLong","CGTWithholdingAccrualsShort","InterestAccruals","InterestAccrualsLong","InterestAccrualsShort","IncentiveCouponAccruals","IncentiveCouponAccrualsLong","IncentiveCouponAccrualsShort","BrokerInterestAccrualsComponent","BrokerInterestAccrualsComponentLong","BrokerInterestAccrualsComponentShort","FDICInsuredAccountInterestAccrualsComponent","FDICInsuredAccountInterestAccrualsComponentLong","FDICInsuredAccountInterestAccrualsComponentShort","BondInterestAccrualsComponent","BondInterestAccrualsComponentLong","BondInterestAccrualsComponentShort","BrokerFeesAccrualsComponent","BrokerFeesAccrualsComponentLong","BrokerFeesAccrualsComponentShort","EventContractInterestAccruals","EventContractInterestAccrualsLong","EventContractInterestAccrualsShort","MarginFinancingChargeAccruals","MarginFinancingChargeAccrualsLong","MarginFinancingChargeAccrualsShort","SoftDollars","SoftDollarsLong","SoftDollarsShort","ForexCfdUnrealizedPl","ForexCfdUnrealizedPlLong","ForexCfdUnrealizedPlShort","CfdUnrealizedPl","CfdUnrealizedPlLong","CfdUnrealizedPlShort","PhysicalDelivery","PhysicalDeliveryLong","PhysicalDeliveryShort","Crypto","CryptoLong","CryptoShort","Total","TotalLong","TotalShort"
"U14404500","","","USD","20241231","0.361163834","0.361163834","0","0","0","0","0","0","0","0","0","0","0","0","0","1365.72","1365.72","0","0","0","0","0","0","0","0","0","0","0","0","0","0","0","0","0","0","0","0","0","0","0","0","0","0","0","0","0","0","0","0","0","0","0","0","0","0","0","0","0","0","0","0","0","0","0","0","0","0","0","0","0","0","0","0","0","0","0","0","0","0","0","0","0","0","0","0","0","0","0","0","0","1366.081163834","1366.081163834","0"
"U14404500","","","USD","20250101","0.361163834","0.361163834","0","0","0","0","0","0","0","0","0","0","0","0","0","1365.72","1365.72","0","0","0","0","0","0","0","0","0","0","0","0","0","0","0","0","0","0","0","0","0","0","0","0","0","0","0","0","0","0","0","0","0","0","0","0","0","0","0","0","0","0","0","0","0","0","0","0","0","0","0","0","0","0","0","0","0","0","0","0","0","0","0","0","0","0","0","0","0","0","0","0","0","1366.081163834","1366.081163834","0"
"U14404500","","","USD","20250102","0.361163834","0.361163834","0","0","0","0","0","0","0","0","0","0","0","0","0","1362.3","1362.3","0","0","0","0","0","0","0","0","0","0","0","0","0","0","0","0","0","0","0","0","0","0","0","0","0","0","0","0","0","0","0","0","0","0","0","0","0","0","0","0","0","0","0","0","0","0","0","0","0","0","0","0","0","0","0","0","0","0","0","0","0","0","0","0","0","0","0","0","0","0","0","0","0","1362.661163834","1362.661163834","0"
"U14404500","","","USD","20250103","0.361163834","0.361163834","0","0","0","0","0","0","0","0","0","0","0","0","0","1379.89","1379.89","0","0","0","0","0","0","0","0","0","0","0","0","0","0","0","0","0","0","0","0","0","0","0","0","0","0","0","0","0","0","0","0","0","0","0","0","0","0","0","0","0","0","0","0","0","0","0","0","0","0","0","0","0","0","0","0","0","0","0","0","0","0","0","0","0","0","0","0","0","0","0","0","0","1380.251163834","1380.251163834","0"
"U14404500","","","USD","20250106","0.361163834","0.361163834","0","0","0","0","0","0","0","0","0","0","0","0","0","1387.93","1387.93","0","0","0","0","0","0","0","0","0","0","0","0","0","0","0","0","0","0","0","0","0","0","0","0","0","0","0","0","0","0","0","0","0","0","0","0","0","0","0","0","0","0","0","0","0","0","0","0","0","0","0","0","0","0","0","0","0","0","0","0","0","0","0","0","0","0","0","0","0","0","0","0","0","1388.291163834","1388.291163834","0"
"U14404500","","","USD","20250107","0.361163834","0.361163834","0","0","0","0","0","0","0","0","0","0","0","0","0","1372.31","1372.31","0","0","0","0","0","0","0","0","0","0","0","0","0","0","0","0","0","0","0","0","0","0","0","0","0","0","0","0","0","0","0","0","0","0","0","0","0","0","0","0","0","0","0","0","0","0","0","0","0","0","0","0","0","0","0","0","0","0","0","0","0","0","0","0","0","0","0","0","0","0","0","0","0","1372.671163834","1372.671163834","0"
"U14404500","","","USD","20250108","0.361163834","0.361163834","0","0","0","0","0","0","0","0","0","0","0","0","0","1374.16","1374.16","0","0","0","0","0","0","0","0","0","0","0","0","0","0","0","0","0","0","0","0","0","0","0","0","0","0","0","0","0","0","0","0","0","0","0","0","0","0","0","0","0","0","0","0","0","0","0","0","0","0","0","0","0","0","0","0","0","0","0","0","0","0","0","0","0","0","0","0","0","0","0","0","0","1374.521163834","1374.521163834","0"
"U14404500","","","USD","20250109","0.361163834","0.361163834","0","0","0","0","0","0","0","0","0","0","0","0","0","1374.16","1374.16","0","0","0","0","0","0","0","0","0","0","0","0","0","0","0","0","0","0","0","0","0","0","0","0","0","0","0","0","0","0","0","0","0","0","0","0","0","0","0","0","0","0","0","0","0","0","0","0","0","0","0","0","0","0","0","0","0","0","0","0","0","0","0","0","0","0","0","0","0","0","0","0","0","1374.521163834","1374.521163834","0"
"U14404500","","","USD","20250110","0.361163834","0.361163834","0","0","0","0","0","0","0","0","0","0","0","0","0","1353.25","1353.25","0","0","0","0","0","0","0","0","0","0","0","0","0","0","0","0","0","0","0","0","0","0","0","0","0","0","0","0","0","0","0","0","0","0","0","0","0","0","0","0","0","0","0","0","0","0","0","0","0","0","0","0","0","0","0","0","0","0","0","0","0","0","0","0","0","0","0","0","0","0","0","0","0","1353.611163834","1353.611163834","0"
"U14404500","","","USD","20250113","0.361163834","0.361163834","0","0","0","0","0","0","0","0","0","0","0","0","0","1355","1355","0","0","0","0","0","0","0","0","0","0","0","0","0","0","0","0","0","0","0","0","0","0","0","0","0","0","0","0","0","0","0","0","0","0","0","0","0","0","0","0","0","0","0","0","0","0","0","0","0","0","0","0","0","0","0","0","0","0","0","0","0","0","0","0","0","0","0","0","0","0","0","0","0","1355.361163834","1355.361163834","0"
"U14404500","","","USD","20250114","0.361163834","0.361163834","0","0","0","0","0","0","0","0","0","0","0","0","0","1356.72","1356.72","0","0","0","0","0","0","0","0","0","0","0","0","0","0","0","0","0","0","0","0","0","0","0","0","0","0","0","0","0","0","0","0","0","0","0","0","0","0","0","0","0","0","0","0","0","0","0","0","0","0","0","0","0","0","0","0","0","0","0","0","0","0","0","0","0","0","0","0","0","0","0","0","0","1357.081163834","1357.081163834","0"
"U14404500","","","USD","20250115","0.361163834","0.361163834","0","0","0","0","0","0","0","0","0","0","0","0","0","1381.54","1381.54","0","0","0","0","0","0","0","0","0","0","0","0","0","0","0","0","0","0","0","0","0","0","0","0","0","0","0","0","0","0","0","0","0","0","0","0","0","0","0","0","0","0","0","0","0","0","0","0","0","0","0","0","0","0","0","0","0","0","0","0","0","0","0","0","0","0","0","0","0","0","0","0","0","1381.901163834","1381.901163834","0"
"U14404500","","","USD","20250116","0.361163834","0.361163834","0","0","0","0","0","0","0","0","0","0","0","0","0","1379.49","1379.49","0","0","0","0","0","0","0","0","0","0","0","0","0","0","0","0","0","0","0","0","0","0","0","0","0","0","0","0","0","0","0","0","0","0","0","0","0","0","0","0","0","0","0","0","0","0","0","0","0","0","0","0","0","0","0","0","0","0","0","0","0","0","0","0","0","0","0","0","0","0","0","0","0","1379.851163834","1379.851163834","0"
"U14404500","","","USD","20250117","0.361163834","0.361163834","0","0","0","0","0","0","0","0","0","0","0","0","0","1392.72","1392.72","0","0","0","0","0","0","0","0","0","0","0","0","0","0","0","0","0","0","0","0","0","0","0","0","0","0","0","0","0","0","0","0","0","0","0","0","0","0","0","0","0","0","0","0","0","0","0","0","0","0","0","0","0","0","0","0","0","0","0","0","0","0","0","0","0","0","0","0","0","0","0","0","0","1393.081163834","1393.081163834","0"
"U14404500","","","USD","20250120","0.361163834","0.361163834","0","0","0","0","0","0","0","0","0","0","0","0","0","1392.72","1392.72","0","0","0","0","0","0","0","0","0","0","0","0","0","0","0","0","0","0","0","0","0","0","0","0","0","0","0","0","0","0","0","0","0","0","0","0","0","0","0","0","0","0","0","0","0","0","0","0","0","0","0","0","0","0","0","0","0","0","0","0","0","0","0","0","0","0","0","0","0","0","0","0","0","1393.081163834","1393.081163834","0"
"U14404500","","","USD","20250121","0.361163834","0.361163834","0","0","0","0","0","0","0","0","0","0","0","0","0","1405.39","1405.39","0","0","0","0","0","0","0","0","0","0","0","0","0","0","0","0","0","0","0","0","0","0","0","0","0","0","0","0","0","0","0","0","0","0","0","0","0","0","0","0","0","0","0","0","0","0","0","0","0","0","0","0","0","0","0","0","0","0","0","0","0","0","0","0","0","0","0","0","0","0","0","0","0","1405.751163834","1405.751163834","0"
"U14404500","","","USD","20250122","0.361163834","0.361163834","0","0","0","0","0","0","0","0","0","0","0","0","0","1413.37","1413.37","0","0","0","0","0","0","0","0","0","0","0","0","0","0","0","0","0","0","0","0","0","0","0","0","0","0","0","0","0","0","0","0","0","0","0","0","0","0","0","0","0","0","0","0","0","0","0","0","0","0","0","0","0","0","0","0","0","0","0","0","0","0","0","0","0","0","0","0","0","0","0","0","0","1413.731163834","1413.731163834","0"
"U14404500","","","USD","20250123","0.361163834","0.361163834","0","0","0","0","0","0","0","0","0","0","0","0","0","1421.21","1421.21","0","0","0","0","0","0","0","0","0","0","0","0","0","0","0","0","0","0","0","0","0","0","0","0","0","0","0","0","0","0","0","0","0","0","0","0","0","0","0","0","0","0","0","0","0","0","0","0","0","0","0","0","0","0","0","0","0","0","0","0","0","0","0","0","0","0","0","0","0","0","0","0","0","1421.571163834","1421.571163834","0"
"U14404500","","","USD","20250124","0.361163834","0.361163834","0","0","0","0","0","0","0","0","0","0","0","0","0","1416.92","1416.92","0","0","0","0","0","0","0","0","0","0","0","0","0","0","0","0","0","0","0","0","0","0","0","0","0","0","0","0","0","0","0","0","0","0","0","0","0","0","0","0","0","0","0","0","0","0","0","0","0","0","0","0","0","0","0","0","0","0","0","0","0","0","0","0","0","0","0","0","0","0","0","0","0","1417.281163834","1417.281163834","0"
"U14404500","","","USD","20250127","0.361163834","0.361163834","0","0","0","0","0","0","0","0","0","0","0","0","0","1397.2","1397.2","0","0","0","0","0","0","0","0","0","0","0","0","0","0","0","0","0","0","0","0","0","0","0","0","0","0","0","0","0","0","0","0","0","0","0","0","0","0","0","0","0","0","0","0","0","0","0","0","0","0","0","0","0","0","0","0","0","0","0","0","0","0","0","0","0","0","0","0","0","0","0","0","0","1397.561163834","1397.561163834","0"
"U14404500","","","USD","20250128","0.361163834","0.361163834","0","0","0","0","0","0","0","0","0","0","0","0","0","1408.91","1408.91","0","0","0","0","0","0","0","0","0","0","0","0","0","0","0","0","0","0","0","0","0","0","0","0","0","0","0","0","0","0","0","0","0","0","0","0","0","0","0","0","0","0","0","0","0","0","0","0","0","0","0","0","0","0","0","0","0","0","0","0","0","0","0","0","0","0","0","0","0","0","0","0","0","1409.271163834","1409.271163834","0"
"U14404500","","","USD","20250129","0.361163834","0.361163834","0","0","0","0","0","0","0","0","0","0","0","0","0","1402.73","1402.73","0","0","0","0","0","0","0","0","0","0","0","0","0","0","0","0","0","0","0","0","0","0","0","0","0","0","0","0","0","0","0","0","0","0","0","0","0","0","0","0","0","0","0","0","0","0","0","0","0","0","0","0","0","0","0","0","0","0","0","0","0","0","0","0","0","0","0","0","0","0","0","0","0","1403.091163834","1403.091163834","0"
"U14404500","","","USD","20250130","0.361163834","0.361163834","0","0","0","0","0","0","0","0","0","0","0","0","0","1410.05","1410.05","0","0","0","0","0","0","0","0","0","0","0","0","0","0","0","0","0","0","0","0","0","0","0","0","0","0","0","0","0","0","0","0","0","0","0","0","0","0","0","0","0","0","0","0","0","0","0","0","0","0","0","0","0","0","0","0","0","0","0","0","0","0","0","0","0","0","0","0","0","0","0","0","0","1410.411163834","1410.411163834","0"
"U14404500","","","USD","20250131","0.361163834","0.361163834","0","0","0","0","0","0","0","0","0","0","0","0","0","1402.53","1402.53","0","0","0","0","0","0","0","0","0","0","0","0","0","0","0","0","0","0","0","0","0","0","0","0","0","0","0","0","0","0","0","0","0","0","0","0","0","0","0","0","0","0","0","0","0","0","0","0","0","0","0","0","0","0","0","0","0","0","0","0","0","0","0","0","0","0","0","0","0","0","0","0","0","1402.891163834","1402.891163834","0"
"U14404500","","","USD","20250203","0.361163834","0.361163834","0","0","0","0","0","0","0","0","0","0","0","0","0","1393.32","1393.32","0","0","0","0","0","0","0","0","0","0","0","0","0","0","0","0","0","0","0","0","0","0","0","0","0","0","0","0","0","0","0","0","0","0","0","0","0","0","0","0","0","0","0","0","0","0","0","0","0","0","0","0","0","0","0","0","0","0","0","0","0","0","0","0","0","0","0","0","0","0","0","0","0","1393.681163834","1393.681163834","0"
"U14404500","","","USD","20250204","0.361163834","0.361163834","0","0","0","0","0","0","0","0","0","0","0","0","0","1402.58","1402.58","0","0","0","0","0","0","0","0","0","0","0","0","0","0","0","0","0","0","0","0","0","0","0","0","0","0","0","0","0","0","0","0","0","0","0","0","0","0","0","0","0","0","0","0","0","0","0","0","0","0","0","0","0","0","0","0","0","0","0","0","0","0","0","0","0","0","0","0","0","0","0","0","0","1402.941163834","1402.941163834","0"
"U14404500","","","USD","20250205","0.361163834","0.361163834","0","0","0","0","0","0","0","0","0","0","0","0","0","1408.33","1408.33","0","0","0","0","0","0","0","0","0","0","0","0","0","0","0","0","0","0","0","0","0","0","0","0","0","0","0","0","0","0","0","0","0","0","0","0","0","0","0","0","0","0","0","0","0","0","0","0","0","0","0","0","0","0","0","0","0","0","0","0","0","0","0","0","0","0","0","0","0","0","0","0","0","1408.691163834","1408.691163834","0"
"U14404500","","","USD","20250206","0.361163834","0.361163834","0","0","0","0","0","0","0","0","0","0","0","0","0","1413.4","1413.4","0","0","0","0","0","0","0","0","0","0","0","0","0","0","0","0","0","0","0","0","0","0","0","0","0","0","0","0","0","0","0","0","0","0","0","0","0","0","0","0","0","0","0","0","0","0","0","0","0","0","0","0","0","0","0","0","0","0","0","0","0","0","0","0","0","0","0","0","0","0","0","0","0","1413.761163834","1413.761163834","0"
"U14404500","","","USD","20250207","0.361163834","0.361163834","0","0","0","0","0","0","0","0","0","0","0","0","0","1399.66","1399.66","0","0","0","0","0","0","0","0","0","0","0","0","0","0","0","0","0","0","0","0","0","0","0","0","0","0","0","0","0","0","0","0","0","0","0","0","0","0","0","0","0","0","0","0","0","0","0","0","0","0","0","0","0","0","0","0","0","0","0","0","0","0","0","0","0","0","0","0","0","0","0","0","0","1400.021163834","1400.021163834","0"
"U14404500","","","USD","20250210","0.361163834","0.361163834","0","0","0","0","0","0","0","0","0","0","0","0","0","1409.67","1409.67","0","0","0","0","0","0","0","0","0","0","0","0","0","0","0","0","0","0","0","0","0","0","0","0","0","0","0","0","0","0","0","0","0","0","0","0","0","0","0","0","0","0","0","0","0","0","0","0","0","0","0","0","0","0","0","0","0","0","0","0","0","0","0","0","0","0","0","0","0","0","0","0","0","1410.031163834","1410.031163834","0"
"U14404500","","","USD","20250211","0.361163834","0.361163834","0","0","0","0","0","0","0","0","0","0","0","0","0","1410.94","1410.94","0","0","0","0","0","0","0","0","0","0","0","0","0","0","0","0","0","0","0","0","0","0","0","0","0","0","0","0","0","0","0","0","0","0","0","0","0","0","0","0","0","0","0","0","0","0","0","0","0","0","0","0","0","0","0","0","0","0","0","0","0","0","0","0","0","0","0","0","0","0","0","0","0","1411.301163834","1411.301163834","0"
"U14404500","","","USD","20250212","0.361163834","0.361163834","0","0","0","0","0","0","0","0","0","0","0","0","0","1406.28","1406.28","0","0","0","0","0","0","0","0","0","0","0","0","0","0","0","0","0","0","0","0","0","0","0","0","0","0","0","0","0","0","0","0","0","0","0","0","0","0","0","0","0","0","0","0","0","0","0","0","0","0","0","0","0","0","0","0","0","0","0","0","0","0","0","0","0","0","0","0","0","0","0","0","0","1406.641163834","1406.641163834","0"
"U14404500","","","USD","20250213","0.361163834","0.361163834","0","0","0","0","0","0","0","0","0","0","0","0","0","1421.13","1421.13","0","0","0","0","0","0","0","0","0","0","0","0","0","0","0","0","0","0","0","0","0","0","0","0","0","0","0","0","0","0","0","0","0","0","0","0","0","0","0","0","0","0","0","0","0","0","0","0","0","0","0","0","0","0","0","0","0","0","0","0","0","0","0","0","0","0","0","0","0","0","0","0","0","1421.491163834","1421.491163834","0"
"U14404500","","","USD","20250214","0.361163834","0.361163834","0","0","0","0","0","0","0","0","0","0","0","0","0","1421.18","1421.18","0","0","0","0","0","0","0","0","0","0","0","0","0","0","0","0","0","0","0","0","0","0","0","0","0","0","0","0","0","0","0","0","0","0","0","0","0","0","0","0","0","0","0","0","0","0","0","0","0","0","0","0","0","0","0","0","0","0","0","0","0","0","0","0","0","0","0","0","0","0","0","0","0","1421.541163834","1421.541163834","0"
"U14404500","","","USD","20250217","0.361163834","0.361163834","0","0","0","0","0","0","0","0","0","0","0","0","0","1421.18","1421.18","0","0","0","0","0","0","0","0","0","0","0","0","0","0","0","0","0","0","0","0","0","0","0","0","0","0","0","0","0","0","0","0","0","0","0","0","0","0","0","0","0","0","0","0","0","0","0","0","0","0","0","0","0","0","0","0","0","0","0","0","0","0","0","0","0","0","0","0","0","0","0","0","0","1421.541163834","1421.541163834","0"
"U14404500","","","USD","20250218","0.361163834","0.361163834","0","0","0","0","0","0","0","0","0","0","0","0","0","1425.29","1425.29","0","0","0","0","0","0","0","0","0","0","0","0","0","0","0","0","0","0","0","0","0","0","0","0","0","0","0","0","0","0","0","0","0","0","0","0","0","0","0","0","0","0","0","0","0","0","0","0","0","0","0","0","0","0","0","0","0","0","0","0","0","0","0","0","0","0","0","0","0","0","0","0","0","1425.651163834","1425.651163834","0"
"U14404500","","","USD","20250219","0.361163834","0.361163834","0","0","0","0","0","0","0","0","0","0","0","0","0","1428.73","1428.73","0","0","0","0","0","0","0","0","0","0","0","0","0","0","0","0","0","0","0","0","0","0","0","0","0","0","0","0","0","0","0","0","0","0","0","0","0","0","0","0","0","0","0","0","0","0","0","0","0","0","0","0","0","0","0","0","0","0","0","0","0","0","0","0","0","0","0","0","0","0","0","0","0","1429.091163834","1429.091163834","0"
"U14404500","","","USD","20250220","0.361163834","0.361163834","0","0","0","0","0","0","0","0","0","0","0","0","0","1422.73","1422.73","0","0","0","0","0","0","0","0","0","0","0","0","0","0","0","0","0","0","0","0","0","0","0","0","0","0","0","0","0","0","0","0","0","0","0","0","0","0","0","0","0","0","0","0","0","0","0","0","0","0","0","0","0","0","0","0","0","0","0","0","0","0","0","0","0","0","0","0","0","0","0","0","0","1423.091163834","1423.091163834","0"
"U14404500","","","USD","20250221","0.361163834","0.361163834","0","0","0","0","0","0","0","0","0","0","0","0","0","1398.52","1398.52","0","0","0","0","0","0","0","0","0","0","0","0","0","0","0","0","0","0","0","0","0","0","0","0","0","0","0","0","0","0","0","0","0","0","0","0","0","0","0","0","0","0","0","0","0","0","0","0","0","0","0","0","0","0","0","0","0","0","0","0","0","0","0","0","0","0","0","0","0","0","0","0","0","1398.881163834","1398.881163834","0"
"U14404500","","","USD","20250224","0.361163834","0.361163834","0","0","0","0","0","0","0","0","0","0","0","0","0","1391.91","1391.91","0","0","0","0","0","0","0","0","0","0","0","0","0","0","0","0","0","0","0","0","0","0","0","0","0","0","0","0","0","0","0","0","0","0","0","0","0","0","0","0","0","0","0","0","0","0","0","0","0","0","0","0","0","0","0","0","0","0","0","0","0","0","0","0","0","0","0","0","0","0","0","0","0","1392.271163834","1392.271163834","0"
"U14404500","","","USD","20250225","0.361163834","0.361163834","0","0","0","0","0","0","0","0","0","0","0","0","0","1384.99","1384.99","0","0","0","0","0","0","0","0","0","0","0","0","0","0","0","0","0","0","0","0","0","0","0","0","0","0","0","0","0","0","0","0","0","0","0","0","0","0","0","0","0","0","0","0","0","0","0","0","0","0","0","0","0","0","0","0","0","0","0","0","0","0","0","0","0","0","0","0","0","0","0","0","0","1385.351163834","1385.351163834","0"
"U14404500","","","USD","20250226","0.361163834","0.361163834","0","0","0","0","0","0","0","0","0","0","0","0","0","1385.85","1385.85","0","0","0","0","0","0","0","0","0","0","0","0","0","0","0","0","0","0","0","0","0","0","0","0","0","0","0","0","0","0","0","0","0","0","0","0","0","0","0","0","0","0","0","0","0","0","0","0","0","0","0","0","0","0","0","0","0","0","0","0","0","0","0","0","0","0","0","0","0","0","0","0","0","1386.211163834","1386.211163834","0"
"U14404500","","","USD","20250227","0.361163834","0.361163834","0","0","0","0","0","0","0","0","0","0","0","0","0","1363.59","1363.59","0","0","0","0","0","0","0","0","0","0","0","0","0","0","0","0","0","0","0","0","0","0","0","0","0","0","0","0","0","0","0","0","0","0","0","0","0","0","0","0","0","0","0","0","0","0","0","0","0","0","0","0","0","0","0","0","0","0","0","0","0","0","0","0","0","0","0","0","0","0","0","0","0","1363.951163834","1363.951163834","0"
"U14404500","","","USD","20250228","0.361163834","0.361163834","0","0","0","0","0","0","0","0","0","0","0","0","0","1384.78","1384.78","0","0","0","0","0","0","0","0","0","0","0","0","0","0","0","0","0","0","0","0","0","0","0","0","0","0","0","0","0","0","0","0","0","0","0","0","0","0","0","0","0","0","0","0","0","0","0","0","0","0","0","0","0","0","0","0","0","0","0","0","0","0","0","0","0","0","0","0","0","0","0","0","0","1385.141163834","1385.141163834","0"
"U14404500","","","USD","20250303","0.361163834","0.361163834","0","0","0","0","0","0","0","0","0","0","0","0","0","1360.93","1360.93","0","0","0","0","0","0","0","0","0","0","0","0","0","0","0","0","0","0","0","0","0","0","0","0","0","0","0","0","0","0","0","0","0","0","0","0","0","0","0","0","0","0","0","0","0","0","0","0","0","0","0","0","0","0","0","0","0","0","0","0","0","0","0","0","0","0","0","0","0","0","0","0","0","1361.291163834","1361.291163834","0"
"U14404500","","","USD","20250304","0.361163834","0.361163834","0","0","0","0","0","0","0","0","0","0","0","0","0","1344.53","1344.53","0","0","0","0","0","0","0","0","0","0","0","0","0","0","0","0","0","0","0","0","0","0","0","0","0","0","0","0","0","0","0","0","0","0","0","0","0","0","0","0","0","0","0","0","0","0","0","0","0","0","0","0","0","0","0","0","0","0","0","0","0","0","0","0","0","0","0","0","0","0","0","0","0","1344.891163834","1344.891163834","0"
"U14404500","","","USD","20250305","0.361163834","0.361163834","0","0","0","0","0","0","0","0","0","0","0","0","0","1359.61","1359.61","0","0","0","0","0","0","0","0","0","0","0","0","0","0","0","0","0","0","0","0","0","0","0","0","0","0","0","0","0","0","0","0","0","0","0","0","0","0","0","0","0","0","0","0","0","0","0","0","0","0","0","0","0","0","0","0","0","0","0","0","0","0","0","0","0","0","0","0","0","0","0","0","0","1359.971163834","1359.971163834","0"
"U14404500","","","USD","20250306","0.361163834","0.361163834","0","0","0","0","0","0","0","0","0","0","0","0","0","1334.95","1334.95","0","0","0","0","0","0","0","0","0","0","0","0","0","0","0","0","0","0","0","0","0","0","0","0","0","0","0","0","0","0","0","0","0","0","0","0","0","0","0","0","0","0","0","0","0","0","0","0","0","0","0","0","0","0","0","0","0","0","0","0","0","0","0","0","0","0","0","0","0","0","0","0","0","1335.311163834","1335.311163834","0"
"U14404500","","","USD","20250307","0.361163834","0.361163834","0","0","0","0","0","0","0","0","0","0","0","0","0","1342.15","1342.15","0","0","0","0","0","0","0","0","0","0","0","0","0","0","0","0","0","0","0","0","0","0","0","0","0","0","0","0","0","0","0","0","0","0","0","0","0","0","0","0","0","0","0","0","0","0","0","0","0","0","0","0","0","0","0","0","0","0","0","0","0","0","0","0","0","0","0","0","0","0","0","0","0","1342.511163834","1342.511163834","0"
"U14404500","","","USD","20250310","0.361163834","0.361163834","0","0","0","0","0","0","0","0","0","0","0","0","0","1306.66","1306.66","0","0","0","0","0","0","0","0","0","0","0","0","0","0","0","0","0","0","0","0","0","0","0","0","0","0","0","0","0","0","0","0","0","0","0","0","0","0","0","0","0","0","0","0","0","0","0","0","0","0","0","0","0","0","0","0","0","0","0","0","0","0","0","0","0","0","0","0","0","0","0","0","0","1307.021163834","1307.021163834","0"
"U14404500","","","USD","20250311","0.361163834","0.361163834","0","0","0","0","0","0","0","0","0","0","0","0","0","1295.94","1295.94","0","0","0","0","0","0","0","0","0","0","0","0","0","0","0","0","0","0","0","0","0","0","0","0","0","0","0","0","0","0","0","0","0","0","0","0","0","0","0","0","0","0","0","0","0","0","0","0","0","0","0","0","0","0","0","0","0","0","0","0","0","0","0","0","0","0","0","0","0","0","0","0","0","1296.301163834","1296.301163834","0"
"U14404500","","","USD","20250312","0.361163834","0.361163834","0","0","0","0","0","0","0","0","0","0","0","0","0","1302.23","1302.23","0","0","0","0","0","0","0","0","0","0","0","0","0","0","0","0","0","0","0","0","0","0","0","0","0","0","0","0","0","0","0","0","0","0","0","0","0","0","0","0","0","0","0","0","0","0","0","0","0","0","0","0","0","0","0","0","0","0","0","0","0","0","0","0","0","0","0","0","0","0","0","0","0","1302.591163834","1302.591163834","0"
"U14404500","","","USD","20250313","0.361163834","0.361163834","0","0","0","0","0","0","0","0","0","0","0","0","0","1285.22","1285.22","0","0","0","0","0","0","0","0","0","0","0","0","0","0","0","0","0","0","0","0","0","0","0","0","0","0","0","0","0","0","0","0","0","0","0","0","0","0","0","0","0","0","0","0","0","0","0","0","0","0","0","0","0","0","0","0","0","0","0","0","0","0","0","0","0","0","0","0","0","0","0","0","0","1285.581163834","1285.581163834","0"
"U14404500","","","USD","20250314","0.361163834","0.361163834","0","0","0","0","0","0","0","0","0","0","0","0","0","1311.61","1311.61","0","0","0","0","0","0","0","0","0","0","0","0","0","0","0","0","0","0","0","0","0","0","0","0","0","0","0","0","0","0","0","0","0","0","0","0","0","0","0","0","0","0","0","0","0","0","0","0","0","0","0","0","0","0","0","0","0","0","0","0","0","0","0","0","0","0","0","0","0","0","0","0","0","1311.971163834","1311.971163834","0"
"U14404500","","","USD","20250317","0.361163834","0.361163834","0","0","0","0","0","0","0","0","0","0","0","0","0","1321.62","1321.62","0","0","0","0","0","0","0","0","0","0","0","0","0","0","0","0","0","0","0","0","0","0","0","0","0","0","0","0","0","0","0","0","0","0","0","0","0","0","0","0","0","0","0","0","0","0","0","0","0","0","0","0","0","0","0","0","0","0","0","0","0","0","0","0","0","0","0","0","0","0","0","0","0","1321.981163834","1321.981163834","0"
"U14404500","","","USD","20250318","0.361163834","0.361163834","0","0","0","0","0","0","0","0","0","0","0","0","0","1307.68","1307.68","0","0","0","0","0","0","0","0","0","0","0","0","0","0","0","0","0","0","0","0","0","0","0","0","0","0","0","0","0","0","0","0","0","0","0","0","0","0","0","0","0","0","0","0","0","0","0","0","0","0","0","0","0","0","0","0","0","0","0","0","0","0","0","0","0","0","0","0","0","0","0","0","0","1308.041163834","1308.041163834","0"
"U14404500","","","USD","20250319","0.361163834","0.361163834","0","0","0","0","0","0","0","0","0","0","0","0","0","1321.42","1321.42","0","0","0","0","0","0","0","0","0","0","0","0","0","0","0","0","0","0","0","0","0","0","0","0","0","0","0","0","0","0","0","0","0","0","0","0","0","0","0","0","0","0","0","0","0","0","0","0","0","0","0","0","0","0","0","0","0","0","0","0","0","0","0","0","0","0","0","0","0","0","0","0","0","1321.781163834","1321.781163834","0"
"U14404500","","","USD","20250320","0.361163834","0.361163834","0","0","0","0","0","0","0","0","0","0","0","0","0","1318.37","1318.37","0","0","0","0","0","0","0","0","0","0","0","0","0","0","0","0","0","0","0","0","0","0","0","0","0","0","0","0","0","0","0","0","0","0","0","0","0","0","0","0","0","0","0","0","0","0","0","0","0","0","0","0","0","0","0","0","0","0","0","0","0","0","0","0","0","0","0","0","0","0","0","0","0","1318.731163834","1318.731163834","0"
"U14404500","","","USD","20250321","0.361163834","0.361163834","0","0","0","0","0","0","0","0","0","0","0","0","0","1318.7","1318.7","0","0","0","0","0","0","0","0","0","0","0","0","0","0","0","0","0","0","0","0","0","0","0","0","0","0","0","0","0","0","0","0","0","0","0","0","0","0","0","0","0","0","0","0","0","0","0","0","0","0","0","0","0","0","0","0","0","0","0","0","0","0","0","0","0","0","0","0","0","0","0","0","0","1319.061163834","1319.061163834","0"
"U14404500","","","USD","20250324","0.361163834","0.361163834","0","0","0","0","0","0","0","0","0","0","0","0","0","1341.84","1341.84","0","0","0","0","0","0","0","0","0","0","0","0","0","0","0","0","0","0","0","0","0","0","0","0","0","0","0","0","0","0","0","0","0","0","0","0","0","0","0","0","0","0","0","0","0","0","0","0","0","0","0","0","0","0","0","0","0","0","0","0","0","0","0","0","0","0","0","0","0","0","0","0","0","1342.201163834","1342.201163834","0"
"U14404500","","","USD","20250325","0.361163834","0.361163834","0","0","0","0","0","0","0","0","0","0","0","0","0","1345.04","1345.04","0","0","0","0","0","0","0","0","0","0","0","0","0","0","0","0","0","0","0","0","0","0","0","0","0","0","0","0","0","0","0","0","0","0","0","0","0","0","0","0","0","0","0","0","0","0","0","0","0","0","0","0","0","0","0","0","0","0","0","0","0","0","0","0","0","0","0","0","0","0","0","0","0","1345.401163834","1345.401163834","0"
"U14404500","","","USD","20250326","0.361163834","0.361163834","0","0","0","0","0","0","0","0","0","0","0","0","0","1329.35","1329.35","0","0","0","0","0","0","0","0","0","0","0","0","0","0","0","0","0","0","0","0","0","0","0","0","0","0","0","0","0","0","0","0","0","0","0","0","0","0","0","0","0","0","0","0","0","0","0","0","0","0","0","0","0","0","0","0","0","0","0","0","0","0","0","0","0","0","0","0","0","0","0","0","0","1329.711163834","1329.711163834","0"
"U14404500","","","USD","20250327","0.361163834","0.361163834","0","0","0","0","0","0","0","0","0","0","0","0","0","1321.11","1321.11","0","0","0","0","0","0","0","0","0","0","0","0","0","0","0","0","0","0","0","0","0","0","0","0","0","3.9","3.9","0","0","0","0","0","0","0","0","0","0","0","0","0","0","0","0","0","0","0","0","0","0","0","0","0","0","0","0","0","0","0","0","0","0","0","0","0","0","0","0","0","0","0","0","0","0","1325.371163834","1325.371163834","0"
"U14404500","","","USD","20250328","0.361163834","0.361163834","0","0","0","0","0","0","0","0","0","0","0","0","0","1294.72","1294.72","0","0","0","0","0","0","0","0","0","0","0","0","0","0","0","0","0","0","0","0","0","0","0","0","0","3.9","3.9","0","0","0","0","0","0","0","0","0","0","0","0","0","0","0","0","0","0","0","0","0","0","0","0","0","0","0","0","0","0","0","0","0","0","0","0","0","0","0","0","0","0","0","0","0","0","1298.981163834","1298.981163834","0"
"U14404500","","","USD","20250331","4.261163834","4.261163834","0","0","0","0","0","0","0","0","0","0","0","0","0","1302.61","1302.61","0","0","0","0","0","0","0","0","0","0","0","0","0","0","0","0","0","0","0","0","0","0","0","0","0","0","0","0","0","0","0","0","0","0","0","0","0","0","0","0","0","0","0","0","0","0","0","0","0","0","0","0","0","0","0","0","0","0","0","0","0","0","0","0","0","0","0","0","0","0","0","0","0","1306.871163834","1306.871163834","0"
"U14404500","","","USD","20250401","0.388719914","0.388719914","0","0","0","0","0","0","0","0","0","0","0","0","0","1311.27","1311.27","0","0","0","0","0","0","0","0","0","0","0","0","0","0","0","0","0","0","0","0","0","0","0","0","0","0","0","0","0","0","0","0","0","0","0","0","0","0","0","0","0","0","0","0","0","0","0","0","0","0","0","0","0","0","0","0","0","0","0","0","0","0","0","0","0","0","0","0","0","0","0","0","0","1311.658719914","1311.658719914","0"
"U14404500","","","USD","20250402","0.388719914","0.388719914","0","0","0","0","0","0","0","0","0","0","0","0","0","1319.17","1319.17","0","0","0","0","0","0","0","0","0","0","0","0","0","0","0","0","0","0","0","0","0","0","0","0","0","0","0","0","0","0","0","0","0","0","0","0","0","0","0","0","0","0","0","0","0","0","0","0","0","0","0","0","0","0","0","0","0","0","0","0","0","0","0","0","0","0","0","0","0","0","0","0","0","1319.558719914","1319.558719914","0"
"U14404500","","","USD","20250403","0.388719914","0.388719914","0","0","0","0","0","0","0","0","0","0","0","0","0","1256.25","1256.25","0","0","0","0","0","0","0","0","0","0","0","0","0","0","0","0","0","0","0","0","0","0","0","0","0","0","0","0","0","0","0","0","0","0","0","0","0","0","0","0","0","0","0","0","0","0","0","0","0","0","0","0","0","0","0","0","0","0","0","0","0","0","0","0","0","0","0","0","0","0","0","0","0","1256.638719914","1256.638719914","0"
"U14404500","","","USD","20250404","0.388719914","0.388719914","0","0","0","0","0","0","0","0","0","0","0","0","0","1183.44","1183.44","0","0","0","0","0","0","0","0","0","0","0","0","0","0","0","0","0","0","0","0","0","0","0","0","0","0","0","0","0","0","0","0","0","0","0","0","0","0","0","0","0","0","0","0","0","0","0","0","0","0","0","0","0","0","0","0","0","0","0","0","0","0","0","0","0","0","0","0","0","0","0","0","0","1183.828719914","1183.828719914","0"
"U14404500","","","USD","20250407","0.388719914","0.388719914","0","0","0","0","0","0","0","0","0","0","0","0","0","1178.46","1178.46","0","0","0","0","0","0","0","0","0","0","0","0","0","0","0","0","0","0","0","0","0","0","0","0","0","0","0","0","0","0","0","0","0","0","0","0","0","0","0","0","0","0","0","0","0","0","0","0","0","0","0","0","0","0","0","0","0","0","0","0","0","0","0","0","0","0","0","0","0","0","0","0","0","1178.848719914","1178.848719914","0"
"U14404500","","","USD","20250408","0.388719914","0.388719914","0","0","0","0","0","0","0","0","0","0","0","0","0","1161.12","1161.12","0","0","0","0","0","0","0","0","0","0","0","0","0","0","0","0","0","0","0","0","0","0","0","0","0","0","0","0","0","0","0","0","0","0","0","0","0","0","0","0","0","0","0","0","0","0","0","0","0","0","0","0","0","0","0","0","0","0","0","0","0","0","0","0","0","0","0","0","0","0","0","0","0","1161.508719914","1161.508719914","0"
"U14404500","","","USD","20250409","0.388719914","0.388719914","0","0","0","0","0","0","0","0","0","0","0","0","0","1268.81","1268.81","0","0","0","0","0","0","0","0","0","0","0","0","0","0","0","0","0","0","0","0","0","0","0","0","0","0","0","0","0","0","0","0","0","0","0","0","0","0","0","0","0","0","0","0","0","0","0","0","0","0","0","0","0","0","0","0","0","0","0","0","0","0","0","0","0","0","0","0","0","0","0","0","0","1269.198719914","1269.198719914","0"
"U14404500","","","USD","20250410","0.388719914","0.388719914","0","0","0","0","0","0","0","0","0","0","0","0","0","1225.49","1225.49","0","0","0","0","0","0","0","0","0","0","0","0","0","0","0","0","0","0","0","0","0","0","0","0","0","0","0","0","0","0","0","0","0","0","0","0","0","0","0","0","0","0","0","0","0","0","0","0","0","0","0","0","0","0","0","0","0","0","0","0","0","0","0","0","0","0","0","0","0","0","0","0","0","1225.878719914","1225.878719914","0"
"U14404500","","","USD","20250411","0.388719914","0.388719914","0","0","0","0","0","0","0","0","0","0","0","0","0","1247.08","1247.08","0","0","0","0","0","0","0","0","0","0","0","0","0","0","0","0","0","0","0","0","0","0","0","0","0","0","0","0","0","0","0","0","0","0","0","0","0","0","0","0","0","0","0","0","0","0","0","0","0","0","0","0","0","0","0","0","0","0","0","0","0","0","0","0","0","0","0","0","0","0","0","0","0","1247.468719914","1247.468719914","0"
"U14404500","","","USD","20250414","0.388719914","0.388719914","0","0","0","0","0","0","0","0","0","0","0","0","0","1259.61","1259.61","0","0","0","0","0","0","0","0","0","0","0","0","0","0","0","0","0","0","0","0","0","0","0","0","0","0","0","0","0","0","0","0","0","0","0","0","0","0","0","0","0","0","0","0","0","0","0","0","0","0","0","0","0","0","0","0","0","0","0","0","0","0","0","0","0","0","0","0","0","0","0","0","0","1259.998719914","1259.998719914","0"
"U14404500","","","USD","20250415","0.388719914","0.388719914","0","0","0","0","0","0","0","0","0","0","0","0","0","1256.08","1256.08","0","0","0","0","0","0","0","0","0","0","0","0","0","0","0","0","0","0","0","0","0","0","0","0","0","0","0","0","0","0","0","0","0","0","0","0","0","0","0","0","0","0","0","0","0","0","0","0","0","0","0","0","0","0","0","0","0","0","0","0","0","0","0","0","0","0","0","0","0","0","0","0","0","1256.468719914","1256.468719914","0"
"U14404500","","","USD","20250416","0.388719914","0.388719914","0","0","0","0","0","0","0","0","0","0","0","0","0","1228.47","1228.47","0","0","0","0","0","0","0","0","0","0","0","0","0","0","0","0","0","0","0","0","0","0","0","0","0","0","0","0","0","0","0","0","0","0","0","0","0","0","0","0","0","0","0","0","0","0","0","0","0","0","0","0","0","0","0","0","0","0","0","0","0","0","0","0","0","0","0","0","0","0","0","0","0","1228.858719914","1228.858719914","0"
"U14404500","","","USD","20250417","0.388719914","0.388719914","0","0","0","0","0","0","0","0","0","0","0","0","0","1230.17","1230.17","0","0","0","0","0","0","0","0","0","0","0","0","0","0","0","0","0","0","0","0","0","0","0","0","0","0","0","0","0","0","0","0","0","0","0","0","0","0","0","0","0","0","0","0","0","0","0","0","0","0","0","0","0","0","0","0","0","0","0","0","0","0","0","0","0","0","0","0","0","0","0","0","0","1230.558719914","1230.558719914","0"
"U14404500","","","USD","20250418","0.388719914","0.388719914","0","0","0","0","0","0","0","0","0","0","0","0","0","1230.17","1230.17","0","0","0","0","0","0","0","0","0","0","0","0","0","0","0","0","0","0","0","0","0","0","0","0","0","0","0","0","0","0","0","0","0","0","0","0","0","0","0","0","0","0","0","0","0","0","0","0","0","0","0","0","0","0","0","0","0","0","0","0","0","0","0","0","0","0","0","0","0","0","0","0","0","1230.558719914","1230.558719914","0"
"U14404500","","","USD","20250421","0.388719914","0.388719914","0","0","0","0","0","0","0","0","0","0","0","0","0","1200.86","1200.86","0","0","0","0","0","0","0","0","0","0","0","0","0","0","0","0","0","0","0","0","0","0","0","0","0","0","0","0","0","0","0","0","0","0","0","0","0","0","0","0","0","0","0","0","0","0","0","0","0","0","0","0","0","0","0","0","0","0","0","0","0","0","0","0","0","0","0","0","0","0","0","0","0","1201.248719914","1201.248719914","0"
"U14404500","","","USD","20250422","0.388719914","0.388719914","0","0","0","0","0","0","0","0","0","0","0","0","0","1231.16","1231.16","0","0","0","0","0","0","0","0","0","0","0","0","0","0","0","0","0","0","0","0","0","0","0","0","0","0","0","0","0","0","0","0","0","0","0","0","0","0","0","0","0","0","0","0","0","0","0","0","0","0","0","0","0","0","0","0","0","0","0","0","0","0","0","0","0","0","0","0","0","0","0","0","0","1231.548719914","1231.548719914","0"
"U14404500","","","USD","20250423","0.388719914","0.388719914","0","0","0","0","0","0","0","0","0","0","0","0","0","1250.94","1250.94","0","0","0","0","0","0","0","0","0","0","0","0","0","0","0","0","0","0","0","0","0","0","0","0","0","0","0","0","0","0","0","0","0","0","0","0","0","0","0","0","0","0","0","0","0","0","0","0","0","0","0","0","0","0","0","0","0","0","0","0","0","0","0","0","0","0","0","0","0","0","0","0","0","1251.328719914","1251.328719914","0"
"U14404500","","","USD","20250424","0.388719914","0.388719914","0","0","0","0","0","0","0","0","0","0","0","0","0","1277.23","1277.23","0","0","0","0","0","0","0","0","0","0","0","0","0","0","0","0","0","0","0","0","0","0","0","0","0","0","0","0","0","0","0","0","0","0","0","0","0","0","0","0","0","0","0","0","0","0","0","0","0","0","0","0","0","0","0","0","0","0","0","0","0","0","0","0","0","0","0","0","0","0","0","0","0","1277.618719914","1277.618719914","0"
"U14404500","","","USD","20250425","0.388719914","0.388719914","0","0","0","0","0","0","0","0","0","0","0","0","0","1286.63","1286.63","0","0","0","0","0","0","0","0","0","0","0","0","0","0","0","0","0","0","0","0","0","0","0","0","0","0","0","0","0","0","0","0","0","0","0","0","0","0","0","0","0","0","0","0","0","0","0","0","0","0","0","0","0","0","0","0","0","0","0","0","0","0","0","0","0","0","0","0","0","0","0","0","0","1287.018719914","1287.018719914","0"
"U14404500","","","USD","20250428","0.388719914","0.388719914","0","0","0","0","0","0","0","0","0","0","0","0","0","1287.42","1287.42","0","0","0","0","0","0","0","0","0","0","0","0","0","0","0","0","0","0","0","0","0","0","0","0","0","0","0","0","0","0","0","0","0","0","0","0","0","0","0","0","0","0","0","0","0","0","0","0","0","0","0","0","0","0","0","0","0","0","0","0","0","0","0","0","0","0","0","0","0","0","0","0","0","1287.808719914","1287.808719914","0"
"U14404500","","","USD","20250429","0.388719914","0.388719914","0","0","0","0","0","0","0","0","0","0","0","0","0","1295.23","1295.23","0","0","0","0","0","0","0","0","0","0","0","0","0","0","0","0","0","0","0","0","0","0","0","0","0","0","0","0","0","0","0","0","0","0","0","0","0","0","0","0","0","0","0","0","0","0","0","0","0","0","0","0","0","0","0","0","0","0","0","0","0","0","0","0","0","0","0","0","0","0","0","0","0","1295.618719914","1295.618719914","0"
"U14404500","","","USD","20250430","0.388719914","0.388719914","0","0","0","0","0","0","0","0","0","0","0","0","0","1295.86","1295.86","0","0","0","0","0","0","0","0","0","0","0","0","0","0","0","0","0","0","0","0","0","0","0","0","0","0","0","0","0","0","0","0","0","0","0","0","0","0","0","0","0","0","0","0","0","0","0","0","0","0","0","0","0","0","0","0","0","0","0","0","0","0","0","0","0","0","0","0","0","0","0","0","0","1296.248719914","1296.248719914","0"
"U14404500","","","USD","20250501","0.388719914","0.388719914","0","0","0","0","0","0","0","0","0","0","0","0","0","1305.04","1305.04","0","0","0","0","0","0","0","0","0","0","0","0","0","0","0","0","0","0","0","0","0","0","0","0","0","0","0","0","0","0","0","0","0","0","0","0","0","0","0","0","0","0","0","0","0","0","0","0","0","0","0","0","0","0","0","0","0","0","0","0","0","0","0","0","0","0","0","0","0","0","0","0","0","1305.428719914","1305.428719914","0"
"U14404500","","","USD","20250502","0.388719914","0.388719914","0","0","0","0","0","0","0","0","0","0","0","0","0","1323.75","1323.75","0","0","0","0","0","0","0","0","0","0","0","0","0","0","0","0","0","0","0","0","0","0","0","0","0","0","0","0","0","0","0","0","0","0","0","0","0","0","0","0","0","0","0","0","0","0","0","0","0","0","0","0","0","0","0","0","0","0","0","0","0","0","0","0","0","0","0","0","0","0","0","0","0","1324.138719914","1324.138719914","0"
"U14404500","","","USD","20250505","0.388719914","0.388719914","0","0","0","0","0","0","0","0","0","0","0","0","0","1316.83","1316.83","0","0","0","0","0","0","0","0","0","0","0","0","0","0","0","0","0","0","0","0","0","0","0","0","0","0","0","0","0","0","0","0","0","0","0","0","0","0","0","0","0","0","0","0","0","0","0","0","0","0","0","0","0","0","0","0","0","0","0","0","0","0","0","0","0","0","0","0","0","0","0","0","0","1317.218719914","1317.218719914","0"
"U14404500","","","USD","20250506","0.388719914","0.388719914","0","0","0","0","0","0","0","0","0","0","0","0","0","1305.62","1305.62","0","0","0","0","0","0","0","0","0","0","0","0","0","0","0","0","0","0","0","0","0","0","0","0","0","0","0","0","0","0","0","0","0","0","0","0","0","0","0","0","0","0","0","0","0","0","0","0","0","0","0","0","0","0","0","0","0","0","0","0","0","0","0","0","0","0","0","0","0","0","0","0","0","1306.008719914","1306.008719914","0"
"U14404500","","","USD","20250507","0.388719914","0.388719914","0","0","0","0","0","0","0","0","0","0","0","0","0","1311.52","1311.52","0","0","0","0","0","0","0","0","0","0","0","0","0","0","0","0","0","0","0","0","0","0","0","0","0","0","0","0","0","0","0","0","0","0","0","0","0","0","0","0","0","0","0","0","0","0","0","0","0","0","0","0","0","0","0","0","0","0","0","0","0","0","0","0","0","0","0","0","0","0","0","0","0","1311.908719914","1311.908719914","0"
"U14404500","","","USD","20250508","0.388719914","0.388719914","0","0","0","0","0","0","0","0","0","0","0","0","0","1320.27","1320.27","0","0","0","0","0","0","0","0","0","0","0","0","0","0","0","0","0","0","0","0","0","0","0","0","0","0","0","0","0","0","0","0","0","0","0","0","0","0","0","0","0","0","0","0","0","0","0","0","0","0","0","0","0","0","0","0","0","0","0","0","0","0","0","0","0","0","0","0","0","0","0","0","0","1320.658719914","1320.658719914","0"
"U14404500","","","USD","20250509","0.388719914","0.388719914","0","0","0","0","0","0","0","0","0","0","0","0","0","1318.51","1318.51","0","0","0","0","0","0","0","0","0","0","0","0","0","0","0","0","0","0","0","0","0","0","0","0","0","0","0","0","0","0","0","0","0","0","0","0","0","0","0","0","0","0","0","0","0","0","0","0","0","0","0","0","0","0","0","0","0","0","0","0","0","0","0","0","0","0","0","0","0","0","0","0","0","1318.898719914","1318.898719914","0"
"U14404500","","","USD","20250512","0.388719914","0.388719914","0","0","0","0","0","0","0","0","0","0","0","0","0","1362.42","1362.42","0","0","0","0","0","0","0","0","0","0","0","0","0","0","0","0","0","0","0","0","0","0","0","0","0","0","0","0","0","0","0","0","0","0","0","0","0","0","0","0","0","0","0","0","0","0","0","0","0","0","0","0","0","0","0","0","0","0","0","0","0","0","0","0","0","0","0","0","0","0","0","0","0","1362.808719914","1362.808719914","0"
"U14404500","","","USD","20250513","0.388719914","0.388719914","0","0","0","0","0","0","0","0","0","0","0","0","0","1371.36","1371.36","0","0","0","0","0","0","0","0","0","0","0","0","0","0","0","0","0","0","0","0","0","0","0","0","0","0","0","0","0","0","0","0","0","0","0","0","0","0","0","0","0","0","0","0","0","0","0","0","0","0","0","0","0","0","0","0","0","0","0","0","0","0","0","0","0","0","0","0","0","0","0","0","0","1371.748719914","1371.748719914","0"
"U14404500","","","USD","20250514","0.388719914","0.388719914","0","0","0","0","0","0","0","0","0","0","0","0","0","1373.07","1373.07","0","0","0","0","0","0","0","0","0","0","0","0","0","0","0","0","0","0","0","0","0","0","0","0","0","0","0","0","0","0","0","0","0","0","0","0","0","0","0","0","0","0","0","0","0","0","0","0","0","0","0","0","0","0","0","0","0","0","0","0","0","0","0","0","0","0","0","0","0","0","0","0","0","1373.458719914","1373.458719914","0"
"U14404500","","","USD","20250515","0.388719914","0.388719914","0","0","0","0","0","0","0","0","0","0","0","0","0","1379.8","1379.8","0","0","0","0","0","0","0","0","0","0","0","0","0","0","0","0","0","0","0","0","0","0","0","0","0","0","0","0","0","0","0","0","0","0","0","0","0","0","0","0","0","0","0","0","0","0","0","0","0","0","0","0","0","0","0","0","0","0","0","0","0","0","0","0","0","0","0","0","0","0","0","0","0","1380.188719914","1380.188719914","0"
"U14404500","","","USD","20250516","0.388719914","0.388719914","0","0","0","0","0","0","0","0","0","0","0","0","0","1388.7","1388.7","0","0","0","0","0","0","0","0","0","0","0","0","0","0","0","0","0","0","0","0","0","0","0","0","0","0","0","0","0","0","0","0","0","0","0","0","0","0","0","0","0","0","0","0","0","0","0","0","0","0","0","0","0","0","0","0","0","0","0","0","0","0","0","0","0","0","0","0","0","0","0","0","0","1389.088719914","1389.088719914","0"
"U14404500","","","USD","20250519","0.388719914","0.388719914","0","0","0","0","0","0","0","0","0","0","0","0","0","1390.13","1390.13","0","0","0","0","0","0","0","0","0","0","0","0","0","0","0","0","0","0","0","0","0","0","0","0","0","0","0","0","0","0","0","0","0","0","0","0","0","0","0","0","0","0","0","0","0","0","0","0","0","0","0","0","0","0","0","0","0","0","0","0","0","0","0","0","0","0","0","0","0","0","0","0","0","1390.518719914","1390.518719914","0"
"U14404500","","","USD","20250520","0.388719914","0.388719914","0","0","0","0","0","0","0","0","0","0","0","0","0","1385.19","1385.19","0","0","0","0","0","0","0","0","0","0","0","0","0","0","0","0","0","0","0","0","0","0","0","0","0","0","0","0","0","0","0","0","0","0","0","0","0","0","0","0","0","0","0","0","0","0","0","0","0","0","0","0","0","0","0","0","0","0","0","0","0","0","0","0","0","0","0","0","0","0","0","0","0","1385.578719914","1385.578719914","0"
"U14404500","","","USD","20250521","0.388719914","0.388719914","0","0","0","0","0","0","0","0","0","0","0","0","0","1362.03","1362.03","0","0","0","0","0","0","0","0","0","0","0","0","0","0","0","0","0","0","0","0","0","0","0","0","0","0","0","0","0","0","0","0","0","0","0","0","0","0","0","0","0","0","0","0","0","0","0","0","0","0","0","0","0","0","0","0","0","0","0","0","0","0","0","0","0","0","0","0","0","0","0","0","0","1362.418719914","1362.418719914","0"
"U14404500","","","USD","20250522","0.388719914","0.388719914","0","0","0","0","0","0","0","0","0","0","0","0","0","1362.67","1362.67","0","0","0","0","0","0","0","0","0","0","0","0","0","0","0","0","0","0","0","0","0","0","0","0","0","0","0","0","0","0","0","0","0","0","0","0","0","0","0","0","0","0","0","0","0","0","0","0","0","0","0","0","0","0","0","0","0","0","0","0","0","0","0","0","0","0","0","0","0","0","0","0","0","1363.058719914","1363.058719914","0"
"U14404500","","","USD","20250523","0.388719914","0.388719914","0","0","0","0","0","0","0","0","0","0","0","0","0","1353.47","1353.47","0","0","0","0","0","0","0","0","0","0","0","0","0","0","0","0","0","0","0","0","0","0","0","0","0","0","0","0","0","0","0","0","0","0","0","0","0","0","0","0","0","0","0","0","0","0","0","0","0","0","0","0","0","0","0","0","0","0","0","0","0","0","0","0","0","0","0","0","0","0","0","0","0","1353.858719914","1353.858719914","0"
"U14404500","","","USD","20250526","0.388719914","0.388719914","0","0","0","0","0","0","0","0","0","0","0","0","0","1353.47","1353.47","0","0","0","0","0","0","0","0","0","0","0","0","0","0","0","0","0","0","0","0","0","0","0","0","0","0","0","0","0","0","0","0","0","0","0","0","0","0","0","0","0","0","0","0","0","0","0","0","0","0","0","0","0","0","0","0","0","0","0","0","0","0","0","0","0","0","0","0","0","0","0","0","0","1353.858719914","1353.858719914","0"
"U14404500","","","USD","20250527","0.388719914","0.388719914","0","0","0","0","0","0","0","0","0","0","0","0","0","1381.28","1381.28","0","0","0","0","0","0","0","0","0","0","0","0","0","0","0","0","0","0","0","0","0","0","0","0","0","0","0","0","0","0","0","0","0","0","0","0","0","0","0","0","0","0","0","0","0","0","0","0","0","0","0","0","0","0","0","0","0","0","0","0","0","0","0","0","0","0","0","0","0","0","0","0","0","1381.668719914","1381.668719914","0"
"U14404500","","","USD","20250528","0.388719914","0.388719914","0","0","0","0","0","0","0","0","0","0","0","0","0","1373.4","1373.4","0","0","0","0","0","0","0","0","0","0","0","0","0","0","0","0","0","0","0","0","0","0","0","0","0","0","0","0","0","0","0","0","0","0","0","0","0","0","0","0","0","0","0","0","0","0","0","0","0","0","0","0","0","0","0","0","0","0","0","0","0","0","0","0","0","0","0","0","0","0","0","0","0","1373.788719914","1373.788719914","0"
"U14404500","","","USD","20250529","0.388719914","0.388719914","0","0","0","0","0","0","0","0","0","0","0","0","0","1378.69","1378.69","0","0","0","0","0","0","0","0","0","0","0","0","0","0","0","0","0","0","0","0","0","0","0","0","0","0","0","0","0","0","0","0","0","0","0","0","0","0","0","0","0","0","0","0","0","0","0","0","0","0","0","0","0","0","0","0","0","0","0","0","0","0","0","0","0","0","0","0","0","0","0","0","0","1379.078719914","1379.078719914","0"
"U14404500","","","USD","20250530","0.388719914","0.388719914","0","0","0","0","0","0","0","0","0","0","0","0","0","1377.26","1377.26","0","0","0","0","0","0","0","0","0","0","0","0","0","0","0","0","0","0","0","0","0","0","0","0","0","0","0","0","0","0","0","0","0","0","0","0","0","0","0","0","0","0","0","0","0","0","0","0","0","0","0","0","0","0","0","0","0","0","0","0","0","0","0","0","0","0","0","0","0","0","0","0","0","1377.648719914","1377.648719914","0"
"U14404500","","","USD","20250602","0.388719914","0.388719914","0","0","0","0","0","0","0","0","0","0","0","0","0","1385.27","1385.27","0","0","0","0","0","0","0","0","0","0","0","0","0","0","0","0","0","0","0","0","0","0","0","0","0","0","0","0","0","0","0","0","0","0","0","0","0","0","0","0","0","0","0","0","0","0","0","0","0","0","0","0","0","0","0","0","0","0","0","0","0","0","0","0","0","0","0","0","0","0","0","0","0","1385.658719914","1385.658719914","0"
"U14404500","","","USD","20250603","0.388719914","0.388719914","0","0","0","0","0","0","0","0","0","0","0","0","0","1393.13","1393.13","0","0","0","0","0","0","0","0","0","0","0","0","0","0","0","0","0","0","0","0","0","0","0","0","0","0","0","0","0","0","0","0","0","0","0","0","0","0","0","0","0","0","0","0","0","0","0","0","0","0","0","0","0","0","0","0","0","0","0","0","0","0","0","0","0","0","0","0","0","0","0","0","0","1393.518719914","1393.518719914","0"
"U14404500","","","USD","20250604","0.388719914","0.388719914","0","0","0","0","0","0","0","0","0","0","0","0","0","1392.24","1392.24","0","0","0","0","0","0","0","0","0","0","0","0","0","0","0","0","0","0","0","0","0","0","0","0","0","0","0","0","0","0","0","0","0","0","0","0","0","0","0","0","0","0","0","0","0","0","0","0","0","0","0","0","0","0","0","0","0","0","0","0","0","0","0","0","0","0","0","0","0","0","0","0","0","1392.628719914","1392.628719914","0"
"U14404500","","","USD","20250605","0.388719914","0.388719914","0","0","0","0","0","0","0","0","0","0","0","0","0","1385.73","1385.73","0","0","0","0","0","0","0","0","0","0","0","0","0","0","0","0","0","0","0","0","0","0","0","0","0","0","0","0","0","0","0","0","0","0","0","0","0","0","0","0","0","0","0","0","0","0","0","0","0","0","0","0","0","0","0","0","0","0","0","0","0","0","0","0","0","0","0","0","0","0","0","0","0","1386.118719914","1386.118719914","0"
"U14404500","","","USD","20250606","0.388719914","0.388719914","0","0","0","0","0","0","0","0","0","0","0","0","0","1399.89","1399.89","0","0","0","0","0","0","0","0","0","0","0","0","0","0","0","0","0","0","0","0","0","0","0","0","0","0","0","0","0","0","0","0","0","0","0","0","0","0","0","0","0","0","0","0","0","0","0","0","0","0","0","0","0","0","0","0","0","0","0","0","0","0","0","0","0","0","0","0","0","0","0","0","0","1400.278719914","1400.278719914","0"
"U14404500","","","USD","20250609","0.388719914","0.388719914","0","0","0","0","0","0","0","0","0","0","0","0","0","1401.39","1401.39","0","0","0","0","0","0","0","0","0","0","0","0","0","0","0","0","0","0","0","0","0","0","0","0","0","0","0","0","0","0","0","0","0","0","0","0","0","0","0","0","0","0","0","0","0","0","0","0","0","0","0","0","0","0","0","0","0","0","0","0","0","0","0","0","0","0","0","0","0","0","0","0","0","1401.778719914","1401.778719914","0"
"U14404500","","","USD","20250610","0.388719914","0.388719914","0","0","0","0","0","0","0","0","0","0","0","0","0","1409.37","1409.37","0","0","0","0","0","0","0","0","0","0","0","0","0","0","0","0","0","0","0","0","0","0","0","0","0","0","0","0","0","0","0","0","0","0","0","0","0","0","0","0","0","0","0","0","0","0","0","0","0","0","0","0","0","0","0","0","0","0","0","0","0","0","0","0","0","0","0","0","0","0","0","0","0","1409.758719914","1409.758719914","0"
"U14404500","","","USD","20250611","0.388719914","0.388719914","0","0","0","0","0","0","0","0","0","0","0","0","0","1405.48","1405.48","0","0","0","0","0","0","0","0","0","0","0","0","0","0","0","0","0","0","0","0","0","0","0","0","0","0","0","0","0","0","0","0","0","0","0","0","0","0","0","0","0","0","0","0","0","0","0","0","0","0","0","0","0","0","0","0","0","0","0","0","0","0","0","0","0","0","0","0","0","0","0","0","0","1405.868719914","1405.868719914","0"
"U14404500","","","USD","20250612","0.388719914","0.388719914","0","0","0","0","0","0","0","0","0","0","0","0","0","1410.79","1410.79","0","0","0","0","0","0","0","0","0","0","0","0","0","0","0","0","0","0","0","0","0","0","0","0","0","0","0","0","0","0","0","0","0","0","0","0","0","0","0","0","0","0","0","0","0","0","0","0","0","0","0","0","0","0","0","0","0","0","0","0","0","0","0","0","0","0","0","0","0","0","0","0","0","1411.178719914","1411.178719914","0"
"U14404500","","","USD","20250613","0.388719914","0.388719914","0","0","0","0","0","0","0","0","0","0","0","0","0","1395.08","1395.08","0","0","0","0","0","0","0","0","0","0","0","0","0","0","0","0","0","0","0","0","0","0","0","0","0","0","0","0","0","0","0","0","0","0","0","0","0","0","0","0","0","0","0","0","0","0","0","0","0","0","0","0","0","0","0","0","0","0","0","0","0","0","0","0","0","0","0","0","0","0","0","0","0","1395.468719914","1395.468719914","0"
"U14404500","","","USD","20250616","0.388719914","0.388719914","0","0","0","0","0","0","0","0","0","0","0","0","0","1408.56","1408.56","0","0","0","0","0","0","0","0","0","0","0","0","0","0","0","0","0","0","0","0","0","0","0","0","0","0","0","0","0","0","0","0","0","0","0","0","0","0","0","0","0","0","0","0","0","0","0","0","0","0","0","0","0","0","0","0","0","0","0","0","0","0","0","0","0","0","0","0","0","0","0","0","0","1408.948719914","1408.948719914","0"
"U14404500","","","USD","20250617","0.388719914","0.388719914","0","0","0","0","0","0","0","0","0","0","0","0","0","1396.56","1396.56","0","0","0","0","0","0","0","0","0","0","0","0","0","0","0","0","0","0","0","0","0","0","0","0","0","0","0","0","0","0","0","0","0","0","0","0","0","0","0","0","0","0","0","0","0","0","0","0","0","0","0","0","0","0","0","0","0","0","0","0","0","0","0","0","0","0","0","0","0","0","0","0","0","1396.948719914","1396.948719914","0"
"U14404500","","","USD","20250618","0.388719914","0.388719914","0","0","0","0","0","0","0","0","0","0","0","0","0","1396.28","1396.28","0","0","0","0","0","0","0","0","0","0","0","0","0","0","0","0","0","0","0","0","0","0","0","0","0","0","0","0","0","0","0","0","0","0","0","0","0","0","0","0","0","0","0","0","0","0","0","0","0","0","0","0","0","0","0","0","0","0","0","0","0","0","0","0","0","0","0","0","0","0","0","0","0","1396.668719914","1396.668719914","0"
"U14404500","","","USD","20250619","0.388719914","0.388719914","0","0","0","0","0","0","0","0","0","0","0","0","0","1396.28","1396.28","0","0","0","0","0","0","0","0","0","0","0","0","0","0","0","0","0","0","0","0","0","0","0","0","0","0","0","0","0","0","0","0","0","0","0","0","0","0","0","0","0","0","0","0","0","0","0","0","0","0","0","0","0","0","0","0","0","0","0","0","0","0","0","0","0","0","0","0","0","0","0","0","0","1396.668719914","1396.668719914","0"
"U14404500","","","USD","20250620","0.388719914","0.388719914","0","0","0","0","0","0","0","0","0","0","0","0","0","1392.41","1392.41","0","0","0","0","0","0","0","0","0","0","0","0","0","0","0","0","0","0","0","0","0","0","0","0","0","0","0","0","0","0","0","0","0","0","0","0","0","0","0","0","0","0","0","0","0","0","0","0","0","0","0","0","0","0","0","0","0","0","0","0","0","0","0","0","0","0","0","0","0","0","0","0","0","1392.798719914","1392.798719914","0"
"U14404500","","","USD","20250623","0.388719914","0.388719914","0","0","0","0","0","0","0","0","0","0","0","0","0","1406.75","1406.75","0","0","0","0","0","0","0","0","0","0","0","0","0","0","0","0","0","0","0","0","0","0","0","0","0","0","0","0","0","0","0","0","0","0","0","0","0","0","0","0","0","0","0","0","0","0","0","0","0","0","0","0","0","0","0","0","0","0","0","0","0","0","0","0","0","0","0","0","0","0","0","0","0","1407.138719914","1407.138719914","0"
"U14404500","","","USD","20250624","0.388719914","0.388719914","0","0","0","0","0","0","0","0","0","0","0","0","0","1422.21","1422.21","0","0","0","0","0","0","0","0","0","0","0","0","0","0","0","0","0","0","0","0","0","0","0","0","0","0","0","0","0","0","0","0","0","0","0","0","0","0","0","0","0","0","0","0","0","0","0","0","0","0","0","0","0","0","0","0","0","0","0","0","0","0","0","0","0","0","0","0","0","0","0","0","0","1422.598719914","1422.598719914","0"
"U14404500","","","USD","20250625","0.388719914","0.388719914","0","0","0","0","0","0","0","0","0","0","0","0","0","1422.92","1422.92","0","0","0","0","0","0","0","0","0","0","0","0","0","0","0","0","0","0","0","0","0","0","0","0","0","0","0","0","0","0","0","0","0","0","0","0","0","0","0","0","0","0","0","0","0","0","0","0","0","0","0","0","0","0","0","0","0","0","0","0","0","0","0","0","0","0","0","0","0","0","0","0","0","1423.308719914","1423.308719914","0"
"U14404500","","","USD","20250626","0.388719914","0.388719914","0","0","0","0","0","0","0","0","0","0","0","0","0","1434.18","1434.18","0","0","0","0","0","0","0","0","0","0","0","0","0","0","0","0","0","0","0","0","0","0","0","0","0","0","0","0","0","0","0","0","0","0","0","0","0","0","0","0","0","0","0","0","0","0","0","0","0","0","0","0","0","0","0","0","0","0","0","0","0","0","0","0","0","0","0","0","0","0","0","0","0","1434.568719914","1434.568719914","0"
"U14404500","","","USD","20250627","0.388719914","0.388719914","0","0","0","0","0","0","0","0","0","0","0","0","0","1441.3","1441.3","0","0","0","0","0","0","0","0","0","0","0","0","0","0","0","0","0","0","0","0","0","0","0","0","0","0","0","0","0","0","0","0","0","0","0","0","0","0","0","0","0","0","0","0","0","0","0","0","0","0","0","0","0","0","0","0","0","0","0","0","0","0","0","0","0","0","0","0","0","0","0","0","0","1441.688719914","1441.688719914","0"
"U14404500","","","USD","20250630","0.388719914","0.388719914","0","0","0","0","0","0","0","0","0","0","0","0","0","1444.05","1444.05","0","0","0","0","0","0","0","0","0","0","0","0","0","0","0","0","0","0","0","0","0","0","0","0","0","3.77","3.77","0","0","0","0","0","0","0","0","0","0","0","0","0","0","0","0","0","0","0","0","0","0","0","0","0","0","0","0","0","0","0","0","0","0","0","0","0","0","0","0","0","0","0","0","0","0","1448.208719914","1448.208719914","0"
"U14404500","","","USD","20250701","0.388719914","0.388719914","0","0","0","0","0","0","0","0","0","0","0","0","0","1443.38","1443.38","0","0","0","0","0","0","0","0","0","0","0","0","0","0","0","0","0","0","0","0","0","0","0","0","0","3.77","3.77","0","0","0","0","0","0","0","0","0","0","0","0","0","0","0","0","0","0","0","0","0","0","0","0","0","0","0","0","0","0","0","0","0","0","0","0","0","0","0","0","0","0","0","0","0","0","1447.538719914","1447.538719914","0"
"U14404500","","","USD","20250702","4.158719914","4.158719914","0","0","0","0","0","0","0","0","0","0","0","0","0","1449.79","1449.79","0","0","0","0","0","0","0","0","0","0","0","0","0","0","0","0","0","0","0","0","0","0","0","0","0","0","0","0","0","0","0","0","0","0","0","0","0","0","0","0","0","0","0","0","0","0","0","0","0","0","0","0","0","0","0","0","0","0","0","0","0","0","0","0","0","0","0","0","0","0","0","0","0","1453.948719914","1453.948719914","0"
"U14404500","","","USD","20250703","0.431731474","0.431731474","0","0","0","0","0","0","0","0","0","0","0","0","0","1466.06","1466.06","0","0","0","0","0","0","0","0","0","0","0","0","0","0","0","0","0","0","0","0","0","0","0","0","0","0","0","0","0","0","0","0","0","0","0","0","0","0","0","0","0","0","0","0","0","0","0","0","0","0","0","0","0","0","0","0","0","0","0","0","0","0","0","0","0","0","0","0","0","0","0","0","0","1466.491731474","1466.491731474","0"
"U14404500","","","USD","20250704","0.431731474","0.431731474","0","0","0","0","0","0","0","0","0","0","0","0","0","1466.06","1466.06","0","0","0","0","0","0","0","0","0","0","0","0","0","0","0","0","0","0","0","0","0","0","0","0","0","0","0","0","0","0","0","0","0","0","0","0","0","0","0","0","0","0","0","0","0","0","0","0","0","0","0","0","0","0","0","0","0","0","0","0","0","0","0","0","0","0","0","0","0","0","0","0","0","1466.491731474","1466.491731474","0"
"U14404500","","","USD","20250707","0.431731474","0.431731474","0","0","0","0","0","0","0","0","0","0","0","0","0","1454.31","1454.31","0","0","0","0","0","0","0","0","0","0","0","0","0","0","0","0","0","0","0","0","0","0","0","0","0","0","0","0","0","0","0","0","0","0","0","0","0","0","0","0","0","0","0","0","0","0","0","0","0","0","0","0","0","0","0","0","0","0","0","0","0","0","0","0","0","0","0","0","0","0","0","0","0","1454.741731474","1454.741731474","0"
"U14404500","","","USD","20250708","0.460454873","0.460454873","0","0","0","0","0","0","0","0","0","0","0","0","0","1951.78","1951.78","0","0","0","0","0","0","0","0","0","0","0","0","0","0","0","0","0","0","0","0","0","0","0","0","0","0","0","0","0","0","0","0","0","0","0","0","0","0","0","0","0","0","0","0","0","0","0","0","0","0","0","0","0","0","0","0","0","0","0","0","0","0","0","0","0","0","0","0","0","0","0","0","0","1952.240454873","1952.240454873","0"
"U14404500","","","USD","20250709","0.460454873","0.460454873","0","0","0","0","0","0","0","0","0","0","0","0","0","1963.35","1963.35","0","0","0","0","0","0","0","0","0","0","0","0","0","0","0","0","0","0","0","0","0","0","0","0","0","0","0","0","0","0","0","0","0","0","0","0","0","0","0","0","0","0","0","0","0","0","0","0","0","0","0","0","0","0","0","0","0","0","0","0","0","0","0","0","0","0","0","0","0","0","0","0","0","1963.810454873","1963.810454873","0"
"U14404500","","","USD","20250710","0.460454873","0.460454873","0","0","0","0","0","0","0","0","0","0","0","0","0","1969.1","1969.1","0","0","0","0","0","0","0","0","0","0","0","0","0","0","0","0","0","0","0","0","0","0","0","0","0","0","0","0","0","0","0","0","0","0","0","0","0","0","0","0","0","0","0","0","0","0","0","0","0","0","0","0","0","0","0","0","0","0","0","0","0","0","0","0","0","0","0","0","0","0","0","0","0","1969.560454873","1969.560454873","0"
"U14404500","","","USD","20250711","0.460454873","0.460454873","0","0","0","0","0","0","0","0","0","0","0","0","0","1962.02","1962.02","0","0","0","0","0","0","0","0","0","0","0","0","0","0","0","0","0","0","0","0","0","0","0","0","0","0","0","0","0","0","0","0","0","0","0","0","0","0","0","0","0","0","0","0","0","0","0","0","0","0","0","0","0","0","0","0","0","0","0","0","0","0","0","0","0","0","0","0","0","0","0","0","0","1962.480454873","1962.480454873","0"
"U14404500","","","USD","20250714","0.460454873","0.460454873","0","0","0","0","0","0","0","0","0","0","0","0","0","1965.89","1965.89","0","0","0","0","0","0","0","0","0","0","0","0","0","0","0","0","0","0","0","0","0","0","0","0","0","0","0","0","0","0","0","0","0","0","0","0","0","0","0","0","0","0","0","0","0","0","0","0","0","0","0","0","0","0","0","0","0","0","0","0","0","0","0","0","0","0","0","0","0","0","0","0","0","1966.350454873","1966.350454873","0"
"U14404500","","","USD","20250715","0.102552096","0.102552096","0","0","0","0","0","0","0","0","0","0","0","0","0","12861.82","12861.82","0","0","0","0","0","0","0","0","0","0","0","0","0","0","0","0","0","0","0","0","0","0","0","0","0","0","0","0","0","0","0","0","0","0","0","0","0","0","0","0","0","0","0","0","0","0","0","0","0","0","0","0","0","0","0","0","0","0","0","0","0","0","0","0","0","0","0","0","0","0","0","0","0","12861.922552096","12861.922552096","0"
"U14404500","","","USD","20250716","0.761021344","0.761021344","0","0","0","0","0","0","0","0","0","0","0","0","0","13903.73","13903.73","0","0","0","0","0","0","0","0","0","0","0","0","0","0","0","0","0","0","0","0","0","0","0","0","0","0","0","0","0","0","0","0","0","0","0","0","0","0","0","0","0","0","0","0","0","0","0","0","0","0","0","0","0","0","0","0","0","0","0","0","0","0","0","0","0","0","0","0","0","0","0","0","0","13904.491021344","13904.491021344","0"
"U14404500","","","USD","20250717","10220.931021344","10220.931021344","0","0","0","0","0","0","0","0","0","0","0","0","0","13987.09","13987.09","0","0","0","0","0","0","0","0","0","0","0","0","0","0","0","0","0","0","0","0","0","0","0","0","0","0","0","0","0","0","0","0","0","0","0","0","0","0","0","0","0","0","0","0","0","0","0","0","0","0","0","0","0","0","0","0","0","0","0","0","0","0","0","0","0","0","0","0","0","0","0","0","0","24208.021021344","24208.021021344","0"
"U14404500","","","USD","20250718","1.590814457","1.590814457","0","0","0","0","0","0","0","0","0","0","0","0","0","24173.41","24173.41","0","0","0","0","0","0","0","0","0","0","0","0","0","0","0","0","0","0","0","0","0","0","0","0","0","0","0","0","0","0","0","0","0","0","0","0","0","0","0","0","0","0","0","0","0","0","0","0","0","0","0","0","0","0","0","0","0","0","0","0","0","0","0","0","0","0","0","0","0","0","0","0","0","24175.000814457","24175.000814457","0"
"U14404500","","","USD","20250721","1.590814457","1.590814457","0","0","0","0","0","0","0","0","0","0","0","0","0","24216.57","24216.57","0","0","0","0","0","0","0","0","0","0","0","0","0","0","0","0","0","0","0","0","0","0","0","0","0","0","0","0","0","0","0","0","0","0","0","0","0","0","0","0","0","0","0","0","0","0","0","0","0","0","0","0","0","0","0","0","0","0","0","0","0","0","0","0","0","0","0","0","0","0","0","0","0","24218.160814457","24218.160814457","0"
"U14404500","","","USD","20250722","1.590814457","1.590814457","0","0","0","0","0","0","0","0","0","0","0","0","0","24216.57","24216.57","0","0","0","0","0","0","0","0","0","0","0","0","0","0","0","0","0","0","0","0","0","0","0","0","0","0","0","0","0","0","0","0","0","0","0","0","0","0","0","0","0","0","0","0","0","0","0","0","0","0","0","0","0","0","0","0","0","0","0","0","0","0","0","0","0","0","0","0","0","0","0","0","0","24218.160814457","24218.160814457","0"
"U14404500","","","USD","20250723","1.590814457","1.590814457","0","0","0","0","0","0","0","0","0","0","0","0","0","24422.3","24422.3","0","0","0","0","0","0","0","0","0","0","0","0","0","0","0","0","0","0","0","0","0","0","0","0","0","0","0","0","0","0","0","0","0","0","0","0","0","0","0","0","0","0","0","0","0","0","0","0","0","0","0","0","0","0","0","0","0","0","0","0","0","0","0","0","0","0","0","0","0","0","0","0","0","24423.890814457","24423.890814457","0"
"U14404500","","","USD","20250724","1001.590814457","1001.590814457","0","0","0","0","0","0","0","0","0","0","0","0","0","24439.06","24439.06","0","0","0","0","0","0","0","0","0","0","0","0","0","0","0","0","0","0","0","0","0","0","0","0","0","0","0","0","0","0","0","0","0","0","0","0","0","0","0","0","0","0","0","0","0","0","0","0","0","0","0","0","0","0","0","0","0","0","0","0","0","0","0","0","0","0","0","0","0","0","0","0","0","25440.650814457","25440.650814457","0"
"U14404500","","","USD","20250725","0.240323189","0.240323189","0","0","0","0","0","0","0","0","0","0","0","0","0","25538.4","25538.4","0","0","0","0","0","0","0","0","0","0","0","0","0","0","0","0","0","0","0","0","0","0","0","0","0","0","0","0","0","0","0","0","0","0","0","0","0","0","0","0","0","0","0","0","0","0","0","0","0","0","0","0","0","0","0","0","0","0","0","0","0","0","0","0","0","0","0","0","0","0","0","0","0","25538.640323189","25538.640323189","0"
"U14404500","","","USD","20250728","0.240323189","0.240323189","0","0","0","0","0","0","0","0","0","0","0","0","0","25543.7","25543.7","0","0","0","0","0","0","0","0","0","0","0","0","0","0","0","0","0","0","0","0","0","0","0","0","0","0","0","0","0","0","0","0","0","0","0","0","0","0","0","0","0","0","0","0","0","0","0","0","0","0","0","0","0","0","0","0","0","0","0","0","0","0","0","0","0","0","0","0","0","0","0","0","0","25543.940323189","25543.940323189","0"
"U14404500","","","USD","20250729","0.240323189","0.240323189","0","0","0","0","0","0","0","0","0","0","0","0","0","25474.13","25474.13","0","0","0","0","0","0","0","0","0","0","0","0","0","0","0","0","0","0","0","0","0","0","0","0","0","0","0","0","0","0","0","0","0","0","0","0","0","0","0","0","0","0","0","0","0","0","0","0","0","0","0","0","0","0","0","0","0","0","0","0","0","0","0","0","0","0","0","0","0","0","0","0","0","25474.370323189","25474.370323189","0"
"U14404500","","","USD","20250730","0.240323189","0.240323189","0","0","0","0","0","0","0","0","0","0","0","0","0","25439.25","25439.25","0","0","0","0","0","0","0","0","0","0","0","0","0","0","0","0","0","0","0","0","0","0","0","0","0","0","0","0","0","0","0","0","0","0","0","0","0","0","0","0","0","0","0","0","0","0","0","0","0","0","0","0","0","0","0","0","0","0","0","0","0","0","0","0","0","0","0","0","0","0","0","0","0","25439.490323189","25439.490323189","0"
"U14404500","","","USD","20250731","0.240323189","0.240323189","0","0","0","0","0","0","0","0","0","0","0","0","0","25346.72","25346.72","0","0","0","0","0","0","0","0","0","0","0","0","0","0","0","0","0","0","0","0","0","0","0","0","0","0","0","0","0","0","0","0","0","0","0","0","0","0","0","0","0","0","0","0","0","0","0","0","0","0","0","0","0","0","0","0","0","0","0","0","0","0","0","0","0","0","0","0","0","0","0","0","0","25346.960323189","25346.960323189","0"
"U14404500","","","USD","20250801","330.240323189","330.240323189","0","0","0","0","0","0","0","0","0","0","0","0","0","24914.02","24914.02","0","0","0","0","0","0","0","0","0","0","0","0","0","0","0","0","0","0","0","0","0","0","0","0","0","0","0","0","0","0","0","0","0","0","0.05","0.05","0","0","0","0","0","0","0","0","0","0","0","0","0","0","0","0","0","0","0","0","0","0","0","0","0","0","0","0","0","0","0","0","0","0","0","0","0","25244.310323189","25244.310323189","0"
"U14404500","","","USD","20250804","330.240323189","330.240323189","0","0","0","0","0","0","0","0","0","0","0","0","0","25292.94","25292.94","0","0","0","0","0","0","0","0","0","0","0","0","0","0","0","0","0","0","0","0","0","0","0","0","0","0","0","0","0","0","0","0","0","0","0.05","0.05","0","0","0","0","0","0","0","0","0","0","0","0","0","0","0","0","0","0","0","0","0","0","0","0","0","0","0","0","0","0","0","0","0","0","0","0","0","25623.230323189","25623.230323189","0"
"U14404500","","","USD","20250805","330.290323189","330.290323189","0","0","0","0","0","0","0","0","0","0","0","0","0","25166.23","25166.23","0","0","0","0","0","0","0","0","0","0","0","0","0","0","0","0","0","0","0","0","0","0","0","0","0","0","0","0","0","0","0","0","0","0","0","0","0","0","0","0","0","0","0","0","0","0","0","0","0","0","0","0","0","0","0","0","0","0","0","0","0","0","0","0","0","0","0","0","0","0","0","0","0","25496.520323189","25496.520323189","0"
"U14404500","","","USD","20250806","0.973679438","0.973679438","0","0","0","0","0","0","0","0","0","0","0","0","0","25691.37","25691.37","0","0","0","0","0","0","0","0","0","0","0","0","0","0","0","0","0","0","0","0","0","0","0","0","0","0","0","0","0","0","0","0","0","0","0","0","0","0","0","0","0","0","0","0","0","0","0","0","0","0","0","0","0","0","0","0","0","0","0","0","0","0","0","0","0","0","0","0","0","0","0","0","0","25692.343679438","25692.343679438","0"
"U14404500","","","USD","20250807","0.973679438","0.973679438","0","0","0","0","0","0","0","0","0","0","0","0","0","25696.44","25696.44","0","0","0","0","0","0","0","0","0","0","0","0","0","0","0","0","0","0","0","0","0","0","0","0","0","0","0","0","0","0","0","0","0","0","0","0","0","0","0","0","0","0","0","0","0","0","0","0","0","0","0","0","0","0","0","0","0","0","0","0","0","0","0","0","0","0","0","0","0","0","0","0","0","25697.413679438","25697.413679438","0"
"U14404500","","","USD","20250808","0.973679438","0.973679438","0","0","0","0","0","0","0","0","0","0","0","0","0","25874.86","25874.86","0","0","0","0","0","0","0","0","0","0","0","0","0","0","0","0","0","0","0","0","0","0","0","0","0","0","0","0","0","0","0","0","0","0","0","0","0","0","0","0","0","0","0","0","0","0","0","0","0","0","0","0","0","0","0","0","0","0","0","0","0","0","0","0","0","0","0","0","0","0","0","0","0","25875.833679438","25875.833679438","0"
"U14404500","","","USD","20250811","0.973679438","0.973679438","0","0","0","0","0","0","0","0","0","0","0","0","0","25846.7","25846.7","0","0","0","0","0","0","0","0","0","0","0","0","0","0","0","0","0","0","0","0","0","0","0","0","0","0","0","0","0","0","0","0","0","0","0","0","0","0","0","0","0","0","0","0","0","0","0","0","0","0","0","0","0","0","0","0","0","0","0","0","0","0","0","0","0","0","0","0","0","0","0","0","0","25847.673679438","25847.673679438","0"
"U14404500","","","USD","20250812","0.973679438","0.973679438","0","0","0","0","0","0","0","0","0","0","0","0","0","26116.39","26116.39","0","0","0","0","0","0","0","0","0","0","0","0","0","0","0","0","0","0","0","0","0","0","0","0","0","0","0","0","0","0","0","0","0","0","0","0","0","0","0","0","0","0","0","0","0","0","0","0","0","0","0","0","0","0","0","0","0","0","0","0","0","0","0","0","0","0","0","0","0","0","0","0","0","26117.363679438","26117.363679438","0"
"U14404500","","","USD","20250813","0.973679438","0.973679438","0","0","0","0","0","0","0","0","0","0","0","0","0","26232.42","26232.42","0","0","0","0","0","0","0","0","0","0","0","0","0","0","0","0","0","0","0","0","0","0","0","0","0","0","0","0","0","0","0","0","0","0","0","0","0","0","0","0","0","0","0","0","0","0","0","0","0","0","0","0","0","0","0","0","0","0","0","0","0","0","0","0","0","0","0","0","0","0","0","0","0","26233.393679438","26233.393679438","0"
"U14404500","","","USD","20250814","0.973679438","0.973679438","0","0","0","0","0","0","0","0","0","0","0","0","0","26190.41","26190.41","0","0","0","0","0","0","0","0","0","0","0","0","0","0","0","0","0","0","0","0","0","0","0","0","0","0","0","0","0","0","0","0","0","0","0","0","0","0","0","0","0","0","0","0","0","0","0","0","0","0","0","0","0","0","0","0","0","0","0","0","0","0","0","0","0","0","0","0","0","0","0","0","0","26191.383679438","26191.383679438","0"
"U14404500","","","USD","20250815","0.973679438","0.973679438","0","0","0","0","0","0","0","0","0","0","0","0","0","26127.14","26127.14","0","0","0","0","0","0","0","0","0","0","0","0","0","0","0","0","0","0","0","0","0","0","0","0","0","0","0","0","0","0","0","0","0","0","0","0","0","0","0","0","0","0","0","0","0","0","0","0","0","0","0","0","0","0","0","0","0","0","0","0","0","0","0","0","0","0","0","0","0","0","0","0","0","26128.113679438","26128.113679438","0"
"U14404500","","","USD","20250818","0.973679438","0.973679438","0","0","0","0","0","0","0","0","0","0","0","0","0","26112.33","26112.33","0","0","0","0","0","0","0","0","0","0","0","0","0","0","0","0","0","0","0","0","0","0","0","0","0","0","0","0","0","0","0","0","0","0","0","0","0","0","0","0","0","0","0","0","0","0","0","0","0","0","0","0","0","0","0","0","0","0","0","0","0","0","0","0","0","0","0","0","0","0","0","0","0","26113.303679438","26113.303679438","0"
"U14404500","","","USD","20250819","0.973679438","0.973679438","0","0","0","0","0","0","0","0","0","0","0","0","0","25947.06","25947.06","0","0","0","0","0","0","0","0","0","0","0","0","0","0","0","0","0","0","0","0","0","0","0","0","0","0","0","0","0","0","0","0","0","0","0","0","0","0","0","0","0","0","0","0","0","0","0","0","0","0","0","0","0","0","0","0","0","0","0","0","0","0","0","0","0","0","0","0","0","0","0","0","0","25948.033679438","25948.033679438","0"
"U14404500","","","USD","20250820","0.973679438","0.973679438","0","0","0","0","0","0","0","0","0","0","0","0","0","25891.96","25891.96","0","0","0","0","0","0","0","0","0","0","0","0","0","0","0","0","0","0","0","0","0","0","0","0","0","0","0","0","0","0","0","0","0","0","0","0","0","0","0","0","0","0","0","0","0","0","0","0","0","0","0","0","0","0","0","0","0","0","0","0","0","0","0","0","0","0","0","0","0","0","0","0","0","25892.933679438","25892.933679438","0"
"U14404500","","","USD","20250821","0.973679438","0.973679438","0","0","0","0","0","0","0","0","0","0","0","0","0","25775.58","25775.58","0","0","0","0","0","0","0","0","0","0","0","0","0","0","0","0","0","0","0","0","0","0","0","0","0","0","0","0","0","0","0","0","0","0","0","0","0","0","0","0","0","0","0","0","0","0","0","0","0","0","0","0","0","0","0","0","0","0","0","0","0","0","0","0","0","0","0","0","0","0","0","0","0","25776.553679438","25776.553679438","0"
"U14404500","","","USD","20250822","0.973679438","0.973679438","0","0","0","0","0","0","0","0","0","0","0","0","0","26193.92","26193.92","0","0","0","0","0","0","0","0","0","0","0","0","0","0","0","0","0","0","0","0","0","0","0","0","0","0","0","0","0","0","0","0","0","0","0","0","0","0","0","0","0","0","0","0","0","0","0","0","0","0","0","0","0","0","0","0","0","0","0","0","0","0","0","0","0","0","0","0","0","0","0","0","0","26194.893679438","26194.893679438","0"
"U14404500","","","USD","20250825","0.973679438","0.973679438","0","0","0","0","0","0","0","0","0","0","0","0","0","26036.43","26036.43","0","0","0","0","0","0","0","0","0","0","0","0","0","0","0","0","0","0","0","0","0","0","0","0","0","0","0","0","0","0","0","0","0","0","0","0","0","0","0","0","0","0","0","0","0","0","0","0","0","0","0","0","0","0","0","0","0","0","0","0","0","0","0","0","0","0","0","0","0","0","0","0","0","26037.403679438","26037.403679438","0"
"U14404500","","","USD","20250826","0.973679438","0.973679438","0","0","0","0","0","0","0","0","0","0","0","0","0","26139.98","26139.98","0","0","0","0","0","0","0","0","0","0","0","0","0","0","0","0","0","0","0","0","0","0","0","0","0","0","0","0","0","0","0","0","0","0","0","0","0","0","0","0","0","0","0","0","0","0","0","0","0","0","0","0","0","0","0","0","0","0","0","0","0","0","0","0","0","0","0","0","0","0","0","0","0","26140.953679438","26140.953679438","0"
"U14404500","","","USD","20250827","0.973679438","0.973679438","0","0","0","0","0","0","0","0","0","0","0","0","0","26206.04","26206.04","0","0","0","0","0","0","0","0","0","0","0","0","0","0","0","0","0","0","0","0","0","0","0","0","0","0","0","0","0","0","0","0","0","0","0","0","0","0","0","0","0","0","0","0","0","0","0","0","0","0","0","0","0","0","0","0","0","0","0","0","0","0","0","0","0","0","0","0","0","0","0","0","0","26207.013679438","26207.013679438","0"
"U14404500","","","USD","20250828","0.973679438","0.973679438","0","0","0","0","0","0","0","0","0","0","0","0","0","26294.18","26294.18","0","0","0","0","0","0","0","0","0","0","0","0","0","0","0","0","0","0","0","0","0","0","0","0","0","0","0","0","0","0","0","0","0","0","0","0","0","0","0","0","0","0","0","0","0","0","0","0","0","0","0","0","0","0","0","0","0","0","0","0","0","0","0","0","0","0","0","0","0","0","0","0","0","26295.153679438","26295.153679438","0"
"U14404500","","","USD","20250829","0.973679438","0.973679438","0","0","0","0","0","0","0","0","0","0","0","0","0","26115.76","26115.76","0","0","0","0","0","0","0","0","0","0","0","0","0","0","0","0","0","0","0","0","0","0","0","0","0","0","0","0","0","0","0","0","0","0","0","0","0","0","0","0","0","0","0","0","0","0","0","0","0","0","0","0","0","0","0","0","0","0","0","0","0","0","0","0","0","0","0","0","0","0","0","0","0","26116.733679438","26116.733679438","0"
"U14404500","","","USD","20250901","0.973679438","0.973679438","0","0","0","0","0","0","0","0","0","0","0","0","0","26115.76","26115.76","0","0","0","0","0","0","0","0","0","0","0","0","0","0","0","0","0","0","0","0","0","0","0","0","0","0","0","0","0","0","0","0","0","0","0","0","0","0","0","0","0","0","0","0","0","0","0","0","0","0","0","0","0","0","0","0","0","0","0","0","0","0","0","0","0","0","0","0","0","0","0","0","0","26116.733679438","26116.733679438","0"
"U14404500","","","USD","20250902","0.973679438","0.973679438","0","0","0","0","0","0","0","0","0","0","0","0","0","25953.28","25953.28","0","0","0","0","0","0","0","0","0","0","0","0","0","0","0","0","0","0","0","0","0","0","0","0","0","0","0","0","0","0","0","0","0","0","0","0","0","0","0","0","0","0","0","0","0","0","0","0","0","0","0","0","0","0","0","0","0","0","0","0","0","0","0","0","0","0","0","0","0","0","0","0","0","25954.253679438","25954.253679438","0"
"U14404500","","","USD","20250903","0.973679438","0.973679438","0","0","0","0","0","0","0","0","0","0","0","0","0","26093.19","26093.19","0","0","0","0","0","0","0","0","0","0","0","0","0","0","0","0","0","0","0","0","0","0","0","0","0","0","0","0","0","0","0","0","0","0","0","0","0","0","0","0","0","0","0","0","0","0","0","0","0","0","0","0","0","0","0","0","0","0","0","0","0","0","0","0","0","0","0","0","0","0","0","0","0","26094.163679438","26094.163679438","0"
"U14404500","","","USD","20250904","0.973679438","0.973679438","0","0","0","0","0","0","0","0","0","0","0","0","0","26278.57","26278.57","0","0","0","0","0","0","0","0","0","0","0","0","0","0","0","0","0","0","0","0","0","0","0","0","0","0","0","0","0","0","0","0","0","0","0","0","0","0","0","0","0","0","0","0","0","0","0","0","0","0","0","0","0","0","0","0","0","0","0","0","0","0","0","0","0","0","0","0","0","0","0","0","0","26279.543679438","26279.543679438","0"
"U14404500","","","USD","20250905","0.973679438","0.973679438","0","0","0","0","0","0","0","0","0","0","0","0","0","26225.5","26225.5","0","0","0","0","0","0","0","0","0","0","0","0","0","0","0","0","0","0","0","0","0","0","0","0","0","0","0","0","0","0","0","0","0","0","0","0","0","0","0","0","0","0","0","0","0","0","0","0","0","0","0","0","0","0","0","0","0","0","0","0","0","0","0","0","0","0","0","0","0","0","0","0","0","26226.473679438","26226.473679438","0"
"U14404500","","","USD","20250908","0.973679438","0.973679438","0","0","0","0","0","0","0","0","0","0","0","0","0","26295.14","26295.14","0","0","0","0","0","0","0","0","0","0","0","0","0","0","0","0","0","0","0","0","0","0","0","0","0","0","0","0","0","0","0","0","0","0","0","0","0","0","0","0","0","0","0","0","0","0","0","0","0","0","0","0","0","0","0","0","0","0","0","0","0","0","0","0","0","0","0","0","0","0","0","0","0","26296.113679438","26296.113679438","0"
"U14404500","","","USD","20250909","0.973679438","0.973679438","0","0","0","0","0","0","0","0","0","0","0","0","0","26349.47","26349.47","0","0","0","0","0","0","0","0","0","0","0","0","0","0","0","0","0","0","0","0","0","0","0","0","0","0","0","0","0","0","0","0","0","0","0","0","0","0","0","0","0","0","0","0","0","0","0","0","0","0","0","0","0","0","0","0","0","0","0","0","0","0","0","0","0","0","0","0","0","0","0","0","0","26350.443679438","26350.443679438","0"
"U14404500","","","USD","20250910","0.973679438","0.973679438","0","0","0","0","0","0","0","0","0","0","0","0","0","26442.72","26442.72","0","0","0","0","0","0","0","0","0","0","0","0","0","0","0","0","0","0","0","0","0","0","0","0","0","0","0","0","0","0","0","0","0","0","0","0","0","0","0","0","0","0","0","0","0","0","0","0","0","0","0","0","0","0","0","0","0","0","0","0","0","0","0","0","0","0","0","0","0","0","0","0","0","26443.693679438","26443.693679438","0"
"U14404500","","","USD","20250911","0.973679438","0.973679438","0","0","0","0","0","0","0","0","0","0","0","0","0","26657.95","26657.95","0","0","0","0","0","0","0","0","0","0","0","0","0","0","0","0","0","0","0","0","0","0","0","0","0","0","0","0","0","0","0","0","0","0","0","0","0","0","0","0","0","0","0","0","0","0","0","0","0","0","0","0","0","0","0","0","0","0","0","0","0","0","0","0","0","0","0","0","0","0","0","0","0","26658.923679438","26658.923679438","0"
"U14404500","","","USD","20250912","0.973679438","0.973679438","0","0","0","0","0","0","0","0","0","0","0","0","0","26672.82","26672.82","0","0","0","0","0","0","0","0","0","0","0","0","0","0","0","0","0","0","0","0","0","0","0","0","0","0","0","0","0","0","0","0","0","0","0","0","0","0","0","0","0","0","0","0","0","0","0","0","0","0","0","0","0","0","0","0","0","0","0","0","0","0","0","0","0","0","0","0","0","0","0","0","0","26673.793679438","26673.793679438","0"
"U14404500","","","USD","20250915","0.973679438","0.973679438","0","0","0","0","0","0","0","0","0","0","0","0","0","26793.31","26793.31","0","0","0","0","0","0","0","0","0","0","0","0","0","0","0","0","0","0","0","0","0","0","0","0","0","0","0","0","0","0","0","0","0","0","0","0","0","0","0","0","0","0","0","0","0","0","0","0","0","0","0","0","0","0","0","0","0","0","0","0","0","0","0","0","0","0","0","0","0","0","0","0","0","26794.283679438","26794.283679438","0"
"U14404500","","","USD","20250916","-9000.092349251","0","-9000.092349251","0","0","-9000.092349251","0","0","0","0","0","0","0","0","0","35760.26","35760.26","0","0","0","0","0","0","0","0","0","0","0","0","0","0","0","0","0","0","0","0","0","0","0","0","0","0","0","0","0","0","0","0","0","0","0","0","0","0","0","0","0","0","0","0","0","0","0","0","0","0","0","0","0","0","0","0","0","0","0","0","0","0","0","0","0","0","0","0","0","0","0","0","0","26760.167650749","35760.26","-9000.092349251"
"U14404500","","","USD","20250917","-9000.092349251","0","-9000.092349251","0","0","-9000.092349251","0","0","0","0","0","0","0","0","0","35649.12","35649.12","0","0","0","0","0","0","0","0","0","0","0","0","0","0","0","0","0","0","0","0","0","0","0","0","0","0","0","0","0","0","0","0","0","0","0","0","0","0","0","0","0","0","0","0","0","0","0","0","0","0","0","0","0","0","0","0","0","0","0","0","0","0","0","0","0","0","0","0","0","0","0","0","0","26649.027650749","35649.12","-9000.092349251"
"U14404500","","","USD","20250918","-9000.092349251","0","-9000.092349251","0","0","-9000.092349251","0","0","0","0","0","0","0","0","0","35752.26","35752.26","0","0","0","0","0","0","0","0","0","0","0","0","0","0","0","0","0","0","0","0","0","0","0","0","0","0","0","0","0","0","0","0","0","0","-1.46","0","-1.46","0","0","0","0","0","0","0","0","0","0","0","0","0","0","0","0","0","0","0","0","0","0","0","0","0","0","0","0","0","0","0","0","0","0","0","0","26750.707650749","35752.26","-9001.552349251"
"U14404500","","","USD","20250919","-9000.092349251","0","-9000.092349251","0","0","-9000.092349251","0","0","0","0","0","0","0","0","0","35942.43","35942.43","0","0","0","0","0","0","0","0","0","0","0","0","0","0","0","0","0","0","0","0","0","0","0","0","0","0","0","0","0","0","0","0","0","0","-2.86","0","-2.86","0","0","0","0","0","0","0","0","0","0","0","0","0","0","0","0","0","0","0","0","0","0","0","0","0","0","0","0","0","0","0","0","0","0","0","0","26939.477650749","35942.43","-9002.952349251"
"U14404500","","","USD","20250922","-9000.092349251","0","-9000.092349251","0","0","-9000.092349251","0","0","0","0","0","0","0","0","0","36201.8","36201.8","0","0","0","0","0","0","0","0","0","0","0","0","0","0","0","0","0","0","0","0","0","0","0","0","0","0","0","0","0","0","0","0","0","0","-7.06","0","-7.06","0","0","0","0","0","0","0","0","0","0","0","0","0","0","0","0","0","0","0","0","0","0","0","0","0","0","0","0","0","0","0","0","0","0","0","0","27194.647650749","36201.8","-9007.152349251"
"U14404500","","","USD","20250923","-9000.092349251","0","-9000.092349251","0","0","-9000.092349251","0","0","0","0","0","0","0","0","0","36098.08","36098.08","0","0","0","0","0","0","0","0","0","0","0","0","0","0","0","0","0","0","0","0","0","0","0","0","0","0","0","0","0","0","0","0","0","0","-8.46","0","-8.46","0","0","0","0","0","0","0","0","0","0","0","0","0","0","0","0","0","0","0","0","0","0","0","0","0","0","0","0","0","0","0","0","0","0","0","0","27089.527650749","36098.08","-9008.552349251"
"U14404500","","","USD","20250924","-9000.092349251","0","-9000.092349251","0","0","-9000.092349251","0","0","0","0","0","0","0","0","0","35946.07","35946.07","0","0","0","0","0","0","0","0","0","0","0","0","0","0","0","0","0","0","0","0","0","0","0","0","0","0","0","0","0","0","0","0","0","0","-9.86","0","-9.86","0","0","0","0","0","0","0","0","0","0","0","0","0","0","0","0","0","0","0","0","0","0","0","0","0","0","0","0","0","0","0","0","0","0","0","0","26936.117650749","35946.07","-9009.952349251"
"U14404500","","","USD","20250925","-9000.092349251","0","-9000.092349251","0","0","-9000.092349251","0","0","0","0","0","0","0","0","0","35824.1","35824.1","0","0","0","0","0","0","0","0","0","0","0","0","0","0","0","0","0","0","0","0","0","0","0","0","0","0","0","0","0","0","0","0","0","0","-11.26","0","-11.26","0","0","0","0","0","0","0","0","0","0","0","0","0","0","0","0","0","0","0","0","0","0","0","0","0","0","0","0","0","0","0","0","0","0","0","0","26812.747650749","35824.1","-9011.352349251"
"U14404500","","","USD","20250926","-9000.092349251","0","-9000.092349251","0","0","-9000.092349251","0","0","0","0","0","0","0","0","0","36024.59","36024.59","0","0","0","0","0","0","0","0","0","0","0","0","0","0","0","0","0","0","0","0","0","0","0","0","0","0","0","0","0","0","0","0","0","0","-12.66","0","-12.66","0","0","0","0","0","0","0","0","0","0","0","0","0","0","0","0","0","0","0","0","0","0","0","0","0","0","0","0","0","0","0","0","0","0","0","0","27011.837650749","36024.59","-9012.752349251"
"U14404500","","","USD","20250929","-9000.092349251","0","-9000.092349251","0","0","-9000.092349251","0","0","0","0","0","0","0","0","0","36220.55","36220.55","0","0","0","0","0","0","0","0","0","0","0","0","0","0","0","0","0","0","0","0","0","0","0","0","0","62.82","62.82","0","0","0","0","0","0","0","-16.86","0","-16.86","0","0","0","0","0","0","0","0","0","0","0","0","0","0","0","0","0","0","0","0","0","0","0","0","0","0","0","0","0","0","0","0","0","0","0","0","27266.417650749","36283.37","-9016.952349251"
"U14404500","","","USD","20250930","-9000.092349251","0","-9000.092349251","0","0","-9000.092349251","0","0","0","0","0","0","0","0","0","36394.73","36394.73","0","0","0","0","0","0","0","0","0","0","0","0","0","0","0","0","0","0","0","0","0","0","0","0","0","62.82","62.82","0","0","0","0","0","0","0","-18.26","0","-18.26","0","0","0","0","0","0","0","0","0","0","0","0","0","0","0","0","0","0","0","0","0","0","0","0","0","0","0","0","0","0","0","0","0","0","0","0","27439.197650749","36457.55","-9018.352349251"
"U14404500","","","USD","20251001","-8637.272349251","0","-8637.272349251","0","0","-8637.272349251","0","0","0","0","0","0","0","0","0","36526.23","36526.23","0","0","0","0","0","0","0","0","0","0","0","0","0","0","0","0","0","0","0","0","0","0","0","0","0","0","0","0","0","0","0","0","0","0","-19.66","0","-19.66","0","0","0","0","0","0","0","0","0","0","0","0","0","0","0","0","0","0","0","0","0","0","0","0","0","0","0","0","0","0","0","0","0","0","0","0","27869.297650749","36526.23","-8656.932349251"
"U14404500","","","USD","20251002","-9700.834183592","0","-9700.834183592","0","0","-9700.834183592","0","0","0","0","0","0","0","0","0","37629.89","37629.89","0","0","0","0","0","0","0","0","0","0","0","0","0","0","0","0","0","0","0","0","0","0","0","0","0","0","0","0","0","0","0","0","0","0","-21","0","-21","0","0","0","0","0","0","0","0","0","0","0","0","0","0","0","0","0","0","0","0","0","0","0","0","0","0","0","0","0","0","0","0","0","0","0","0","27908.055816408","37629.89","-9721.834183592"
"U14404500","","","USD","20251003","-9720.494183592","0","-9720.494183592","0","0","-9720.494183592","0","0","0","0","0","0","0","0","0","37719.7","37719.7","0","0","0","0","0","0","0","0","0","0","0","0","0","0","0","0","0","0","0","0","0","0","0","0","0","0","0","0","0","0","0","0","0","0","-2.68","0","-2.68","0","0","0","0","0","0","0","0","0","0","0","0","0","0","0","0","0","0","0","0","0","0","0","0","0","0","0","0","0","0","0","0","0","0","0","0","27996.525816408","37719.7","-9723.174183592"
"U14404500","","","USD","20251006","-9720.494183592","0","-9720.494183592","0","0","-9720.494183592","0","0","0","0","0","0","0","0","0","38019.14","38019.14","0","0","0","0","0","0","0","0","0","0","0","0","0","0","0","0","0","0","0","0","0","0","0","0","0","0","0","0","0","0","0","0","0","0","-7.21","0","-7.21","0","0","0","0","0","0","0","0","0","0","0","0","0","0","0","0","0","0","0","0","0","0","0","0","0","0","0","0","0","0","0","0","0","0","0","0","28291.435816408","38019.14","-9727.704183592"
"U14404500","","","USD","20251007","-9720.494183592","0","-9720.494183592","0","0","-9720.494183592","0","0","0","0","0","0","0","0","0","37903.61","37903.61","0","0","0","0","0","0","0","0","0","0","0","0","0","0","0","0","0","0","0","0","0","0","0","0","0","0","0","0","0","0","0","0","0","0","-8.72","0","-8.72","0","0","0","0","0","0","0","0","0","0","0","0","0","0","0","0","0","0","0","0","0","0","0","0","0","0","0","0","0","0","0","0","0","0","0","0","28174.395816408","37903.61","-9729.214183592"
"U14404500","","","USD","20251008","-9720.494183592","0","-9720.494183592","0","0","-9720.494183592","0","0","0","0","0","0","0","0","0","38245.03","38245.03","0","0","0","0","0","0","0","0","0","0","0","0","0","0","0","0","0","0","0","0","0","0","0","0","0","0","0","0","0","0","0","0","0","0","-10.23","0","-10.23","0","0","0","0","0","0","0","0","0","0","0","0","0","0","0","0","0","0","0","0","0","0","0","0","0","0","0","0","0","0","0","0","0","0","0","0","28514.305816408","38245.03","-9730.724183592"
"U14404500","","","USD","20251009","-9720.494183592","0","-9720.494183592","0","0","-9720.494183592","0","0","0","0","0","0","0","0","0","37939.89","37939.89","0","0","0","0","0","0","0","0","0","0","0","0","0","0","0","0","0","0","0","0","0","0","0","0","0","0","0","0","0","0","0","0","0","0","-11.74","0","-11.74","0","0","0","0","0","0","0","0","0","0","0","0","0","0","0","0","0","0","0","0","0","0","0","0","0","0","0","0","0","0","0","0","0","0","0","0","28207.655816408","37939.89","-9732.234183592"
"U14404500","","","USD","20251010","-9720.494183592","0","-9720.494183592","0","0","-9720.494183592","0","0","0","0","0","0","0","0","0","37232.29","37232.29","0","0","0","0","0","0","0","0","0","0","0","0","0","0","0","0","0","0","0","0","0","0","0","0","0","0","0","0","0","0","0","0","0","0","-13.25","0","-13.25","0","0","0","0","0","0","0","0","0","0","0","0","0","0","0","0","0","0","0","0","0","0","0","0","0","0","0","0","0","0","0","0","0","0","0","0","27498.545816408","37232.29","-9733.744183592"
"U14404500","","","USD","20251013","-9720.494183592","0","-9720.494183592","0","0","-9720.494183592","0","0","0","0","0","0","0","0","0","37871.23","37871.23","0","0","0","0","0","0","0","0","0","0","0","0","0","0","0","0","0","0","0","0","0","0","0","0","0","0","0","0","0","0","0","0","0","0","-17.78","0","-17.78","0","0","0","0","0","0","0","0","0","0","0","0","0","0","0","0","0","0","0","0","0","0","0","0","0","0","0","0","0","0","0","0","0","0","0","0","28132.955816408","37871.23","-9738.274183592"
"U14404500","","","USD","20251014","-9720.494183592","0","-9720.494183592","0","0","-9720.494183592","0","0","0","0","0","0","0","0","0","37858.75","37858.75","0","0","0","0","0","0","0","0","0","0","0","0","0","0","0","0","0","0","0","0","0","0","0","0","0","0","0","0","0","0","0","0","0","0","-19.29","0","-19.29","0","0","0","0","0","0","0","0","0","0","0","0","0","0","0","0","0","0","0","0","0","0","0","0","0","0","0","0","0","0","0","0","0","0","0","0","28118.965816408","37858.75","-9739.784183592"
"U14404500","","","USD","20251015","-9720.494183592","0","-9720.494183592","0","0","-9720.494183592","0","0","0","0","0","0","0","0","0","38124.51","38124.51","0","0","0","0","0","0","0","0","0","0","0","0","0","0","0","0","0","0","0","0","0","0","0","0","0","0","0","0","0","0","0","0","0","0","-20.8","0","-20.8","0","0","0","0","0","0","0","0","0","0","0","0","0","0","0","0","0","0","0","0","0","0","0","0","0","0","0","0","0","0","0","0","0","0","0","0","28383.215816408","38124.51","-9741.294183592"
"U14404500","","","USD","20251016","-9720.494183592","0","-9720.494183592","0","0","-9720.494183592","0","0","0","0","0","0","0","0","0","38139.21","38139.21","0","0","0","0","0","0","0","0","0","0","0","0","0","0","0","0","0","0","0","0","0","0","0","0","0","0","0","0","0","0","0","0","0","0","-22.31","0","-22.31","0","0","0","0","0","0","0","0","0","0","0","0","0","0","0","0","0","0","0","0","0","0","0","0","0","0","0","0","0","0","0","0","0","0","0","0","28396.405816408","38139.21","-9742.804183592"
"U14404500","","","USD","20251017","-9720.494183592","0","-9720.494183592","0","0","-9720.494183592","0","0","0","0","0","0","0","0","0","38064.21","38064.21","0","0","0","0","0","0","0","0","0","0","0","0","0","0","0","0","0","0","0","0","0","0","0","0","0","0","0","0","0","0","0","0","0","0","-23.82","0","-23.82","0","0","0","0","0","0","0","0","0","0","0","0","0","0","0","0","0","0","0","0","0","0","0","0","0","0","0","0","0","0","0","0","0","0","0","0","28319.895816408","38064.21","-9744.314183592"
"U14404500","","","USD","20251020","-9720.494183592","0","-9720.494183592","0","0","-9720.494183592","0","0","0","0","0","0","0","0","0","38770.22","38770.22","0","0","0","0","0","0","0","0","0","0","0","0","0","0","0","0","0","0","0","0","0","0","0","0","0","0","0","0","0","0","0","0","0","0","-28.35","0","-28.35","0","0","0","0","0","0","0","0","0","0","0","0","0","0","0","0","0","0","0","0","0","0","0","0","0","0","0","0","0","0","0","0","0","0","0","0","29021.375816408","38770.22","-9748.844183592"
"U14404500","","","USD","20251021","-9720.494183592","0","-9720.494183592","0","0","-9720.494183592","0","0","0","0","0","0","0","0","0","38123.22","38123.22","0","0","0","0","0","0","0","0","0","0","0","0","0","0","0","0","0","0","0","0","0","0","0","0","0","0","0","0","0","0","0","0","0","0","-29.86","0","-29.86","0","0","0","0","0","0","0","0","0","0","0","0","0","0","0","0","0","0","0","0","0","0","0","0","0","0","0","0","0","0","0","0","0","0","0","0","28372.865816408","38123.22","-9750.354183592"
"U14404500","","","USD","20251022","-9720.494183592","0","-9720.494183592","0","0","-9720.494183592","0","0","0","0","0","0","0","0","0","37903.98","37903.98","0","0","0","0","0","0","0","0","0","0","0","0","0","0","0","0","0","0","0","0","0","0","0","0","0","0","0","0","0","0","0","0","0","0","-31.37","0","-31.37","0","0","0","0","0","0","0","0","0","0","0","0","0","0","0","0","0","0","0","0","0","0","0","0","0","0","0","0","0","0","0","0","0","0","0","0","28152.115816408","37903.98","-9751.864183592"
"U14404500","","","USD","20251023","-9720.494183592","0","-9720.494183592","0","0","-9720.494183592","0","0","0","0","0","0","0","0","0","38137.37","38137.37","0","0","0","0","0","0","0","0","0","0","0","0","0","0","0","0","0","0","0","0","0","0","0","0","0","0","0","0","0","0","0","0","0","0","-32.88","0","-32.88","0","0","0","0","0","0","0","0","0","0","0","0","0","0","0","0","0","0","0","0","0","0","0","0","0","0","0","0","0","0","0","0","0","0","0","0","28383.995816408","38137.37","-9753.374183592"
"U14404500","","","USD","20251024","-9720.494183592","0","-9720.494183592","0","0","-9720.494183592","0","0","0","0","0","0","0","0","0","38334.88","38334.88","0","0","0","0","0","0","0","0","0","0","0","0","0","0","0","0","0","0","0","0","0","0","0","0","0","0","0","0","0","0","0","0","0","0","-34.39","0","-34.39","0","0","0","0","0","0","0","0","0","0","0","0","0","0","0","0","0","0","0","0","0","0","0","0","0","0","0","0","0","0","0","0","0","0","0","0","28579.995816408","38334.88","-9754.884183592"
"U14404500","","","USD","20251027","-10720.800209644","0","-10720.800209644","0","0","-10720.800209644","0","0","0","0","0","0","0","0","0","39438.09","39438.09","0","0","0","0","0","0","0","0","0","0","0","0","0","0","0","0","0","0","0","0","0","0","0","0","0","0","0","0","0","0","0","0","0","0","-38.92","0","-38.92","0","0","0","0","0","0","0","0","0","0","0","0","0","0","0","0","0","0","0","0","0","0","0","0","0","0","0","0","0","0","0","0","0","0","0","0","28678.369790356","39438.09","-10759.720209644"
"U14404500","","","USD","20251028","-10720.800209644","0","-10720.800209644","0","0","-10720.800209644","0","0","0","0","0","0","0","0","0","39415.9","39415.9","0","0","0","0","0","0","0","0","0","0","0","0","0","0","0","0","0","0","0","0","0","0","0","0","0","0","0","0","0","0","0","0","0","0","-40.44","0","-40.44","0","0","0","0","0","0","0","0","0","0","0","0","0","0","0","0","0","0","0","0","0","0","0","0","0","0","0","0","0","0","0","0","0","0","0","0","28654.659790356","39415.9","-10761.240209644"
"U14404500","","","USD","20251029","-10720.800209644","0","-10720.800209644","0","0","-10720.800209644","0","0","0","0","0","0","0","0","0","39358.52","39358.52","0","0","0","0","0","0","0","0","0","0","0","0","0","0","0","0","0","0","0","0","0","0","0","0","0","0.75","0.75","0","0","0","0","0","0","0","-42.11","0","-42.11","0","0","0","0","0","0","0","0","0","0","0","0","0","0","0","0","0","0","0","0","0","0","0","0","0","0","0","0","0","0","0","0","0","0","0","0","28596.359790356","39359.27","-10762.910209644"
"U14404500","","","USD","20251030","-10720.050209644","0","-10720.050209644","0","0","-10720.050209644","0","0","0","0","0","0","0","0","0","39172.67","39172.67","0","0","0","0","0","0","0","0","0","0","0","0","0","0","0","0","0","0","0","0","0","0","0","0","0","0","0","0","0","0","0","0","0","0","-43.78","0","-43.78","0","0","0","0","0","0","0","0","0","0","0","0","0","0","0","0","0","0","0","0","0","0","0","0","0","0","0","0","0","0","0","0","0","0","0","0","28408.839790356","39172.67","-10763.830209644"
"U14404500","","","USD","20251031","-10720.800948722","0","-10720.800948722","0","0","-10720.800948722","0","0","0","0","0","0","0","0","0","39250.28","39250.28","0","0","0","0","0","0","0","0","0","0","0","0","0","0","0","0","0","0","0","0","0","0","0","0","0","0","0","0","0","0","0","0","0","0","-45.38","0","-45.38","0","0","0","0","0","0","0","0","0","0","0","0","0","0","0","0","0","0","0","0","0","0","0","0","0","0","0","0","0","0","0","0","0","0","0","0","28484.099051278","39250.28","-10766.180948722"
"U14404500","","","USD","20251103","-10720.44812473","0","-10720.44812473","0","0","-10720.44812473","0","0","0","0","0","0","0","0","0","39246.63","39246.63","0","0","0","0","0","0","0","0","0","0","0","0","0","0","0","0","0","0","0","0","0","0","0","0","0","0","0","0","0","0","0","0","0","0","-50.18","0","-50.18","0","0","0","0","0","0","0","0","0","0","0","0","0","0","0","0","0","0","0","0","0","0","0","0","0","0","0","0","0","0","0","0","0","0","0","0","28476.00187527","39246.63","-10770.62812473"
"U14404500","","","USD","20251104","-151.74347798","0","-151.74347798","0","0","-151.74347798","0","0","0","0","0","0","0","0","0","28109.82","28109.82","0","0","0","0","0","0","0","0","0","0","0","0","0","0","0","0","0","0","0","0","0","0","0","0","0","0","0","0","0","0","0","0","0","0","-51.78","0","-51.78","0","0","0","0","0","0","0","0","0","0","0","0","0","0","0","0","0","0","0","0","0","0","0","0","0","0","0","0","0","0","0","0","0","0","0","0","27906.29652202","28109.82","-203.52347798"
"U14404500","","","USD","20251105","-198.72347798","0","-198.72347798","0","0","-198.72347798","0","0","0","0","0","0","0","0","0","28320.54","28320.54","0","0","0","0","0","0","0","0","0","0","0","0","0","0","0","0","0","0","0","0","0","0","0","0","0","0","0","0","0","0","0","0","0","0","-6.4","0","-6.4","0","0","0","0","0","0","0","0","0","0","0","0","0","0","0","0","0","0","0","0","0","0","0","0","0","0","0","0","0","0","0","0","0","0","0","0","28115.41652202","28320.54","-205.12347798"
"U14404500","","","USD","20251106","-198.72347798","0","-198.72347798","0","0","-198.72347798","0","0","0","0","0","0","0","0","0","28090.93","28090.93","0","0","0","0","0","0","0","0","0","0","0","0","0","0","0","0","0","0","0","0","0","0","0","0","0","0","0","0","0","0","0","0","0","0","-6.4","0","-6.4","0","0","0","0","0","0","0","0","0","0","0","0","0","0","0","0","0","0","0","0","0","0","0","0","0","0","0","0","0","0","0","0","0","0","0","0","27885.80652202","28090.93","-205.12347798"
"U14404500","","","USD","20251107","-198.72347798","0","-198.72347798","0","0","-198.72347798","0","0","0","0","0","0","0","0","0","28204.32","28204.32","0","0","0","0","0","0","0","0","0","0","0","0","0","0","0","0","0","0","0","0","0","0","0","0","0","0","0","0","0","0","0","0","0","0","-6.4","0","-6.4","0","0","0","0","0","0","0","0","0","0","0","0","0","0","0","0","0","0","0","0","0","0","0","0","0","0","0","0","0","0","0","0","0","0","0","0","27999.19652202","28204.32","-205.12347798"
"U14404500","","","USD","20251110","0.915802382","0.915802382","0","0","0","0","0","0","0","0","0","0","0","0","0","30060.55","30060.55","0","0","0","0","0","0","0","0","0","0","0","0","0","0","0","0","0","0","0","0","0","0","0","0","0","0","0","0","0","0","0","0","0","0","-6.4","0","-6.4","0","0","0","0","0","0","0","0","0","0","0","0","0","0","0","0","0","0","0","0","0","0","0","0","0","0","0","0","0","0","0","0","0","0","0","0","30055.065802382","30061.465802382","-6.4"
"U14404500","","","USD","20251111","0.915802382","0.915802382","0","0","0","0","0","0","0","0","0","0","0","0","0","30098.47","30098.47","0","0","0","0","0","0","0","0","0","0","0","0","0","0","0","0","0","0","0","0","0","0","0","0","0","0","0","0","0","0","0","0","0","0","-6.4","0","-6.4","0","0","0","0","0","0","0","0","0","0","0","0","0","0","0","0","0","0","0","0","0","0","0","0","0","0","0","0","0","0","0","0","0","0","0","0","30092.985802382","30099.385802382","-6.4"
"U14404500","","","USD","20251112","0.915802382","0.915802382","0","0","0","0","0","0","0","0","0","0","0","0","0","30295.23","30295.23","0","0","0","0","0","0","0","0","0","0","0","0","0","0","0","0","0","0","0","0","0","0","0","0","0","0","0","0","0","0","0","0","0","0","-6.4","0","-6.4","0","0","0","0","0","0","0","0","0","0","0","0","0","0","0","0","0","0","0","0","0","0","0","0","0","0","0","0","0","0","0","0","0","0","0","0","30289.745802382","30296.145802382","-6.4"
"U14404500","","","USD","20251113","0.915802382","0.915802382","0","0","0","0","0","0","0","0","0","0","0","0","0","29836.27","29836.27","0","0","0","0","0","0","0","0","0","0","0","0","0","0","0","0","0","0","0","0","0","0","0","0","0","0","0","0","0","0","0","0","0","0","-6.4","0","-6.4","0","0","0","0","0","0","0","0","0","0","0","0","0","0","0","0","0","0","0","0","0","0","0","0","0","0","0","0","0","0","0","0","0","0","0","0","29830.785802382","29837.185802382","-6.4"
"U14404500","","","USD","20251114","0.915802382","0.915802382","0","0","0","0","0","0","0","0","0","0","0","0","0","29588.72","29588.72","0","0","0","0","0","0","0","0","0","0","0","0","0","0","0","0","0","0","0","0","0","0","0","0","0","0","0","0","0","0","0","0","0","0","-6.4","0","-6.4","0","0","0","0","0","0","0","0","0","0","0","0","0","0","0","0","0","0","0","0","0","0","0","0","0","0","0","0","0","0","0","0","0","0","0","0","29583.235802382","29589.635802382","-6.4"
"U14404500","","","USD","20251117","1291.840581482","1291.840581482","0","0","0","0","0","0","0","0","0","0","0","0","0","27975.06","27975.06","0","0","0","0","0","0","0","0","0","0","0","0","0","0","0","0","0","0","0","0","0","0","0","0","0","0","0","0","0","0","0","0","0","0","-6.4","0","-6.4","0","0","0","0","0","0","0","0","0","0","0","0","0","0","0","0","0","0","0","0","0","0","0","0","0","0","0","0","0","0","0","0","0","0","0","0","29260.500581482","29266.900581482","-6.4"
"U14404500","","","USD","20251118","1291.840581482","1291.840581482","0","0","0","0","0","0","0","0","0","0","0","0","0","27940.43","27940.43","0","0","0","0","0","0","0","0","0","0","0","0","0","0","0","0","0","0","0","0","0","0","0","0","0","0","0","0","0","0","0","0","0","0","-6.4","0","-6.4","0","0","0","0","0","0","0","0","0","0","0","0","0","0","0","0","0","0","0","0","0","0","0","0","0","0","0","0","0","0","0","0","0","0","0","0","29225.870581482","29232.270581482","-6.4"
"U14404500","","","USD","20251119","1291.840581482","1291.840581482","0","0","0","0","0","0","0","0","0","0","0","0","0","27959.68","27959.68","0","0","0","0","0","0","0","0","0","0","0","0","0","0","0","0","0","0","0","0","0","0","0","0","0","0","0","0","0","0","0","0","0","0","-6.4","0","-6.4","0","0","0","0","0","0","0","0","0","0","0","0","0","0","0","0","0","0","0","0","0","0","0","0","0","0","0","0","0","0","0","0","0","0","0","0","29245.120581482","29251.520581482","-6.4"
"U14404500","","","USD","20251120","1.519325219","1.519325219","0","0","0","0","0","0","0","0","0","0","0","0","0","28921.16","28921.16","0","0","0","0","0","0","0","0","0","0","0","0","0","0","0","0","0","0","0","0","0","0","0","0","0","0","0","0","0","0","0","0","0","0","-6.4","0","-6.4","0","0","0","0","0","0","0","0","0","0","0","0","0","0","0","0","0","0","0","0","0","0","0","0","0","0","0","0","0","0","0","0","0","0","0","0","28916.279325219","28922.679325219","-6.4"
"U14404500","","","USD","20251121","1.519325219","1.519325219","0","0","0","0","0","0","0","0","0","0","0","0","0","29047.52","29047.52","0","0","0","0","0","0","0","0","0","0","0","0","0","0","0","0","0","0","0","0","0","0","0","0","0","0","0","0","0","0","0","0","0","0","-6.4","0","-6.4","0","0","0","0","0","0","0","0","0","0","0","0","0","0","0","0","0","0","0","0","0","0","0","0","0","0","0","0","0","0","0","0","0","0","0","0","29042.639325219","29049.039325219","-6.4"
"U14404500","","","USD","20251124","1.519325219","1.519325219","0","0","0","0","0","0","0","0","0","0","0","0","0","29549.28","29549.28","0","0","0","0","0","0","0","0","0","0","0","0","0","0","0","0","0","0","0","0","0","0","0","0","0","0","0","0","0","0","0","0","0","0","-6.4","0","-6.4","0","0","0","0","0","0","0","0","0","0","0","0","0","0","0","0","0","0","0","0","0","0","0","0","0","0","0","0","0","0","0","0","0","0","0","0","29544.399325219","29550.799325219","-6.4"
"U14404500","","","USD","20251125","1.519325219","1.519325219","0","0","0","0","0","0","0","0","0","0","0","0","0","29700.55","29700.55","0","0","0","0","0","0","0","0","0","0","0","0","0","0","0","0","0","0","0","0","0","0","0","0","0","0.41","0.41","0","0","0","0","0","0","0","-6.4","0","-6.4","0","0","0","0","0","0","0","0","0","0","0","0","0","0","0","0","0","0","0","0","0","0","0","0","0","0","0","0","0","0","0","0","0","0","0","0","29696.079325219","29702.479325219","-6.4"
"U14404500","","","USD","20251126","-2498.415976651","0","-2498.415976651","0","0","-2498.415976651","0","0","0","0","0","0","0","0","0","32441.42","32441.42","0","0","0","0","0","0","0","0","0","0","0","0","0","0","0","0","0","0","0","0","0","0","0","0","0","0","0","0","0","0","0","0","0","0","-6.4","0","-6.4","0","0","0","0","0","0","0","0","0","0","0","0","0","0","0","0","0","0","0","0","0","0","0","0","0","0","0","0","0","0","0","0","0","0","0","0","29936.604023349","32441.42","-2504.815976651"
"U14404500","","","USD","20251127","-2498.415976651","0","-2498.415976651","0","0","-2498.415976651","0","0","0","0","0","0","0","0","0","32441.42","32441.42","0","0","0","0","0","0","0","0","0","0","0","0","0","0","0","0","0","0","0","0","0","0","0","0","0","0","0","0","0","0","0","0","0","0","-6.4","0","-6.4","0","0","0","0","0","0","0","0","0","0","0","0","0","0","0","0","0","0","0","0","0","0","0","0","0","0","0","0","0","0","0","0","0","0","0","0","29936.604023349","32441.42","-2504.815976651"
"U14404500","","","USD","20251128","-3399.495868854","0","-3399.495868854","0","0","-3399.495868854","0","0","0","0","0","0","0","0","0","36690.45","36690.45","0","0","0","0","0","0","0","0","0","0","0","0","0","0","0","0","0","0","0","0","0","0","0","0","0","0","0","0","0","0","0","0","0","0","-6.4","0","-6.4","0","0","0","0","0","0","0","0","0","0","0","0","0","0","0","0","0","0","0","0","0","0","0","0","0","0","0","0","0","0","0","0","0","0","0","0","33284.554131146","36690.45","-3405.895868854"
"U14404500","","","USD","20251201","-3399.495868854","0","-3399.495868854","0","0","-3399.495868854","0","0","0","0","0","0","0","0","0","36565.75","36565.75","0","0","0","0","0","0","0","0","0","0","0","0","0","0","0","0","0","0","0","0","0","0","0","0","0","0","0","0","0","0","0","0","0","0","-6.55","0","-6.55","0","0","0","0","0","0","0","0","0","0","0","0","0","0","0","0","0","0","0","0","0","0","0","0","0","0","0","0","0","0","0","0","0","0","0","0","33159.704131146","36565.75","-3406.045868854"
"U14404500","","","USD","20251202","-3399.495868854","0","-3399.495868854","0","0","-3399.495868854","0","0","0","0","0","0","0","0","0","36611.06","36611.06","0","0","0","0","0","0","0","0","0","0","0","0","0","0","0","0","0","0","0","0","0","0","0","0","0","0","0","0","0","0","0","0","0","0","-6.55","0","-6.55","0","0","0","0","0","0","0","0","0","0","0","0","0","0","0","0","0","0","0","0","0","0","0","0","0","0","0","0","0","0","0","0","0","0","0","0","33205.014131146","36611.06","-3406.045868854"
"U14404500","","","USD","20251203","-3406.045868854","0","-3406.045868854","0","0","-3406.045868854","0","0","0","0","0","0","0","0","0","36703.47","36703.47","0","0","0","0","0","0","0","0","0","0","0","0","0","0","0","0","0","0","0","0","0","0","0","0","0","0","0","0","0","0","0","0","0","0","-1.02","0","-1.02","0","0","0","0","0","0","0","0","0","0","0","0","0","0","0","0","0","0","0","0","0","0","0","0","0","0","0","0","0","0","0","0","0","0","0","0","33296.404131146","36703.47","-3407.065868854"
"U14404500","","","USD","20251204","-3406.045868854","0","-3406.045868854","0","0","-3406.045868854","0","0","0","0","0","0","0","0","0","36722.45","36722.45","0","0","0","0","0","0","0","0","0","0","0","0","0","0","0","0","0","0","0","0","0","0","0","0","0","0","0","0","0","0","0","0","0","0","-1.02","0","-1.02","0","0","0","0","0","0","0","0","0","0","0","0","0","0","0","0","0","0","0","0","0","0","0","0","0","0","0","0","0","0","0","0","0","0","0","0","33315.384131146","36722.45","-3407.065868854"
"U14404500","","","USD","20251205","-3406.045868854","0","-3406.045868854","0","0","-3406.045868854","0","0","0","0","0","0","0","0","0","36707.03","36707.03","0","0","0","0","0","0","0","0","0","0","0","0","0","0","0","0","0","0","0","0","0","0","0","0","0","0","0","0","0","0","0","0","0","0","-2.04","0","-2.04","0","0","0","0","0","0","0","0","0","0","0","0","0","0","0","0","0","0","0","0","0","0","0","0","0","0","0","0","0","0","0","0","0","0","0","0","33298.944131146","36707.03","-3408.085868854"
"U14404500","","","USD","20251208","-3406.045868854","0","-3406.045868854","0","0","-3406.045868854","0","0","0","0","0","0","0","0","0","36626.4","36626.4","0","0","0","0","0","0","0","0","0","0","0","0","0","0","0","0","0","0","0","0","0","0","0","0","0","0","0","0","0","0","0","0","0","0","-3.57","0","-3.57","0","0","0","0","0","0","0","0","0","0","0","0","0","0","0","0","0","0","0","0","0","0","0","0","0","0","0","0","0","0","0","0","0","0","0","0","33216.784131146","36626.4","-3409.615868854"
"U14404500","","","USD","20251209","-3406.045868854","0","-3406.045868854","0","0","-3406.045868854","0","0","0","0","0","0","0","0","0","36691.44","36691.44","0","0","0","0","0","0","0","0","0","0","0","0","0","0","0","0","0","0","0","0","0","0","0","0","0","0","0","0","0","0","0","0","0","0","-3.57","0","-3.57","0","0","0","0","0","0","0","0","0","0","0","0","0","0","0","0","0","0","0","0","0","0","0","0","0","0","0","0","0","0","0","0","0","0","0","0","33281.824131146","36691.44","-3409.615868854"
"U14404500","","","USD","20251210","-3406.045868854","0","-3406.045868854","0","0","-3406.045868854","0","0","0","0","0","0","0","0","0","36880.72","36880.72","0","0","0","0","0","0","0","0","0","0","0","0","0","0","0","0","0","0","0","0","0","0","0","0","0","0","0","0","0","0","0","0","0","0","-4.59","0","-4.59","0","0","0","0","0","0","0","0","0","0","0","0","0","0","0","0","0","0","0","0","0","0","0","0","0","0","0","0","0","0","0","0","0","0","0","0","33470.084131146","36880.72","-3410.635868854"
"U14404500","","","USD","20251211","-3406.045868854","0","-3406.045868854","0","0","-3406.045868854","0","0","0","0","0","0","0","0","0","37049.87","37049.87","0","0","0","0","0","0","0","0","0","0","0","0","0","0","0","0","0","0","0","0","0","0","0","0","0","0","0","0","0","0","0","0","0","0","-4.59","0","-4.59","0","0","0","0","0","0","0","0","0","0","0","0","0","0","0","0","0","0","0","0","0","0","0","0","0","0","0","0","0","0","0","0","0","0","0","0","33639.234131146","37049.87","-3410.635868854"
"U14404500","","","USD","20251212","-3406.045868854","0","-3406.045868854","0","0","-3406.045868854","0","0","0","0","0","0","0","0","0","36826.71","36826.71","0","0","0","0","0","0","0","0","0","0","0","0","0","0","0","0","0","0","0","0","0","0","0","0","0","0","0","0","0","0","0","0","0","0","-5.59","0","-5.59","0","0","0","0","0","0","0","0","0","0","0","0","0","0","0","0","0","0","0","0","0","0","0","0","0","0","0","0","0","0","0","0","0","0","0","0","33415.074131146","36826.71","-3411.635868854"
"U14404500","","","USD","20251215","-2982.417852854","0","-2982.417852854","0","0","-2982.417852854","0","0","0","0","0","0","0","0","0","36331.14","36331.14","0","0","0","0","0","0","0","0","0","0","0","0","0","0","0","0","0","0","0","0","0","0","0","0","0","0.43","0.43","0","0","0","0","0","0","0","-7.06","0","-7.06","0","0","0","0","0","0","0","0","0","0","0","0","0","0","0","0","0","0","0","0","0","0","0","0","0","0","0","0","0","0","0","0","0","0","0","0","33342.092147146","36331.57","-2989.477852854"
"U14404500","","","USD","20251216","-2981.987852854","0","-2981.987852854","0","0","-2981.987852854","0","0","0","0","0","0","0","0","0","36285.46","36285.46","0","0","0","0","0","0","0","0","0","0","0","0","0","0","0","0","0","0","0","0","0","0","0","0","0","0","0","0","0","0","0","0","0","0","-7.06","0","-7.06","0","0","0","0","0","0","0","0","0","0","0","0","0","0","0","0","0","0","0","0","0","0","0","0","0","0","0","0","0","0","0","0","0","0","0","0","33296.412147146","36285.46","-2989.047852854"
"U14404500","","","USD","20251217","-2982.41758895","0","-2982.41758895","0","0","-2982.41758895","0","0","0","0","0","0","0","0","0","36099.74","36099.74","0","0","0","0","0","0","0","0","0","0","0","0","0","0","0","0","0","0","0","0","0","0","0","0","0","0","0","0","0","0","0","0","0","0","-7.06","0","-7.06","0","0","0","0","0","0","0","0","0","0","0","0","0","0","0","0","0","0","0","0","0","0","0","0","0","0","0","0","0","0","0","0","0","0","0","0","33110.26241105","36099.74","-2989.47758895"
"U14404500","","","USD","20251218","-2982.41758895","0","-2982.41758895","0","0","-2982.41758895","0","0","0","0","0","0","0","0","0","36228.61","36228.61","0","0","0","0","0","0","0","0","0","0","0","0","0","0","0","0","0","0","0","0","0","0","0","0","0","0","0","0","0","0","0","0","0","0","-8.41","0","-8.41","0","0","0","0","0","0","0","0","0","0","0","0","0","0","0","0","0","0","0","0","0","0","0","0","0","0","0","0","0","0","0","0","0","0","0","0","33237.78241105","36228.61","-2990.82758895"
"U14404500","","","USD","20251219","-2982.41758895","0","-2982.41758895","0","0","-2982.41758895","0","0","0","0","0","0","0","0","0","36506.9","36506.9","0","0","0","0","0","0","0","0","0","0","0","0","0","0","0","0","0","0","0","0","0","0","0","0","0","0","0","0","0","0","0","0","0","0","-8.41","0","-8.41","0","0","0","0","0","0","0","0","0","0","0","0","0","0","0","0","0","0","0","0","0","0","0","0","0","0","0","0","0","0","0","0","0","0","0","0","33516.07241105","36506.9","-2990.82758895"
"U14404500","","","USD","20251222","-2982.41758895","0","-2982.41758895","0","0","-2982.41758895","0","0","0","0","0","0","0","0","0","36854.71","36854.71","0","0","0","0","0","0","0","0","0","0","0","0","0","0","0","0","0","0","0","0","0","0","0","0","0","57.28","57.28","0","0","0","0","0","0","0","-10.13","0","-10.13","0","0","0","0","0","0","0","0","0","0","0","0","0","0","0","0","0","0","0","0","0","0","0","0","0","0","0","0","0","0","0","0","0","0","0","0","33919.44241105","36911.99","-2992.54758895"
"U14404500","","","USD","20251223","-2982.41758895","0","-2982.41758895","0","0","-2982.41758895","0","0","0","0","0","0","0","0","0","37113.23","37113.23","0","0","0","0","0","0","0","0","0","0","0","0","0","0","0","0","0","0","0","0","0","0","0","0","0","57.28","57.28","0","0","0","0","0","0","0","-10.13","0","-10.13","0","0","0","0","0","0","0","0","0","0","0","0","0","0","0","0","0","0","0","0","0","0","0","0","0","0","0","0","0","0","0","0","0","0","0","0","34177.96241105","37170.51","-2992.54758895"
"U14404500","","","USD","20251224","-2925.13758895","0","-2925.13758895","0","0","-2925.13758895","0","0","0","0","0","0","0","0","0","37139.27","37139.27","0","0","0","0","0","0","0","0","0","0","0","0","0","0","0","0","0","0","0","0","0","0","0","0","0","0","0","0","0","0","0","0","0","0","-10.13","0","-10.13","0","0","0","0","0","0","0","0","0","0","0","0","0","0","0","0","0","0","0","0","0","0","0","0","0","0","0","0","0","0","0","0","0","0","0","0","34204.00241105","37139.27","-2935.26758895"
"U14404500","","","USD","20251225","-2925.13758895","0","-2925.13758895","0","0","-2925.13758895","0","0","0","0","0","0","0","0","0","37139.27","37139.27","0","0","0","0","0","0","0","0","0","0","0","0","0","0","0","0","0","0","0","0","0","0","0","0","0","0","0","0","0","0","0","0","0","0","-10.13","0","-10.13","0","0","0","0","0","0","0","0","0","0","0","0","0","0","0","0","0","0","0","0","0","0","0","0","0","0","0","0","0","0","0","0","0","0","0","0","34204.00241105","37139.27","-2935.26758895"
"U14404500","","","USD","20251226","-2982.455261408","0","-2982.455261408","0","0","-2982.455261408","0","0","0","0","0","0","0","0","0","37341.03","37341.03","0","0","0","0","0","0","0","0","0","0","0","0","0","0","0","0","0","0","0","0","0","0","0","0","0","0","0","0","0","0","0","0","0","0","-11.83","0","-11.83","0","0","0","0","0","0","0","0","0","0","0","0","0","0","0","0","0","0","0","0","0","0","0","0","0","0","0","0","0","0","0","0","0","0","0","0","34346.744738592","37341.03","-2994.285261408"
"U14404500","","","USD","20251229","117.544738592","117.544738592","0","0","0","0","0","0","0","0","0","0","0","0","0","36722.57","36722.57","0","0","0","0","0","0","0","0","0","0","0","0","0","0","0","0","0","0","0","0","0","0","0","0","0","0","0","0","0","0","0","0","0","0","-13.09","0","-13.09","0","0","0","0","0","0","0","0","0","0","0","0","0","0","0","0","0","0","0","0","0","0","0","0","0","0","0","0","0","0","0","0","0","0","0","0","36827.024738592","36840.114738592","-13.09"
"U14404500","","","USD","20251230","117.544738592","117.544738592","0","0","0","0","0","0","0","0","0","0","0","0","0","36719.36","36719.36","0","0","0","0","0","0","0","0","0","0","0","0","0","0","0","0","0","0","0","0","0","0","0","0","0","0","0","0","0","0","0","0","0","0","-13.09","0","-13.09","0","0","0","0","0","0","0","0","0","0","0","0","0","0","0","0","0","0","0","0","0","0","0","0","0","0","0","0","0","0","0","0","0","0","0","0","36823.814738592","36836.904738592","-13.09"
"U14404500","","","USD","20251231","117.544738592","117.544738592","0","0","0","0","0","0","0","0","0","0","0","0","0","36464.62","36464.62","0","0","0","0","0","0","0","0","0","0","0","0","0","0","0","0","0","0","0","0","0","0","0","0","0","0","0","0","0","0","0","0","0","0","-13.09","0","-13.09","0","0","0","0","0","0","0","0","0","0","0","0","0","0","0","0","0","0","0","0","0","0","0","0","0","0","0","0","0","0","0","0","0","0","0","0","36569.074738592","36582.164738592","-13.09"
"ClientAccountID","AccountAlias","Model","CurrencyPrimary","FromDate","ToDate","StartingValue","Mtm","MtmAtPaxos","Realized","ChangeInUnrealized","CostAdjustments","TransferredPnlAdjustments","DepositsWithdrawals","CarbonCredits","Donations","InternalCashTransfers","PaxosTransfers","ExcessFundSweep","AssetTransfers","DebitCardActivity","BillPay","GrantActivity","Dividends","WithholdingTax","871mWithholding","WithholdingTaxCollected","ChangeInDividendAccruals","ChangeInLiteSurchargeAccruals","ChangeInCGTWithholdingAccruals","Interest","ChangeInInterestAccruals","ChangeInIncentiveCouponAccruals","BrokerFees","changeInBrokerFeeAccruals","AdvisorFees","ClientFees","OtherFees","OtherIncome","FeesReceivables","Commissions","CommissionsAtPaxos","ReferralFee","CommissionCreditsRedemption","CommissionReceivables","ForexCommissions","TransactionTax","TaxReceivables","SalesTax","BillableSalesTax","SoftDollars","NetFxTrading","FxTranslation","LinkingAdjustments","Other","EndingValue","TWR","CorporateActionProceeds"
"U14404500","","","USD","20250101","20251231","1366.081163834","3116.893087","0","0","0","0","0","32050.17","0","0","0","0","0","0","0","0","0","152.19","-22.83","0","0","0","0","0","-73.14","-13.09","0","0","0","0","0","0","0","0","-7.19953482","0","0","0","0","0","0","0","0","0","0","0","-0","0","0","36569.074738592","19.563907324","0"
"ClientAccountID","AccountAlias","Model","CurrencyPrimary","LevelOfDetail","FromDate","ToDate","StartingCash","StartingCashSecurities","StartingCashCommodities","ClientFees","ClientFeesSecurities","ClientFeesCommodities","Commissions","CommissionsSecurities","CommissionsCommodities","ReferralFee","ReferralFeeSecurities","ReferralFeeCommodities","CommissionCreditsRedemption","CommissionCreditsRedemptionSecurities","CommissionCreditsRedemptionCommodities","BillableCommissions","BillableCommissionsSecurities","BillableCommissionsCommodities","Deposit/Withdrawals","Deposit/WithdrawalsSecurities","Deposit/WithdrawalsCommodities","Deposits","DepositsSecurities","DepositsCommodities","Withdrawals","WithdrawalsSecurities","WithdrawalsCommodities","CarbonCredits","CarbonCreditsSecurities","CarbonCreditsCommodities","Donations","DonationsSecurities","DonationsCommodities","AccountTransfers","AccountTransfersSecurities","AccountTransfersCommodities","LinkingAdjustments","LinkingAdjustmentsSecurities","LinkingAdjustmentsCommodities","InternalTransfers","InternalTransfersSecurities","InternalTransfersCommodities","PaxosTransfers","PaxosTransfersSecurities","PaxosTransfersCommodities","ExcessFundSweep","ExcessFundSweepSec","ExcessFundSweepCom","DebitCardActivity","DebitCardActivitySecurities","DebitCardActivityCommodities","BillPay","BillPaySecurities","BillPayCommodities","Dividends","DividendsSecurities","DividendsCommodities","InsuredDepositInterest","InsuredDepositInterestSecurities","InsuredDepositInterestCommodities","BrokerInterest","BrokerInterestSecurities","BrokerInterestCommodities","BrokerFees","BrokerFeesSecurities","BrokerFeesCommodities","BondInterest","BondInterestSecurities","BondInterestCommodities","CashSettlingMtm","CashSettlingMtmSecurities","CashSettlingMtmCommodities","RealizedVm","RealizedVmSecurities","RealizedVmCommodities","RealizedForexVm","RealizedForexVmSecurities","RealizedForexVmCommodities","CFDCharges","CFDChargesSecurities","CFDChargesCommodities","NetTradesSales","NetTradesSalesSecurities","NetTradesSalesCommodities","NetTradesPurchases","NetTradesPurchasesSecurities","NetTradesPurchasesCommodities","AdvisorFees","AdvisorFeesSecurities","AdvisorFeesCommodities","FeesReceivables","FeesReceivablesSecurities","FeesReceivablesCommodities","PaymentInLieu","PaymentInLieuSecurities","PaymentInLieuCommodities","TransactionTax","TransactionTaxSecurities","TransactionTaxCommodities","TaxReceivables","TaxReceivablesSecurities","TaxReceivablesCommodities","WithholdingTax","WithholdingTaxSecurities","WithholdingTaxCommodities","871mWithholding","871mWithholdingSecurities","871mWithholdingCommodities","WithholdingTaxCollected","WithholdingTaxCollectedSecurities","WithholdingTaxCollectedCommodities","SalesTax","SalesTaxSecurities","SalesTaxCommodities","BillableSalesTax","BillableSalesTaxSecurities","BillableSalesTaxCommodities","ipoSubscription","ipoSubscriptionSecurities","ipoSubscriptionCommodities","FXTranslationGain/Loss","FXTranslationGain/LossSecurities","FXTranslationGain/LossCommodities","OtherFees","OtherFeesSecurities","OtherFeesCommodities","OtherIncome","OtherIncomeSecurities","OtherIncomeCommodities","Other","OtherSecurities","OtherCommodities","EndingCash","EndingCashSecurities","EndingCashCommodities","EndingSettledCash","EndingSettledCashSecurities","EndingSettledCashCommodities","StartingCashCollateralSLB","StartingCashCollateralSLBSecurities","StartingCashCollateralSLBCommodities","NetSecuritiesLentActivitySLB","NetSecuritiesLentActivitySLBSecurities","NetSecuritiesLentActivitySLBCommodities","EndingCashCollateralSLB","EndingCashCollateralSLBSecurities","EndingCashCollateralSLBCommodities","NetCashBalanceSLB","NetCashBalanceSLBSecurities","NetCashBalanceSLBCommodities","NetSettledCashBalanceSLB","NetSettledCashBalanceSLBSecurities","NetSettledCashBalanceSLBCommodities"
"U14404500","","","BASE_SUMMARY","BaseCurrency","20250101","20251231","0.361163834","0.361163834","0","0","0","0","-7.19953482","-7.19953482","0","0","0","0","0","0","0","0","0","0","32050.17","32050.17","0","32050.17","32050.17","0","0","0","0","0","0","0","0","0","0","0","0","0","0","0","0","0","0","0","0","0","0","0","0","0","0","0","0","0","0","0","147.38","147.38","0","0","0","0","-73.14","-73.14","0","0","0","0","0","0","0","0","0","0","0","0","0","0","0","0","0","0","0","12283.98817","12283.98817","0","-44265.99506043","-44265.99506043","0","0","0","0","0","0","0","4.81","4.81","0","0","0","0","0","0","0","-22.83","-22.83","0","0","0","0","0","0","0","0","0","0","0","0","0","0","0","0","0","0","0","0","0","0","0","0","0","0","0","0","117.544738592","117.544738592","0","117.544738592","117.544738592","0","0","0","0","0","0","0","0","0","0","117.544738592","117.544738592","0","117.544738592","117.544738592","0"
"U14404500","","","USD","Currency","20250101","20251231","0.361163834","0.361163834","0","0","0","0","-7.19953482","-7.19953482","0","0","0","0","0","0","0","0","0","0","32050.17","32050.17","0","32050.17","32050.17","0","0","0","0","0","0","0","0","0","0","0","0","0","0","0","0","0","0","0","0","0","0","0","0","0","0","0","0","0","0","0","147.38","147.38","0","0","0","0","-73.14","-73.14","0","0","0","0","0","0","0","0","0","0","0","0","0","0","0","0","0","0","0","12283.98817","12283.98817","0","-44265.99506043","-44265.99506043","0","0","0","0","0","0","0","4.81","4.81","0","0","0","0","0","0","0","-22.83","-22.83","0","0","0","0","0","0","0","0","0","0","0","0","0","0","0","0","0","0","0","0","0","0","0","0","0","0","0","0","117.544738592","117.544738592","0","117.544738592","117.544738592","0","0","0","0","0","0","0","0","0","0","117.544738592","117.544738592","0","117.544738592","117.544738592","0"
"ClientAccountID","AccountAlias","Model","CurrencyPrimary","FXRateToBase","AssetClass","SubCategory","Symbol","Description","Conid","SecurityID","SecurityIDType","CUSIP","ISIN","FIGI","ListingExchange","UnderlyingConid","UnderlyingSymbol","UnderlyingSecurityID","UnderlyingListingExchange","Issuer","IssuerCountryCode","Multiplier","Strike","Expiry","Put/Call","PrincipalAdjustFactor","ReportDate","Quantity","MarkPrice","PositionValue","OpenPrice","CostBasisPrice","CostBasisMoney","PercentOfNAV","FifoPnlUnrealized","Side","LevelOfDetail","OpenDateTime","HoldingPeriodDateTime","VestingDate","Code","OriginatingOrderID","OriginatingTransactionID","AccruedInterest","SerialNumber","DeliveryType","CommodityType","Fineness","Weight"
"U14404500","","","USD","1","STK","ETF","IAUM","ISHARES GOLD TRUST MICRO","499640636","US46436F1030","ISIN","46436F103","US46436F1030","BBG011K3SN42","ARCA","","IAUM","","","","US","1","","","","","20251231","268.1976","42.99","11529.81","37.291239176","37.291239176","10001.420848","31.62","1528.389152","Long","SUMMARY","","","","SY","","","","","","","0.0","0.0"
"U14404500","","","USD","1","STK","ETF","IBIT","ISHARES BITCOIN TRUST ETF","677037673","US46438F1012","ISIN","46438F101","US46438F1012","BBG01KYQ6PV3","NASDAQ","","IBIT","","","","US","1","","","","","20251231","15.1014","49.65","749.78","66.308454249","66.308454249","1001.350491","2.06","-251.570491","Long","SUMMARY","","","","","","","","","","","0.0","0.0"
"U14404500","","","USD","1","STK","ETF","SOLZ","SOLANA ETF","769653646","US92864M8221","ISIN","92864M822","US92864M8221","BBG01SXP66P8","NASDAQ","","SOLZ","","","","US","1","","","","","20251231","20.9362","12.74","266.73","23.960397589","23.960397589","501.639676","0.73","-234.909677","Long","SUMMARY","","","","SY","","","","","","","0.0","0.0"
"U14404500","","","USD","1","STK","ETF","VOO","VANGUARD S&P 500 ETF","136155102","US9229083632","ISIN","922908363","US9229083632","BBG0015VYNT4","ARCA","","VOO","","","","US","1","","","","","20251231","38.1393","627.13","23918.3","593.277254538","593.277254538","22627.179194","65.59","1291.120805","Long","SUMMARY","","","","","","","","","","","0.0","0.0"
"ClientAccountID","AccountAlias","Model","CurrencyPrimary","FXRateToBase","AssetClass","SubCategory","Symbol","Description","Conid","SecurityID","SecurityIDType","CUSIP","ISIN","FIGI","ListingExchange","UnderlyingConid","UnderlyingSymbol","UnderlyingSecurityID","UnderlyingListingExchange","Issuer","IssuerCountryCode","TradeID","Multiplier","RelatedTradeID","Strike","ReportDate","Expiry","DateTime","Put/Call","TradeDate","PrincipalAdjustFactor","SettleDateTarget","TransactionType","Exchange","Quantity","TradePrice","TradeMoney","Proceeds","Taxes","IBCommission","IBCommissionCurrency","NetCash","ClosePrice","Open/CloseIndicator","Notes/Codes","CostBasis","FifoPnlRealized","MtmPnl","OrigTradePrice","OrigTradeDate","OrigTradeID","OrigOrderID","OrigTransactionID","Buy/Sell","ClearingFirmID","IBOrderID","TransactionID","IBExecID","RelatedTransactionID","RTN","BrokerageOrderID","OrderReference","VolatilityOrderLink","ExchOrderID","ExtExecID","OrderTime","OpenDateTime","HoldingPeriodDateTime","WhenRealized","WhenReopened","LevelOfDetail","ChangeInPrice","ChangeInQuantity","OrderType","TraderID","IsAPIOrder","AccruedInterest","InitialInvestment","PositionActionID","SerialNumber","DeliveryType","CommodityType","Fineness","Weight"
"U14404500","","","USD","1","STK","ETF","GDX","VANECK GOLD MINERS ETF","229726316","US92189F1066","ISIN","92189F106","US92189F1066","BBG000PLNQN7","ARCA","","GDX","","","","US","8522199043","1","","","20251110","","20251110;133942","","20251110","","20251112","ExchTrade","DARK","17","76.22","1295.74","-1295.74","0","-0.36763125","USD","-1296.10763125","75.98","O","P","1296.10763125","0","-4.08","0","","","0","0","BUY","","4591005819","36148844904","0002158b.6912279e.01.01","","","014ced35.0001b1c3.69117bcb.0001","","","N/A","1507060693323040329","20251110;133942","","","","","EXECUTION","0","0","MKT","","N","0","","","","","","0.0","0.0"
"U14404500","","","USD","1","STK","ETF","GDX","VANECK GOLD MINERS ETF","229726316","US92189F1066","ISIN","92189F106","US92189F1066","BBG000PLNQN7","ARCA","","GDX","","","","US","8522199068","1","","","20251110","","20251110;133942","","20251110","","20251112","ExchTrade","IBKR","0.0558","76.22","4.253076","-4.253076","0","-0.000012388","USD","-4.253088388","75.98","O","FP;P","4.253088388","0","-0.0134","0","","","0","0","BUY","","4591005819","36148844914","0001296f.691261aa.01.01","","","014ced35.0001b1c3.69117bcb.0001","","","N/A","014ced35.00022c1f.6912cb95.0001","20251110;133942","","","","","EXECUTION","0","0","MKT","","N","0","","","","","","0.0","0.0"
"U14404500","","","USD","1","STK","ETF","GDX","VANECK GOLD MINERS ETF","229726316","US92189F1066","ISIN","92189F106","US92189F1066","BBG000PLNQN7","ARCA","","GDX","","","","US","8555033451","1","","","20251117","","20251117;093000","","20251117","","20251118","ExchTrade","ARCA","-17","75.71","-1287.07","1287.07","0","-0.36535325","USD","1286.70464675","74.95","C","P","-1296.107631","-9.402984","12.92","0","","","0","0","SELL","","4611270975","36276267211","00010161.691ae952.01.01","","","014ced35.0001b1c3.6919650a.0001","","","N/A","0d.9fa4.14.01.000fa4:76191","20251116;073325","","","","","EXECUTION","0","0","MKT","","N","0","","","","","","0.0","0.0"
"U14404500","","","USD","1","STK","ETF","GDX","VANECK GOLD MINERS ETF","229726316","US92189F1066","ISIN","92189F106","US92189F1066","BBG000PLNQN7","ARCA","","GDX","","","","US","8555574684","1","","","20251117","","20251117;093002","","20251117","","20251118","ExchTrade","IBKR","-0.0558","75.63","-4.220154","4.220154","0","-0.00002165","USD","4.22013235","74.95","C","FP;P","-4.253088","-0.032956","0.0379","0","","","0","0","SELL","","4611270975","36277430573","0001296f.691b202a.01.01","","","014ced35.0001b1c3.6919650a.0001","","","N/A","014ced35.00022c1f.691aeab0.0008","20251116;073325","","","","","EXECUTION","0","0","MKT","","N","0","","","","","","0.0","0.0"
"U14404500","","","USD","1","STK","ETF","IAUM","ISHARES GOLD TRUST MICRO","499640636","US46436F1030","ISIN","46436F103","US46436F1030","BBG011K3SN42","ARCA","","IAUM","","","","US","8204110485","1","","","20250916","","20250916;093000","","20250916","","20250917","ExchTrade","IBKRATS","5","36.84","184.2","-184.2","0","-0.36636725","USD","-184.56636725","36.79","O","P","184.56636725","0","-0.25","0","","","0","0","BUY","","4394388039","34982097040","0000f315.68c95855.01.01","","","014ced35.0001b1c3.68c8e52c.0001","11544752","","N/A","117003150B","20250916;083048","","","","","EXECUTION","0","0","MKT","","N","0","","","","","","0.0","0.0"
"U14404500","","","USD","1","STK","ETF","IAUM","ISHARES GOLD TRUST MICRO","499640636","US46436F1030","ISIN","46436F103","US46436F1030","BBG011K3SN42","ARCA","","IAUM","","","","US","8204123867","1","","","20250916","","20250916;093000","","20250916","","20250917","ExchTrade","DARK","1","36.83","36.83","-36.83","0","-0.000222","USD","-36.830222","36.79","O","P","36.830222","0","-0.04","0","","","0","0","BUY","","4394388039","34982122743","0001f951.68c93ff6.01.01","","","014ced35.0001b1c3.68c8e52c.0001","11544752","","N/A","EXC-14951","20250916;083048","","","","","EXECUTION","0","0","MKT","","N","0","","","","","","0.0","0.0"
"U14404500","","","USD","1","STK","ETF","IAUM","ISHARES GOLD TRUST MICRO","499640636","US46436F1030","ISIN","46436F103","US46436F1030","BBG011K3SN42","ARCA","","IAUM","","","","US","8204124069","1","","","20250916","","20250916;093000","","20250916","","20250917","ExchTrade","IBKR","0.2999","36.84","11.048316","-11.048316","0","-0.000066578","USD","-11.048382578","36.79","O","FP;P","11.048382578","0","-0.015","0","","","0","0","BUY","","4394388039","34982123003","0001296f.68c94bb9.01.01","","","014ced35.0001b1c3.68c8e52c.0001","11544752","","N/A","014ced35.00022c25.68c961a5.0001","20250916;083048","","","","","EXECUTION","0","0","MKT","","N","0","","","","","","0.0","0.0"
"U14404500","","","USD","1","STK","ETF","IAUM","ISHARES GOLD TRUST MICRO","499640636","US46436F1030","ISIN","46436F103","US46436F1030","BBG011K3SN42","ARCA","","IAUM","","","","US","8204197052","1","","","20250916","","20250916;093000","","20250916","","20250917","ExchTrade","ARCA","238","36.84","8767.92","-8767.92","0","-0.701056861","USD","-8768.621056861","36.79","O","P","8768.621056861","0","-11.9","0","","","0","0","BUY","","4394388039","34982245942","00010358.68c93b7a.01.01","","","014ced35.0001b1c3.68c8e52c.0001","11544752","","N/A","0d.a467.14.01.000f67:98167","20250916;083048","","","","","EXECUTION","0","0","MKT","","N","0","","","","","","0.0","0.0"
"U14404500","","","USD","1","STK","ETF","IAUM","ISHARES GOLD TRUST MICRO","499640636","US46436F1030","ISIN","46436F103","US46436F1030","BBG011K3SN42","ARCA","","IAUM","","","","US","8615855140","1","","","20251128","","20251128;093243","","20251128","","20251201","ExchTrade","DARK","23","41.845","962.435","-962.435","0","-0.35536325","USD","-962.79036325","42.03","O","P","962.79036325","0","4.255","0","","","0","0","BUY","","4648525162","36506593621","0000e95f.69299a49.01.01","","","014ced35.0001b1c3.69293085.0001","","","N/A","EXC-23489","20251128;093243","","","","","EXECUTION","0","0","MKT","","N","0","","","","","","0.0","0.0"
"U14404500","","","USD","1","STK","ETF","IAUM","ISHARES GOLD TRUST MICRO","499640636","US46436F1030","ISIN","46436F103","US46436F1030","BBG011K3SN42","ARCA","","IAUM","","","","US","8615855399","1","","","20251128","","20251128;093243","","20251128","","20251201","ExchTrade","IBKR","0.0001","41.85","0.004185","-0.004185","0","-0.000000022","USD","-0.004185022","42.03","O","FP;P","0.004185022","0","0","0","","","0","0","BUY","","4648525162","36506593643","0001296f.6929b3c7.01.01","","","014ced35.0001b1c3.69293085.0001","","","N/A","014ced35.00022c25.6930adef.0001","20251128;093243","","","","","EXECUTION","0","0","MKT","","N","0","","","","","","0.0","0.0"
"U14404500","","","USD","1","STK","ETF","IAUM","ISHARES GOLD TRUST MICRO","499640636","US46436F1030","ISIN","46436F103","US46436F1030","BBG011K3SN42","ARCA","","IAUM","","","","US","8615855719","1","","","20251128","","20251128;093243","","20251128","","20251201","ExchTrade","IBKR","0.8976","41.845","37.560072","-37.560072","0","-0.000199267","USD","-37.560271267","42.03","O","P;RP","37.560271267","0","0.1661","0","","","0","0","BUY","","4648525162","36506593667","0001296f.6929b3c5.01.01","","","014ced35.0001b1c3.69293085.0001","","","N/A","014ced35.00022c25.6930adee.0001","20251128;093243","","","","","EXECUTION","0","0","MKT","","N","0","","","","","","0.0","0.0"
"U14404500","","","USD","1","STK","ETF","IBIT","ISHARES BITCOIN TRUST ETF","677037673","US46438F1012","ISIN","46438F101","US46438F1012","BBG01KYQ6PV3","NASDAQ","","IBIT","","","","US","7970489117","1","","","20250725","","20250725;143204","","20250725","","20250728","ExchTrade","IBKRATS","15","66.285","994.275","-994.275","0","-0.35366225","USD","-994.62866225","66.36","O","P","994.62866225","0","1.125","0","","","0","0","BUY","","4249535590","34076359920","00018d2e.68839950.01.01","","","014ced35.0001b1c3.68830926.0001","","","N/A","376826100B","20250725;143204","","","","","EXECUTION","0","0","MKT","","N","0","","","","","","0.0","0.0"
"U14404500","","","USD","1","STK","ETF","IBIT","ISHARES BITCOIN TRUST ETF","677037673","US46438F1012","ISIN","46438F101","US46438F1012","BBG01KYQ6PV3","NASDAQ","","IBIT","","","","US","7970489160","1","","","20250725","","20250725;143204","","20250725","","20250728","ExchTrade","IBKR","0.1014","66.29","6.721806","-6.721806","0","-0.000023018","USD","-6.721829018","66.36","O","FP;P","6.721829018","0","0.0071","0","","","0","0","BUY","","4249535590","34076359977","0001296f.6883daa4.01.01","","","014ced35.0001b1c3.68830926.0001","","","N/A","014ced35.0001370c.6890149e.0001","20250725;143204","","","","","EXECUTION","0","0","MKT","","N","0","","","","","","0.0","0.0"
"U14404500","","","USD","1","STK","ETF","KWEB","KRANESH CSI CHINA INTERNET","132310537","US5007673065","ISIN","500767306","US5007673065","BBG004XB9HY6","ARCA","","KWEB","","","","US","8292965261","1","","","20251002","","20251002;093651","","20251002","","20251003","ExchTrade","IBKR","0.5619","43.25","24.302175","-24.302175","0","-0.243325113","USD","-24.545500113","42.94","O","P;RP","24.545500113","0","-0.1742","0","","","0","0","BUY","","4449398173","35319323302","0001296f.68de79ef.01.01","","","014ced35.0001b1c3.68ddfe08.0001","","","N/A","014ced35.00013802.68eb4a7a.0001","20251002;093651","","","","","EXECUTION","0","0","MKT","","N","0","","","","","","0.0","0.0"
"U14404500","","","USD","1","STK","ETF","KWEB","KRANESH CSI CHINA INTERNET","132310537","US5007673065","ISIN","500767306","US5007673065","BBG004XB9HY6","ARCA","","KWEB","","","","US","8292970590","1","","","20251002","","20251002;093651","","20251002","","20251003","ExchTrade","DARK","11","43.245","475.695","-475.695","0","-0.109498879","USD","-475.804498879","42.94","O","P","475.804498879","0","-3.355","0","","","0","0","BUY","","4449398173","35319323352","0002264f.68de8854.01.01","","","014ced35.0001b1c3.68ddfe08.0001","","","N/A","nyd4#8186ab0159734","20251002;093651","","","","","EXECUTION","0","0","MKT","","N","0","","","","","","0.0","0.0"
"U14404500","","","USD","1","STK","ETF","KWEB","KRANESH CSI CHINA INTERNET","132310537","US5007673065","ISIN","500767306","US5007673065","BBG004XB9HY6","ARCA","","KWEB","","","","US","8688402401","1","","","20251215","","20251215;093649","","20251215","","20251216","ExchTrade","ARCA","-11","36.64","-403.04","403.04","0","-0.33668325","USD","402.70331675","36.26","C","P","-475.69781","-72.657809","4.18","0","","","0","0","SELL","","4693377247","36792230726","00010358.694012ea.01.01","","","014ced35.0001b1c3.693e4834.0002","","","N/A","0d.a467.12.01.000fbc:120103","20251215;093621","","","","","EXECUTION","0","0","LMT","","N","0","","","","","","0.0","0.0"
"U14404500","","","USD","1","STK","ETF","KWEB","KRANESH CSI CHINA INTERNET","132310537","US5007673065","ISIN","500767306","US5007673065","BBG004XB9HY6","ARCA","","KWEB","","","","US","8688402841","1","","","20251215","","20251215;093649","","20251215","","20251216","ExchTrade","IBKR","-0.5619","36.64","-20.588016","20.588016","0","-0.000205655","USD","20.587810345","36.26","C","FP;P","-24.299365","-3.711349","0.2135","0","","","0","0","SELL","","4693377247","36792230774","0001296f.694029a7.01.01","","","014ced35.0001b1c3.693e4834.0002","","","N/A","014ced35.00013802.6977d0eb.0001","20251215;093621","","","","","EXECUTION","0","0","LMT","","N","0","","","","","","0.0","0.0"
"U14404500","","","USD","1","STK","ETF","SOLZ","SOLANA ETF","769653646","US92864M8221","ISIN","92864M822","US92864M8221","BBG01SXP66P8","NASDAQ","","SOLZ","","","","US","8292953445","1","","","20251002","","20251002;093722","","20251002","","20251003","ExchTrade","IBKR","0.8375","23.995","20.0958125","-20.0958125","0","-0.201291754","USD","-20.297104254","24.68","O","P;RP","20.297104254","0","0.5737","0","","","0","0","BUY","","4449390168","35319281687","00012978.68de89f1.01.01","","","014ced35.0001b1c3.68ddfe10.0001","","","N/A","014ced35.00022b69.6b38ade4.0001","20251002;093722","","","","","EXECUTION","0","0","MKT","","N","0","","","","","","0.0","0.0"
"U14404500","","","USD","1","STK","ETF","SOLZ","SOLANA ETF","769653646","US92864M8221","ISIN","92864M822","US92864M8221","BBG01SXP66P8","NASDAQ","","SOLZ","","","","US","8292953803","1","","","20251002","","20251002;093722","","20251002","","20251003","ExchTrade","DARK","20","23.995","479.9","-479.9","0","-0.153591421","USD","-480.053591421","24.68","O","P","480.053591421","0","13.7","0","","","0","0","BUY","","4449390168","35319281707","0001f951.68de6a32.01.01","","","014ced35.0001b1c3.68ddfe10.0001","","","N/A","EXC-43163","20251002;093722","","","","","EXECUTION","0","0","MKT","","N","0","","","","","","0.0","0.0"
"U14404500","","","USD","1","STK","ETF","SOLZ","SOLANA ETF","769653646","US92864M8221","ISIN","92864M822","US92864M8221","BBG01SXP66P8","NASDAQ","","SOLZ","","","","US","8292953819","1","","","20251002","","20251002;093722","","20251002","","20251003","ExchTrade","IBKR","0.0001","24","0.0024","-0.0024","0","-0.000000022","USD","-0.002400022","24.68","O","FP;P","0.002400022","0","0.0001","0","","","0","0","BUY","","4449390168","35319281716","00012978.68de89f3.01.01","","","014ced35.0001b1c3.68ddfe10.0001","","","N/A","014ced35.00022b69.6b38ade5.0001","20251002;093722","","","","","EXECUTION","0","0","MKT","","N","0","","","","","","0.0","0.0"
"U14404500","","","USD","1","STK","ETF","SOLZ","SOLANA ETF","769653646","US92864M8221","ISIN","92864M822","US92864M8221","BBG01SXP66P8","NASDAQ","","SOLZ","","","","US","8467244049","1","","","20251031","","20251031;093000","","20251031","","20251103","ExchTrade","IBDRIPUS","0.0385","19.48","0.74998","-0.74998","0","-0.000759078","USD","-0.750739078","19.62","O","R","0.750739078","0","0.0054","0","","","0","0","BUY","","4557053724","35950168935","0000f993.6904e2a8.01.01","","","","","","N/A","N/A","20251031;093000","","","","","EXECUTION","0","0","","","N","0","","","","","","0.0","0.0"
"U14404500","","","USD","1","STK","ETF","SOLZ","SOLANA ETF","769653646","US92864M8221","ISIN","92864M822","US92864M8221","BBG01SXP66P8","NASDAQ","","SOLZ","","","","US","8616042814","1","","","20251128","","20251128;093000","","20251128","","20251201","ExchTrade","IBDRIPUS","0.0277","14.8","0.40996","-0.40996","0","-0.000416411","USD","-0.410376411","14.1","O","R","0.410376411","0","-0.0194","0","","","0","0","BUY","","4648647337","36506925911","0000f993.6929c78a.01.01","","","","","","N/A","N/A","20251128;093000","","","","","EXECUTION","0","0","","","N","0","","","","","","0.0","0.0"
"U14404500","","","USD","1","STK","ETF","SOLZ","SOLANA ETF","769653646","US92864M8221","ISIN","92864M822","US92864M8221","BBG01SXP66P8","NASDAQ","","SOLZ","","","","US","8701787370","1","","","20251217","","20251217;093001","","20251217","","20251218","ExchTrade","IBDRIPUS","0.0324","13.25","0.4293","-0.4293","0","-0.000436096","USD","-0.429736096","12.62","O","R","0.429736096","0","-0.0204","0","","","0","0","BUY","","4701682461","36845494054","0000f993.6943f48e.01.01","","","","","","N/A","N/A","20251217;093001","","","","","EXECUTION","0","0","","","N","0","","","","","","0.0","0.0"
"U14404500","","","USD","1","STK","ETF","VOO","VANGUARD S&P 500 ETF","136155102","US9229083632","ISIN","922908363","US9229083632","BBG0015VYNT4","ARCA","","VOO","","","","US","7468372876","1","","","20250401","","20250401;111430","","20250401","","20250402","ExchTrade","IBDRIPUS","0.0075","515.81","3.868575","-3.868575","0","-0.00386892","USD","-3.87244392","515.8","O","R","3.87244392","0","-0.0001","0","","","0","0","BUY","","3942497700","32140800083","0000f993.67ecd20e.01.01","","","","","","N/A","N/A","20250401;111430","","","","","EXECUTION","0","0","","","N","0","","","","","","0.0","0.0"
"U14404500","","","USD","1","STK","ETF","VOO","VANGUARD S&P 500 ETF","136155102","US9229083632","ISIN","922908363","US9229083632","BBG0015VYNT4","ARCA","","VOO","","","","US","7872826110","1","","","20250703","","20250703;093250","","20250703","","20250707","ExchTrade","IBDRIPUS","0.0065","572.81","3.723265","-3.723265","0","-0.00372344","USD","-3.72698844","575.22","O","R","3.72698844","0","0.0157","0","","","0","0","BUY","","4189772454","33701825683","0000f993.6867c490.01.01","","","","","","N/A","N/A","20250703;093250","","","","","EXECUTION","0","0","","","N","0","","","","","","0.0","0.0"
"U14404500","","","USD","1","STK","ETF","VOO","VANGUARD S&P 500 ETF","136155102","US9229083632","ISIN","922908363","US9229083632","BBG0015VYNT4","ARCA","","VOO","","","","US","7884633653","1","","","20250708","","20250708;093007","","20250708","","20250709","ExchTrade","IBKR","0.0001","570.93","0.057093","-0.057093","0","-0.010000003","USD","-0.067093003","570.23","O","FP;P","0.067093003","0","-0.0001","0","","","0","0","BUY","","4197289639","33754290430","00012978.686d1735.01.01","","","014ced35.0001b1c3.686c9cab.0001","","","N/A","014ced35.000230c0.686cd6f8.0001","20250708;092908","","","","","EXECUTION","0","0","MKT","","N","0","","","","","","0.0","0.0"
"U14404500","","","USD","1","STK","ETF","VOO","VANGUARD S&P 500 ETF","136155102","US9229083632","ISIN","922908363","US9229083632","BBG0015VYNT4","ARCA","","VOO","","","","US","7884840904","1","","","20250708","","20250708;093005","","20250708","","20250709","ExchTrade","IBKR","0.874","570.84","498.91416","-498.91416","0","-0.990023598","USD","-499.904183598","570.23","O","P;RP","499.904183598","0","-0.5331","0","","","0","0","BUY","","4197289639","33754701103","00012978.686d1031.01.01","","","014ced35.0001b1c3.686c9cab.0001","","","N/A","0000d3be.686cd586.01.01","20250708;092908","","","","","EXECUTION","0","0","MKT","","N","0","","","","","","0.0","0.0"
"U14404500","","","USD","1","STK","ETF","VOO","VANGUARD S&P 500 ETF","136155102","US9229083632","ISIN","922908363","US9229083632","BBG0015VYNT4","ARCA","","VOO","","","","US","7915109976","1","","","20250715","","20250715;093000","","20250715","","20250716","ExchTrade","ARCA","2","576.87","1153.74","-1153.74","0","-0.35190125","USD","-1154.09190125","571.86","O","P","1154.09190125","0","-10.02","0","","","0","0","BUY","","4216055237","33871330310","0001ebb8.6875fc8e.01.01","","","014ced35.0001b1c3.6875d6c3.0001","","","N/A","0d.a2bc.14.01.000f30:27205","20250715;072301","","","","","EXECUTION","0","0","MKT","","N","0","","","","","","0.0","0.0"
"U14404500","","","USD","1","STK","ETF","VOO","VANGUARD S&P 500 ETF","136155102","US9229083632","ISIN","922908363","US9229083632","BBG0015VYNT4","ARCA","","VOO","","","","US","7915112259","1","","","20250715","","20250715;093000","","20250715","","20250716","ExchTrade","ARCA","15","576.87","8653.05","-8653.05","0","-0.01233","USD","-8653.06233","571.86","O","P","8653.06233","0","-75.15","0","","","0","0","BUY","","4216055237","33871330966","0001ebb8.6875fc8f.01.01","","","014ced35.0001b1c3.6875d6c3.0001","","","N/A","0d.a2bc.14.01.000f30:27206","20250715;072301","","","","","EXECUTION","0","0","MKT","","N","0","","","","","","0.0","0.0"
"U14404500","","","USD","1","STK","ETF","VOO","VANGUARD S&P 500 ETF","136155102","US9229083632","ISIN","922908363","US9229083632","BBG0015VYNT4","ARCA","","VOO","","","","US","7915113367","1","","","20250715","","20250715;093000","","20250715","","20250716","ExchTrade","ARCA","2","576.87","1153.74","-1153.74","0","-0.001644","USD","-1153.741644","571.86","O","P","1153.741644","0","-10.02","0","","","0","0","BUY","","4216055237","33871331515","0001ebb8.6875fc8d.01.01","","","014ced35.0001b1c3.6875d6c3.0001","","","N/A","0d.a2bc.14.01.000f30:27204","20250715;072301","","","","","EXECUTION","0","0","MKT","","N","0","","","","","","0.0","0.0"
"U14404500","","","USD","1","STK","ETF","VOO","VANGUARD S&P 500 ETF","136155102","US9229083632","ISIN","922908363","US9229083632","BBG0015VYNT4","ARCA","","VOO","","","","US","7915107635","1","","","20250715","","20250715;093002","","20250715","","20250716","ExchTrade","IBKR","0.0684","576.93","39.462012","-39.462012","0","-0.000015527","USD","-39.462027527","571.86","O","FP;P","39.462027527","0","-0.3468","0","","","0","0","BUY","","4216055237","33871358868","00030d32.68763df1.01.01","","","014ced35.0001b1c3.6875d6c3.0001","","","N/A","014ced35.000230c0.68761278.0001","20250715;072301","","","","","EXECUTION","0","0","MKT","","N","0","","","","","","0.0","0.0"
"U14404500","","","USD","1","STK","ETF","VOO","VANGUARD S&P 500 ETF","136155102","US9229083632","ISIN","922908363","US9229083632","BBG0015VYNT4","ARCA","","VOO","","","","US","7921027054","1","","","20250716","","20250716;093000","","20250716","","20250717","ExchTrade","ARCA","1","573.4","573.4","-573.4","0","-0.35107925","USD","-573.75107925","573.74","O","P","573.75107925","0","0.34","0","","","0","0","BUY","","4219713280","33894570220","0001ebb8.68774a1d.01.01","","","014ced35.0001b1c3.6877286b.0001","","","N/A","0d.a2bc.14.01.000f31:24429","20250716;084535","","","","","EXECUTION","0","0","MKT","","N","0","","","","","","0.0","0.0"
"U14404500","","","USD","1","STK","ETF","VOO","VANGUARD S&P 500 ETF","136155102","US9229083632","ISIN","922908363","US9229083632","BBG0015VYNT4","ARCA","","VOO","","","","US","7921086064","1","","","20250716","","20250716;093005","","20250716","","20250717","ExchTrade","IBKR","0.7422","573.34","425.532948","-425.532948","0","-0.000168479","USD","-425.533116479","573.74","O","FP;P","425.533116479","0","0.2969","0","","","0","0","BUY","","4219713280","33894695114","00012978.68779a5c.01.01","","","014ced35.0001b1c3.6877286b.0001","","","N/A","014ced35.000230c0.68776340.0001","20250716;084535","","","","","EXECUTION","0","0","MKT","","N","0","","","","","","0.0","0.0"
"U14404500","","","USD","1","STK","ETF","VOO","VANGUARD S&P 500 ETF","136155102","US9229083632","ISIN","922908363","US9229083632","BBG0015VYNT4","ARCA","","VOO","","","","US","7921588989","1","","","20250716","","20250716;093006","","20250716","","20250717","ExchTrade","IBKR","0.0001","573.35","0.057335","-0.057335","0","-0.000000023","USD","-0.057335023","573.74","O","FP;P","0.057335023","0","0","0","","","0","0","BUY","","4219713280","33895630588","00012978.68779c16.01.01","","","014ced35.0001b1c3.6877286b.0001","","","N/A","014ced35.000230c0.68776367.0001","20250716;084535","","","","","EXECUTION","0","0","MKT","","N","0","","","","","","0.0","0.0"
"U14404500","","","USD","1","STK","ETF","VOO","VANGUARD S&P 500 ETF","136155102","US9229083632","ISIN","922908363","US9229083632","BBG0015VYNT4","ARCA","","VOO","","","","US","7933879905","1","","","20250718","","20250718;093000","","20250718","","20250721","ExchTrade","ARCA","17","578.41","9832.97","-9832.97","0","-0.36423125","USD","-9833.33423125","576.92","O","P","9833.33423125","0","-25.33","0","","","0","0","BUY","","4227500836","33942657790","0001ebb8.6879edf4.01.01","","","014ced35.0001b1c3.68787f9f.0001","","","N/A","0d.a2bc.10.01.000f34:28916","20250717;232300","","","","","EXECUTION","0","0","MKT","","N","0","","","","","","0.0","0.0"
"U14404500","","","USD","1","STK","ETF","VOO","VANGUARD S&P 500 ETF","136155102","US9229083632","ISIN","922908363","US9229083632","BBG0015VYNT4","ARCA","","VOO","","","","US","7934213207","1","","","20250718","","20250718;093002","","20250718","","20250721","ExchTrade","IBKR","0.6673","578.4592","386.00582416","-386.00582416","0","-0.000151477","USD","-386.005975637","576.92","O","P;RP","386.005975637","0","-1.0271","0","","","0","0","BUY","","4227500836","33943446143","00012978.687a3555.01.01","","","014ced35.0001b1c3.68787f9f.0001","","","N/A","014ced35.000230c0.687a050f.0001","20250717;232300","","","","","EXECUTION","0","0","MKT","","N","0","","","","","","0.0","0.0"
"U14404500","","","USD","1","STK","ETF","VOO","VANGUARD S&P 500 ETF","136155102","US9229083632","ISIN","922908363","US9229083632","BBG0015VYNT4","ARCA","","VOO","","","","US","8020541202","1","","","20250806","","20250806;093006","","20250806","","20250807","ExchTrade","IBKR","0.0001","578.28","0.057828","-0.057828","0","-0.010007373","USD","-0.067835373","581.64","O","FP;P","0.067835373","0","0.0003","0","","","0","0","BUY","","4280382032","34270610205","00012978.68934e28.01.01","","","014ced35.0001b1c3.6892d799.0001","","","N/A","014ced35.000230c0.6893134a.0002","20250806;015840","","","","","EXECUTION","0","0","MKT","","N","0","","","","","","0.0","0.0"
"U14404500","","","USD","1","STK","ETF","VOO","VANGUARD S&P 500 ETF","136155102","US9229083632","ISIN","922908363","US9229083632","BBG0015VYNT4","ARCA","","VOO","","","","US","8021048347","1","","","20250806","","20250806;093005","","20250806","","20250807","ExchTrade","IBKR","0.5688","578.2497","328.90842936","-328.90842936","0","-0.340379018","USD","-329.248808378","581.64","O","P;RP","329.248808378","0","1.9284","0","","","0","0","BUY","","4280382032","34271670324","00012978.68934ad0.01.01","","","014ced35.0001b1c3.6892d799.0001","","","N/A","0000d3be.68931214.01.01","20250806;015840","","","","","EXECUTION","0","0","MKT","","N","0","","","","","","0.0","0.0"
"U14404500","","","USD","1","STK","ETF","VOO","VANGUARD S&P 500 ETF","136155102","US9229083632","ISIN","922908363","US9229083632","BBG0015VYNT4","ARCA","","VOO","","","","US","8293441758","1","","","20251002","","20251002;093221","","20251002","","20251003","ExchTrade","IBDRIPUS","0.1019","616.25","62.795875","-62.795875","0","-0.062864652","USD","-62.858739652","615.25","O","R","62.858739652","0","-0.1019","0","","","0","0","BUY","","4449707079","35320590255","0000f993.68e0215e.01.01","","","","","","N/A","N/A","20251002;093221","","","","","EXECUTION","0","0","","","N","0","","","","","","0.0","0.0"
"U14404500","","","USD","1","STK","ETF","VOO","VANGUARD S&P 500 ETF","136155102","US9229083632","ISIN","922908363","US9229083632","BBG0015VYNT4","ARCA","","VOO","","","","US","8435957304","1","","","20251027","","20251027;093000","","20251027","","20251028","ExchTrade","ARCA","1","627.76","627.76","-627.76","0","-0.35107925","USD","-628.11107925","630","O","P","628.11107925","0","2.24","0","","","0","0","BUY","","4537323635","35836220408","0001ebb8.68ff1d20.01.01","","","014ced35.0001b1c3.68fda079.0001","","","N/A","0d.a2bc.0f.01.000f8d:34594","20251026;074845","","","","","EXECUTION","0","0","MKT","","N","0","","","","","","0.0","0.0"
"U14404500","","","USD","1","STK","ETF","VOO","VANGUARD S&P 500 ETF","136155102","US9229083632","ISIN","922908363","US9229083632","BBG0015VYNT4","ARCA","","VOO","","","","US","8436006404","1","","","20251027","","20251027;093007","","20251027","","20251028","ExchTrade","IBKR","0.5928","627.859","372.1948152","-372.1948152","0","-0.000131602","USD","-372.194946802","630","O","P;RP","372.194946802","0","1.2692","0","","","0","0","BUY","","4537323635","35836338952","00012978.68ff74d3.01.01","","","014ced35.0001b1c3.68fda079.0001","","","N/A","014ced35.0001102f.68ff2ebe.0001","20251026;074845","","","","","EXECUTION","0","0","MKT","","N","0","","","","","","0.0","0.0"
"U14404500","","","USD","1","STK","ETF","VOO","VANGUARD S&P 500 ETF","136155102","US9229083632","ISIN","922908363","US9229083632","BBG0015VYNT4","ARCA","","VOO","","","","US","8483785791","1","","","20251104","","20251104;093000","","20251104","","20251105","ExchTrade","ARCA","-17","621.71","-10569.07","10569.07","0","-0.36535325","USD","10568.70464675","620.99","C","","-9648.290309","920.414339","12.24","0","","","0","0","SELL","","4567251879","36012915689","0001ebb8.6909af67.01.01","","","014ced35.0001b1c3.690842b0.0001","","","N/A","0d.a2bc.14.01.000f95:51059","20251103;221948","","","","","EXECUTION","0","0","MKT","","N","0","","","","","","0.0","0.0"
"U14404500","","","USD","1","STK","ETF","VOO","VANGUARD S&P 500 ETF","136155102","US9229083632","ISIN","922908363","US9229083632","BBG0015VYNT4","ARCA","","VOO","","","","US","8576704208","1","","","20251120","","20251120;093000","","20251120","","20251121","ExchTrade","ARCA","2","618.78","1237.56","-1237.56","0","-0.35190125","USD","-1237.91190125","599.96","O","P","1237.91190125","0","-37.64","0","","","0","0","BUY","","4624707534","36357194644","0001ebb8.691ec9c6.01.01","","","014ced35.0001b1c3.691d5a2a.0001","","","N/A","0d.a2bc.13.01.000fa7:51407","20251119;174608","","","","","EXECUTION","0","0","MKT","","N","0","","","","","","0.0","0.0"
"U14404500","","","USD","1","STK","ETF","VOO","VANGUARD S&P 500 ETF","136155102","US9229083632","ISIN","922908363","US9229083632","BBG0015VYNT4","ARCA","","VOO","","","","US","8576752779","1","","","20251120","","20251120;093000","","20251120","","20251121","ExchTrade","IBKR","0.0847","618.7643","52.40933621","-52.40933621","0","-0.000018803","USD","-52.409355013","599.96","O","P;RP","52.409355013","0","-1.5927","0","","","0","0","BUY","","4624707534","36357283682","00012978.691f0dc0.01.01","","","014ced35.0001b1c3.691d5a2a.0001","","","N/A","014ced35.0001102f.691edeb5.0001","20251119;174608","","","","","EXECUTION","0","0","MKT","","N","0","","","","","","0.0","0.0"
"U14404500","","","USD","1","STK","ETF","VOO","VANGUARD S&P 500 ETF","136155102","US9229083632","ISIN","922908363","US9229083632","BBG0015VYNT4","ARCA","","VOO","","","","US","8608965001","1","","","20251126","","20251126;093000","","20251126","","20251128","ExchTrade","ARCA","4","623.16","2492.64","-2492.64","0","-0.35354525","USD","-2492.99354525","624.95","O","P","2492.99354525","0","7.16","0","","","0","0","BUY","","4644188053","36474779240","0001ebb8.6926afb5.01.01","","","014ced35.0001b1c3.69268db1.0001","","","N/A","0d.a2bc.11.01.000fad:24450","20251126;084813","","","","","EXECUTION","0","0","MKT","","N","0","","","","","","0.0","0.0"
"U14404500","","","USD","1","STK","ETF","VOO","VANGUARD S&P 500 ETF","136155102","US9229083632","ISIN","922908363","US9229083632","BBG0015VYNT4","ARCA","","VOO","","","","US","8609199939","1","","","20251126","","20251126;093000","","20251126","","20251128","ExchTrade","IBKR","0.0118","623.03","7.351754","-7.351754","0","-0.00000262","USD","-7.35175662","624.95","O","P;RP","7.35175662","0","0.0227","0","","","0","0","BUY","","4644188053","36475266866","00012978.6926f697.01.01","","","014ced35.0001b1c3.69268db1.0001","","","N/A","014ced35.0001102f.6926c6c7.0001","20251126;084813","","","","","EXECUTION","0","0","MKT","","N","0","","","","","","0.0","0.0"
"U14404500","","","USD","1","STK","ETF","VOO","VANGUARD S&P 500 ETF","136155102","US9229083632","ISIN","922908363","US9229083632","BBG0015VYNT4","ARCA","","VOO","","","","US","8615849527","1","","","20251128","","20251128;093208","","20251128","","20251201","ExchTrade","IBKRATS","4","626.48","2505.92","-2505.92","0","-0.35114525","USD","-2506.27114525","628.41","O","P","2506.27114525","0","7.72","0","","","0","0","BUY","","4648521400","36506585485","000249df.6929a4af.01.01","","","014ced35.0001b1c3.69293078.0001","","","N/A","376217450B","20251128;093208","","","","","EXECUTION","0","0","MKT","","N","0","","","","","","0.0","0.0"
"U14404500","","","USD","1","STK","ETF","VOO","VANGUARD S&P 500 ETF","136155102","US9229083632","ISIN","922908363","US9229083632","BBG0015VYNT4","ARCA","","VOO","","","","US","8616048865","1","","","20251128","","20251128;093433","","20251128","","20251201","ExchTrade","IBKR","0.7883","626.72","494.043376","-494.043376","0","-0.000175003","USD","-494.043551003","628.41","O","FP;P","494.043551003","0","1.3322","0","","","0","0","BUY","","4648521400","36506969140","00012978.6929c198.01.01","","","014ced35.0001b1c3.69293078.0001","","","N/A","014ced35.0001102f.69296e9a.0001","20251128;093208","","","","","EXECUTION","0","0","MKT","","N","0","","","","","","0.0","0.0"
"U14404500","","","USD","1","STK","ETF","VOO","VANGUARD S&P 500 ETF","136155102","US9229083632","ISIN","922908363","US9229083632","BBG0015VYNT4","ARCA","","VOO","","","","US","8737662836","1","","","20251226","","20251226;093417","","20251226","","20251229","ExchTrade","IBDRIPUS","0.0901","635.52","57.260352","-57.260352","0","-0.057320458","USD","-57.317672458","634.84","O","R","57.317672458","0","-0.0613","0","","","0","0","BUY","","4723807677","36998232228","0000f993.6950a186.01.01","","","","","","N/A","N/A","20251226;093417","","","","","EXECUTION","0","0","","","N","0","","","","","","0.0","0.0"
"ClientAccountID","AccountAlias","Model","CurrencyPrimary","FXRateToBase","AssetClass","SubCategory","Symbol","Description","Conid","SecurityID","SecurityIDType","CUSIP","ISIN","FIGI","ListingExchange","UnderlyingConid","UnderlyingSymbol","UnderlyingSecurityID","UnderlyingListingExchange","Issuer","IssuerCountryCode","Multiplier","Strike","Expiry","Put/Call","PrincipalAdjustFactor","Date","ReportDate","SettleDate","TaxDescription","Quantity","TaxAmount","OrderID","TradeID","TradePrice","Source","Code","LevelOfDetail","SerialNumber","DeliveryType","CommodityType","Fineness","Weight"
"ClientAccountID","AccountAlias","Model","CurrencyPrimary","FXRateToBase","AssetClass","SubCategory","Symbol","Description","Conid","SecurityID","SecurityIDType","CUSIP","ISIN","FIGI","ListingExchange","UnderlyingConid","UnderlyingSymbol","UnderlyingSecurityID","UnderlyingListingExchange","Issuer","IssuerCountryCode","Multiplier","Strike","Expiry","Put/Call","PrincipalAdjustFactor","Report Date","Date/Time","ActionDescription","Amount","Proceeds","Value","Quantity","CostBasis","FifoPnlRealized","MtmPnl","Code","Type","TransactionID","ActionID","LevelOfDetail","SerialNumber","DeliveryType","CommodityType","Fineness","Weight"
"ClientAccountID","AccountAlias","Model","CurrencyPrimary","FXRateToBase","AssetClass","SubCategory","Symbol","Description","Conid","SecurityID","SecurityIDType","CUSIP","ISIN","FIGI","ListingExchange","UnderlyingConid","UnderlyingSymbol","UnderlyingSecurityID","UnderlyingListingExchange","Issuer","IssuerCountryCode","Multiplier","Strike","Expiry","Put/Call","PrincipalAdjustFactor","Date/Time","SettleDate","AvailableForTradingDate","Amount","Type","DividendType","TradeID","Code","TransactionID","ReportDate","ExDate","ClientReference","ActionID","LevelOfDetail","SerialNumber","DeliveryType","CommodityType","Fineness","Weight"
"U14404500","","","USD","1","STK","ETF","VOO","VOO(US9229083632) CASH DIVIDEND USD 1.8121 PER SHARE - US TAX","136155102","US9229083632","ISIN","922908363","US9229083632","BBG0015VYNT4","ARCA","","VOO","","","","US","1","","","","","20250331;202000","20250331","","-0.69","Withholding Tax","","","","32121737606","20250331","","","149653975","DETAIL","","","","0.0","0.0"
"U14404500","","","USD","1","STK","ETF","VOO","VOO(US9229083632) CASH DIVIDEND USD 1.7447 PER SHARE - US TAX","136155102","US9229083632","ISIN","922908363","US9229083632","BBG0015VYNT4","ARCA","","VOO","","","","US","1","","","","","20250702;202000","20250702","","-0.67","Withholding Tax","","","","33688883688","20250702","","","153148063","DETAIL","","","","0.0","0.0"
"U14404500","","","USD","1","STK","ETF","VOO","VOO(US9229083632) PAYMENT IN LIEU OF DIVIDEND - US TAX","136155102","US9229083632","ISIN","922908363","US9229083632","BBG0015VYNT4","ARCA","","VOO","","","","US","1","","","","","20251001;202000","20251001","","-0.52","Withholding Tax","","","","35302356736","20251001","","","157652947","DETAIL","","","","0.0","0.0"
"U14404500","","","USD","1","STK","ETF","VOO","VOO(US9229083632) CASH DIVIDEND USD 1.74 PER SHARE - US TAX","136155102","US9229083632","ISIN","922908363","US9229083632","BBG0015VYNT4","ARCA","","VOO","","","","US","1","","","","","20251001;202000","20251001","","-10.56","Withholding Tax","","","","35302356763","20251001","","","157652947","DETAIL","","","","0.0","0.0"
"U14404500","","","USD","1","STK","ETF","SOLZ","SOLZ(US92864M8221) CASH DIVIDEND USD 0.0426 PER SHARE - US TAX","769653646","US92864M8221","ISIN","92864M822","US92864M8221","BBG01SXP66P8","NASDAQ","","SOLZ","","","","US","1","","","","","20251030;202000","20251030","","-0.01","Withholding Tax","","","","35931765095","20251030","","","152399206","DETAIL","","","","0.0","0.0"
"U14404500","","","USD","1","STK","ETF","SOLZ","SOLZ(US92864M8221) PAYMENT IN LIEU OF DIVIDEND - US TAX","769653646","US92864M8221","ISIN","92864M822","US92864M8221","BBG01SXP66P8","NASDAQ","","SOLZ","","","","US","1","","","","","20251030;202000","20251030","","-0.13","Withholding Tax","","","","35931765130","20251030","","","152399206","DETAIL","","","","0.0","0.0"
"U14404500","","","USD","1","STK","ETF","SOLZ","SOLZ(US92864M8221) CASH DIVIDEND USD 0.0232 PER SHARE - US TAX","769653646","US92864M8221","ISIN","92864M822","US92864M8221","BBG01SXP66P8","NASDAQ","","SOLZ","","","","US","1","","","","","20251126;202000","20251126","","-0.07","Withholding Tax","","","","36482410938","20251126","","","152399209","DETAIL","","","","0.0","0.0"
"U14404500","","","USD","1","STK","ETF","SOLZ","SOLZ(US92864M8221) PAYMENT IN LIEU OF DIVIDEND - US TAX","769653646","US92864M8221","ISIN","92864M822","US92864M8221","BBG01SXP66P8","NASDAQ","","SOLZ","","","","US","1","","","","","20251216;202000","20251216","","-0.07","Withholding Tax","","","","36825658382","20251216","","","152399211","DETAIL","","","","0.0","0.0"
"U14404500","","","USD","1","STK","ETF","VOO","VOO(US9229083632) CASH DIVIDEND USD 1.771 PER SHARE - US TAX","136155102","US9229083632","ISIN","922908363","US9229083632","BBG0015VYNT4","ARCA","","VOO","","","","US","1","","","","","20251224;202000","20251224","","-10.11","Withholding Tax","","","","36980827193","20251224","","","159833268","DETAIL","","","","0.0","0.0"
"U14404500","","","USD","1","STK","ETF","VOO","VOO(US9229083632) CASH DIVIDEND USD 1.8121 PER SHARE (Ordinary Dividend)","136155102","US9229083632","ISIN","922908363","US9229083632","BBG0015VYNT4","ARCA","","VOO","","","","US","1","","","","","20250331;202000","20250331","","4.59","Dividends","Ordinary Dividend","","","32121737591","20250331","20250327","","149653975","DETAIL","","","","0.0","0.0"
"U14404500","","","USD","1","STK","ETF","VOO","VOO(US9229083632) CASH DIVIDEND USD 1.7447 PER SHARE (Ordinary Dividend)","136155102","US9229083632","ISIN","922908363","US9229083632","BBG0015VYNT4","ARCA","","VOO","","","","US","1","","","","","20250702;202000","20250702","","4.44","Dividends","Ordinary Dividend","","","33688883678","20250702","20250630","","153148063","DETAIL","","","","0.0","0.0"
"U14404500","","","USD","1","STK","ETF","VOO","VOO(US9229083632) CASH DIVIDEND USD 1.74 PER SHARE (Ordinary Dividend)","136155102","US9229083632","ISIN","922908363","US9229083632","BBG0015VYNT4","ARCA","","VOO","","","","US","1","","","","","20251001;202000","20251001","","70.42","Dividends","Ordinary Dividend","","","35302356754","20251001","20250929","","157652947","DETAIL","","","","0.0","0.0"
"U14404500","","","USD","1","STK","ETF","SOLZ","SOLZ(US92864M8221) CASH DIVIDEND USD 0.0426 PER SHARE (Ordinary Dividend)","769653646","US92864M8221","ISIN","92864M822","US92864M8221","BBG01SXP66P8","NASDAQ","","SOLZ","","","","US","1","","","","","20251030;202000","20251030","","0.04","Dividends","Ordinary Dividend","","","35931765064","20251030","20251029","","152399206","DETAIL","","","","0.0","0.0"
"U14404500","","","USD","1","STK","ETF","SOLZ","SOLZ(US92864M8221) CASH DIVIDEND USD 0.0232 PER SHARE (Ordinary Dividend)","769653646","US92864M8221","ISIN","92864M822","US92864M8221","BBG01SXP66P8","NASDAQ","","SOLZ","","","","US","1","","","","","20251126;202000","20251126","","0.48","Dividends","Ordinary Dividend","","","36482410920","20251126","20251125","","152399209","DETAIL","","","","0.0","0.0"
"U14404500","","","USD","1","STK","ETF","SOLZ","SOLZ(US92864M8221) CASH DIVIDEND USD 0.024 PER SHARE (Ordinary Dividend)","769653646","US92864M8221","ISIN","92864M822","US92864M8221","BBG01SXP66P8","NASDAQ","","SOLZ","","","","US","1","","","","","20251216;202000","20251216","","0.02","Dividends","Ordinary Dividend","","","36825658346","20251216","20251215","","152399211","DETAIL","","","","0.0","0.0"
"U14404500","","","USD","1","STK","ETF","VOO","VOO(US9229083632) CASH DIVIDEND USD 1.771 PER SHARE (Ordinary Dividend)","136155102","US9229083632","ISIN","922908363","US9229083632","BBG0015VYNT4","ARCA","","VOO","","","","US","1","","","","","20251224;202000","20251224","","67.39","Dividends","Ordinary Dividend","","","36980827173","20251224","20251222","","159833268","DETAIL","","","","0.0","0.0"
"U14404500","","","USD","1","STK","ETF","VOO","VOO(US9229083632) PAYMENT IN LIEU OF DIVIDEND (Ordinary Dividend)","136155102","US9229083632","ISIN","922908363","US9229083632","BBG0015VYNT4","ARCA","","VOO","","","","US","1","","","","","20251001;202000","20251001","","3.48","Payment In Lieu Of Dividends","Ordinary Dividend","","","35302356727","20251001","20250929","","157652947","DETAIL","","","","0.0","0.0"
"U14404500","","","USD","1","STK","ETF","SOLZ","SOLZ(US92864M8221) PAYMENT IN LIEU OF DIVIDEND (Ordinary Dividend)","769653646","US92864M8221","ISIN","92864M822","US92864M8221","BBG01SXP66P8","NASDAQ","","SOLZ","","","","US","1","","","","","20251030;202000","20251030","","0.85","Payment In Lieu Of Dividends","Ordinary Dividend","","","35931765108","20251030","20251029","","152399206","DETAIL","","","","0.0","0.0"
"U14404500","","","USD","1","STK","ETF","SOLZ","SOLZ(US92864M8221) PAYMENT IN LIEU OF DIVIDEND (Ordinary Dividend)","769653646","US92864M8221","ISIN","92864M822","US92864M8221","BBG01SXP66P8","NASDAQ","","SOLZ","","","","US","1","","","","","20251216;202000","20251216","","0.48","Payment In Lieu Of Dividends","Ordinary Dividend","","","36825658363","20251216","20251215","","152399211","DETAIL","","","","0.0","0.0"
"U14404500","","","USD","1","","","","CASH RECEIPTS / ELECTRONIC FUND TRANSFERS","","","","","","","","","","","","","","0","","","","","20250708","20250708","20250708","500","Deposits/Withdrawals","","","","33753128952","20250708","","FROM NORTH LANE","","DETAIL","","","","0.0","0.0"
"U14404500","","","USD","1","","","","CASH RECEIPTS / ELECTRONIC FUND TRANSFERS","","","","","","","","","","","","","","0","","","","","20250715","20250715","20250715","1000","Deposits/Withdrawals","","","","33869522301","20250715","","FROM NORTH LANE","","DETAIL","","","","0.0","0.0"
"U14404500","","","USD","1","","","","CASH RECEIPTS / ELECTRONIC FUND TRANSFERS","","","","","","","","","","","","","","0","","","","","20250715","20250715","20250715","10000","Deposits/Withdrawals","","","","33869522302","20250715","","FROM NORTH LANE","","DETAIL","","","","0.0","0.0"
"U14404500","","","USD","1","","","","CASH RECEIPTS / ELECTRONIC FUND TRANSFERS","","","","","","","","","","","","","","0","","","","","20250716","20250716","20250716","1000","Deposits/Withdrawals","","","","33893564510","20250716","","FROM NORTH LANE","","DETAIL","","","","0.0","0.0"
"U14404500","","","USD","1","","","","CASH RECEIPTS / ELECTRONIC FUND TRANSFERS","","","","","","","","","","","","","","0","","","","","20250717","20250717","20250717","10000","Deposits/Withdrawals","","","","33917840892","20250717","","FROM NORTH LANE","","DETAIL","","","","0.0","0.0"
"U14404500","","","USD","1","","","","CASH RECEIPTS / ELECTRONIC FUND TRANSFERS","","","","","","","","","","","","","","0","","","","","20250717","20250717","20250717","220.17","Deposits/Withdrawals","","","","33917840893","20250717","","FROM NORTH LANE","","DETAIL","","","","0.0","0.0"
"U14404500","","","USD","1","","","","CASH RECEIPTS / ELECTRONIC FUND TRANSFERS","","","","","","","","","","","","","","0","","","","","20250724","20250724","20250724","1000","Deposits/Withdrawals","","","","34041868521","20250724","","FROM NORTH LANE","","DETAIL","","","","0.0","0.0"
"U14404500","","","USD","1","","","","CASH RECEIPTS / ELECTRONIC FUND TRANSFERS","","","","","","","","","","","","","","0","","","","","20250801","20250801","20250801","330","Deposits/Withdrawals","","","","34188719519","20250801","","FROM BANK OF AMERICA","","DETAIL","","","","0.0","0.0"
"U14404500","","","USD","1","","","","CASH RECEIPTS / ELECTRONIC FUND TRANSFERS","","","","","","","","","","","","","","0","","","","","20251001","20251001","20251001","300","Deposits/Withdrawals","","","","35287606119","20251001","","FROM NORTH LANE","","DETAIL","","","","0.0","0.0"
"U14404500","","","USD","1","","","","CASH RECEIPTS / ELECTRONIC FUND TRANSFERS","","","","","","","","","","","","","","0","","","","","20251110","20251110","20251110","1500","Deposits/Withdrawals","","","","36134688447","20251110","","FROM BANK OF AMERICA","","DETAIL","","","","0.0","0.0"
"U14404500","","","USD","1","","","","CASH RECEIPTS / ELECTRONIC FUND TRANSFERS","","","","","","","","","","","","","","0","","","","","20251128","20251128","20251128","3100","Deposits/Withdrawals","","","","36505617119","20251128","","FROM BANK OF AMERICA","","DETAIL","","","","0.0","0.0"
"U14404500","","","USD","1","","","","CASH RECEIPTS / ELECTRONIC FUND TRANSFERS","","","","","","","","","","","","","","0","","","","","20251229","20251229","20251229","3100","Deposits/Withdrawals","","","","37017954077","20251229","","FROM BANK OF AMERICA","","DETAIL","","","","0.0","0.0"
"U14404500","","","USD","1","","","","USD DEBIT INT FOR SEP-2025","","","","","","","","","","","","","","0","","","","","20251003","20251003","","-19.66","Broker Interest Paid","","","","35364575990","20251003","","","","DETAIL","","","","0.0","0.0"
"U14404500","","","USD","1","","","","USD DEBIT INT FOR OCT-2025","","","","","","","","","","","","","","0","","","","","20251105","20251105","","-46.98","Broker Interest Paid","","","","36053516974","20251105","","","","DETAIL","","","","0.0","0.0"
"U14404500","","","USD","1","","","","USD DEBIT INT FOR NOV-2025","","","","","","","","","","","","","","0","","","","","20251203","20251203","","-6.55","Broker Interest Paid","","","","36595048731","20251203","","","","DETAIL","","","","0.0","0.0"
"U14404500","","","USD","1","","","","USD CREDIT INT FOR JUL-2025","","","","","","","","","","","","","","0","","","","","20250805","20250805","","0.05","Broker Interest Received","","","","34257228579","20250805","","","","DETAIL","","","","0.0","0.0"
"U14404500","","","USD","1","STK","ETF","KWEB","Refund (KWEB, 0.56, 2025-10-02)","132310537","US5007673065","ISIN","500767306","US5007673065","BBG004XB9HY6","ARCA","","KWEB","","","","US","1","","","","","20251103","20251002","","0.243325113","Commission Adjustments","","8292965261","","35975945262","20251103","","","","DETAIL","","","","0.0","0.0"
"U14404500","","","USD","1","STK","ETF","KWEB","Refund (KWEB, 11, 2025-10-02)","132310537","US5007673065","ISIN","500767306","US5007673065","BBG004XB9HY6","ARCA","","KWEB","","","","US","1","","","","","20251103","20251002","","0.109498879","Commission Adjustments","","8292970590","","35975945263","20251103","","","","DETAIL","","","","0.0","0.0"
"U14404500","","","USD","1","STK","ETF","KWEB","Refund (KWEB, -11, 2025-12-15)","132310537","US5007673065","ISIN","500767306","US5007673065","BBG004XB9HY6","ARCA","","KWEB","","","","US","1","","","","","20251215","20251215","","0.33668325","Commission Adjustments","","8688402401","","36792760556","20251215","","","","DETAIL","","","","0.0","0.0"
"U14404500","","","USD","1","STK","ETF","KWEB","Refund (KWEB, -0.56, 2025-12-15)","132310537","US5007673065","ISIN","500767306","US5007673065","BBG004XB9HY6","ARCA","","KWEB","","","","US","1","","","","","20251215","20251215","","0.000205655","Commission Adjustments","","8688402841","","36792760713","20251215","","","","DETAIL","","","","0.0","0.0"
"ClientAccountID","AccountAlias","Model","CurrencyPrimary","FromDate","ToDate","StartingAccrualBalance","InterestAccrued","AccrualReversal","FXTranslation","EndingAccrualBalance"
"U14404500","","","BASE_SUMMARY","20250101","20251231","0","-86.23","73.14","-0","-13.09"
"ClientAccountID","AccountAlias","Model","CurrencyPrimary","FXRateToBase","AssetClass","SubCategory","Symbol","Description","Conid","SecurityID","SecurityIDType","CUSIP","ISIN","FIGI","ListingExchange","UnderlyingConid","UnderlyingSymbol","UnderlyingSecurityID","UnderlyingListingExchange","Issuer","IssuerCountryCode","Multiplier","Strike","Expiry","Put/Call","PrincipalAdjustFactor","ReportDate","Date","DateTime","SettleDate","Type","Direction","TransferCompany","TransferAccount","TransferAccountName","DeliveringBroker","Quantity","TransferPrice","PositionAmount","PositionAmountInBase","PnlAmount","PnlAmountInBase","CashTransfer","Code","ClientReference","TransactionID","LevelOfDetail","PositionInstructionID","PositionInstructionSetID","SerialNumber","DeliveryType","CommodityType","Fineness","Weight"
"CurrencyPrimary","AssetClass","SubCategory","Symbol","Description","Conid","SecurityID","SecurityIDType","CUSIP","ISIN","FIGI","ListingExchange","UnderlyingConid","UnderlyingSymbol","UnderlyingSecurityID","UnderlyingListingExchange","Issuer","IssuerCountryCode","Multiplier","Strike","Expiry","Put/Call","PrincipalAdjustFactor","Maturity","IssueDate","UnderlyingCategory","SettlementPolicyMethod","Code","SerialNumber","DeliveryType","CommodityType","Fineness","Weight"
"USD","STK","ETF","GDX","VANECK GOLD MINERS ETF","229726316","US92189F1066","ISIN","92189F106","US92189F1066","BBG000PLNQN7","ARCA","","GDX","","","","US","1","","","","","","","","","","","","","0.0","0.0"
"USD","STK","ETF","IAUM","ISHARES GOLD TRUST MICRO","499640636","US46436F1030","ISIN","46436F103","US46436F1030","BBG011K3SN42","ARCA","","IAUM","","","","US","1","","","","","","","","","","","","","0.0","0.0"
"USD","STK","ETF","IBIT","ISHARES BITCOIN TRUST ETF","677037673","US46438F1012","ISIN","46438F101","US46438F1012","BBG01KYQ6PV3","NASDAQ","","IBIT","","","","US","1","","","","","","","","","","","","","0.0","0.0"
"USD","STK","ETF","KWEB","KRANESH CSI CHINA INTERNET","132310537","US5007673065","ISIN","500767306","US5007673065","BBG004XB9HY6","ARCA","","KWEB","","","","US","1","","","","","","","","","","","","","0.0","0.0"
"USD","STK","ETF","SOLZ","SOLANA ETF","769653646","US92864M8221","ISIN","92864M822","US92864M8221","BBG01SXP66P8","NASDAQ","","SOLZ","","","","US","1","","","","","","","","","","","","","0.0","0.0"
"USD","STK","ETF","VOO","VANGUARD S&P 500 ETF","136155102","US9229083632","ISIN","922908363","US9229083632","BBG0015VYNT4","ARCA","","VOO","","","","US","1","","","","","","","","","","","","","0.0","0.0"
"Date/Time","FromCurrency","ToCurrency","Rate"
"20250101","CHF","USD","1.1024"
"20250102","CHF","USD","1.0961"
"20250103","CHF","USD","1.1007"
"20250105","CHF","USD","1.0996"
"20250106","CHF","USD","1.1055"
"20250107","CHF","USD","1.0992"
"20250108","CHF","USD","1.0974"
"20250109","CHF","USD","1.0962"
"20250110","CHF","USD","1.0912"
"20250112","CHF","USD","1.0912"
"20250113","CHF","USD","1.089"
"20250114","CHF","USD","1.0961"
"20250115","CHF","USD","1.0957"
"20250116","CHF","USD","1.0981"
"20250117","CHF","USD","1.0929"
"20250119","CHF","USD","1.093"
"20250120","CHF","USD","1.1029"
"20250121","CHF","USD","1.104"
"20250122","CHF","USD","1.103"
"20250123","CHF","USD","1.1021"
"20250124","CHF","USD","1.1038"
"20250126","CHF","USD","1.1038"
"20250127","CHF","USD","1.1086"
"20250128","CHF","USD","1.1061"
"20250129","CHF","USD","1.1028"
"20250130","CHF","USD","1.0993"
"20250131","CHF","USD","1.0975"
"20250202","CHF","USD","1.0928"
"20250203","CHF","USD","1.0985"
"20250204","CHF","USD","1.1048"
"20250205","CHF","USD","1.1089"
"20250206","CHF","USD","1.105"
"20250207","CHF","USD","1.0989"
"20250209","CHF","USD","1.0984"
"20250210","CHF","USD","1.0973"
"20250211","CHF","USD","1.0949"
"20250212","CHF","USD","1.0945"
"20250213","CHF","USD","1.1073"
"20250214","CHF","USD","1.1115"
"20250216","CHF","USD","1.1135"
"20250217","CHF","USD","1.1102"
"20250218","CHF","USD","1.1069"
"20250219","CHF","USD","1.1054"
"20250220","CHF","USD","1.1137"
"20250221","CHF","USD","1.1139"
"20250223","CHF","USD","1.1146"
"20250224","CHF","USD","1.1146"
"20250225","CHF","USD","1.1199"
"20250226","CHF","USD","1.1177"
"20250227","CHF","USD","1.1115"
"20250228","CHF","USD","1.1071"
"20250302","CHF","USD","1.1074"
"20250303","CHF","USD","1.115"
"20250304","CHF","USD","1.1242"
"20250305","CHF","USD","1.1226"
"20250306","CHF","USD","1.1315"
"20250307","CHF","USD","1.1366"
"20250309","CHF","USD","1.1356"
"20250310","CHF","USD","1.1352"
"20250311","CHF","USD","1.1328"
"20250312","CHF","USD","1.1341"
"20250313","CHF","USD","1.1337"
"20250314","CHF","USD","1.13"
"20250316","CHF","USD","1.1299"
"20250317","CHF","USD","1.1352"
"20250318","CHF","USD","1.1407"
"20250319","CHF","USD","1.1395"
"20250320","CHF","USD","1.134"
"20250321","CHF","USD","1.1322"
"20250323","CHF","USD","1.1321"
"20250324","CHF","USD","1.1326"
"20250325","CHF","USD","1.133"
"20250326","CHF","USD","1.1315"
"20250327","CHF","USD","1.1341"
"20250328","CHF","USD","1.1354"
"20250330","CHF","USD","1.136"
"20250331","CHF","USD","1.1307"
"20250401","CHF","USD","1.1316"
"20250402","CHF","USD","1.1338"
"20250403","CHF","USD","1.164"
"20250404","CHF","USD","1.162"
"20250406","CHF","USD","1.1664"
"20250407","CHF","USD","1.1624"
"20250408","CHF","USD","1.1798"
"20250409","CHF","USD","1.1657"
"20250410","CHF","USD","1.214"
"20250411","CHF","USD","1.2266"
"20250413","CHF","USD","1.2211"
"20250414","CHF","USD","1.2271"
"20250415","CHF","USD","1.2144"
"20250416","CHF","USD","1.2295"
"20250417","CHF","USD","1.2202"
"20250418","CHF","USD","1.2251"
"20250420","CHF","USD","1.2251"
"20250421","CHF","USD","1.236"
"20250422","CHF","USD","1.2209"
"20250423","CHF","USD","1.2036"
"20250424","CHF","USD","1.2091"
"20250425","CHF","USD","1.2079"
"20250427","CHF","USD","1.2076"
"20250428","CHF","USD","1.2195"
"20250429","CHF","USD","1.2138"
"20250430","CHF","USD","1.2102"
"20250501","CHF","USD","1.2057"
"20250502","CHF","USD","1.2094"
"20250504","CHF","USD","1.2115"
"20250505","CHF","USD","1.2163"
"20250506","CHF","USD","1.2166"
"20250507","CHF","USD","1.2139"
"20250508","CHF","USD","1.2021"
"20250509","CHF","USD","1.2027"
"20250511","CHF","USD","1.198"
"20250512","CHF","USD","1.1827"
"20250513","CHF","USD","1.1912"
"20250514","CHF","USD","1.1875"
"20250515","CHF","USD","1.1965"
"20250516","CHF","USD","1.1935"
"20250518","CHF","USD","1.1956"
"20250519","CHF","USD","1.198"
"20250520","CHF","USD","1.2072"
"20250521","CHF","USD","1.2118"
"20250522","CHF","USD","1.2063"
"20250523","CHF","USD","1.218"
"20250525","CHF","USD","1.2184"
"20250526","CHF","USD","1.218"
"20250527","CHF","USD","1.2086"
"20250528","CHF","USD","1.209"
"20250529","CHF","USD","1.2149"
"20250530","CHF","USD","1.2155"
"20250601","CHF","USD","1.2153"
"20250602","CHF","USD","1.2239"
"20250603","CHF","USD","1.2135"
"20250604","CHF","USD","1.2218"
"20250605","CHF","USD","1.2199"
"20250606","CHF","USD","1.2165"
"20250608","CHF","USD","1.2163"
"20250609","CHF","USD","1.217"
"20250610","CHF","USD","1.2154"
"20250611","CHF","USD","1.2189"
"20250612","CHF","USD","1.2341"
"20250613","CHF","USD","1.2324"
"20250615","CHF","USD","1.2317"
"20250616","CHF","USD","1.2285"
"20250617","CHF","USD","1.2246"
"20250618","CHF","USD","1.2214"
"20250619","CHF","USD","1.2244"
"20250620","CHF","USD","1.2225"
"20250622","CHF","USD","1.2233"
"20250623","CHF","USD","1.2305"
"20250624","CHF","USD","1.2417"
"20250625","CHF","USD","1.2425"
"20250626","CHF","USD","1.2496"
"20250627","CHF","USD","1.2516"
"20250629","CHF","USD","1.2514"
"20250630","CHF","USD","1.2609"
"20250701","CHF","USD","1.264"
"20250702","CHF","USD","1.2625"
"20250703","CHF","USD","1.2574"
"20250704","CHF","USD","1.2594"
"20250706","CHF","USD","1.2586"
"20250707","CHF","USD","1.2525"
"20250708","CHF","USD","1.2566"
"20250709","CHF","USD","1.259"
"20250710","CHF","USD","1.2547"
"20250711","CHF","USD","1.2555"
"20250713","CHF","USD","1.2537"
"20250714","CHF","USD","1.2531"
"20250715","CHF","USD","1.2474"
"20250716","CHF","USD","1.2488"
"20250717","CHF","USD","1.2431"
"20250718","CHF","USD","1.2474"
"20250720","CHF","USD","1.2491"
"20250721","CHF","USD","1.2531"
"20250722","CHF","USD","1.2622"
"20250723","CHF","USD","1.2619"
"20250724","CHF","USD","1.2572"
"20250725","CHF","USD","1.2578"
"20250727","CHF","USD","1.2565"
"20250728","CHF","USD","1.2445"
"20250729","CHF","USD","1.2406"
"20250730","CHF","USD","1.2272"
"20250731","CHF","USD","1.2311"
"20250801","CHF","USD","1.2437"
"20250803","CHF","USD","1.2438"
"20250804","CHF","USD","1.2373"
"20250805","CHF","USD","1.2384"
"20250806","CHF","USD","1.24"
"20250807","CHF","USD","1.2399"
"20250808","CHF","USD","1.2372"
"20250810","CHF","USD","1.237"
"20250811","CHF","USD","1.2308"
"20250812","CHF","USD","1.2397"
"20250813","CHF","USD","1.2414"
"20250814","CHF","USD","1.2382"
"20250815","CHF","USD","1.2398"
"20250817","CHF","USD","1.24"
"20250818","CHF","USD","1.2383"
"20250819","CHF","USD","1.238"
"20250820","CHF","USD","1.2435"
"20250821","CHF","USD","1.2364"
"20250822","CHF","USD","1.2477"
"20250824","CHF","USD","1.2479"
"20250825","CHF","USD","1.2409"
"20250826","CHF","USD","1.2448"
"20250827","CHF","USD","1.2464"
"20250828","CHF","USD","1.2477"
"20250829","CHF","USD","1.2491"
"20250831","CHF","USD","1.2491"
"20250901","CHF","USD","1.2491"
"20250902","CHF","USD","1.243"
"20250903","CHF","USD","1.2434"
"20250904","CHF","USD","1.2412"
"20250905","CHF","USD","1.2529"
"20250907","CHF","USD","1.2531"
"20250908","CHF","USD","1.2606"
"20250909","CHF","USD","1.254"
"20250910","CHF","USD","1.2511"
"20250911","CHF","USD","1.2566"
"20250912","CHF","USD","1.2553"
"20250914","CHF","USD","1.2544"
"20250915","CHF","USD","1.2584"
"20250916","CHF","USD","1.2724"
"20250917","CHF","USD","1.2676"
"20250918","CHF","USD","1.2618"
"20250919","CHF","USD","1.2571"
"20250921","CHF","USD","1.257"
"20250922","CHF","USD","1.262"
"20250923","CHF","USD","1.2637"
"20250924","CHF","USD","1.2576"
"20250925","CHF","USD","1.2507"
"20250926","CHF","USD","1.2533"
"20250928","CHF","USD","1.2534"
"20250929","CHF","USD","1.2536"
"20250930","CHF","USD","1.2556"
"20251001","CHF","USD","1.2546"
"20251002","CHF","USD","1.2534"
"20251003","CHF","USD","1.2574"
"20251005","CHF","USD","1.2557"
"20251006","CHF","USD","1.258"
"20251007","CHF","USD","1.2527"
"20251008","CHF","USD","1.2469"
"20251009","CHF","USD","1.2402"
"20251010","CHF","USD","1.2514"
"20251012","CHF","USD","1.2479"
"20251013","CHF","USD","1.2436"
"20251014","CHF","USD","1.2484"
"20251015","CHF","USD","1.2551"
"20251016","CHF","USD","1.2613"
"20251017","CHF","USD","1.2603"
"20251019","CHF","USD","1.261"
"20251020","CHF","USD","1.2617"
"20251021","CHF","USD","1.2556"
"20251022","CHF","USD","1.2562"
"20251023","CHF","USD","1.2576"
"20251024","CHF","USD","1.2568"
"20251026","CHF","USD","1.2548"
"20251027","CHF","USD","1.2572"
"20251028","CHF","USD","1.2604"
"20251029","CHF","USD","1.2498"
"20251030","CHF","USD","1.247"
"20251031","CHF","USD","1.2429"
"20251102","CHF","USD","1.243"
"20251103","CHF","USD","1.2374"
"20251104","CHF","USD","1.2338"
"20251105","CHF","USD","1.2341"
"20251106","CHF","USD","1.2403"
"20251107","CHF","USD","1.2421"
"20251109","CHF","USD","1.2419"
"20251110","CHF","USD","1.2422"
"20251111","CHF","USD","1.2491"
"20251112","CHF","USD","1.2534"
"20251113","CHF","USD","1.2613"
"20251114","CHF","USD","1.2595"
"20251116","CHF","USD","1.2591"
"20251117","CHF","USD","1.256"
"20251118","CHF","USD","1.2504"
"20251119","CHF","USD","1.2414"
"20251120","CHF","USD","1.241"
"20251121","CHF","USD","1.2368"
"20251123","CHF","USD","1.2385"
"20251124","CHF","USD","1.2371"
"20251125","CHF","USD","1.2381"
"20251126","CHF","USD","1.2432"
"20251127","CHF","USD","1.2426"
"20251128","CHF","USD","1.2442"
"20251130","CHF","USD","1.2428"
"20251201","CHF","USD","1.2426"
"20251202","CHF","USD","1.2455"
"20251203","CHF","USD","1.2506"
"20251204","CHF","USD","1.2442"
"20251205","CHF","USD","1.2427"
"20251207","CHF","USD","1.244"
"20251208","CHF","USD","1.2395"
"20251209","CHF","USD","1.2404"
"20251210","CHF","USD","1.2501"
"20251211","CHF","USD","1.2573"
"20251212","CHF","USD","1.2563"
"20251214","CHF","USD","1.2564"
"20251215","CHF","USD","1.2558"
"20251216","CHF","USD","1.2576"
"20251217","CHF","USD","1.2568"
"20251218","CHF","USD","1.2593"
"20251219","CHF","USD","1.2573"
"20251221","CHF","USD","1.2573"
"20251222","CHF","USD","1.2629"
"20251223","CHF","USD","1.2695"
"20251224","CHF","USD","1.2682"
"20251225","CHF","USD","1.2698"
"20251226","CHF","USD","1.2666"
"20251228","CHF","USD","1.2675"
"20251229","CHF","USD","1.2673"
"20251230","CHF","USD","1.2629"
"20251231","CHF","USD","1.2615"
"20250101","MXN","USD","0.047982"
"20250102","MXN","USD","0.048542"
"20250103","MXN","USD","0.048472"
"20250105","MXN","USD","0.048485"
"20250106","MXN","USD","0.049199"
"20250107","MXN","USD","0.049194"
"20250108","MXN","USD","0.049013"
"20250109","MXN","USD","0.048754"
"20250110","MXN","USD","0.048267"
"20250112","MXN","USD","0.048267"
"20250113","MXN","USD","0.048262"
"20250114","MXN","USD","0.048741"
"20250115","MXN","USD","0.048855"
"20250116","MXN","USD","0.047958"
"20250117","MXN","USD","0.048101"
"20250119","MXN","USD","0.048071"
"20250120","MXN","USD","0.048772"
"20250121","MXN","USD","0.04848"
"20250122","MXN","USD","0.048783"
"20250123","MXN","USD","0.04907"
"20250124","MXN","USD","0.049322"
"20250126","MXN","USD","0.049211"
"20250127","MXN","USD","0.048375"
"20250128","MXN","USD","0.048649"
"20250129","MXN","USD","0.048733"
"20250130","MXN","USD","0.048227"
"20250131","MXN","USD","0.048349"
"20250202","MXN","USD","0.048349"
"20250203","MXN","USD","0.049159"
"20250204","MXN","USD","0.048765"
"20250205","MXN","USD","0.048573"
"20250206","MXN","USD","0.048876"
"20250207","MXN","USD","0.048611"
"20250209","MXN","USD","0.048626"
"20250210","MXN","USD","0.048517"
"20250211","MXN","USD","0.048645"
"20250212","MXN","USD","0.048695"
"20250213","MXN","USD","0.049004"
"20250214","MXN","USD","0.04925"
"20250216","MXN","USD","0.04925"
"20250217","MXN","USD","0.049274"
"20250218","MXN","USD","0.04938"
"20250219","MXN","USD","0.048905"
"20250220","MXN","USD","0.049213"
"20250221","MXN","USD","0.048957"
"20250223","MXN","USD","0.049032"
"20250224","MXN","USD","0.048833"
"20250225","MXN","USD","0.048845"
"20250226","MXN","USD","0.048964"
"20250227","MXN","USD","0.048805"
"20250228","MXN","USD","0.048675"
"20250302","MXN","USD","0.048675"
"20250303","MXN","USD","0.048336"
"20250304","MXN","USD","0.048556"
"20250305","MXN","USD","0.04898"
"20250306","MXN","USD","0.04928"
"20250307","MXN","USD","0.049376"
"20250309","MXN","USD","0.049381"
"20250310","MXN","USD","0.049119"
"20250311","MXN","USD","0.049343"
"20250312","MXN","USD","0.049555"
"20250313","MXN","USD","0.049782"
"20250314","MXN","USD","0.050171"
"20250316","MXN","USD","0.05015"
"20250317","MXN","USD","0.050138"
"20250318","MXN","USD","0.050198"
"20250319","MXN","USD","0.049799"
"20250320","MXN","USD","0.049634"
"20250321","MXN","USD","0.049408"
"20250323","MXN","USD","0.049408"
"20250324","MXN","USD","0.049904"
"20250325","MXN","USD","0.049873"
"20250326","MXN","USD","0.049736"
"20250327","MXN","USD","0.049263"
"20250328","MXN","USD","0.049071"
"20250330","MXN","USD","0.049064"
"20250331","MXN","USD","0.048858"
"20250401","MXN","USD","0.049122"
"20250402","MXN","USD","0.049508"
"20250403","MXN","USD","0.050154"
"20250404","MXN","USD","0.048948"
"20250406","MXN","USD","0.04868"
"20250407","MXN","USD","0.048309"
"20250408","MXN","USD","0.047967"
"20250409","MXN","USD","0.049382"
"20250410","MXN","USD","0.04889"
"20250411","MXN","USD","0.049194"
"20250413","MXN","USD","0.049207"
"20250414","MXN","USD","0.049783"
"20250415","MXN","USD","0.049749"
"20250416","MXN","USD","0.050181"
"20250417","MXN","USD","0.050762"
"20250418","MXN","USD","0.050699"
"20250420","MXN","USD","0.050666"
"20250421","MXN","USD","0.050684"
"20250422","MXN","USD","0.05098"
"20250423","MXN","USD","0.050932"
"20250424","MXN","USD","0.051037"
"20250425","MXN","USD","0.051256"
"20250427","MXN","USD","0.05123"
"20250428","MXN","USD","0.051048"
"20250429","MXN","USD","0.051135"
"20250430","MXN","USD","0.05098"
"20250501","MXN","USD","0.051014"
"20250502","MXN","USD","0.051066"
"20250504","MXN","USD","0.051071"
"20250505","MXN","USD","0.050779"
"20250506","MXN","USD","0.050841"
"20250507","MXN","USD","0.051049"
"20250508","MXN","USD","0.051189"
"20250509","MXN","USD","0.051425"
"20250511","MXN","USD","0.051444"
"20250512","MXN","USD","0.050925"
"20250513","MXN","USD","0.051483"
"20250514","MXN","USD","0.051592"
"20250515","MXN","USD","0.051303"
"20250516","MXN","USD","0.051368"
"20250518","MXN","USD","0.051354"
"20250519","MXN","USD","0.051785"
"20250520","MXN","USD","0.051913"
"20250521","MXN","USD","0.051628"
"20250522","MXN","USD","0.051771"
"20250523","MXN","USD","0.051978"
"20250525","MXN","USD","0.052009"
"20250526","MXN","USD","0.051956"
"20250527","MXN","USD","0.05189"
"20250528","MXN","USD","0.051577"
"20250529","MXN","USD","0.05176"
"20250530","MXN","USD","0.051448"
"20250601","MXN","USD","0.051467"
"20250602","MXN","USD","0.052037"
"20250603","MXN","USD","0.051957"
"20250604","MXN","USD","0.052096"
"20250605","MXN","USD","0.052198"
"20250606","MXN","USD","0.052328"
"20250608","MXN","USD","0.052335"
"20250609","MXN","USD","0.052512"
"20250610","MXN","USD","0.052457"
"20250611","MXN","USD","0.052872"
"20250612","MXN","USD","0.052945"
"20250613","MXN","USD","0.052743"
"20250615","MXN","USD","0.052736"
"20250616","MXN","USD","0.052852"
"20250617","MXN","USD","0.052592"
"20250618","MXN","USD","0.05259"
"20250619","MXN","USD","0.052534"
"20250620","MXN","USD","0.052147"
"20250622","MXN","USD","0.052124"
"20250623","MXN","USD","0.052279"
"20250624","MXN","USD","0.052668"
"20250625","MXN","USD","0.052832"
"20250626","MXN","USD","0.052955"
"20250627","MXN","USD","0.053121"
"20250629","MXN","USD","0.053121"
"20250630","MXN","USD","0.05334"
"20250701","MXN","USD","0.053361"
"20250702","MXN","USD","0.053196"
"20250703","MXN","USD","0.053607"
"20250704","MXN","USD","0.053666"
"20250706","MXN","USD","0.053763"
"20250707","MXN","USD","0.053574"
"20250708","MXN","USD","0.053745"
"20250709","MXN","USD","0.053664"
"20250710","MXN","USD","0.053745"
"20250711","MXN","USD","0.053646"
"20250713","MXN","USD","0.053634"
"20250714","MXN","USD","0.053367"
"20250715","MXN","USD","0.053142"
"20250716","MXN","USD","0.053424"
"20250717","MXN","USD","0.053259"
"20250718","MXN","USD","0.053353"
"20250720","MXN","USD","0.053358"
"20250721","MXN","USD","0.053559"
"20250722","MXN","USD","0.053626"
"20250723","MXN","USD","0.053928"
"20250724","MXN","USD","0.053922"
"20250725","MXN","USD","0.053909"
"20250727","MXN","USD","0.053948"
"20250728","MXN","USD","0.053277"
"20250729","MXN","USD","0.053311"
"20250730","MXN","USD","0.052973"
"20250731","MXN","USD","0.052975"
"20250801","MXN","USD","0.053024"
"20250803","MXN","USD","0.053025"
"20250804","MXN","USD","0.052915"
"20250805","MXN","USD","0.053353"
"20250806","MXN","USD","0.053751"
"20250807","MXN","USD","0.053727"
"20250808","MXN","USD","0.053821"
"20250810","MXN","USD","0.053821"
"20250811","MXN","USD","0.05357"
"20250812","MXN","USD","0.05378"
"20250813","MXN","USD","0.053673"
"20250814","MXN","USD","0.053191"
"20250815","MXN","USD","0.053344"
"20250817","MXN","USD","0.053419"
"20250818","MXN","USD","0.053235"
"20250819","MXN","USD","0.05314"
"20250820","MXN","USD","0.05327"
"20250821","MXN","USD","0.053311"
"20250822","MXN","USD","0.053807"
"20250824","MXN","USD","0.053808"
"20250825","MXN","USD","0.053531"
"20250826","MXN","USD","0.053574"
"20250827","MXN","USD","0.053602"
"20250828","MXN","USD","0.053614"
"20250829","MXN","USD","0.0536"
"20250831","MXN","USD","0.053603"
"20250901","MXN","USD","0.05363"
"20250902","MXN","USD","0.053415"
"20250903","MXN","USD","0.053469"
"20250904","MXN","USD","0.053374"
"20250905","MXN","USD","0.053429"
"20250907","MXN","USD","0.053432"
"20250908","MXN","USD","0.05359"
"20250909","MXN","USD","0.053683"
"20250910","MXN","USD","0.053773"
"20250911","MXN","USD","0.054151"
"20250912","MXN","USD","0.054218"
"20250914","MXN","USD","0.054229"
"20250915","MXN","USD","0.054436"
"20250916","MXN","USD","0.054682"
"20250917","MXN","USD","0.05457"
"20250918","MXN","USD","0.054462"
"20250919","MXN","USD","0.054338"
"20250921","MXN","USD","0.054334"
"20250922","MXN","USD","0.054463"
"20250923","MXN","USD","0.054486"
"20250924","MXN","USD","0.054276"
"20250925","MXN","USD","0.054115"
"20250926","MXN","USD","0.054453"
"20250928","MXN","USD","0.054437"
"20250929","MXN","USD","0.054452"
"20250930","MXN","USD","0.054603"
"20251001","MXN","USD","0.05441"
"20251002","MXN","USD","0.054251"
"20251003","MXN","USD","0.054361"
"20251005","MXN","USD","0.054352"
"20251006","MXN","USD","0.054529"
"20251007","MXN","USD","0.054373"
"20251008","MXN","USD","0.054534"
"20251009","MXN","USD","0.054368"
"20251010","MXN","USD","0.053773"
"20251012","MXN","USD","0.053778"
"20251013","MXN","USD","0.05414"
"20251014","MXN","USD","0.054048"
"20251015","MXN","USD","0.054177"
"20251016","MXN","USD","0.054241"
"20251017","MXN","USD","0.054415"
"20251019","MXN","USD","0.05442"
"20251020","MXN","USD","0.054373"
"20251021","MXN","USD","0.054243"
"20251022","MXN","USD","0.054253"
"20251023","MXN","USD","0.05435"
"20251024","MXN","USD","0.054174"
"20251026","MXN","USD","0.054282"
"20251027","MXN","USD","0.054354"
"20251028","MXN","USD","0.054258"
"20251029","MXN","USD","0.054103"
"20251030","MXN","USD","0.053973"
"20251031","MXN","USD","0.053838"
"20251102","MXN","USD","0.053907"
"20251103","MXN","USD","0.054073"
"20251104","MXN","USD","0.053496"
"20251105","MXN","USD","0.053776"
"20251106","MXN","USD","0.053824"
"20251107","MXN","USD","0.054199"
"20251109","MXN","USD","0.054183"
"20251110","MXN","USD","0.054409"
"20251111","MXN","USD","0.054587"
"20251112","MXN","USD","0.054652"
"20251113","MXN","USD","0.054592"
"20251114","MXN","USD","0.054627"
"20251116","MXN","USD","0.054631"
"20251117","MXN","USD","0.054275"
"20251118","MXN","USD","0.054508"
"20251119","MXN","USD","0.054528"
"20251120","MXN","USD","0.054388"
"20251121","MXN","USD","0.054112"
"20251123","MXN","USD","0.054116"
"20251124","MXN","USD","0.05403"
"20251125","MXN","USD","0.054396"
"20251126","MXN","USD","0.054517"
"20251127","MXN","USD","0.05449"
"20251128","MXN","USD","0.054654"
"20251130","MXN","USD","0.05466"
"20251201","MXN","USD","0.054631"
"20251202","MXN","USD","0.054693"
"20251203","MXN","USD","0.054687"
"20251204","MXN","USD","0.054841"
"20251205","MXN","USD","0.055015"
"20251207","MXN","USD","0.055024"
"20251208","MXN","USD","0.05475"
"20251209","MXN","USD","0.054948"
"20251210","MXN","USD","0.055045"
"20251211","MXN","USD","0.055406"
"20251212","MXN","USD","0.055501"
"20251214","MXN","USD","0.055508"
"20251215","MXN","USD","0.055598"
"20251216","MXN","USD","0.055641"
"20251217","MXN","USD","0.055515"
"20251218","MXN","USD","0.05556"
"20251219","MXN","USD","0.055444"
"20251221","MXN","USD","0.055457"
"20251222","MXN","USD","0.055604"
"20251223","MXN","USD","0.055863"
"20251224","MXN","USD","0.055721"
"20251225","MXN","USD","0.055766"
"20251226","MXN","USD","0.055843"
"20251228","MXN","USD","0.05583"
"20251229","MXN","USD","0.05562"
"20251230","MXN","USD","0.055581"
"20251231","MXN","USD","0.055528"
"20250101","QAR","USD","-1"
"20250102","QAR","USD","-1"
"20250103","QAR","USD","-1"
"20250105","QAR","USD","-1"
"20250106","QAR","USD","-1"
"20250107","QAR","USD","-1"
"20250108","QAR","USD","-1"
"20250109","QAR","USD","-1"
"20250110","QAR","USD","-1"
"20250112","QAR","USD","-1"
"20250113","QAR","USD","-1"
"20250114","QAR","USD","-1"
"20250115","QAR","USD","-1"
"20250116","QAR","USD","-1"
"20250117","QAR","USD","0.274884"
"20250119","QAR","USD","-1"
"20250120","QAR","USD","0.274884"
"20250121","QAR","USD","0.27431"
"20250122","QAR","USD","0.27427"
"20250123","QAR","USD","0.27427"
"20250124","QAR","USD","0.27429"
"20250126","QAR","USD","0.27429"
"20250127","QAR","USD","0.27429"
"20250128","QAR","USD","0.27429"
"20250129","QAR","USD","0.27429"
"20250130","QAR","USD","0.27429"
"20250131","QAR","USD","0.27429"
"20250202","QAR","USD","0.27429"
"20250203","QAR","USD","0.27429"
"20250204","QAR","USD","0.27429"
"20250205","QAR","USD","0.27429"
"20250206","QAR","USD","0.27429"
"20250207","QAR","USD","0.27429"
"20250209","QAR","USD","0.27429"
"20250210","QAR","USD","0.27433"
"20250211","QAR","USD","0.27429"
"20250212","QAR","USD","0.27429"
"20250213","QAR","USD","0.27429"
"20250214","QAR","USD","0.27429"
"20250216","QAR","USD","0.27429"
"20250217","QAR","USD","0.27435"
"20250218","QAR","USD","0.27435"
"20250219","QAR","USD","0.27433"
"20250220","QAR","USD","0.27433"
"20250221","QAR","USD","0.27433"
"20250223","QAR","USD","0.27433"
"20250224","QAR","USD","0.27435"
"20250225","QAR","USD","0.27433"
"20250226","QAR","USD","0.27433"
"20250227","QAR","USD","0.27439"
"20250228","QAR","USD","0.27439"
"20250302","QAR","USD","0.27439"
"20250303","QAR","USD","0.27439"
"20250304","QAR","USD","0.27437"
"20250305","QAR","USD","0.27437"
"20250306","QAR","USD","0.27437"
"20250307","QAR","USD","0.27437"
"20250309","QAR","USD","0.27437"
"20250310","QAR","USD","0.27437"
"20250311","QAR","USD","0.27434"
"20250312","QAR","USD","0.27437"
"20250313","QAR","USD","0.27437"
"20250314","QAR","USD","0.27437"
"20250316","QAR","USD","0.27437"
"20250317","QAR","USD","0.27437"
"20250318","QAR","USD","0.27433"
"20250319","QAR","USD","0.27433"
"20250320","QAR","USD","0.27433"
"20250321","QAR","USD","0.27433"
"20250323","QAR","USD","0.27433"
"20250324","QAR","USD","0.27433"
"20250325","QAR","USD","0.27433"
"20250326","QAR","USD","0.27433"
"20250327","QAR","USD","0.27433"
"20250328","QAR","USD","0.27433"
"20250330","QAR","USD","0.27433"
"20250331","QAR","USD","0.27379"
"20250401","QAR","USD","0.27433"
"20250402","QAR","USD","0.27433"
"20250403","QAR","USD","0.27433"
"20250404","QAR","USD","0.27409"
"20250406","QAR","USD","0.27433"
"20250407","QAR","USD","0.2743"
"20250408","QAR","USD","0.27435"
"20250409","QAR","USD","0.27432"
"20250410","QAR","USD","0.27433"
"20250411","QAR","USD","0.2741"
"20250413","QAR","USD","0.27433"
"20250414","QAR","USD","0.27433"
"20250415","QAR","USD","0.27432"
"20250416","QAR","USD","0.2741"
"20250417","QAR","USD","0.27435"
"20250418","QAR","USD","0.27435"
"20250420","QAR","USD","0.27434"
"20250421","QAR","USD","0.27409"
"20250422","QAR","USD","0.27432"
"20250423","QAR","USD","0.27432"
"20250424","QAR","USD","0.27436"
"20250425","QAR","USD","0.27436"
"20250427","QAR","USD","0.27431"
"20250428","QAR","USD","0.27418"
"20250429","QAR","USD","0.27432"
"20250430","QAR","USD","0.27419"
"20250501","QAR","USD","0.27435"
"20250502","QAR","USD","0.27435"
"20250504","QAR","USD","0.27437"
"20250505","QAR","USD","0.27434"
"20250506","QAR","USD","0.27434"
"20250507","QAR","USD","0.27434"
"20250508","QAR","USD","0.27433"
"20250509","QAR","USD","0.27435"
"20250511","QAR","USD","0.27433"
"20250512","QAR","USD","0.27434"
"20250513","QAR","USD","0.27436"
"20250514","QAR","USD","0.27436"
"20250515","QAR","USD","0.27431"
"20250516","QAR","USD","0.27436"
"20250518","QAR","USD","0.27435"
"20250519","QAR","USD","0.27437"
"20250520","QAR","USD","0.27431"
"20250521","QAR","USD","0.27438"
"20250522","QAR","USD","0.2744"
"20250523","QAR","USD","0.27437"
"20250525","QAR","USD","0.27435"
"20250526","QAR","USD","0.27438"
"20250527","QAR","USD","0.27442"
"20250528","QAR","USD","0.27441"
"20250529","QAR","USD","0.27439"
"20250530","QAR","USD","0.2744"
"20250601","QAR","USD","0.27435"
"20250602","QAR","USD","0.2744"
"20250603","QAR","USD","0.27435"
"20250604","QAR","USD","0.27444"
"20250605","QAR","USD","0.27444"
"20250606","QAR","USD","0.27446"
"20250608","QAR","USD","0.27444"
"20250609","QAR","USD","0.27444"
"20250610","QAR","USD","0.2745"
"20250611","QAR","USD","0.2744"
"20250612","QAR","USD","0.27436"
"20250613","QAR","USD","0.27437"
"20250615","QAR","USD","0.27435"
"20250616","QAR","USD","0.27429"
"20250617","QAR","USD","0.27431"
"20250618","QAR","USD","0.27434"
"20250619","QAR","USD","0.27433"
"20250620","QAR","USD","0.27431"
"20250622","QAR","USD","0.27433"
"20250623","QAR","USD","0.27433"
"20250624","QAR","USD","0.27435"
"20250625","QAR","USD","0.27435"
"20250626","QAR","USD","0.27429"
"20250627","QAR","USD","0.27435"
"20250629","QAR","USD","0.2736"
"20250630","QAR","USD","0.27439"
"20250701","QAR","USD","0.27436"
"20250702","QAR","USD","0.27437"
"20250703","QAR","USD","0.27437"
"20250704","QAR","USD","0.27436"
"20250706","QAR","USD","0.2736"
"20250707","QAR","USD","0.27439"
"20250708","QAR","USD","0.27432"
"20250709","QAR","USD","0.27436"
"20250710","QAR","USD","0.2736"
"20250711","QAR","USD","0.27432"
"20250713","QAR","USD","0.27435"
"20250714","QAR","USD","0.27432"
"20250715","QAR","USD","0.27439"
"20250716","QAR","USD","0.27431"
"20250717","QAR","USD","0.27434"
"20250718","QAR","USD","0.27431"
"20250720","QAR","USD","0.27435"
"20250721","QAR","USD","0.27434"
"20250722","QAR","USD","0.2743"
"20250723","QAR","USD","0.27433"
"20250724","QAR","USD","0.27433"
"20250725","QAR","USD","0.27433"
"20250727","QAR","USD","0.27435"
"20250728","QAR","USD","0.27433"
"20250729","QAR","USD","0.27433"
"20250730","QAR","USD","0.27434"
"20250731","QAR","USD","0.27434"
"20250801","QAR","USD","0.27434"
"20250803","QAR","USD","0.2736"
"20250804","QAR","USD","0.27436"
"20250805","QAR","USD","0.27435"
"20250806","QAR","USD","0.27435"
"20250807","QAR","USD","0.27436"
"20250808","QAR","USD","0.27436"
"20250810","QAR","USD","0.27435"
"20250811","QAR","USD","0.27436"
"20250812","QAR","USD","0.27436"
"20250813","QAR","USD","0.27438"
"20250814","QAR","USD","0.27397"
"20250815","QAR","USD","0.27438"
"20250817","QAR","USD","0.2744"
"20250818","QAR","USD","0.27438"
"20250819","QAR","USD","0.27437"
"20250820","QAR","USD","0.27436"
"20250821","QAR","USD","0.27398"
"20250822","QAR","USD","0.27437"
"20250824","QAR","USD","0.27437"
"20250825","QAR","USD","0.27362"
"20250826","QAR","USD","0.27432"
"20250827","QAR","USD","0.27432"
"20250828","QAR","USD","0.27395"
"20250829","QAR","USD","0.27395"
"20250831","QAR","USD","0.2736"
"20250901","QAR","USD","0.27433"
"20250902","QAR","USD","0.27433"
"20250903","QAR","USD","0.27397"
"20250904","QAR","USD","0.27436"
"20250905","QAR","USD","0.27436"
"20250907","QAR","USD","0.2736"
"20250908","QAR","USD","0.27399"
"20250909","QAR","USD","0.27432"
"20250910","QAR","USD","0.27434"
"20250911","QAR","USD","0.27434"
"20250912","QAR","USD","0.27432"
"20250914","QAR","USD","0.2736"
"20250915","QAR","USD","0.27433"
"20250916","QAR","USD","0.27433"
"20250917","QAR","USD","0.27435"
"20250918","QAR","USD","0.27433"
"20250919","QAR","USD","0.27436"
"20250921","QAR","USD","0.27434"
"20250922","QAR","USD","0.27437"
"20250923","QAR","USD","0.27437"
"20250924","QAR","USD","0.27437"
"20250925","QAR","USD","0.27437"
"20250926","QAR","USD","0.27437"
"20250928","QAR","USD","0.27435"
"20250929","QAR","USD","0.27436"
"20250930","QAR","USD","0.27435"
"20251001","QAR","USD","0.27436"
"20251002","QAR","USD","0.27436"
"20251003","QAR","USD","0.27436"
"20251005","QAR","USD","0.27435"
"20251006","QAR","USD","0.27436"
"20251007","QAR","USD","0.27435"
"20251008","QAR","USD","0.27436"
"20251009","QAR","USD","0.27436"
"20251010","QAR","USD","0.27435"
"20251012","QAR","USD","0.27435"
"20251013","QAR","USD","0.27434"
"20251014","QAR","USD","0.27396"
"20251015","QAR","USD","0.27435"
"20251016","QAR","USD","0.27398"
"20251017","QAR","USD","0.27435"
"20251019","QAR","USD","0.27434"
"20251020","QAR","USD","0.27434"
"20251021","QAR","USD","0.27434"
"20251022","QAR","USD","0.27448"
"20251023","QAR","USD","0.27436"
"20251024","QAR","USD","0.27436"
"20251026","QAR","USD","0.27435"
"20251027","QAR","USD","0.27436"
"20251028","QAR","USD","0.27436"
"20251029","QAR","USD","0.27436"
"20251030","QAR","USD","0.27434"
"20251031","QAR","USD","0.27434"
"20251102","QAR","USD","0.27435"
"20251103","QAR","USD","0.27435"
"20251104","QAR","USD","0.27436"
"20251105","QAR","USD","0.27437"
"20251106","QAR","USD","0.27437"
"20251107","QAR","USD","0.27437"
"20251109","QAR","USD","0.27435"
"20251110","QAR","USD","0.27435"
"20251111","QAR","USD","0.27435"
"20251112","QAR","USD","0.27435"
"20251113","QAR","USD","0.27435"
"20251114","QAR","USD","0.27435"
"20251116","QAR","USD","0.27435"
"20251117","QAR","USD","0.27433"
"20251118","QAR","USD","0.27445"
"20251119","QAR","USD","0.27435"
"20251120","QAR","USD","0.27435"
"20251121","QAR","USD","0.27435"
"20251123","QAR","USD","0.2744"
"20251124","QAR","USD","0.27453"
"20251125","QAR","USD","0.2744"
"20251126","QAR","USD","0.27439"
"20251127","QAR","USD","0.27442"
"20251128","QAR","USD","0.27442"
"20251130","QAR","USD","0.27442"
"20251201","QAR","USD","0.27442"
"20251202","QAR","USD","0.27442"
"20251203","QAR","USD","0.27442"
"20251204","QAR","USD","0.27442"
"20251205","QAR","USD","0.27435"
"20251207","QAR","USD","0.27442"
"20251208","QAR","USD","0.27454"
"20251209","QAR","USD","0.27435"
"20251210","QAR","USD","0.27454"
"20251211","QAR","USD","0.27435"
"20251212","QAR","USD","0.27435"
"20251214","QAR","USD","0.27435"
"20251215","QAR","USD","0.27442"
"20251216","QAR","USD","0.2736"
"20251217","QAR","USD","0.2736"
"20251218","QAR","USD","0.27442"
"20251219","QAR","USD","0.27442"
"20251221","QAR","USD","0.2736"
"20251222","QAR","USD","0.27454"
"20251223","QAR","USD","0.27434"
"20251224","QAR","USD","0.27434"
"20251225","QAR","USD","0.27429"
"20251226","QAR","USD","0.27429"
"20251228","QAR","USD","0.2736"
"20251229","QAR","USD","0.27434"
"20251230","QAR","USD","0.27434"
"20251231","QAR","USD","0.2736"
"20250101","SAR","USD","0.26614"
"20250102","SAR","USD","0.26623"
"20250103","SAR","USD","0.26629"
"20250105","SAR","USD","0.26631"
"20250106","SAR","USD","0.2663"
"20250107","SAR","USD","0.26633"
"20250108","SAR","USD","0.26637"
"20250109","SAR","USD","0.26636"
"20250110","SAR","USD","0.26638"
"20250112","SAR","USD","0.26638"
"20250113","SAR","USD","0.26636"
"20250114","SAR","USD","0.26641"
"20250115","SAR","USD","0.26645"
"20250116","SAR","USD","0.26652"
"20250117","SAR","USD","0.26652"
"20250119","SAR","USD","0.26652"
"20250120","SAR","USD","0.26652"
"20250121","SAR","USD","0.26655"
"20250122","SAR","USD","0.26659"
"20250123","SAR","USD","0.2666"
"20250124","SAR","USD","0.26659"
"20250126","SAR","USD","0.26659"
"20250127","SAR","USD","0.26661"
"20250128","SAR","USD","0.26661"
"20250129","SAR","USD","0.26662"
"20250130","SAR","USD","0.26659"
"20250131","SAR","USD","0.26662"
"20250202","SAR","USD","0.26662"
"20250203","SAR","USD","0.26662"
"20250204","SAR","USD","0.26662"
"20250205","SAR","USD","0.26662"
"20250206","SAR","USD","0.26662"
"20250207","SAR","USD","0.26662"
"20250209","SAR","USD","0.26662"
"20250210","SAR","USD","0.26666"
"20250211","SAR","USD","0.26666"
"20250212","SAR","USD","0.26662"
"20250213","SAR","USD","0.26662"
"20250214","SAR","USD","0.26662"
"20250216","SAR","USD","0.26662"
"20250217","SAR","USD","0.26663"
"20250218","SAR","USD","0.26664"
"20250219","SAR","USD","0.26664"
"20250220","SAR","USD","0.26666"
"20250221","SAR","USD","0.26666"
"20250223","SAR","USD","0.26666"
"20250224","SAR","USD","0.26666"
"20250225","SAR","USD","0.26667"
"20250226","SAR","USD","0.26665"
"20250227","SAR","USD","0.26664"
"20250228","SAR","USD","0.26663"
"20250302","SAR","USD","0.26665"
"20250303","SAR","USD","0.26664"
"20250304","SAR","USD","0.26664"
"20250305","SAR","USD","0.26662"
"20250306","SAR","USD","0.26659"
"20250307","SAR","USD","0.26655"
"20250309","SAR","USD","0.26655"
"20250310","SAR","USD","0.26657"
"20250311","SAR","USD","0.26665"
"20250312","SAR","USD","0.26662"
"20250313","SAR","USD","0.26662"
"20250314","SAR","USD","0.26663"
"20250316","SAR","USD","0.26663"
"20250317","SAR","USD","0.26663"
"20250318","SAR","USD","0.26662"
"20250319","SAR","USD","0.26661"
"20250320","SAR","USD","0.2666"
"20250321","SAR","USD","0.26658"
"20250323","SAR","USD","0.2666"
"20250324","SAR","USD","0.26657"
"20250325","SAR","USD","0.26655"
"20250326","SAR","USD","0.26658"
"20250327","SAR","USD","0.2666"
"20250328","SAR","USD","0.2666"
"20250330","SAR","USD","0.2666"
"20250331","SAR","USD","0.26659"
"20250401","SAR","USD","0.26657"
"20250402","SAR","USD","0.26656"
"20250403","SAR","USD","0.26655"
"20250404","SAR","USD","0.26647"
"20250406","SAR","USD","0.26646"
"20250407","SAR","USD","0.26633"
"20250408","SAR","USD","0.26639"
"20250409","SAR","USD","0.26636"
"20250410","SAR","USD","0.2664"
"20250411","SAR","USD","0.26638"
"20250413","SAR","USD","0.26638"
"20250414","SAR","USD","0.26646"
"20250415","SAR","USD","0.2665"
"20250416","SAR","USD","0.2665"
"20250417","SAR","USD","0.26651"
"20250418","SAR","USD","0.26652"
"20250420","SAR","USD","0.26651"
"20250421","SAR","USD","0.26654"
"20250422","SAR","USD","0.2666"
"20250423","SAR","USD","0.2666"
"20250424","SAR","USD","0.26659"
"20250425","SAR","USD","0.26657"
"20250427","SAR","USD","0.26657"
"20250428","SAR","USD","0.26657"
"20250429","SAR","USD","0.2666"
"20250430","SAR","USD","0.2666"
"20250501","SAR","USD","0.26664"
"20250502","SAR","USD","0.26666"
"20250504","SAR","USD","0.26666"
"20250505","SAR","USD","0.26663"
"20250506","SAR","USD","0.2666"
"20250507","SAR","USD","0.2666"
"20250508","SAR","USD","0.2666"
"20250509","SAR","USD","0.26661"
"20250511","SAR","USD","0.26661"
"20250512","SAR","USD","0.26661"
"20250513","SAR","USD","0.26662"
"20250514","SAR","USD","0.26661"
"20250515","SAR","USD","0.26661"
"20250516","SAR","USD","0.26661"
"20250518","SAR","USD","0.26661"
"20250519","SAR","USD","0.26662"
"20250520","SAR","USD","0.26663"
"20250521","SAR","USD","0.26662"
"20250522","SAR","USD","0.2666"
"20250523","SAR","USD","0.2666"
"20250525","SAR","USD","0.26662"
"20250526","SAR","USD","0.26662"
"20250527","SAR","USD","0.2666"
"20250528","SAR","USD","0.2666"
"20250529","SAR","USD","0.26654"
"20250530","SAR","USD","0.26655"
"20250601","SAR","USD","0.2666"
"20250602","SAR","USD","0.26659"
"20250603","SAR","USD","0.26662"
"20250604","SAR","USD","0.26661"
"20250605","SAR","USD","0.26662"
"20250606","SAR","USD","0.26662"
"20250608","SAR","USD","0.26663"
"20250609","SAR","USD","0.26663"
"20250610","SAR","USD","0.26663"
"20250611","SAR","USD","0.26662"
"20250612","SAR","USD","0.26656"
"20250613","SAR","USD","0.26643"
"20250615","SAR","USD","0.26642"
"20250616","SAR","USD","0.26654"
"20250617","SAR","USD","0.26653"
"20250618","SAR","USD","0.26653"
"20250619","SAR","USD","0.2665"
"20250620","SAR","USD","0.2665"
"20250622","SAR","USD","0.26648"
"20250623","SAR","USD","0.26652"
"20250624","SAR","USD","0.26657"
"20250625","SAR","USD","0.26663"
"20250626","SAR","USD","0.26663"
"20250627","SAR","USD","0.26663"
"20250629","SAR","USD","0.26663"
"20250630","SAR","USD","0.26663"
"20250701","SAR","USD","0.26665"
"20250702","SAR","USD","0.26665"
"20250703","SAR","USD","0.26665"
"20250704","SAR","USD","0.26664"
"20250706","SAR","USD","0.26663"
"20250707","SAR","USD","0.26665"
"20250708","SAR","USD","0.26663"
"20250709","SAR","USD","0.26662"
"20250710","SAR","USD","0.26662"
"20250711","SAR","USD","0.26663"
"20250713","SAR","USD","0.26663"
"20250714","SAR","USD","0.26664"
"20250715","SAR","USD","0.26663"
"20250716","SAR","USD","0.2666"
"20250717","SAR","USD","0.2666"
"20250718","SAR","USD","0.26659"
"20250720","SAR","USD","0.26658"
"20250721","SAR","USD","0.26657"
"20250722","SAR","USD","0.26657"
"20250723","SAR","USD","0.26655"
"20250724","SAR","USD","0.26656"
"20250725","SAR","USD","0.26655"
"20250727","SAR","USD","0.26656"
"20250728","SAR","USD","0.26657"
"20250729","SAR","USD","0.26661"
"20250730","SAR","USD","0.26658"
"20250731","SAR","USD","0.26659"
"20250801","SAR","USD","0.26658"
"20250803","SAR","USD","0.26658"
"20250804","SAR","USD","0.26656"
"20250805","SAR","USD","0.26653"
"20250806","SAR","USD","0.2665"
"20250807","SAR","USD","0.26646"
"20250808","SAR","USD","0.26646"
"20250810","SAR","USD","0.26644"
"20250811","SAR","USD","0.26646"
"20250812","SAR","USD","0.26647"
"20250813","SAR","USD","0.26651"
"20250814","SAR","USD","0.2665"
"20250815","SAR","USD","0.26648"
"20250817","SAR","USD","0.2665"
"20250818","SAR","USD","0.2665"
"20250819","SAR","USD","0.26648"
"20250820","SAR","USD","0.26647"
"20250821","SAR","USD","0.26647"
"20250822","SAR","USD","0.26647"
"20250824","SAR","USD","0.26651"
"20250825","SAR","USD","0.26652"
"20250826","SAR","USD","0.26651"
"20250827","SAR","USD","0.2665"
"20250828","SAR","USD","0.2665"
"20250829","SAR","USD","0.26651"
"20250831","SAR","USD","0.2665"
"20250901","SAR","USD","0.26648"
"20250902","SAR","USD","0.26651"
"20250903","SAR","USD","0.26651"
"20250904","SAR","USD","0.26649"
"20250905","SAR","USD","0.26652"
"20250907","SAR","USD","0.26652"
"20250908","SAR","USD","0.26654"
"20250909","SAR","USD","0.26651"
"20250910","SAR","USD","0.26655"
"20250911","SAR","USD","0.26655"
"20250912","SAR","USD","0.26655"
"20250914","SAR","USD","0.26655"
"20250915","SAR","USD","0.2666"
"20250916","SAR","USD","0.26661"
"20250917","SAR","USD","0.26655"
"20250918","SAR","USD","0.26664"
"20250919","SAR","USD","0.26664"
"20250921","SAR","USD","0.26663"
"20250922","SAR","USD","0.26664"
"20250923","SAR","USD","0.26661"
"20250924","SAR","USD","0.26661"
"20250925","SAR","USD","0.26662"
"20250926","SAR","USD","0.26663"
"20250928","SAR","USD","0.26662"
"20250929","SAR","USD","0.26664"
"20250930","SAR","USD","0.26665"
"20251001","SAR","USD","0.26664"
"20251002","SAR","USD","0.26665"
"20251003","SAR","USD","0.26664"
"20251005","SAR","USD","0.26663"
"20251006","SAR","USD","0.26661"
"20251007","SAR","USD","0.26661"
"20251008","SAR","USD","0.26661"
"20251009","SAR","USD","0.26661"
"20251010","SAR","USD","0.26661"
"20251012","SAR","USD","0.2666"
"20251013","SAR","USD","0.26665"
"20251014","SAR","USD","0.26665"
"20251015","SAR","USD","0.26664"
"20251016","SAR","USD","0.26663"
"20251017","SAR","USD","0.26664"
"20251019","SAR","USD","0.26664"
"20251020","SAR","USD","0.26664"
"20251021","SAR","USD","0.26664"
"20251022","SAR","USD","0.26664"
"20251023","SAR","USD","0.26665"
"20251024","SAR","USD","0.26666"
"20251026","SAR","USD","0.26663"
"20251027","SAR","USD","0.26666"
"20251028","SAR","USD","0.26666"
"20251029","SAR","USD","0.26665"
"20251030","SAR","USD","0.26665"
"20251031","SAR","USD","0.26665"
"20251102","SAR","USD","0.26665"
"20251103","SAR","USD","0.26664"
"20251104","SAR","USD","0.26665"
"20251105","SAR","USD","0.26663"
"20251106","SAR","USD","0.26664"
"20251107","SAR","USD","0.26664"
"20251109","SAR","USD","0.26664"
"20251110","SAR","USD","0.26663"
"20251111","SAR","USD","0.26663"
"20251112","SAR","USD","0.26664"
"20251113","SAR","USD","0.26667"
"20251114","SAR","USD","0.26667"
"20251116","SAR","USD","0.26666"
"20251117","SAR","USD","0.26665"
"20251118","SAR","USD","0.26666"
"20251119","SAR","USD","0.26665"
"20251120","SAR","USD","0.26664"
"20251121","SAR","USD","0.26663"
"20251123","SAR","USD","0.26664"
"20251124","SAR","USD","0.26662"
"20251125","SAR","USD","0.26662"
"20251126","SAR","USD","0.26662"
"20251127","SAR","USD","0.26657"
"20251128","SAR","USD","0.26656"
"20251130","SAR","USD","0.26656"
"20251201","SAR","USD","0.26646"
"20251202","SAR","USD","0.26639"
"20251203","SAR","USD","0.26647"
"20251204","SAR","USD","0.26647"
"20251205","SAR","USD","0.26647"
"20251207","SAR","USD","0.26643"
"20251208","SAR","USD","0.26643"
"20251209","SAR","USD","0.26648"
"20251210","SAR","USD","0.26647"
"20251211","SAR","USD","0.26648"
"20251212","SAR","USD","0.26649"
"20251214","SAR","USD","0.26648"
"20251215","SAR","USD","0.26652"
"20251216","SAR","USD","0.26662"
"20251217","SAR","USD","0.2666"
"20251218","SAR","USD","0.26661"
"20251219","SAR","USD","0.26661"
"20251221","SAR","USD","0.26662"
"20251222","SAR","USD","0.26664"
"20251223","SAR","USD","0.26662"
"20251224","SAR","USD","0.26662"
"20251225","SAR","USD","0.26662"
"20251226","SAR","USD","0.26662"
"20251228","SAR","USD","0.26662"
"20251229","SAR","USD","0.26662"
"20251230","SAR","USD","0.26661"
"20251231","SAR","USD","0.26661"
"20250101","ZAR","USD","0.053255"
"20250102","ZAR","USD","0.053403"
"20250103","ZAR","USD","0.053428"
"20250105","ZAR","USD","0.053277"
"20250106","ZAR","USD","0.053828"
"20250107","ZAR","USD","0.053458"
"20250108","ZAR","USD","0.052886"
"20250109","ZAR","USD","0.05282"
"20250110","ZAR","USD","0.052316"
"20250112","ZAR","USD","0.052331"
"20250113","ZAR","USD","0.052467"
"20250114","ZAR","USD","0.052841"
"20250115","ZAR","USD","0.053284"
"20250116","ZAR","USD","0.053148"
"20250117","ZAR","USD","0.053325"
"20250119","ZAR","USD","0.053382"
"20250120","ZAR","USD","0.053963"
"20250121","ZAR","USD","0.054051"
"20250122","ZAR","USD","0.054072"
"20250123","ZAR","USD","0.054009"
"20250124","ZAR","USD","0.054336"
"20250126","ZAR","USD","0.054207"
"20250127","ZAR","USD","0.053415"
"20250128","ZAR","USD","0.053537"
"20250129","ZAR","USD","0.053933"
"20250130","ZAR","USD","0.053793"
"20250131","ZAR","USD","0.053564"
"20250202","ZAR","USD","0.052848"
"20250203","ZAR","USD","0.053422"
"20250204","ZAR","USD","0.053541"
"20250205","ZAR","USD","0.053905"
"20250206","ZAR","USD","0.054236"
"20250207","ZAR","USD","0.054341"
"20250209","ZAR","USD","0.054274"
"20250210","ZAR","USD","0.054211"
"20250211","ZAR","USD","0.054044"
"20250212","ZAR","USD","0.053981"
"20250213","ZAR","USD","0.05408"
"20250214","ZAR","USD","0.054454"
"20250216","ZAR","USD","0.054471"
"20250217","ZAR","USD","0.054323"
"20250218","ZAR","USD","0.054333"
"20250219","ZAR","USD","0.053974"
"20250220","ZAR","USD","0.054555"
"20250221","ZAR","USD","0.054449"
"20250223","ZAR","USD","0.054355"
"20250224","ZAR","USD","0.054405"
"20250225","ZAR","USD","0.054315"
"20250226","ZAR","USD","0.054338"
"20250227","ZAR","USD","0.054164"
"20250228","ZAR","USD","0.053511"
"20250302","ZAR","USD","0.053512"
"20250303","ZAR","USD","0.053756"
"20250304","ZAR","USD","0.054114"
"20250305","ZAR","USD","0.054645"
"20250306","ZAR","USD","0.055153"
"20250307","ZAR","USD","0.054803"
"20250309","ZAR","USD","0.054779"
"20250310","ZAR","USD","0.054496"
"20250311","ZAR","USD","0.054904"
"20250312","ZAR","USD","0.054542"
"20250313","ZAR","USD","0.054538"
"20250314","ZAR","USD","0.054989"
"20250316","ZAR","USD","0.054907"
"20250317","ZAR","USD","0.055274"
"20250318","ZAR","USD","0.055103"
"20250319","ZAR","USD","0.055175"
"20250320","ZAR","USD","0.055106"
"20250321","ZAR","USD","0.054853"
"20250323","ZAR","USD","0.054955"
"20250324","ZAR","USD","0.054782"
"20250325","ZAR","USD","0.054712"
"20250326","ZAR","USD","0.054764"
"20250327","ZAR","USD","0.05483"
"20250328","ZAR","USD","0.054245"
"20250330","ZAR","USD","0.054286"
"20250331","ZAR","USD","0.05458"
"20250401","ZAR","USD","0.054097"
"20250402","ZAR","USD","0.052945"
"20250403","ZAR","USD","0.053391"
"20250404","ZAR","USD","0.052288"
"20250406","ZAR","USD","0.052251"
"20250407","ZAR","USD","0.050844"
"20250408","ZAR","USD","0.050546"
"20250409","ZAR","USD","0.05182"
"20250410","ZAR","USD","0.051511"
"20250411","ZAR","USD","0.052265"
"20250413","ZAR","USD","0.052262"
"20250414","ZAR","USD","0.05291"
"20250415","ZAR","USD","0.052547"
"20250416","ZAR","USD","0.053079"
"20250417","ZAR","USD","0.05317"
"20250418","ZAR","USD","0.053101"
"20250420","ZAR","USD","0.053094"
"20250421","ZAR","USD","0.053346"
"20250422","ZAR","USD","0.05371"
"20250423","ZAR","USD","0.053555"
"20250424","ZAR","USD","0.053189"
"20250425","ZAR","USD","0.053516"
"20250427","ZAR","USD","0.053513"
"20250428","ZAR","USD","0.053985"
"20250429","ZAR","USD","0.053908"
"20250430","ZAR","USD","0.053741"
"20250501","ZAR","USD","0.05387"
"20250502","ZAR","USD","0.054372"
"20250504","ZAR","USD","0.05437"
"20250505","ZAR","USD","0.054739"
"20250506","ZAR","USD","0.054938"
"20250507","ZAR","USD","0.054747"
"20250508","ZAR","USD","0.054946"
"20250509","ZAR","USD","0.054944"
"20250511","ZAR","USD","0.054964"
"20250512","ZAR","USD","0.054752"
"20250513","ZAR","USD","0.054607"
"20250514","ZAR","USD","0.054732"
"20250515","ZAR","USD","0.055497"
"20250516","ZAR","USD","0.055444"
"20250518","ZAR","USD","0.055444"
"20250519","ZAR","USD","0.055285"
"20250520","ZAR","USD","0.055806"
"20250521","ZAR","USD","0.055668"
"20250522","ZAR","USD","0.05554"
"20250523","ZAR","USD","0.056064"
"20250525","ZAR","USD","0.056093"
"20250526","ZAR","USD","0.055974"
"20250527","ZAR","USD","0.055711"
"20250528","ZAR","USD","0.055772"
"20250529","ZAR","USD","0.05614"
"20250530","ZAR","USD","0.055553"
"20250601","ZAR","USD","0.055564"
"20250602","ZAR","USD","0.056025"
"20250603","ZAR","USD","0.056"
"20250604","ZAR","USD","0.056064"
"20250605","ZAR","USD","0.056385"
"20250606","ZAR","USD","0.056255"
"20250608","ZAR","USD","0.056259"
"20250609","ZAR","USD","0.056396"
"20250610","ZAR","USD","0.056472"
"20250611","ZAR","USD","0.056389"
"20250612","ZAR","USD","0.056251"
"20250613","ZAR","USD","0.055754"
"20250615","ZAR","USD","0.055768"
"20250616","ZAR","USD","0.056151"
"20250617","ZAR","USD","0.055478"
"20250618","ZAR","USD","0.055517"
"20250619","ZAR","USD","0.055477"
"20250620","ZAR","USD","0.055507"
"20250622","ZAR","USD","0.055162"
"20250623","ZAR","USD","0.055968"
"20250624","ZAR","USD","0.056297"
"20250625","ZAR","USD","0.056339"
"20250626","ZAR","USD","0.05604"
"20250627","ZAR","USD","0.056079"
"20250629","ZAR","USD","0.056077"
"20250630","ZAR","USD","0.056469"
"20250701","ZAR","USD","0.056826"
"20250702","ZAR","USD","0.056933"
"20250703","ZAR","USD","0.057102"
"20250704","ZAR","USD","0.056874"
"20250706","ZAR","USD","0.056899"
"20250707","ZAR","USD","0.055981"
"20250708","ZAR","USD","0.056223"
"20250709","ZAR","USD","0.056079"
"20250710","ZAR","USD","0.056353"
"20250711","ZAR","USD","0.055729"
"20250713","ZAR","USD","0.055803"
"20250714","ZAR","USD","0.055832"
"20250715","ZAR","USD","0.055789"
"20250716","ZAR","USD","0.056136"
"20250717","ZAR","USD","0.056087"
"20250718","ZAR","USD","0.056459"
"20250720","ZAR","USD","0.056424"
"20250721","ZAR","USD","0.056739"
"20250722","ZAR","USD","0.056939"
"20250723","ZAR","USD","0.057072"
"20250724","ZAR","USD","0.056738"
"20250725","ZAR","USD","0.056302"
"20250727","ZAR","USD","0.056338"
"20250728","ZAR","USD","0.055943"
"20250729","ZAR","USD","0.055939"
"20250730","ZAR","USD","0.055544"
"20250731","ZAR","USD","0.054898"
"20250801","ZAR","USD","0.055407"
"20250803","ZAR","USD","0.055397"
"20250804","ZAR","USD","0.055775"
"20250805","ZAR","USD","0.055828"
"20250806","ZAR","USD","0.056273"
"20250807","ZAR","USD","0.056427"
"20250808","ZAR","USD","0.056343"
"20250810","ZAR","USD","0.056318"
"20250811","ZAR","USD","0.056321"
"20250812","ZAR","USD","0.056827"
"20250813","ZAR","USD","0.057087"
"20250814","ZAR","USD","0.056837"
"20250815","ZAR","USD","0.056841"
"20250817","ZAR","USD","0.05677"
"20250818","ZAR","USD","0.056714"
"20250819","ZAR","USD","0.056548"
"20250820","ZAR","USD","0.056579"
"20250821","ZAR","USD","0.05643"
"20250822","ZAR","USD","0.057311"
"20250824","ZAR","USD","0.057321"
"20250825","ZAR","USD","0.056794"
"20250826","ZAR","USD","0.056721"
"20250827","ZAR","USD","0.056525"
"20250828","ZAR","USD","0.056517"
"20250829","ZAR","USD","0.056638"
"20250831","ZAR","USD","0.056639"
"20250901","ZAR","USD","0.056751"
"20250902","ZAR","USD","0.056519"
"20250903","ZAR","USD","0.056616"
"20250904","ZAR","USD","0.05626"
"20250905","ZAR","USD","0.056845"
"20250907","ZAR","USD","0.056834"
"20250908","ZAR","USD","0.057161"
"20250909","ZAR","USD","0.057006"
"20250910","ZAR","USD","0.057193"
"20250911","ZAR","USD","0.057598"
"20250912","ZAR","USD","0.057503"
"20250914","ZAR","USD","0.057503"
"20250915","ZAR","USD","0.057616"
"20250916","ZAR","USD","0.057666"
"20250917","ZAR","USD","0.05747"
"20250918","ZAR","USD","0.05764"
"20250919","ZAR","USD","0.057657"
"20250921","ZAR","USD","0.057642"
"20250922","ZAR","USD","0.057696"
"20250923","ZAR","USD","0.05799"
"20250924","ZAR","USD","0.057659"
"20250925","ZAR","USD","0.057385"
"20250926","ZAR","USD","0.057686"
"20250928","ZAR","USD","0.057675"
"20250929","ZAR","USD","0.057894"
"20250930","ZAR","USD","0.057911"
"20251001","ZAR","USD","0.058016"
"20251002","ZAR","USD","0.057814"
"20251003","ZAR","USD","0.058021"
"20251005","ZAR","USD","0.058072"
"20251006","ZAR","USD","0.05823"
"20251007","ZAR","USD","0.058065"
"20251008","ZAR","USD","0.058282"
"20251009","ZAR","USD","0.058081"
"20251010","ZAR","USD","0.057134"
"20251012","ZAR","USD","0.057529"
"20251013","ZAR","USD","0.057732"
"20251014","ZAR","USD","0.057538"
"20251015","ZAR","USD","0.057647"
"20251016","ZAR","USD","0.057668"
"20251017","ZAR","USD","0.057577"
"20251019","ZAR","USD","0.057577"
"20251020","ZAR","USD","0.058053"
"20251021","ZAR","USD","0.057495"
"20251022","ZAR","USD","0.057461"
"20251023","ZAR","USD","0.057694"
"20251024","ZAR","USD","0.057921"
"20251026","ZAR","USD","0.057922"
"20251027","ZAR","USD","0.058055"
"20251028","ZAR","USD","0.058292"
"20251029","ZAR","USD","0.058119"
"20251030","ZAR","USD","0.057842"
"20251031","ZAR","USD","0.057718"
"20251102","ZAR","USD","0.057887"
"20251103","ZAR","USD","0.057761"
"20251104","ZAR","USD","0.057037"
"20251105","ZAR","USD","0.057447"
"20251106","ZAR","USD","0.057563"
"20251107","ZAR","USD","0.057806"
"20251109","ZAR","USD","0.057762"
"20251110","ZAR","USD","0.058281"
"20251111","ZAR","USD","0.05827"
"20251112","ZAR","USD","0.058533"
"20251113","ZAR","USD","0.058672"
"20251114","ZAR","USD","0.058541"
"20251116","ZAR","USD","0.058541"
"20251117","ZAR","USD","0.05824"
"20251118","ZAR","USD","0.058191"
"20251119","ZAR","USD","0.058153"
"20251120","ZAR","USD","0.058019"
"20251121","ZAR","USD","0.057551"
"20251123","ZAR","USD","0.057587"
"20251124","ZAR","USD","0.057806"
"20251125","ZAR","USD","0.058072"
"20251126","ZAR","USD","0.058352"
"20251127","ZAR","USD","0.058295"
"20251128","ZAR","USD","0.058427"
"20251130","ZAR","USD","0.05843"
"20251201","ZAR","USD","0.058505"
"20251202","ZAR","USD","0.058461"
"20251203","ZAR","USD","0.058691"
"20251204","ZAR","USD","0.058832"
"20251205","ZAR","USD","0.05907"
"20251207","ZAR","USD","0.059071"
"20251208","ZAR","USD","0.058683"
"20251209","ZAR","USD","0.058617"
"20251210","ZAR","USD","0.05908"
"20251211","ZAR","USD","0.059269"
"20251212","ZAR","USD","0.059222"
"20251214","ZAR","USD","0.059224"
"20251215","ZAR","USD","0.059527"
"20251216","ZAR","USD","0.059679"
"20251217","ZAR","USD","0.059622"
"20251218","ZAR","USD","0.059768"
"20251219","ZAR","USD","0.059615"
"20251221","ZAR","USD","0.059626"
"20251222","ZAR","USD","0.059836"
"20251223","ZAR","USD","0.059934"
"20251224","ZAR","USD","0.060019"
"20251225","ZAR","USD","0.060063"
"20251226","ZAR","USD","0.059998"
"20251228","ZAR","USD","0.059998"
"20251229","ZAR","USD","0.059979"
"20251230","ZAR","USD","0.060284"
"20251231","ZAR","USD","0.060373"
"20250101","INR","USD","0.011675"
"20250102","INR","USD","0.011659"
"20250103","INR","USD","0.01166"
"20250105","INR","USD","0.01166"
"20250106","INR","USD","0.011667"
"20250107","INR","USD","0.011654"
"20250108","INR","USD","0.011638"
"20250109","INR","USD","0.011641"
"20250110","INR","USD","0.011602"
"20250112","INR","USD","0.011602"
"20250113","INR","USD","0.011534"
"20250114","INR","USD","0.011557"
"20250115","INR","USD","0.011575"
"20250116","INR","USD","0.01155"
"20250117","INR","USD","0.011551"
"20250119","INR","USD","0.011551"
"20250120","INR","USD","0.011599"
"20250121","INR","USD","0.011567"
"20250122","INR","USD","0.011567"
"20250123","INR","USD","0.011569"
"20250124","INR","USD","0.0116"
"20250126","INR","USD","0.0116"
"20250127","INR","USD","0.011579"
"20250128","INR","USD","0.011549"
"20250129","INR","USD","0.011542"
"20250130","INR","USD","0.011551"
"20250131","INR","USD","0.011553"
"20250202","INR","USD","0.011553"
"20250203","INR","USD","0.011498"
"20250204","INR","USD","0.011484"
"20250205","INR","USD","0.011449"
"20250206","INR","USD","0.011417"
"20250207","INR","USD","0.011408"
"20250209","INR","USD","0.011408"
"20250210","INR","USD","0.011432"
"20250211","INR","USD","0.011522"
"20250212","INR","USD","0.011506"
"20250213","INR","USD","0.011534"
"20250214","INR","USD","0.011543"
"20250216","INR","USD","0.011543"
"20250217","INR","USD","0.011516"
"20250218","INR","USD","0.011508"
"20250219","INR","USD","0.011507"
"20250220","INR","USD","0.011549"
"20250221","INR","USD","0.011547"
"20250223","INR","USD","0.011547"
"20250224","INR","USD","0.011538"
"20250225","INR","USD","0.011476"
"20250226","INR","USD","0.011476"
"20250227","INR","USD","0.01145"
"20250228","INR","USD","0.011432"
"20250302","INR","USD","0.011432"
"20250303","INR","USD","0.011459"
"20250304","INR","USD","0.011457"
"20250305","INR","USD","0.011509"
"20250306","INR","USD","0.011489"
"20250307","INR","USD","0.01148"
"20250309","INR","USD","0.01148"
"20250310","INR","USD","0.011455"
"20250311","INR","USD","0.011467"
"20250312","INR","USD","0.011473"
"20250313","INR","USD","0.011504"
"20250314","INR","USD","0.011501"
"20250316","INR","USD","0.011501"
"20250317","INR","USD","0.011534"
"20250318","INR","USD","0.011558"
"20250319","INR","USD","0.011585"
"20250320","INR","USD","0.011583"
"20250321","INR","USD","0.011629"
"20250323","INR","USD","0.011629"
"20250324","INR","USD","0.011686"
"20250325","INR","USD","0.011681"
"20250326","INR","USD","0.011675"
"20250327","INR","USD","0.011675"
"20250328","INR","USD","0.011691"
"20250330","INR","USD","0.011691"
"20250331","INR","USD","0.011701"
"20250401","INR","USD","0.011685"
"20250402","INR","USD","0.011701"
"20250403","INR","USD","0.011727"
"20250404","INR","USD","0.011692"
"20250406","INR","USD","0.011692"
"20250407","INR","USD","0.011644"
"20250408","INR","USD","0.011594"
"20250409","INR","USD","0.011539"
"20250410","INR","USD","0.011601"
"20250411","INR","USD","0.011601"
"20250413","INR","USD","0.011601"
"20250414","INR","USD","0.011621"
"20250415","INR","USD","0.011667"
"20250416","INR","USD","0.01168"
"20250417","INR","USD","0.011711"
"20250418","INR","USD","0.011702"
"20250420","INR","USD","0.011702"
"20250421","INR","USD","0.01174"
"20250422","INR","USD","0.01174"
"20250423","INR","USD","0.011716"
"20250424","INR","USD","0.01172"
"20250425","INR","USD","0.011712"
"20250427","INR","USD","0.011712"
"20250428","INR","USD","0.011742"
"20250429","INR","USD","0.011743"
"20250430","INR","USD","0.011821"
"20250501","INR","USD","0.011822"
"20250502","INR","USD","0.011831"
"20250504","INR","USD","0.011831"
"20250505","INR","USD","0.011863"
"20250506","INR","USD","0.011862"
"20250507","INR","USD","0.011803"
"20250508","INR","USD","0.011691"
"20250509","INR","USD","0.011708"
"20250511","INR","USD","0.011708"
"20250512","INR","USD","0.011781"
"20250513","INR","USD","0.011727"
"20250514","INR","USD","0.01171"
"20250515","INR","USD","0.01169"
"20250516","INR","USD","0.011696"
"20250518","INR","USD","0.011696"
"20250519","INR","USD","0.011711"
"20250520","INR","USD","0.01169"
"20250521","INR","USD","0.011682"
"20250522","INR","USD","0.011629"
"20250523","INR","USD","0.011737"
"20250525","INR","USD","0.011737"
"20250526","INR","USD","0.011753"
"20250527","INR","USD","0.011719"
"20250528","INR","USD","0.011708"
"20250529","INR","USD","0.011707"
"20250530","INR","USD","0.011693"
"20250601","INR","USD","0.011693"
"20250602","INR","USD","0.011716"
"20250603","INR","USD","0.011667"
"20250604","INR","USD","0.011645"
"20250605","INR","USD","0.01165"
"20250606","INR","USD","0.011657"
"20250608","INR","USD","0.011657"
"20250609","INR","USD","0.011673"
"20250610","INR","USD","0.011683"
"20250611","INR","USD","0.0117"
"20250612","INR","USD","0.011685"
"20250613","INR","USD","0.011613"
"20250615","INR","USD","0.011613"
"20250616","INR","USD","0.011649"
"20250617","INR","USD","0.011585"
"20250618","INR","USD","0.01157"
"20250619","INR","USD","0.011515"
"20250620","INR","USD","0.01155"
"20250622","INR","USD","0.01155"
"20250623","INR","USD","0.01155"
"20250624","INR","USD","0.011636"
"20250625","INR","USD","0.011623"
"20250626","INR","USD","0.011677"
"20250627","INR","USD","0.011702"
"20250629","INR","USD","0.011702"
"20250630","INR","USD","0.011669"
"20250701","INR","USD","0.011678"
"20250702","INR","USD","0.011679"
"20250703","INR","USD","0.011705"
"20250704","INR","USD","0.011696"
"20250706","INR","USD","0.011696"
"20250707","INR","USD","0.01166"
"20250708","INR","USD","0.01166"
"20250709","INR","USD","0.011671"
"20250710","INR","USD","0.011662"
"20250711","INR","USD","0.011652"
"20250713","INR","USD","0.011652"
"20250714","INR","USD","0.011626"
"20250715","INR","USD","0.011629"
"20250716","INR","USD","0.011643"
"20250717","INR","USD","0.011623"
"20250718","INR","USD","0.011608"
"20250720","INR","USD","0.011608"
"20250721","INR","USD","0.011602"
"20250722","INR","USD","0.011585"
"20250723","INR","USD","0.011577"
"20250724","INR","USD","0.011577"
"20250725","INR","USD","0.01156"
"20250727","INR","USD","0.01156"
"20250728","INR","USD","0.011534"
"20250729","INR","USD","0.01148"
"20250730","INR","USD","0.011404"
"20250731","INR","USD","0.011426"
"20250801","INR","USD","0.011462"
"20250803","INR","USD","0.011462"
"20250804","INR","USD","0.011405"
"20250805","INR","USD","0.011386"
"20250806","INR","USD","0.011399"
"20250807","INR","USD","0.011436"
"20250808","INR","USD","0.01143"
"20250810","INR","USD","0.01143"
"20250811","INR","USD","0.011408"
"20250812","INR","USD","0.011415"
"20250813","INR","USD","0.011435"
"20250814","INR","USD","0.011404"
"20250815","INR","USD","0.011427"
"20250817","INR","USD","0.011427"
"20250818","INR","USD","0.011453"
"20250819","INR","USD","0.011485"
"20250820","INR","USD","0.011492"
"20250821","INR","USD","0.011456"
"20250822","INR","USD","0.011451"
"20250824","INR","USD","0.011451"
"20250825","INR","USD","0.011414"
"20250826","INR","USD","0.011411"
"20250827","INR","USD","0.011408"
"20250828","INR","USD","0.011417"
"20250829","INR","USD","0.011341"
"20250831","INR","USD","0.011341"
"20250901","INR","USD","0.011364"
"20250902","INR","USD","0.011364"
"20250903","INR","USD","0.011354"
"20250904","INR","USD","0.011339"
"20250905","INR","USD","0.01134"
"20250907","INR","USD","0.01134"
"20250908","INR","USD","0.011366"
"20250909","INR","USD","0.011332"
"20250910","INR","USD","0.011357"
"20250911","INR","USD","0.011329"
"20250912","INR","USD","0.011328"
"20250914","INR","USD","0.011328"
"20250915","INR","USD","0.011348"
"20250916","INR","USD","0.011379"
"20250917","INR","USD","0.011397"
"20250918","INR","USD","0.011337"
"20250919","INR","USD","0.011351"
"20250921","INR","USD","0.011351"
"20250922","INR","USD","0.011325"
"20250923","INR","USD","0.01126"
"20250924","INR","USD","0.011264"
"20250925","INR","USD","0.011265"
"20250926","INR","USD","0.011277"
"20250928","INR","USD","0.011277"
"20250929","INR","USD","0.011273"
"20250930","INR","USD","0.011256"
"20251001","INR","USD","0.011276"
"20251002","INR","USD","0.011271"
"20251003","INR","USD","0.01127"
"20251005","INR","USD","0.01127"
"20251006","INR","USD","0.011271"
"20251007","INR","USD","0.011269"
"20251008","INR","USD","0.011266"
"20251009","INR","USD","0.011253"
"20251010","INR","USD","0.011267"
"20251012","INR","USD","0.011267"
"20251013","INR","USD","0.011278"
"20251014","INR","USD","0.011264"
"20251015","INR","USD","0.011388"
"20251016","INR","USD","0.011365"
"20251017","INR","USD","0.011363"
"20251019","INR","USD","0.011363"
"20251020","INR","USD","0.01138"
"20251021","INR","USD","0.011361"
"20251022","INR","USD","0.011397"
"20251023","INR","USD","0.011392"
"20251024","INR","USD","0.011385"
"20251026","INR","USD","0.011385"
"20251027","INR","USD","0.011335"
"20251028","INR","USD","0.011333"
"20251029","INR","USD","0.011311"
"20251030","INR","USD","0.011283"
"20251031","INR","USD","0.011265"
"20251102","INR","USD","0.011265"
"20251103","INR","USD","0.011271"
"20251104","INR","USD","0.01127"
"20251105","INR","USD","0.011292"
"20251106","INR","USD","0.011277"
"20251107","INR","USD","0.011278"
"20251109","INR","USD","0.011278"
"20251110","INR","USD","0.011273"
"20251111","INR","USD","0.011304"
"20251112","INR","USD","0.011288"
"20251113","INR","USD","0.011259"
"20251114","INR","USD","0.011275"
"20251116","INR","USD","0.011275"
"20251117","INR","USD","0.011282"
"20251118","INR","USD","0.011293"
"20251119","INR","USD","0.011301"
"20251120","INR","USD","0.011272"
"20251121","INR","USD","0.011156"
"20251123","INR","USD","0.011161"
"20251124","INR","USD","0.011217"
"20251125","INR","USD","0.011217"
"20251126","INR","USD","0.011216"
"20251127","INR","USD","0.01119"
"20251128","INR","USD","0.011191"
"20251130","INR","USD","0.011191"
"20251201","INR","USD","0.011159"
"20251202","INR","USD","0.011121"
"20251203","INR","USD","0.01109"
"20251204","INR","USD","0.011131"
"20251205","INR","USD","0.011118"
"20251207","INR","USD","0.011118"
"20251208","INR","USD","0.011095"
"20251209","INR","USD","0.011123"
"20251210","INR","USD","0.011137"
"20251211","INR","USD","0.01108"
"20251212","INR","USD","0.011039"
"20251214","INR","USD","0.011039"
"20251215","INR","USD","0.011016"
"20251216","INR","USD","0.010995"
"20251217","INR","USD","0.011061"
"20251218","INR","USD","0.011078"
"20251219","INR","USD","0.011164"
"20251221","INR","USD","0.011164"
"20251222","INR","USD","0.01116"
"20251223","INR","USD","0.011181"
"20251224","INR","USD","0.011134"
"20251225","INR","USD","0.011144"
"20251226","INR","USD","0.011136"
"20251228","INR","USD","0.011136"
"20251229","INR","USD","0.011123"
"20251230","INR","USD","0.01114"
"20251231","INR","USD","0.011127"
"20250101","THB","USD","0.029149"
"20250102","THB","USD","0.029066"
"20250103","THB","USD","0.028992"
"20250105","THB","USD","0.029002"
"20250106","THB","USD","0.028894"
"20250107","THB","USD","0.028936"
"20250108","THB","USD","0.028874"
"20250109","THB","USD","0.028919"
"20250110","THB","USD","0.028837"
"20250112","THB","USD","0.028856"
"20250113","THB","USD","0.028801"
"20250114","THB","USD","0.028838"
"20250115","THB","USD","0.028965"
"20250116","THB","USD","0.028938"
"20250117","THB","USD","0.029025"
"20250119","THB","USD","0.029223"
"20250120","THB","USD","0.029325"
"20250121","THB","USD","0.029433"
"20250122","THB","USD","0.029528"
"20250123","THB","USD","0.029429"
"20250124","THB","USD","0.029766"
"20250126","THB","USD","0.029766"
"20250127","THB","USD","0.029588"
"20250128","THB","USD","0.029517"
"20250129","THB","USD","0.029621"
"20250130","THB","USD","0.029725"
"20250131","THB","USD","0.02959"
"20250202","THB","USD","0.02959"
"20250203","THB","USD","0.029542"
"20250204","THB","USD","0.029713"
"20250205","THB","USD","0.029798"
"20250206","THB","USD","0.029586"
"20250207","THB","USD","0.029503"
"20250209","THB","USD","0.029503"
"20250210","THB","USD","0.029525"
"20250211","THB","USD","0.029374"
"20250212","THB","USD","0.029394"
"20250213","THB","USD","0.029709"
"20250214","THB","USD","0.029657"
"20250216","THB","USD","0.029727"
"20250217","THB","USD","0.029678"
"20250218","THB","USD","0.029709"
"20250219","THB","USD","0.029638"
"20250220","THB","USD","0.029816"
"20250221","THB","USD","0.029793"
"20250223","THB","USD","0.029793"
"20250224","THB","USD","0.029847"
"20250225","THB","USD","0.029612"
"20250226","THB","USD","0.02962"
"20250227","THB","USD","0.029359"
"20250228","THB","USD","0.029197"
"20250302","THB","USD","0.029197"
"20250303","THB","USD","0.029438"
"20250304","THB","USD","0.029766"
"20250305","THB","USD","0.029797"
"20250306","THB","USD","0.029675"
"20250307","THB","USD","0.02968"
"20250309","THB","USD","0.029687"
"20250310","THB","USD","0.029501"
"20250311","THB","USD","0.029614"
"20250312","THB","USD","0.029599"
"20250313","THB","USD","0.029672"
"20250314","THB","USD","0.029755"
"20250316","THB","USD","0.029742"
"20250317","THB","USD","0.029766"
"20250318","THB","USD","0.029763"
"20250319","THB","USD","0.029745"
"20250320","THB","USD","0.029643"
"20250321","THB","USD","0.02957"
"20250323","THB","USD","0.029625"
"20250324","THB","USD","0.029461"
"20250325","THB","USD","0.029566"
"20250326","THB","USD","0.029459"
"20250327","THB","USD","0.029547"
"20250328","THB","USD","0.029457"
"20250330","THB","USD","0.029459"
"20250331","THB","USD","0.029446"
"20250401","THB","USD","0.02927"
"20250402","THB","USD","0.029168"
"20250403","THB","USD","0.029243"
"20250404","THB","USD","0.029061"
"20250406","THB","USD","0.029061"
"20250407","THB","USD","0.028798"
"20250408","THB","USD","0.028655"
"20250409","THB","USD","0.029304"
"20250410","THB","USD","0.029528"
"20250411","THB","USD","0.029904"
"20250413","THB","USD","0.029904"
"20250414","THB","USD","0.029791"
"20250415","THB","USD","0.029766"
"20250416","THB","USD","0.030214"
"20250417","THB","USD","0.029976"
"20250418","THB","USD","0.029931"
"20250420","THB","USD","0.029931"
"20250421","THB","USD","0.030198"
"20250422","THB","USD","0.029851"
"20250423","THB","USD","0.029766"
"20250424","THB","USD","0.029921"
"20250425","THB","USD","0.029811"
"20250427","THB","USD","0.029811"
"20250428","THB","USD","0.029999"
"20250429","THB","USD","0.029873"
"20250430","THB","USD","0.029957"
"20250501","THB","USD","0.029806"
"20250502","THB","USD","0.030205"
"20250504","THB","USD","0.030211"
"20250505","THB","USD","0.030377"
"20250506","THB","USD","0.030633"
"20250507","THB","USD","0.030354"
"20250508","THB","USD","0.030298"
"20250509","THB","USD","0.030335"
"20250511","THB","USD","0.030335"
"20250512","THB","USD","0.02986"
"20250513","THB","USD","0.030109"
"20250514","THB","USD","0.02994"
"20250515","THB","USD","0.030098"
"20250516","THB","USD","0.029985"
"20250518","THB","USD","0.029985"
"20250519","THB","USD","0.030166"
"20250520","THB","USD","0.030391"
"20250521","THB","USD","0.030548"
"20250522","THB","USD","0.030495"
"20250523","THB","USD","0.030764"
"20250525","THB","USD","0.030764"
"20250526","THB","USD","0.03067"
"20250527","THB","USD","0.030525"
"20250528","THB","USD","0.030573"
"20250529","THB","USD","0.030684"
"20250530","THB","USD","0.030428"
"20250601","THB","USD","0.030428"
"20250602","THB","USD","0.030755"
"20250603","THB","USD","0.030623"
"20250604","THB","USD","0.030653"
"20250605","THB","USD","0.03068"
"20250606","THB","USD","0.030531"
"20250608","THB","USD","0.030511"
"20250609","THB","USD","0.030609"
"20250610","THB","USD","0.030642"
"20250611","THB","USD","0.030665"
"20250612","THB","USD","0.030888"
"20250613","THB","USD","0.030859"
"20250615","THB","USD","0.030859"
"20250616","THB","USD","0.030825"
"20250617","THB","USD","0.030684"
"20250618","THB","USD","0.030611"
"20250619","THB","USD","0.030511"
"20250620","THB","USD","0.030474"
"20250622","THB","USD","0.030474"
"20250623","THB","USD","0.030544"
"20250624","THB","USD","0.030628"
"20250625","THB","USD","0.030757"
"20250626","THB","USD","0.030831"
"20250627","THB","USD","0.030717"
"20250629","THB","USD","0.030717"
"20250630","THB","USD","0.030844"
"20250701","THB","USD","0.03082"
"20250702","THB","USD","0.030943"
"20250703","THB","USD","0.030825"
"20250704","THB","USD","0.030902"
"20250706","THB","USD","0.030902"
"20250707","THB","USD","0.030653"
"20250708","THB","USD","0.030716"
"20250709","THB","USD","0.030626"
"20250710","THB","USD","0.030671"
"20250711","THB","USD","0.030821"
"20250713","THB","USD","0.030821"
"20250714","THB","USD","0.030794"
"20250715","THB","USD","0.030698"
"20250716","THB","USD","0.030807"
"20250717","THB","USD","0.030779"
"20250718","THB","USD","0.030883"
"20250720","THB","USD","0.030888"
"20250721","THB","USD","0.031027"
"20250722","THB","USD","0.031083"
"20250723","THB","USD","0.03109"
"20250724","THB","USD","0.031003"
"20250725","THB","USD","0.030899"
"20250727","THB","USD","0.030893"
"20250728","THB","USD","0.030764"
"20250729","THB","USD","0.030888"
"20250730","THB","USD","0.030547"
"20250731","THB","USD","0.030516"
"20250801","THB","USD","0.030793"
"20250803","THB","USD","0.030793"
"20250804","THB","USD","0.030893"
"20250805","THB","USD","0.030908"
"20250806","THB","USD","0.03091"
"20250807","THB","USD","0.030952"
"20250808","THB","USD","0.030931"
"20250810","THB","USD","0.030936"
"20250811","THB","USD","0.030798"
"20250812","THB","USD","0.030855"
"20250813","THB","USD","0.030955"
"20250814","THB","USD","0.030789"
"20250815","THB","USD","0.030817"
"20250817","THB","USD","0.030817"
"20250818","THB","USD","0.030736"
"20250819","THB","USD","0.030692"
"20250820","THB","USD","0.03073"
"20250821","THB","USD","0.030654"
"20250822","THB","USD","0.030859"
"20250824","THB","USD","0.030859"
"20250825","THB","USD","0.030801"
"20250826","THB","USD","0.030819"
"20250827","THB","USD","0.030812"
"20250828","THB","USD","0.030982"
"20250829","THB","USD","0.030963"
"20250831","THB","USD","0.030955"
"20250901","THB","USD","0.030953"
"20250902","THB","USD","0.030906"
"20250903","THB","USD","0.030983"
"20250904","THB","USD","0.030966"
"20250905","THB","USD","0.031172"
"20250907","THB","USD","0.031172"
"20250908","THB","USD","0.031556"
"20250909","THB","USD","0.031521"
"20250910","THB","USD","0.031487"
"20250911","THB","USD","0.031525"
"20250912","THB","USD","0.031536"
"20250914","THB","USD","0.031536"
"20250915","THB","USD","0.031451"
"20250916","THB","USD","0.031594"
"20250917","THB","USD","0.03144"
"20250918","THB","USD","0.031352"
"20250919","THB","USD","0.031402"
"20250921","THB","USD","0.031402"
"20250922","THB","USD","0.031469"
"20250923","THB","USD","0.031389"
"20250924","THB","USD","0.031134"
"20250925","THB","USD","0.03105"
"20250926","THB","USD","0.031025"
"20250928","THB","USD","0.031032"
"20250929","THB","USD","0.031033"
"20250930","THB","USD","0.030811"
"20251001","THB","USD","0.030826"
"20251002","THB","USD","0.030826"
"20251003","THB","USD","0.030926"
"20251005","THB","USD","0.030888"
"20251006","THB","USD","0.030826"
"20251007","THB","USD","0.03076"
"20251008","THB","USD","0.030769"
"20251009","THB","USD","0.03052"
"20251010","THB","USD","0.030604"
"20251012","THB","USD","0.030604"
"20251013","THB","USD","0.030713"
"20251014","THB","USD","0.0306"
"20251015","THB","USD","0.030722"
"20251016","THB","USD","0.030774"
"20251017","THB","USD","0.030539"
"20251019","THB","USD","0.030539"
"20251020","THB","USD","0.030698"
"20251021","THB","USD","0.030451"
"20251022","THB","USD","0.030501"
"20251023","THB","USD","0.030502"
"20251024","THB","USD","0.030593"
"20251026","THB","USD","0.030576"
"20251027","THB","USD","0.030623"
"20251028","THB","USD","0.030922"
"20251029","THB","USD","0.030858"
"20251030","THB","USD","0.030866"
"20251031","THB","USD","0.030872"
"20251102","THB","USD","0.030874"
"20251103","THB","USD","0.030812"
"20251104","THB","USD","0.03069"
"20251105","THB","USD","0.030788"
"20251106","THB","USD","0.030864"
"20251107","THB","USD","0.030869"
"20251109","THB","USD","0.030869"
"20251110","THB","USD","0.030931"
"20251111","THB","USD","0.030827"
"20251112","THB","USD","0.030904"
"20251113","THB","USD","0.030893"
"20251114","THB","USD","0.030856"
"20251116","THB","USD","0.030859"
"20251117","THB","USD","0.030815"
"20251118","THB","USD","0.030866"
"20251119","THB","USD","0.0308"
"20251120","THB","USD","0.030807"
"20251121","THB","USD","0.030862"
"20251123","THB","USD","0.030869"
"20251124","THB","USD","0.030874"
"20251125","THB","USD","0.031003"
"20251126","THB","USD","0.031013"
"20251127","THB","USD","0.031027"
"20251128","THB","USD","0.031143"
"20251130","THB","USD","0.031143"
"20251201","THB","USD","0.031221"
"20251202","THB","USD","0.031223"
"20251203","THB","USD","0.031363"
"20251204","THB","USD","0.031245"
"20251205","THB","USD","0.031373"
"20251207","THB","USD","0.031373"
"20251208","THB","USD","0.031351"
"20251209","THB","USD","0.031406"
"20251210","THB","USD","0.031499"
"20251211","THB","USD","0.031618"
"20251212","THB","USD","0.031651"
"20251214","THB","USD","0.031651"
"20251215","THB","USD","0.031784"
"20251216","THB","USD","0.031803"
"20251217","THB","USD","0.031769"
"20251218","THB","USD","0.031853"
"20251219","THB","USD","0.031818"
"20251221","THB","USD","0.031822"
"20251222","THB","USD","0.032108"
"20251223","THB","USD","0.032118"
"20251224","THB","USD","0.03217"
"20251225","THB","USD","0.032179"
"20251226","THB","USD","0.032218"
"20251228","THB","USD","0.032216"
"20251229","THB","USD","0.031615"
"20251230","THB","USD","0.031797"
"20251231","THB","USD","0.031746"
"20250101","CNY","USD","0.13698"
"20250102","CNY","USD","0.137"
"20250103","CNY","USD","0.1366"
"20250105","CNY","USD","0.1366"
"20250106","CNY","USD","0.13657"
"20250107","CNY","USD","0.13649"
"20250108","CNY","USD","0.13639"
"20250109","CNY","USD","0.13639"
"20250110","CNY","USD","0.13638"
"20250112","CNY","USD","0.13638"
"20250113","CNY","USD","0.13639"
"20250114","CNY","USD","0.1364"
"20250115","CNY","USD","0.13641"
"20250116","CNY","USD","0.13639"
"20250117","CNY","USD","0.13652"
"20250119","CNY","USD","0.13652"
"20250120","CNY","USD","0.13695"
"20250121","CNY","USD","0.13751"
"20250122","CNY","USD","0.13749"
"20250123","CNY","USD","0.1372"
"20250124","CNY","USD","0.13802"
"20250126","CNY","USD","0.13802"
"20250127","CNY","USD","0.13791"
"20250128","CNY","USD","0.13791"
"20250129","CNY","USD","0.13791"
"20250130","CNY","USD","0.13791"
"20250131","CNY","USD","0.13791"
"20250202","CNY","USD","0.13791"
"20250203","CNY","USD","0.13791"
"20250204","CNY","USD","0.13791"
"20250205","CNY","USD","0.1375"
"20250206","CNY","USD","0.13719"
"20250207","CNY","USD","0.1372"
"20250209","CNY","USD","0.1372"
"20250210","CNY","USD","0.13689"
"20250211","CNY","USD","0.13684"
"20250212","CNY","USD","0.13682"
"20250213","CNY","USD","0.13718"
"20250214","CNY","USD","0.13785"
"20250216","CNY","USD","0.13785"
"20250217","CNY","USD","0.13767"
"20250218","CNY","USD","0.13737"
"20250219","CNY","USD","0.13729"
"20250220","CNY","USD","0.13781"
"20250221","CNY","USD","0.13791"
"20250223","CNY","USD","0.13791"
"20250224","CNY","USD","0.13796"
"20250225","CNY","USD","0.13789"
"20250226","CNY","USD","0.13774"
"20250227","CNY","USD","0.13725"
"20250228","CNY","USD","0.13729"
"20250302","CNY","USD","0.13729"
"20250303","CNY","USD","0.13727"
"20250304","CNY","USD","0.13763"
"20250305","CNY","USD","0.1379"
"20250306","CNY","USD","0.13797"
"20250307","CNY","USD","0.13822"
"20250309","CNY","USD","0.13822"
"20250310","CNY","USD","0.13774"
"20250311","CNY","USD","0.13833"
"20250312","CNY","USD","0.13817"
"20250313","CNY","USD","0.13804"
"20250314","CNY","USD","0.13815"
"20250316","CNY","USD","0.13815"
"20250317","CNY","USD","0.13824"
"20250318","CNY","USD","0.13834"
"20250319","CNY","USD","0.1383"
"20250320","CNY","USD","0.13796"
"20250321","CNY","USD","0.13795"
"20250323","CNY","USD","0.13795"
"20250324","CNY","USD","0.13786"
"20250325","CNY","USD","0.13778"
"20250326","CNY","USD","0.13759"
"20250327","CNY","USD","0.13764"
"20250328","CNY","USD","0.13768"
"20250330","CNY","USD","0.13768"
"20250331","CNY","USD","0.13779"
"20250401","CNY","USD","0.13755"
"20250402","CNY","USD","0.13759"
"20250403","CNY","USD","0.13732"
"20250404","CNY","USD","0.13732"
"20250406","CNY","USD","0.13732"
"20250407","CNY","USD","0.13682"
"20250408","CNY","USD","0.13626"
"20250409","CNY","USD","0.13605"
"20250410","CNY","USD","0.13671"
"20250411","CNY","USD","0.13713"
"20250413","CNY","USD","0.13713"
"20250414","CNY","USD","0.13675"
"20250415","CNY","USD","0.13669"
"20250416","CNY","USD","0.13687"
"20250417","CNY","USD","0.13699"
"20250418","CNY","USD","0.13698"
"20250420","CNY","USD","0.13698"
"20250421","CNY","USD","0.13713"
"20250422","CNY","USD","0.13676"
"20250423","CNY","USD","0.13723"
"20250424","CNY","USD","0.1372"
"20250425","CNY","USD","0.13722"
"20250427","CNY","USD","0.13722"
"20250428","CNY","USD","0.13709"
"20250429","CNY","USD","0.13756"
"20250430","CNY","USD","0.13753"
"20250501","CNY","USD","0.13753"
"20250502","CNY","USD","0.13753"
"20250504","CNY","USD","0.13753"
"20250505","CNY","USD","0.13753"
"20250506","CNY","USD","0.13856"
"20250507","CNY","USD","0.1384"
"20250508","CNY","USD","0.13822"
"20250509","CNY","USD","0.13818"
"20250511","CNY","USD","0.13818"
"20250512","CNY","USD","0.13883"
"20250513","CNY","USD","0.13877"
"20250514","CNY","USD","0.13873"
"20250515","CNY","USD","0.13875"
"20250516","CNY","USD","0.13871"
"20250518","CNY","USD","0.13871"
"20250519","CNY","USD","0.1386"
"20250520","CNY","USD","0.13851"
"20250521","CNY","USD","0.13884"
"20250522","CNY","USD","0.13881"
"20250523","CNY","USD","0.13926"
"20250525","CNY","USD","0.13926"
"20250526","CNY","USD","0.13914"
"20250527","CNY","USD","0.13897"
"20250528","CNY","USD","0.13899"
"20250529","CNY","USD","0.13916"
"20250530","CNY","USD","0.13889"
"20250601","CNY","USD","0.13889"
"20250602","CNY","USD","0.13889"
"20250603","CNY","USD","0.13912"
"20250604","CNY","USD","0.13917"
"20250605","CNY","USD","0.13935"
"20250606","CNY","USD","0.13909"
"20250608","CNY","USD","0.13909"
"20250609","CNY","USD","0.13925"
"20250610","CNY","USD","0.13913"
"20250611","CNY","USD","0.13902"
"20250612","CNY","USD","0.13941"
"20250613","CNY","USD","0.13924"
"20250615","CNY","USD","0.13924"
"20250616","CNY","USD","0.13928"
"20250617","CNY","USD","0.13917"
"20250618","CNY","USD","0.13909"
"20250619","CNY","USD","0.13911"
"20250620","CNY","USD","0.13928"
"20250622","CNY","USD","0.13928"
"20250623","CNY","USD","0.13928"
"20250624","CNY","USD","0.13944"
"20250625","CNY","USD","0.13934"
"20250626","CNY","USD","0.13952"
"20250627","CNY","USD","0.13942"
"20250629","CNY","USD","0.13942"
"20250630","CNY","USD","0.13959"
"20250701","CNY","USD","0.13956"
"20250702","CNY","USD","0.13955"
"20250703","CNY","USD","0.13949"
"20250704","CNY","USD","0.13956"
"20250706","CNY","USD","0.13956"
"20250707","CNY","USD","0.13938"
"20250708","CNY","USD","0.13939"
"20250709","CNY","USD","0.13927"
"20250710","CNY","USD","0.13938"
"20250711","CNY","USD","0.1395"
"20250713","CNY","USD","0.1395"
"20250714","CNY","USD","0.13952"
"20250715","CNY","USD","0.13941"
"20250716","CNY","USD","0.13928"
"20250717","CNY","USD","0.1392"
"20250718","CNY","USD","0.13932"
"20250720","CNY","USD","0.13932"
"20250721","CNY","USD","0.13935"
"20250722","CNY","USD","0.13937"
"20250723","CNY","USD","0.13966"
"20250724","CNY","USD","0.13977"
"20250725","CNY","USD","0.1395"
"20250727","CNY","USD","0.1395"
"20250728","CNY","USD","0.13932"
"20250729","CNY","USD","0.13933"
"20250730","CNY","USD","0.139"
"20250731","CNY","USD","0.13888"
"20250801","CNY","USD","0.13866"
"20250803","CNY","USD","0.13866"
"20250804","CNY","USD","0.1393"
"20250805","CNY","USD","0.1392"
"20250806","CNY","USD","0.13923"
"20250807","CNY","USD","0.13925"
"20250808","CNY","USD","0.13919"
"20250810","CNY","USD","0.13919"
"20250811","CNY","USD","0.13911"
"20250812","CNY","USD","0.13929"
"20250813","CNY","USD","0.13937"
"20250814","CNY","USD","0.13927"
"20250815","CNY","USD","0.13924"
"20250817","CNY","USD","0.13924"
"20250818","CNY","USD","0.13918"
"20250819","CNY","USD","0.13923"
"20250820","CNY","USD","0.13935"
"20250821","CNY","USD","0.13927"
"20250822","CNY","USD","0.13955"
"20250824","CNY","USD","0.13955"
"20250825","CNY","USD","0.13983"
"20250826","CNY","USD","0.1398"
"20250827","CNY","USD","0.13978"
"20250828","CNY","USD","0.14024"
"20250829","CNY","USD","0.14024"
"20250831","CNY","USD","0.14024"
"20250901","CNY","USD","0.1401"
"20250902","CNY","USD","0.14007"
"20250903","CNY","USD","0.14001"
"20250904","CNY","USD","0.14002"
"20250905","CNY","USD","0.1402"
"20250907","CNY","USD","0.1402"
"20250908","CNY","USD","0.14026"
"20250909","CNY","USD","0.14042"
"20250910","CNY","USD","0.14043"
"20250911","CNY","USD","0.14048"
"20250912","CNY","USD","0.14035"
"20250914","CNY","USD","0.14035"
"20250915","CNY","USD","0.14047"
"20250916","CNY","USD","0.14056"
"20250917","CNY","USD","0.14077"
"20250918","CNY","USD","0.1406"
"20250919","CNY","USD","0.14054"
"20250921","CNY","USD","0.14054"
"20250922","CNY","USD","0.14055"
"20250923","CNY","USD","0.1406"
"20250924","CNY","USD","0.14021"
"20250925","CNY","USD","0.14016"
"20250926","CNY","USD","0.14018"
"20250928","CNY","USD","0.14018"
"20250929","CNY","USD","0.14046"
"20250930","CNY","USD","0.14046"
"20251001","CNY","USD","0.14046"
"20251002","CNY","USD","0.14046"
"20251003","CNY","USD","0.14046"
"20251005","CNY","USD","0.14046"
"20251006","CNY","USD","0.14046"
"20251007","CNY","USD","0.14046"
"20251008","CNY","USD","0.14046"
"20251009","CNY","USD","0.14028"
"20251010","CNY","USD","0.14015"
"20251012","CNY","USD","0.14015"
"20251013","CNY","USD","0.14021"
"20251014","CNY","USD","0.14008"
"20251015","CNY","USD","0.14032"
"20251016","CNY","USD","0.14037"
"20251017","CNY","USD","0.14031"
"20251019","CNY","USD","0.14031"
"20251020","CNY","USD","0.14045"
"20251021","CNY","USD","0.1404"
"20251022","CNY","USD","0.14032"
"20251023","CNY","USD","0.1404"
"20251024","CNY","USD","0.14042"
"20251026","CNY","USD","0.14042"
"20251027","CNY","USD","0.14064"
"20251028","CNY","USD","0.14086"
"20251029","CNY","USD","0.14087"
"20251030","CNY","USD","0.14064"
"20251031","CNY","USD","0.1405"
"20251102","CNY","USD","0.1405"
"20251103","CNY","USD","0.14043"
"20251104","CNY","USD","0.14026"
"20251105","CNY","USD","0.14032"
"20251106","CNY","USD","0.14046"
"20251107","CNY","USD","0.1404"
"20251109","CNY","USD","0.1404"
"20251110","CNY","USD","0.14046"
"20251111","CNY","USD","0.1405"
"20251112","CNY","USD","0.14059"
"20251113","CNY","USD","0.14093"
"20251114","CNY","USD","0.14085"
"20251116","CNY","USD","0.14085"
"20251117","CNY","USD","0.14069"
"20251118","CNY","USD","0.14069"
"20251119","CNY","USD","0.14062"
"20251120","CNY","USD","0.14052"
"20251121","CNY","USD","0.1407"
"20251123","CNY","USD","0.1407"
"20251124","CNY","USD","0.14079"
"20251125","CNY","USD","0.14115"
"20251126","CNY","USD","0.14132"
"20251127","CNY","USD","0.14125"
"20251128","CNY","USD","0.14134"
"20251130","CNY","USD","0.14134"
"20251201","CNY","USD","0.14141"
"20251202","CNY","USD","0.14142"
"20251203","CNY","USD","0.14157"
"20251204","CNY","USD","0.14141"
"20251205","CNY","USD","0.14144"
"20251207","CNY","USD","0.14144"
"20251208","CNY","USD","0.14141"
"20251209","CNY","USD","0.14157"
"20251210","CNY","USD","0.14155"
"20251211","CNY","USD","0.14168"
"20251212","CNY","USD","0.14174"
"20251214","CNY","USD","0.14174"
"20251215","CNY","USD","0.14189"
"20251216","CNY","USD","0.142"
"20251217","CNY","USD","0.14197"
"20251218","CNY","USD","0.14201"
"20251219","CNY","USD","0.14202"
"20251221","CNY","USD","0.14202"
"20251222","CNY","USD","0.14211"
"20251223","CNY","USD","0.14228"
"20251224","CNY","USD","0.14255"
"20251225","CNY","USD","0.14274"
"20251226","CNY","USD","0.14272"
"20251228","CNY","USD","0.14272"
"20251229","CNY","USD","0.14273"
"20251230","CNY","USD","0.14293"
"20251231","CNY","USD","0.14299"
"20250101","AUD","USD","0.6191"
"20250102","AUD","USD","0.62038"
"20250103","AUD","USD","0.62159"
"20250105","AUD","USD","0.6213"
"20250106","AUD","USD","0.62457"
"20250107","AUD","USD","0.62309"
"20250108","AUD","USD","0.62162"
"20250109","AUD","USD","0.61959"
"20250110","AUD","USD","0.61466"
"20250112","AUD","USD","0.6148"
"20250113","AUD","USD","0.61587"
"20250114","AUD","USD","0.61945"
"20250115","AUD","USD","0.62269"
"20250116","AUD","USD","0.62129"
"20250117","AUD","USD","0.61922"
"20250119","AUD","USD","0.61995"
"20250120","AUD","USD","0.62745"
"20250121","AUD","USD","0.62738"
"20250122","AUD","USD","0.62736"
"20250123","AUD","USD","0.6285"
"20250124","AUD","USD","0.63115"
"20250126","AUD","USD","0.63042"
"20250127","AUD","USD","0.62925"
"20250128","AUD","USD","0.62523"
"20250129","AUD","USD","0.62323"
"20250130","AUD","USD","0.62095"
"20250131","AUD","USD","0.62106"
"20250202","AUD","USD","0.61565"
"20250203","AUD","USD","0.6227"
"20250204","AUD","USD","0.62557"
"20250205","AUD","USD","0.62849"
"20250206","AUD","USD","0.62839"
"20250207","AUD","USD","0.62725"
"20250209","AUD","USD","0.62378"
"20250210","AUD","USD","0.62774"
"20250211","AUD","USD","0.62945"
"20250212","AUD","USD","0.62796"
"20250213","AUD","USD","0.63178"
"20250214","AUD","USD","0.63524"
"20250216","AUD","USD","0.63482"
"20250217","AUD","USD","0.6357"
"20250218","AUD","USD","0.63525"
"20250219","AUD","USD","0.63449"
"20250220","AUD","USD","0.64008"
"20250221","AUD","USD","0.6357"
"20250223","AUD","USD","0.63668"
"20250224","AUD","USD","0.63493"
"20250225","AUD","USD","0.63442"
"20250226","AUD","USD","0.63048"
"20250227","AUD","USD","0.62361"
"20250228","AUD","USD","0.62084"
"20250302","AUD","USD","0.62151"
"20250303","AUD","USD","0.62246"
"20250304","AUD","USD","0.62721"
"20250305","AUD","USD","0.63352"
"20250306","AUD","USD","0.63331"
"20250307","AUD","USD","0.63064"
"20250309","AUD","USD","0.6312"
"20250310","AUD","USD","0.62787"
"20250311","AUD","USD","0.62983"
"20250312","AUD","USD","0.63202"
"20250313","AUD","USD","0.62836"
"20250314","AUD","USD","0.63254"
"20250316","AUD","USD","0.63228"
"20250317","AUD","USD","0.63846"
"20250318","AUD","USD","0.63613"
"20250319","AUD","USD","0.63576"
"20250320","AUD","USD","0.63031"
"20250321","AUD","USD","0.62713"
"20250323","AUD","USD","0.62705"
"20250324","AUD","USD","0.6286"
"20250325","AUD","USD","0.63036"
"20250326","AUD","USD","0.62982"
"20250327","AUD","USD","0.63048"
"20250328","AUD","USD","0.62877"
"20250330","AUD","USD","0.62888"
"20250331","AUD","USD","0.62468"
"20250401","AUD","USD","0.62779"
"20250402","AUD","USD","0.62983"
"20250403","AUD","USD","0.63289"
"20250404","AUD","USD","0.60442"
"20250406","AUD","USD","0.60003"
"20250407","AUD","USD","0.59856"
"20250408","AUD","USD","0.59569"
"20250409","AUD","USD","0.61555"
"20250410","AUD","USD","0.62242"
"20250411","AUD","USD","0.62902"
"20250413","AUD","USD","0.6306"
"20250414","AUD","USD","0.63271"
"20250415","AUD","USD","0.6345"
"20250416","AUD","USD","0.63714"
"20250417","AUD","USD","0.63916"
"20250418","AUD","USD","0.63759"
"20250420","AUD","USD","0.6368"
"20250421","AUD","USD","0.64163"
"20250422","AUD","USD","0.6365"
"20250423","AUD","USD","0.63594"
"20250424","AUD","USD","0.64098"
"20250425","AUD","USD","0.63961"
"20250427","AUD","USD","0.63902"
"20250428","AUD","USD","0.64323"
"20250429","AUD","USD","0.63837"
"20250430","AUD","USD","0.64022"
"20250501","AUD","USD","0.63834"
"20250502","AUD","USD","0.6444"
"20250504","AUD","USD","0.64508"
"20250505","AUD","USD","0.64686"
"20250506","AUD","USD","0.64945"
"20250507","AUD","USD","0.64249"
"20250508","AUD","USD","0.63999"
"20250509","AUD","USD","0.64119"
"20250511","AUD","USD","0.64276"
"20250512","AUD","USD","0.63719"
"20250513","AUD","USD","0.64708"
"20250514","AUD","USD","0.64285"
"20250515","AUD","USD","0.64069"
"20250516","AUD","USD","0.64029"
"20250518","AUD","USD","0.64082"
"20250519","AUD","USD","0.64574"
"20250520","AUD","USD","0.64247"
"20250521","AUD","USD","0.64368"
"20250522","AUD","USD","0.64108"
"20250523","AUD","USD","0.64952"
"20250525","AUD","USD","0.64895"
"20250526","AUD","USD","0.64861"
"20250527","AUD","USD","0.64424"
"20250528","AUD","USD","0.64264"
"20250529","AUD","USD","0.64423"
"20250530","AUD","USD","0.64315"
"20250601","AUD","USD","0.64372"
"20250602","AUD","USD","0.64964"
"20250603","AUD","USD","0.64622"
"20250604","AUD","USD","0.64922"
"20250605","AUD","USD","0.65053"
"20250606","AUD","USD","0.64928"
"20250608","AUD","USD","0.64992"
"20250609","AUD","USD","0.65163"
"20250610","AUD","USD","0.6522"
"20250611","AUD","USD","0.6501"
"20250612","AUD","USD","0.65331"
"20250613","AUD","USD","0.64895"
"20250615","AUD","USD","0.64828"
"20250616","AUD","USD","0.65241"
"20250617","AUD","USD","0.6476"
"20250618","AUD","USD","0.65086"
"20250619","AUD","USD","0.64812"
"20250620","AUD","USD","0.64495"
"20250622","AUD","USD","0.64262"
"20250623","AUD","USD","0.64591"
"20250624","AUD","USD","0.64895"
"20250625","AUD","USD","0.65131"
"20250626","AUD","USD","0.65464"
"20250627","AUD","USD","0.65308"
"20250629","AUD","USD","0.65372"
"20250630","AUD","USD","0.65809"
"20250701","AUD","USD","0.6583"
"20250702","AUD","USD","0.6584"
"20250703","AUD","USD","0.65712"
"20250704","AUD","USD","0.6553"
"20250706","AUD","USD","0.65634"
"20250707","AUD","USD","0.6491"
"20250708","AUD","USD","0.65305"
"20250709","AUD","USD","0.65351"
"20250710","AUD","USD","0.65891"
"20250711","AUD","USD","0.658"
"20250713","AUD","USD","0.65645"
"20250714","AUD","USD","0.6545"
"20250715","AUD","USD","0.6514"
"20250716","AUD","USD","0.65284"
"20250717","AUD","USD","0.64882"
"20250718","AUD","USD","0.651"
"20250720","AUD","USD","0.65165"
"20250721","AUD","USD","0.65245"
"20250722","AUD","USD","0.65558"
"20250723","AUD","USD","0.66023"
"20250724","AUD","USD","0.65901"
"20250725","AUD","USD","0.65665"
"20250727","AUD","USD","0.65745"
"20250728","AUD","USD","0.65211"
"20250729","AUD","USD","0.651"
"20250730","AUD","USD","0.64336"
"20250731","AUD","USD","0.64251"
"20250801","AUD","USD","0.64738"
"20250803","AUD","USD","0.64695"
"20250804","AUD","USD","0.64673"
"20250805","AUD","USD","0.64726"
"20250806","AUD","USD","0.65036"
"20250807","AUD","USD","0.65238"
"20250808","AUD","USD","0.65265"
"20250810","AUD","USD","0.6523"
"20250811","AUD","USD","0.65132"
"20250812","AUD","USD","0.65294"
"20250813","AUD","USD","0.65459"
"20250814","AUD","USD","0.64956"
"20250815","AUD","USD","0.65072"
"20250817","AUD","USD","0.65115"
"20250818","AUD","USD","0.64915"
"20250819","AUD","USD","0.6454"
"20250820","AUD","USD","0.64336"
"20250821","AUD","USD","0.64206"
"20250822","AUD","USD","0.649"
"20250824","AUD","USD","0.64962"
"20250825","AUD","USD","0.64826"
"20250826","AUD","USD","0.64945"
"20250827","AUD","USD","0.65058"
"20250828","AUD","USD","0.65321"
"20250829","AUD","USD","0.65405"
"20250831","AUD","USD","0.65464"
"20250901","AUD","USD","0.65538"
"20250902","AUD","USD","0.65204"
"20250903","AUD","USD","0.65434"
"20250904","AUD","USD","0.65177"
"20250905","AUD","USD","0.65569"
"20250907","AUD","USD","0.65535"
"20250908","AUD","USD","0.65921"
"20250909","AUD","USD","0.65849"
"20250910","AUD","USD","0.66134"
"20250911","AUD","USD","0.66607"
"20250912","AUD","USD","0.66502"
"20250914","AUD","USD","0.665"
"20250915","AUD","USD","0.667"
"20250916","AUD","USD","0.66855"
"20250917","AUD","USD","0.66529"
"20250918","AUD","USD","0.66125"
"20250919","AUD","USD","0.6594"
"20250921","AUD","USD","0.65974"
"20250922","AUD","USD","0.65996"
"20250923","AUD","USD","0.65989"
"20250924","AUD","USD","0.6583"
"20250925","AUD","USD","0.65404"
"20250926","AUD","USD","0.65468"
"20250928","AUD","USD","0.65495"
"20250929","AUD","USD","0.6577"
"20250930","AUD","USD","0.66133"
"20251001","AUD","USD","0.66132"
"20251002","AUD","USD","0.65962"
"20251003","AUD","USD","0.66027"
"20251005","AUD","USD","0.65865"
"20251006","AUD","USD","0.66179"
"20251007","AUD","USD","0.65808"
"20251008","AUD","USD","0.65863"
"20251009","AUD","USD","0.65553"
"20251010","AUD","USD","0.64727"
"20251012","AUD","USD","0.65146"
"20251013","AUD","USD","0.65148"
"20251014","AUD","USD","0.6486"
"20251015","AUD","USD","0.65121"
"20251016","AUD","USD","0.64849"
"20251017","AUD","USD","0.64962"
"20251019","AUD","USD","0.64955"
"20251020","AUD","USD","0.65129"
"20251021","AUD","USD","0.64884"
"20251022","AUD","USD","0.64888"
"20251023","AUD","USD","0.65133"
"20251024","AUD","USD","0.65133"
"20251026","AUD","USD","0.65435"
"20251027","AUD","USD","0.65559"
"20251028","AUD","USD","0.65858"
"20251029","AUD","USD","0.65746"
"20251030","AUD","USD","0.65548"
"20251031","AUD","USD","0.65452"
"20251102","AUD","USD","0.65472"
"20251103","AUD","USD","0.6538"
"20251104","AUD","USD","0.64894"
"20251105","AUD","USD","0.65063"
"20251106","AUD","USD","0.64798"
"20251107","AUD","USD","0.64942"
"20251109","AUD","USD","0.64972"
"20251110","AUD","USD","0.65362"
"20251111","AUD","USD","0.65274"
"20251112","AUD","USD","0.65417"
"20251113","AUD","USD","0.65305"
"20251114","AUD","USD","0.6536"
"20251116","AUD","USD","0.65341"
"20251117","AUD","USD","0.64938"
"20251118","AUD","USD","0.65081"
"20251119","AUD","USD","0.64789"
"20251120","AUD","USD","0.64401"
"20251121","AUD","USD","0.64564"
"20251123","AUD","USD","0.64625"
"20251124","AUD","USD","0.64643"
"20251125","AUD","USD","0.64696"
"20251126","AUD","USD","0.6518"
"20251127","AUD","USD","0.65341"
"20251128","AUD","USD","0.65513"
"20251130","AUD","USD","0.65404"
"20251201","AUD","USD","0.65439"
"20251202","AUD","USD","0.65657"
"20251203","AUD","USD","0.66018"
"20251204","AUD","USD","0.66099"
"20251205","AUD","USD","0.66406"
"20251207","AUD","USD","0.66365"
"20251208","AUD","USD","0.66244"
"20251209","AUD","USD","0.66421"
"20251210","AUD","USD","0.66758"
"20251211","AUD","USD","0.6664"
"20251212","AUD","USD","0.66525"
"20251214","AUD","USD","0.66422"
"20251215","AUD","USD","0.66404"
"20251216","AUD","USD","0.66325"
"20251217","AUD","USD","0.66048"
"20251218","AUD","USD","0.66129"
"20251219","AUD","USD","0.6612"
"20251221","AUD","USD","0.6612"
"20251222","AUD","USD","0.66577"
"20251223","AUD","USD","0.67021"
"20251224","AUD","USD","0.67052"
"20251225","AUD","USD","0.6703"
"20251226","AUD","USD","0.67155"
"20251228","AUD","USD","0.6702"
"20251229","AUD","USD","0.66939"
"20251230","AUD","USD","0.66957"
"20251231","AUD","USD","0.66732"
"20250101","KRW","USD","0.00067648"
"20250102","KRW","USD","0.00068"
"20250103","KRW","USD","0.00068077"
"20250105","KRW","USD","0.00068078"
"20250106","KRW","USD","0.00068349"
"20250107","KRW","USD","0.00068726"
"20250108","KRW","USD","0.000685"
"20250109","KRW","USD","0.00068521"
"20250110","KRW","USD","0.000678"
"20250112","KRW","USD","0.00067793"
"20250113","KRW","USD","0.00068142"
"20250114","KRW","USD","0.0006849"
"20250115","KRW","USD","0.00068656"
"20250116","KRW","USD","0.00068603"
"20250117","KRW","USD","0.00068586"
"20250119","KRW","USD","0.00068586"
"20250120","KRW","USD","0.00069537"
"20250121","KRW","USD","0.00069811"
"20250122","KRW","USD","0.00069579"
"20250123","KRW","USD","0.00069645"
"20250124","KRW","USD","0.00069953"
"20250126","KRW","USD","0.00069953"
"20250127","KRW","USD","0.00069694"
"20250128","KRW","USD","0.000691"
"20250129","KRW","USD","0.00069269"
"20250130","KRW","USD","0.00069176"
"20250131","KRW","USD","0.0006862"
"20250202","KRW","USD","0.00068621"
"20250203","KRW","USD","0.0006848"
"20250204","KRW","USD","0.00068798"
"20250205","KRW","USD","0.00069184"
"20250206","KRW","USD","0.00069149"
"20250207","KRW","USD","0.00068708"
"20250209","KRW","USD","0.00068708"
"20250210","KRW","USD","0.00068892"
"20250211","KRW","USD","0.00068882"
"20250212","KRW","USD","0.00068875"
"20250213","KRW","USD","0.00069435"
"20250214","KRW","USD","0.00069376"
"20250216","KRW","USD","0.00069376"
"20250217","KRW","USD","0.00069334"
"20250218","KRW","USD","0.00069364"
"20250219","KRW","USD","0.00069396"
"20250220","KRW","USD","0.00069798"
"20250221","KRW","USD","0.00069735"
"20250223","KRW","USD","0.00069735"
"20250224","KRW","USD","0.00069947"
"20250225","KRW","USD","0.00069735"
"20250226","KRW","USD","0.00069762"
"20250227","KRW","USD","0.00068925"
"20250228","KRW","USD","0.00068409"
"20250302","KRW","USD","0.00068409"
"20250303","KRW","USD","0.00068543"
"20250304","KRW","USD","0.00068783"
"20250305","KRW","USD","0.0006918"
"20250306","KRW","USD","0.00069085"
"20250307","KRW","USD","0.00068966"
"20250309","KRW","USD","0.00068966"
"20250310","KRW","USD","0.00068497"
"20250311","KRW","USD","0.00068872"
"20250312","KRW","USD","0.00068871"
"20250313","KRW","USD","0.00068771"
"20250314","KRW","USD","0.00068916"
"20250316","KRW","USD","0.00068916"
"20250317","KRW","USD","0.0006926"
"20250318","KRW","USD","0.00068982"
"20250319","KRW","USD","0.0006843"
"20250320","KRW","USD","0.00068166"
"20250321","KRW","USD","0.00068315"
"20250323","KRW","USD","0.00068315"
"20250324","KRW","USD","0.00068148"
"20250325","KRW","USD","0.00068348"
"20250326","KRW","USD","0.00068084"
"20250327","KRW","USD","0.00068238"
"20250328","KRW","USD","0.00068013"
"20250330","KRW","USD","0.00068009"
"20250331","KRW","USD","0.00067887"
"20250401","KRW","USD","0.00067984"
"20250402","KRW","USD","0.00068251"
"20250403","KRW","USD","0.00068886"
"20250404","KRW","USD","0.00068516"
"20250406","KRW","USD","0.00068516"
"20250407","KRW","USD","0.00067985"
"20250408","KRW","USD","0.00067245"
"20250409","KRW","USD","0.00069118"
"20250410","KRW","USD","0.0006878"
"20250411","KRW","USD","0.00070406"
"20250413","KRW","USD","0.00070371"
"20250414","KRW","USD","0.00070402"
"20250415","KRW","USD","0.0007003"
"20250416","KRW","USD","0.00070661"
"20250417","KRW","USD","0.00070502"
"20250418","KRW","USD","0.00070242"
"20250420","KRW","USD","0.00070242"
"20250421","KRW","USD","0.00070293"
"20250422","KRW","USD","0.00069921"
"20250423","KRW","USD","0.00070056"
"20250424","KRW","USD","0.00069879"
"20250425","KRW","USD","0.00069521"
"20250427","KRW","USD","0.00069524"
"20250428","KRW","USD","0.00069597"
"20250429","KRW","USD","0.00069826"
"20250430","KRW","USD","0.00070191"
"20250501","KRW","USD","0.00069634"
"20250502","KRW","USD","0.00071434"
"20250504","KRW","USD","0.00071434"
"20250505","KRW","USD","0.00072708"
"20250506","KRW","USD","0.00072686"
"20250507","KRW","USD","0.00071511"
"20250508","KRW","USD","0.00071183"
"20250509","KRW","USD","0.00071625"
"20250511","KRW","USD","0.00071625"
"20250512","KRW","USD","0.0007057"
"20250513","KRW","USD","0.00070572"
"20250514","KRW","USD","0.00071007"
"20250515","KRW","USD","0.00071532"
"20250516","KRW","USD","0.00071473"
"20250518","KRW","USD","0.00071473"
"20250519","KRW","USD","0.00071966"
"20250520","KRW","USD","0.0007175"
"20250521","KRW","USD","0.00072734"
"20250522","KRW","USD","0.00072345"
"20250523","KRW","USD","0.00073221"
"20250525","KRW","USD","0.00073222"
"20250526","KRW","USD","0.00073023"
"20250527","KRW","USD","0.00072685"
"20250528","KRW","USD","0.00072749"
"20250529","KRW","USD","0.00072919"
"20250530","KRW","USD","0.00072307"
"20250601","KRW","USD","0.00072307"
"20250602","KRW","USD","0.00072619"
"20250603","KRW","USD","0.00072532"
"20250604","KRW","USD","0.00073419"
"20250605","KRW","USD","0.00073772"
"20250606","KRW","USD","0.0007352"
"20250608","KRW","USD","0.0007352"
"20250609","KRW","USD","0.00073836"
"20250610","KRW","USD","0.00073197"
"20250611","KRW","USD","0.00072977"
"20250612","KRW","USD","0.00073789"
"20250613","KRW","USD","0.00073154"
"20250615","KRW","USD","0.00073161"
"20250616","KRW","USD","0.0007356"
"20250617","KRW","USD","0.00072376"
"20250618","KRW","USD","0.0007269"
"20250619","KRW","USD","0.00072637"
"20250620","KRW","USD","0.00072822"
"20250622","KRW","USD","0.00072824"
"20250623","KRW","USD","0.00072927"
"20250624","KRW","USD","0.00073579"
"20250625","KRW","USD","0.00073569"
"20250626","KRW","USD","0.00073643"
"20250627","KRW","USD","0.00073282"
"20250629","KRW","USD","0.00073283"
"20250630","KRW","USD","0.00073925"
"20250701","KRW","USD","0.00073712"
"20250702","KRW","USD","0.00073734"
"20250703","KRW","USD","0.00073337"
"20250704","KRW","USD","0.00073393"
"20250706","KRW","USD","0.00073435"
"20250707","KRW","USD","0.00072697"
"20250708","KRW","USD","0.00072981"
"20250709","KRW","USD","0.00072776"
"20250710","KRW","USD","0.00072904"
"20250711","KRW","USD","0.00072508"
"20250713","KRW","USD","0.00072508"
"20250714","KRW","USD","0.00072327"
"20250715","KRW","USD","0.00072124"
"20250716","KRW","USD","0.00072078"
"20250717","KRW","USD","0.00071838"
"20250718","KRW","USD","0.0007188"
"20250720","KRW","USD","0.0007188"
"20250721","KRW","USD","0.00072317"
"20250722","KRW","USD","0.00072423"
"20250723","KRW","USD","0.00072734"
"20250724","KRW","USD","0.00072843"
"20250725","KRW","USD","0.0007227"
"20250727","KRW","USD","0.00072273"
"20250728","KRW","USD","0.00071964"
"20250729","KRW","USD","0.00072022"
"20250730","KRW","USD","0.0007177"
"20250731","KRW","USD","0.000718"
"20250801","KRW","USD","0.00071998"
"20250803","KRW","USD","0.00072046"
"20250804","KRW","USD","0.00072176"
"20250805","KRW","USD","0.00072113"
"20250806","KRW","USD","0.00072219"
"20250807","KRW","USD","0.00072275"
"20250808","KRW","USD","0.00072008"
"20250810","KRW","USD","0.00072003"
"20250811","KRW","USD","0.00071898"
"20250812","KRW","USD","0.00072246"
"20250813","KRW","USD","0.00072475"
"20250814","KRW","USD","0.00071997"
"20250815","KRW","USD","0.00071994"
"20250817","KRW","USD","0.00071996"
"20250818","KRW","USD","0.00072001"
"20250819","KRW","USD","0.00071776"
"20250820","KRW","USD","0.0007154"
"20250821","KRW","USD","0.00071369"
"20250822","KRW","USD","0.00072245"
"20250824","KRW","USD","0.00072244"
"20250825","KRW","USD","0.00071913"
"20250826","KRW","USD","0.00071676"
"20250827","KRW","USD","0.00071769"
"20250828","KRW","USD","0.00072174"
"20250829","KRW","USD","0.00071999"
"20250831","KRW","USD","0.00071996"
"20250901","KRW","USD","0.00071785"
"20250902","KRW","USD","0.00071643"
"20250903","KRW","USD","0.0007192"
"20250904","KRW","USD","0.00071759"
"20250905","KRW","USD","0.00072125"
"20250907","KRW","USD","0.00072128"
"20250908","KRW","USD","0.00072188"
"20250909","KRW","USD","0.00071983"
"20250910","KRW","USD","0.00071977"
"20250911","KRW","USD","0.00071961"
"20250912","KRW","USD","0.00071787"
"20250914","KRW","USD","0.00071813"
"20250915","KRW","USD","0.00072199"
"20250916","KRW","USD","0.00072528"
"20250917","KRW","USD","0.00072427"
"20250918","KRW","USD","0.00072035"
"20250919","KRW","USD","0.00071571"
"20250921","KRW","USD","0.00071571"
"20250922","KRW","USD","0.00071887"
"20250923","KRW","USD","0.00071714"
"20250924","KRW","USD","0.00071178"
"20250925","KRW","USD","0.00070967"
"20250926","KRW","USD","0.00070936"
"20250928","KRW","USD","0.00070937"
"20250929","KRW","USD","0.00071434"
"20250930","KRW","USD","0.00071214"
"20251001","KRW","USD","0.0007129"
"20251002","KRW","USD","0.00071124"
"20251003","KRW","USD","0.00071044"
"20251005","KRW","USD","0.00071174"
"20251006","KRW","USD","0.00070891"
"20251007","KRW","USD","0.00070622"
"20251008","KRW","USD","0.00070348"
"20251009","KRW","USD","0.00070277"
"20251010","KRW","USD","0.00069952"
"20251012","KRW","USD","0.00069952"
"20251013","KRW","USD","0.000701"
"20251014","KRW","USD","0.0006999"
"20251015","KRW","USD","0.00070358"
"20251016","KRW","USD","0.00070578"
"20251017","KRW","USD","0.0007033"
"20251019","KRW","USD","0.00070336"
"20251020","KRW","USD","0.00070352"
"20251021","KRW","USD","0.00069866"
"20251022","KRW","USD","0.0006983"
"20251023","KRW","USD","0.00069596"
"20251024","KRW","USD","0.00069495"
"20251026","KRW","USD","0.00069494"
"20251027","KRW","USD","0.00069946"
"20251028","KRW","USD","0.00069848"
"20251029","KRW","USD","0.00070111"
"20251030","KRW","USD","0.00069932"
"20251031","KRW","USD","0.00069969"
"20251102","KRW","USD","0.00069832"
"20251103","KRW","USD","0.00069932"
"20251104","KRW","USD","0.00069262"
"20251105","KRW","USD","0.0006941"
"20251106","KRW","USD","0.00069019"
"20251107","KRW","USD","0.00068683"
"20251109","KRW","USD","0.00068681"
"20251110","KRW","USD","0.00068649"
"20251111","KRW","USD","0.00068455"
"20251112","KRW","USD","0.00068057"
"20251113","KRW","USD","0.00067997"
"20251114","KRW","USD","0.00069007"
"20251116","KRW","USD","0.00068941"
"20251117","KRW","USD","0.00068387"
"20251118","KRW","USD","0.00068519"
"20251119","KRW","USD","0.00068165"
"20251120","KRW","USD","0.00067827"
"20251121","KRW","USD","0.00068035"
"20251123","KRW","USD","0.00068039"
"20251124","KRW","USD","0.00067803"
"20251125","KRW","USD","0.00068241"
"20251126","KRW","USD","0.0006796"
"20251127","KRW","USD","0.00068385"
"20251128","KRW","USD","0.00068142"
"20251130","KRW","USD","0.00068138"
"20251201","KRW","USD","0.0006795"
"20251202","KRW","USD","0.000681"
"20251203","KRW","USD","0.00068209"
"20251204","KRW","USD","0.00067815"
"20251205","KRW","USD","0.00067853"
"20251207","KRW","USD","0.00067938"
"20251208","KRW","USD","0.00068044"
"20251209","KRW","USD","0.00068045"
"20251210","KRW","USD","0.00068072"
"20251211","KRW","USD","0.00067972"
"20251212","KRW","USD","0.00067814"
"20251214","KRW","USD","0.00067801"
"20251215","KRW","USD","0.00068056"
"20251216","KRW","USD","0.00067896"
"20251217","KRW","USD","0.00067785"
"20251218","KRW","USD","0.0006777"
"20251219","KRW","USD","0.00067764"
"20251221","KRW","USD","0.00067762"
"20251222","KRW","USD","0.00067595"
"20251223","KRW","USD","0.00067576"
"20251224","KRW","USD","0.00069136"
"20251225","KRW","USD","0.00069151"
"20251226","KRW","USD","0.00069309"
"20251228","KRW","USD","0.0006933"
"20251229","KRW","USD","0.00069656"
"20251230","KRW","USD","0.00069519"
"20251231","KRW","USD","0.00069374"
"20250101","ILS","USD","0.27465"
"20250102","ILS","USD","0.27396"
"20250103","ILS","USD","0.27412"
"20250105","ILS","USD","0.27414"
"20250106","ILS","USD","0.27536"
"20250107","ILS","USD","0.27397"
"20250108","ILS","USD","0.2732"
"20250109","ILS","USD","0.27333"
"20250110","ILS","USD","0.27118"
"20250112","ILS","USD","0.27139"
"20250113","ILS","USD","0.27462"
"20250114","ILS","USD","0.27547"
"20250115","ILS","USD","0.27701"
"20250116","ILS","USD","0.27651"
"20250117","ILS","USD","0.28066"
"20250119","ILS","USD","0.28066"
"20250120","ILS","USD","0.28021"
"20250121","ILS","USD","0.28127"
"20250122","ILS","USD","0.28261"
"20250123","ILS","USD","0.27931"
"20250124","ILS","USD","0.27926"
"20250126","ILS","USD","0.27983"
"20250127","ILS","USD","0.27662"
"20250128","ILS","USD","0.27609"
"20250129","ILS","USD","0.27761"
"20250130","ILS","USD","0.27921"
"20250131","ILS","USD","0.27949"
"20250202","ILS","USD","0.27972"
"20250203","ILS","USD","0.27934"
"20250204","ILS","USD","0.28058"
"20250205","ILS","USD","0.28226"
"20250206","ILS","USD","0.28148"
"20250207","ILS","USD","0.2807"
"20250209","ILS","USD","0.28117"
"20250210","ILS","USD","0.27907"
"20250211","ILS","USD","0.27846"
"20250212","ILS","USD","0.27871"
"20250213","ILS","USD","0.2805"
"20250214","ILS","USD","0.28203"
"20250216","ILS","USD","0.28186"
"20250217","ILS","USD","0.28095"
"20250218","ILS","USD","0.28159"
"20250219","ILS","USD","0.28215"
"20250220","ILS","USD","0.28166"
"20250221","ILS","USD","0.28029"
"20250223","ILS","USD","0.28047"
"20250224","ILS","USD","0.27969"
"20250225","ILS","USD","0.27918"
"20250226","ILS","USD","0.28112"
"20250227","ILS","USD","0.27936"
"20250228","ILS","USD","0.27816"
"20250302","ILS","USD","0.27792"
"20250303","ILS","USD","0.27751"
"20250304","ILS","USD","0.27515"
"20250305","ILS","USD","0.27712"
"20250306","ILS","USD","0.27672"
"20250307","ILS","USD","0.27596"
"20250309","ILS","USD","0.27552"
"20250310","ILS","USD","0.27454"
"20250311","ILS","USD","0.27379"
"20250312","ILS","USD","0.27471"
"20250313","ILS","USD","0.27269"
"20250314","ILS","USD","0.27422"
"20250316","ILS","USD","0.27421"
"20250317","ILS","USD","0.27455"
"20250318","ILS","USD","0.27262"
"20250319","ILS","USD","0.27325"
"20250320","ILS","USD","0.27188"
"20250321","ILS","USD","0.26906"
"20250323","ILS","USD","0.26901"
"20250324","ILS","USD","0.27192"
"20250325","ILS","USD","0.27298"
"20250326","ILS","USD","0.27078"
"20250327","ILS","USD","0.2722"
"20250328","ILS","USD","0.27051"
"20250330","ILS","USD","0.27072"
"20250331","ILS","USD","0.26857"
"20250401","ILS","USD","0.27057"
"20250402","ILS","USD","0.26927"
"20250403","ILS","USD","0.27038"
"20250404","ILS","USD","0.26744"
"20250406","ILS","USD","0.26715"
"20250407","ILS","USD","0.26491"
"20250408","ILS","USD","0.26417"
"20250409","ILS","USD","0.26697"
"20250410","ILS","USD","0.26638"
"20250411","ILS","USD","0.26923"
"20250413","ILS","USD","0.2689"
"20250414","ILS","USD","0.27162"
"20250415","ILS","USD","0.27127"
"20250416","ILS","USD","0.27119"
"20250417","ILS","USD","0.27146"
"20250418","ILS","USD","0.2713"
"20250420","ILS","USD","0.27126"
"20250421","ILS","USD","0.26923"
"20250422","ILS","USD","0.27042"
"20250423","ILS","USD","0.27412"
"20250424","ILS","USD","0.27608"
"20250425","ILS","USD","0.27612"
"20250427","ILS","USD","0.27605"
"20250428","ILS","USD","0.27646"
"20250429","ILS","USD","0.27616"
"20250430","ILS","USD","0.27516"
"20250501","ILS","USD","0.27649"
"20250502","ILS","USD","0.27869"
"20250504","ILS","USD","0.27873"
"20250505","ILS","USD","0.2767"
"20250506","ILS","USD","0.27747"
"20250507","ILS","USD","0.27907"
"20250508","ILS","USD","0.27991"
"20250509","ILS","USD","0.28165"
"20250511","ILS","USD","0.28149"
"20250512","ILS","USD","0.28039"
"20250513","ILS","USD","0.2812"
"20250514","ILS","USD","0.28167"
"20250515","ILS","USD","0.28117"
"20250516","ILS","USD","0.28137"
"20250518","ILS","USD","0.28137"
"20250519","ILS","USD","0.28365"
"20250520","ILS","USD","0.28394"
"20250521","ILS","USD","0.28091"
"20250522","ILS","USD","0.27804"
"20250523","ILS","USD","0.27801"
"20250525","ILS","USD","0.27742"
"20250526","ILS","USD","0.28118"
"20250527","ILS","USD","0.2828"
"20250528","ILS","USD","0.28472"
"20250529","ILS","USD","0.28622"
"20250530","ILS","USD","0.28464"
"20250601","ILS","USD","0.28462"
"20250602","ILS","USD","0.28416"
"20250603","ILS","USD","0.28418"
"20250604","ILS","USD","0.28677"
"20250605","ILS","USD","0.28649"
"20250606","ILS","USD","0.2855"
"20250608","ILS","USD","0.28584"
"20250609","ILS","USD","0.28634"
"20250610","ILS","USD","0.28599"
"20250611","ILS","USD","0.28307"
"20250612","ILS","USD","0.28121"
"20250613","ILS","USD","0.27608"
"20250615","ILS","USD","0.27608"
"20250616","ILS","USD","0.2859"
"20250617","ILS","USD","0.28489"
"20250618","ILS","USD","0.28687"
"20250619","ILS","USD","0.28664"
"20250620","ILS","USD","0.28638"
"20250622","ILS","USD","0.28647"
"20250623","ILS","USD","0.29026"
"20250624","ILS","USD","0.29354"
"20250625","ILS","USD","0.29388"
"20250626","ILS","USD","0.29489"
"20250627","ILS","USD","0.29513"
"20250629","ILS","USD","0.29539"
"20250630","ILS","USD","0.29672"
"20250701","ILS","USD","0.29601"
"20250702","ILS","USD","0.29679"
"20250703","ILS","USD","0.30036"
"20250704","ILS","USD","0.29937"
"20250706","ILS","USD","0.29937"
"20250707","ILS","USD","0.29771"
"20250708","ILS","USD","0.29815"
"20250709","ILS","USD","0.30147"
"20250710","ILS","USD","0.30231"
"20250711","ILS","USD","0.29997"
"20250713","ILS","USD","0.30012"
"20250714","ILS","USD","0.29849"
"20250715","ILS","USD","0.29765"
"20250716","ILS","USD","0.29808"
"20250717","ILS","USD","0.2976"
"20250718","ILS","USD","0.29729"
"20250720","ILS","USD","0.29781"
"20250721","ILS","USD","0.29912"
"20250722","ILS","USD","0.29939"
"20250723","ILS","USD","0.30028"
"20250724","ILS","USD","0.29862"
"20250725","ILS","USD","0.29814"
"20250727","ILS","USD","0.29794"
"20250728","ILS","USD","0.29788"
"20250729","ILS","USD","0.29709"
"20250730","ILS","USD","0.29565"
"20250731","ILS","USD","0.29451"
"20250801","ILS","USD","0.29289"
"20250803","ILS","USD","0.2929"
"20250804","ILS","USD","0.29245"
"20250805","ILS","USD","0.28971"
"20250806","ILS","USD","0.29094"
"20250807","ILS","USD","0.2929"
"20250808","ILS","USD","0.29141"
"20250810","ILS","USD","0.29239"
"20250811","ILS","USD","0.29289"
"20250812","ILS","USD","0.29311"
"20250813","ILS","USD","0.29562"
"20250814","ILS","USD","0.29563"
"20250815","ILS","USD","0.29605"
"20250817","ILS","USD","0.2961"
"20250818","ILS","USD","0.29612"
"20250819","ILS","USD","0.29426"
"20250820","ILS","USD","0.29356"
"20250821","ILS","USD","0.29365"
"20250822","ILS","USD","0.2967"
"20250824","ILS","USD","0.29669"
"20250825","ILS","USD","0.29582"
"20250826","ILS","USD","0.29817"
"20250827","ILS","USD","0.30018"
"20250828","ILS","USD","0.30085"
"20250829","ILS","USD","0.2992"
"20250831","ILS","USD","0.2992"
"20250901","ILS","USD","0.29758"
"20250902","ILS","USD","0.29618"
"20250903","ILS","USD","0.29773"
"20250904","ILS","USD","0.29892"
"20250905","ILS","USD","0.29945"
"20250907","ILS","USD","0.3002"
"20250908","ILS","USD","0.30113"
"20250909","ILS","USD","0.29897"
"20250910","ILS","USD","0.30022"
"20250911","ILS","USD","0.30105"
"20250912","ILS","USD","0.29987"
"20250914","ILS","USD","0.29986"
"20250915","ILS","USD","0.29836"
"20250916","ILS","USD","0.30079"
"20250917","ILS","USD","0.29904"
"20250918","ILS","USD","0.29998"
"20250919","ILS","USD","0.30016"
"20250921","ILS","USD","0.29987"
"20250922","ILS","USD","0.29867"
"20250923","ILS","USD","0.29904"
"20250924","ILS","USD","0.29841"
"20250925","ILS","USD","0.29808"
"20250926","ILS","USD","0.29829"
"20250928","ILS","USD","0.29836"
"20250929","ILS","USD","0.3038"
"20250930","ILS","USD","0.30229"
"20251001","ILS","USD","0.30126"
"20251002","ILS","USD","0.3013"
"20251003","ILS","USD","0.30354"
"20251005","ILS","USD","0.30347"
"20251006","ILS","USD","0.3058"
"20251007","ILS","USD","0.3049"
"20251008","ILS","USD","0.30625"
"20251009","ILS","USD","0.30707"
"20251010","ILS","USD","0.30235"
"20251012","ILS","USD","0.30235"
"20251013","ILS","USD","0.30423"
"20251014","ILS","USD","0.30192"
"20251015","ILS","USD","0.30515"
"20251016","ILS","USD","0.30207"
"20251017","ILS","USD","0.30297"
"20251019","ILS","USD","0.3021"
"20251020","ILS","USD","0.30422"
"20251021","ILS","USD","0.30322"
"20251022","ILS","USD","0.30279"
"20251023","ILS","USD","0.30431"
"20251024","ILS","USD","0.30493"
"20251026","ILS","USD","0.30518"
"20251027","ILS","USD","0.3072"
"20251028","ILS","USD","0.30718"
"20251029","ILS","USD","0.30671"
"20251030","ILS","USD","0.3072"
"20251031","ILS","USD","0.3069"
"20251102","ILS","USD","0.3069"
"20251103","ILS","USD","0.30735"
"20251104","ILS","USD","0.30512"
"20251105","ILS","USD","0.30719"
"20251106","ILS","USD","0.30643"
"20251107","ILS","USD","0.30821"
"20251109","ILS","USD","0.30821"
"20251110","ILS","USD","0.31011"
"20251111","ILS","USD","0.31037"
"20251112","ILS","USD","0.3128"
"20251113","ILS","USD","0.31002"
"20251114","ILS","USD","0.30931"
"20251116","ILS","USD","0.30932"
"20251117","ILS","USD","0.307"
"20251118","ILS","USD","0.30511"
"20251119","ILS","USD","0.30612"
"20251120","ILS","USD","0.30426"
"20251121","ILS","USD","0.30583"
"20251123","ILS","USD","0.30575"
"20251124","ILS","USD","0.30654"
"20251125","ILS","USD","0.30507"
"20251126","ILS","USD","0.30603"
"20251127","ILS","USD","0.30616"
"20251128","ILS","USD","0.30677"
"20251130","ILS","USD","0.30684"
"20251201","ILS","USD","0.30646"
"20251202","ILS","USD","0.30732"
"20251203","ILS","USD","0.30942"
"20251204","ILS","USD","0.30852"
"20251205","ILS","USD","0.30847"
"20251207","ILS","USD","0.30848"
"20251208","ILS","USD","0.31039"
"20251209","ILS","USD","0.30955"
"20251210","ILS","USD","0.3105"
"20251211","ILS","USD","0.31211"
"20251212","ILS","USD","0.31056"
"20251214","ILS","USD","0.31067"
"20251215","ILS","USD","0.31144"
"20251216","ILS","USD","0.30972"
"20251217","ILS","USD","0.30866"
"20251218","ILS","USD","0.3113"
"20251219","ILS","USD","0.31216"
"20251221","ILS","USD","0.31217"
"20251222","ILS","USD","0.31215"
"20251223","ILS","USD","0.31387"
"20251224","ILS","USD","0.3136"
"20251225","ILS","USD","0.31397"
"20251226","ILS","USD","0.31307"
"20251228","ILS","USD","0.31307"
"20251229","ILS","USD","0.31408"
"20251230","ILS","USD","0.31442"
"20251231","ILS","USD","0.31406"
"20250101","JPY","USD","0.0063745"
"20250102","JPY","USD","0.006348"
"20250103","JPY","USD","0.0063569"
"20250105","JPY","USD","0.0063579"
"20250106","JPY","USD","0.0063432"
"20250107","JPY","USD","0.0063266"
"20250108","JPY","USD","0.0063149"
"20250109","JPY","USD","0.0063233"
"20250110","JPY","USD","0.0063408"
"20250112","JPY","USD","0.0063401"
"20250113","JPY","USD","0.0063437"
"20250114","JPY","USD","0.0063302"
"20250115","JPY","USD","0.0063909"
"20250116","JPY","USD","0.006446"
"20250117","JPY","USD","0.0063977"
"20250119","JPY","USD","0.0063973"
"20250120","JPY","USD","0.0064249"
"20250121","JPY","USD","0.0064299"
"20250122","JPY","USD","0.0063886"
"20250123","JPY","USD","0.0064079"
"20250124","JPY","USD","0.0064109"
"20250126","JPY","USD","0.006422"
"20250127","JPY","USD","0.0064719"
"20250128","JPY","USD","0.0064295"
"20250129","JPY","USD","0.0064415"
"20250130","JPY","USD","0.0064817"
"20250131","JPY","USD","0.006443"
"20250202","JPY","USD","0.0064553"
"20250203","JPY","USD","0.0064615"
"20250204","JPY","USD","0.0064789"
"20250205","JPY","USD","0.0065533"
"20250206","JPY","USD","0.0066022"
"20250207","JPY","USD","0.0066042"
"20250209","JPY","USD","0.0066118"
"20250210","JPY","USD","0.0065792"
"20250211","JPY","USD","0.0065577"
"20250212","JPY","USD","0.006476"
"20250213","JPY","USD","0.0065441"
"20250214","JPY","USD","0.0065653"
"20250216","JPY","USD","0.006564"
"20250217","JPY","USD","0.0066003"
"20250218","JPY","USD","0.006576"
"20250219","JPY","USD","0.0066018"
"20250220","JPY","USD","0.0066834"
"20250221","JPY","USD","0.0066977"
"20250223","JPY","USD","0.0067026"
"20250224","JPY","USD","0.0066794"
"20250225","JPY","USD","0.0067101"
"20250226","JPY","USD","0.0067072"
"20250227","JPY","USD","0.0066754"
"20250228","JPY","USD","0.0066392"
"20250302","JPY","USD","0.0066452"
"20250303","JPY","USD","0.0066887"
"20250304","JPY","USD","0.006675"
"20250305","JPY","USD","0.0067163"
"20250306","JPY","USD","0.0067574"
"20250307","JPY","USD","0.0067551"
"20250309","JPY","USD","0.0067574"
"20250310","JPY","USD","0.0067902"
"20250311","JPY","USD","0.0067669"
"20250312","JPY","USD","0.0067451"
"20250313","JPY","USD","0.0067653"
"20250314","JPY","USD","0.0067275"
"20250316","JPY","USD","0.0067306"
"20250317","JPY","USD","0.006702"
"20250318","JPY","USD","0.0066987"
"20250319","JPY","USD","0.0067254"
"20250320","JPY","USD","0.0067211"
"20250321","JPY","USD","0.0066974"
"20250323","JPY","USD","0.006695"
"20250324","JPY","USD","0.0066356"
"20250325","JPY","USD","0.0066706"
"20250326","JPY","USD","0.0066405"
"20250327","JPY","USD","0.0066204"
"20250328","JPY","USD","0.0066738"
"20250330","JPY","USD","0.0066762"
"20250331","JPY","USD","0.006668"
"20250401","JPY","USD","0.0066835"
"20250402","JPY","USD","0.0066989"
"20250403","JPY","USD","0.0068461"
"20250404","JPY","USD","0.006808"
"20250406","JPY","USD","0.0068067"
"20250407","JPY","USD","0.0067627"
"20250408","JPY","USD","0.0068358"
"20250409","JPY","USD","0.0067678"
"20250410","JPY","USD","0.0069227"
"20250411","JPY","USD","0.0069674"
"20250413","JPY","USD","0.0069473"
"20250414","JPY","USD","0.0069913"
"20250415","JPY","USD","0.0069807"
"20250416","JPY","USD","0.0070488"
"20250417","JPY","USD","0.0070196"
"20250418","JPY","USD","0.0070336"
"20250420","JPY","USD","0.0070358"
"20250421","JPY","USD","0.0070991"
"20250422","JPY","USD","0.0070621"
"20250423","JPY","USD","0.0069713"
"20250424","JPY","USD","0.0070113"
"20250425","JPY","USD","0.006959"
"20250427","JPY","USD","0.006962"
"20250428","JPY","USD","0.007041"
"20250429","JPY","USD","0.0070244"
"20250430","JPY","USD","0.0069897"
"20250501","JPY","USD","0.0068775"
"20250502","JPY","USD","0.0068983"
"20250504","JPY","USD","0.0069112"
"20250505","JPY","USD","0.006959"
"20250506","JPY","USD","0.0070222"
"20250507","JPY","USD","0.006953"
"20250508","JPY","USD","0.0068534"
"20250509","JPY","USD","0.0068791"
"20250511","JPY","USD","0.0068394"
"20250512","JPY","USD","0.0067353"
"20250513","JPY","USD","0.0067806"
"20250514","JPY","USD","0.0068143"
"20250515","JPY","USD","0.006864"
"20250516","JPY","USD","0.0068666"
"20250518","JPY","USD","0.0068828"
"20250519","JPY","USD","0.0069032"
"20250520","JPY","USD","0.0069201"
"20250521","JPY","USD","0.0069603"
"20250522","JPY","USD","0.0069438"
"20250523","JPY","USD","0.0070144"
"20250525","JPY","USD","0.0070164"
"20250526","JPY","USD","0.0070006"
"20250527","JPY","USD","0.0069276"
"20250528","JPY","USD","0.0069029"
"20250529","JPY","USD","0.0069357"
"20250530","JPY","USD","0.0069416"
"20250601","JPY","USD","0.0069481"
"20250602","JPY","USD","0.0070074"
"20250603","JPY","USD","0.0069443"
"20250604","JPY","USD","0.0070045"
"20250605","JPY","USD","0.0069649"
"20250606","JPY","USD","0.0069032"
"20250608","JPY","USD","0.006902"
"20250609","JPY","USD","0.0069151"
"20250610","JPY","USD","0.0069016"
"20250611","JPY","USD","0.0069154"
"20250612","JPY","USD","0.0069689"
"20250613","JPY","USD","0.0069395"
"20250615","JPY","USD","0.0069435"
"20250616","JPY","USD","0.0069073"
"20250617","JPY","USD","0.0068826"
"20250618","JPY","USD","0.0068906"
"20250619","JPY","USD","0.0068746"
"20250620","JPY","USD","0.0068449"
"20250622","JPY","USD","0.0068162"
"20250623","JPY","USD","0.0068422"
"20250624","JPY","USD","0.0069005"
"20250625","JPY","USD","0.0068842"
"20250626","JPY","USD","0.0069257"
"20250627","JPY","USD","0.006913"
"20250629","JPY","USD","0.0069274"
"20250630","JPY","USD","0.006943"
"20250701","JPY","USD","0.0069733"
"20250702","JPY","USD","0.0069606"
"20250703","JPY","USD","0.0069001"
"20250704","JPY","USD","0.0069175"
"20250706","JPY","USD","0.0069228"
"20250707","JPY","USD","0.0068458"
"20250708","JPY","USD","0.0068227"
"20250709","JPY","USD","0.0068345"
"20250710","JPY","USD","0.0068378"
"20250711","JPY","USD","0.0067831"
"20250713","JPY","USD","0.0067939"
"20250714","JPY","USD","0.0067691"
"20250715","JPY","USD","0.0067179"
"20250716","JPY","USD","0.0067625"
"20250717","JPY","USD","0.0067291"
"20250718","JPY","USD","0.0067189"
"20250720","JPY","USD","0.0067594"
"20250721","JPY","USD","0.0067862"
"20250722","JPY","USD","0.0068195"
"20250723","JPY","USD","0.0068254"
"20250724","JPY","USD","0.0068028"
"20250725","JPY","USD","0.006772"
"20250727","JPY","USD","0.0067676"
"20250728","JPY","USD","0.0067318"
"20250729","JPY","USD","0.0067349"
"20250730","JPY","USD","0.006688"
"20250731","JPY","USD","0.0066326"
"20250801","JPY","USD","0.0067843"
"20250803","JPY","USD","0.0067905"
"20250804","JPY","USD","0.0067987"
"20250805","JPY","USD","0.0067757"
"20250806","JPY","USD","0.0067862"
"20250807","JPY","USD","0.0067964"
"20250808","JPY","USD","0.0067693"
"20250810","JPY","USD","0.0067764"
"20250811","JPY","USD","0.00675"
"20250812","JPY","USD","0.0067635"
"20250813","JPY","USD","0.006785"
"20250814","JPY","USD","0.0067676"
"20250815","JPY","USD","0.0067948"
"20250817","JPY","USD","0.0067933"
"20250818","JPY","USD","0.0067624"
"20250819","JPY","USD","0.0067719"
"20250820","JPY","USD","0.0067879"
"20250821","JPY","USD","0.0067393"
"20250822","JPY","USD","0.0068058"
"20250824","JPY","USD","0.0068054"
"20250825","JPY","USD","0.0067675"
"20250826","JPY","USD","0.0067831"
"20250827","JPY","USD","0.0067839"
"20250828","JPY","USD","0.0068054"
"20250829","JPY","USD","0.0068003"
"20250831","JPY","USD","0.0067983"
"20250901","JPY","USD","0.0067946"
"20250902","JPY","USD","0.0067408"
"20250903","JPY","USD","0.0067517"
"20250904","JPY","USD","0.0067349"
"20250905","JPY","USD","0.0067839"
"20250907","JPY","USD","0.006749"
"20250908","JPY","USD","0.0067784"
"20250909","JPY","USD","0.0067839"
"20250910","JPY","USD","0.0067812"
"20250911","JPY","USD","0.0067921"
"20250912","JPY","USD","0.0067719"
"20250914","JPY","USD","0.0067668"
"20250915","JPY","USD","0.0067835"
"20250916","JPY","USD","0.0068279"
"20250917","JPY","USD","0.0068029"
"20250918","JPY","USD","0.0067569"
"20250919","JPY","USD","0.0067581"
"20250921","JPY","USD","0.0067597"
"20250922","JPY","USD","0.006769"
"20250923","JPY","USD","0.0067725"
"20250924","JPY","USD","0.0067158"
"20250925","JPY","USD","0.0066756"
"20250926","JPY","USD","0.0066885"
"20250928","JPY","USD","0.0066887"
"20250929","JPY","USD","0.0067295"
"20250930","JPY","USD","0.0067597"
"20251001","JPY","USD","0.0067994"
"20251002","JPY","USD","0.0067907"
"20251003","JPY","USD","0.0067807"
"20251005","JPY","USD","0.0066878"
"20251006","JPY","USD","0.006651"
"20251007","JPY","USD","0.0065834"
"20251008","JPY","USD","0.0065487"
"20251009","JPY","USD","0.0065324"
"20251010","JPY","USD","0.0066148"
"20251012","JPY","USD","0.0065873"
"20251013","JPY","USD","0.0065661"
"20251014","JPY","USD","0.0065865"
"20251015","JPY","USD","0.0066194"
"20251016","JPY","USD","0.0066474"
"20251017","JPY","USD","0.0066387"
"20251019","JPY","USD","0.0066386"
"20251020","JPY","USD","0.0066333"
"20251021","JPY","USD","0.0065819"
"20251022","JPY","USD","0.0065804"
"20251023","JPY","USD","0.0065535"
"20251024","JPY","USD","0.0065413"
"20251026","JPY","USD","0.0065431"
"20251027","JPY","USD","0.0065412"
"20251028","JPY","USD","0.0065743"
"20251029","JPY","USD","0.0065471"
"20251030","JPY","USD","0.0064874"
"20251031","JPY","USD","0.0064933"
"20251102","JPY","USD","0.0064905"
"20251103","JPY","USD","0.0064847"
"20251104","JPY","USD","0.0065078"
"20251105","JPY","USD","0.0064888"
"20251106","JPY","USD","0.0065331"
"20251107","JPY","USD","0.0065179"
"20251109","JPY","USD","0.0065039"
"20251110","JPY","USD","0.0064879"
"20251111","JPY","USD","0.0064869"
"20251112","JPY","USD","0.0064593"
"20251113","JPY","USD","0.0064709"
"20251114","JPY","USD","0.006471"
"20251116","JPY","USD","0.0064765"
"20251117","JPY","USD","0.0064407"
"20251118","JPY","USD","0.0064299"
"20251119","JPY","USD","0.0063628"
"20251120","JPY","USD","0.0063507"
"20251121","JPY","USD","0.0063941"
"20251123","JPY","USD","0.0063963"
"20251124","JPY","USD","0.0063726"
"20251125","JPY","USD","0.0064075"
"20251126","JPY","USD","0.006391"
"20251127","JPY","USD","0.0063977"
"20251128","JPY","USD","0.0064031"
"20251130","JPY","USD","0.0064055"
"20251201","JPY","USD","0.0064318"
"20251202","JPY","USD","0.0064153"
"20251203","JPY","USD","0.0064417"
"20251204","JPY","USD","0.0064464"
"20251205","JPY","USD","0.0064369"
"20251207","JPY","USD","0.0064421"
"20251208","JPY","USD","0.0064133"
"20251209","JPY","USD","0.0063738"
"20251210","JPY","USD","0.0064095"
"20251211","JPY","USD","0.0064276"
"20251212","JPY","USD","0.0064175"
"20251214","JPY","USD","0.0064171"
"20251215","JPY","USD","0.0064427"
"20251216","JPY","USD","0.0064631"
"20251217","JPY","USD","0.0064226"
"20251218","JPY","USD","0.0064286"
"20251219","JPY","USD","0.0063395"
"20251221","JPY","USD","0.0063417"
"20251222","JPY","USD","0.0063678"
"20251223","JPY","USD","0.0064008"
"20251224","JPY","USD","0.0064129"
"20251225","JPY","USD","0.0064185"
"20251226","JPY","USD","0.0063871"
"20251228","JPY","USD","0.0063871"
"20251229","JPY","USD","0.0064086"
"20251230","JPY","USD","0.0063931"
"20251231","JPY","USD","0.0063827"
"20250101","PLN","USD","0.24208"
"20250102","PLN","USD","0.24026"
"20250103","PLN","USD","0.24138"
"20250105","PLN","USD","0.24122"
"20250106","PLN","USD","0.24426"
"20250107","PLN","USD","0.24259"
"20250108","PLN","USD","0.24141"
"20250109","PLN","USD","0.24169"
"20250110","PLN","USD","0.24017"
"20250112","PLN","USD","0.23997"
"20250113","PLN","USD","0.23922"
"20250114","PLN","USD","0.24177"
"20250115","PLN","USD","0.24166"
"20250116","PLN","USD","0.24149"
"20250117","PLN","USD","0.24099"
"20250119","PLN","USD","0.24115"
"20250120","PLN","USD","0.24497"
"20250121","PLN","USD","0.24532"
"20250122","PLN","USD","0.24646"
"20250123","PLN","USD","0.24712"
"20250124","PLN","USD","0.24911"
"20250126","PLN","USD","0.24868"
"20250127","PLN","USD","0.24903"
"20250128","PLN","USD","0.24825"
"20250129","PLN","USD","0.24791"
"20250130","PLN","USD","0.24726"
"20250131","PLN","USD","0.24592"
"20250202","PLN","USD","0.24593"
"20250203","PLN","USD","0.24469"
"20250204","PLN","USD","0.2465"
"20250205","PLN","USD","0.24763"
"20250206","PLN","USD","0.24784"
"20250207","PLN","USD","0.24624"
"20250209","PLN","USD","0.24606"
"20250210","PLN","USD","0.2464"
"20250211","PLN","USD","0.2483"
"20250212","PLN","USD","0.24941"
"20250213","PLN","USD","0.251"
"20250214","PLN","USD","0.25178"
"20250216","PLN","USD","0.25179"
"20250217","PLN","USD","0.2521"
"20250218","PLN","USD","0.25179"
"20250219","PLN","USD","0.24958"
"20250220","PLN","USD","0.25236"
"20250221","PLN","USD","0.25138"
"20250223","PLN","USD","0.25163"
"20250224","PLN","USD","0.25263"
"20250225","PLN","USD","0.25385"
"20250226","PLN","USD","0.25331"
"20250227","PLN","USD","0.24974"
"20250228","PLN","USD","0.24737"
"20250302","PLN","USD","0.24726"
"20250303","PLN","USD","0.25217"
"20250304","PLN","USD","0.25509"
"20250305","PLN","USD","0.25967"
"20250306","PLN","USD","0.25828"
"20250307","PLN","USD","0.25966"
"20250309","PLN","USD","0.25996"
"20250310","PLN","USD","0.25794"
"20250311","PLN","USD","0.25996"
"20250312","PLN","USD","0.25974"
"20250313","PLN","USD","0.25947"
"20250314","PLN","USD","0.26025"
"20250316","PLN","USD","0.26026"
"20250317","PLN","USD","0.26082"
"20250318","PLN","USD","0.26163"
"20250319","PLN","USD","0.26051"
"20250320","PLN","USD","0.25868"
"20250321","PLN","USD","0.25785"
"20250323","PLN","USD","0.25783"
"20250324","PLN","USD","0.2586"
"20250325","PLN","USD","0.25908"
"20250326","PLN","USD","0.25683"
"20250327","PLN","USD","0.25822"
"20250328","PLN","USD","0.25901"
"20250330","PLN","USD","0.2592"
"20250331","PLN","USD","0.25817"
"20250401","PLN","USD","0.25784"
"20250402","PLN","USD","0.26031"
"20250403","PLN","USD","0.26154"
"20250404","PLN","USD","0.25703"
"20250406","PLN","USD","0.25682"
"20250407","PLN","USD","0.25404"
"20250408","PLN","USD","0.25592"
"20250409","PLN","USD","0.25822"
"20250410","PLN","USD","0.26294"
"20250411","PLN","USD","0.26494"
"20250413","PLN","USD","0.265"
"20250414","PLN","USD","0.26512"
"20250415","PLN","USD","0.2627"
"20250416","PLN","USD","0.26638"
"20250417","PLN","USD","0.26576"
"20250418","PLN","USD","0.26608"
"20250420","PLN","USD","0.26608"
"20250421","PLN","USD","0.26964"
"20250422","PLN","USD","0.26646"
"20250423","PLN","USD","0.26429"
"20250424","PLN","USD","0.26659"
"20250425","PLN","USD","0.26598"
"20250427","PLN","USD","0.26598"
"20250428","PLN","USD","0.26767"
"20250429","PLN","USD","0.26679"
"20250430","PLN","USD","0.26472"
"20250501","PLN","USD","0.2636"
"20250502","PLN","USD","0.26429"
"20250504","PLN","USD","0.26425"
"20250505","PLN","USD","0.26535"
"20250506","PLN","USD","0.26604"
"20250507","PLN","USD","0.26466"
"20250508","PLN","USD","0.2642"
"20250509","PLN","USD","0.26586"
"20250511","PLN","USD","0.26565"
"20250512","PLN","USD","0.26132"
"20250513","PLN","USD","0.26402"
"20250514","PLN","USD","0.26407"
"20250515","PLN","USD","0.26346"
"20250516","PLN","USD","0.26151"
"20250518","PLN","USD","0.2615"
"20250519","PLN","USD","0.26449"
"20250520","PLN","USD","0.26623"
"20250521","PLN","USD","0.26706"
"20250522","PLN","USD","0.26537"
"20250523","PLN","USD","0.26691"
"20250525","PLN","USD","0.26712"
"20250526","PLN","USD","0.26845"
"20250527","PLN","USD","0.26666"
"20250528","PLN","USD","0.26649"
"20250529","PLN","USD","0.26791"
"20250530","PLN","USD","0.267"
"20250601","PLN","USD","0.26723"
"20250602","PLN","USD","0.26888"
"20250603","PLN","USD","0.26586"
"20250604","PLN","USD","0.26697"
"20250605","PLN","USD","0.26729"
"20250606","PLN","USD","0.26573"
"20250608","PLN","USD","0.26581"
"20250609","PLN","USD","0.26742"
"20250610","PLN","USD","0.26843"
"20250611","PLN","USD","0.27006"
"20250612","PLN","USD","0.27152"
"20250613","PLN","USD","0.27046"
"20250615","PLN","USD","0.27044"
"20250616","PLN","USD","0.27059"
"20250617","PLN","USD","0.26845"
"20250618","PLN","USD","0.26857"
"20250619","PLN","USD","0.269"
"20250620","PLN","USD","0.27001"
"20250622","PLN","USD","0.27"
"20250623","PLN","USD","0.27098"
"20250624","PLN","USD","0.27298"
"20250625","PLN","USD","0.27439"
"20250626","PLN","USD","0.27588"
"20250627","PLN","USD","0.2762"
"20250629","PLN","USD","0.27643"
"20250630","PLN","USD","0.27762"
"20250701","PLN","USD","0.27773"
"20250702","PLN","USD","0.27665"
"20250703","PLN","USD","0.27714"
"20250704","PLN","USD","0.27767"
"20250706","PLN","USD","0.27776"
"20250707","PLN","USD","0.27547"
"20250708","PLN","USD","0.27622"
"20250709","PLN","USD","0.27628"
"20250710","PLN","USD","0.27515"
"20250711","PLN","USD","0.27407"
"20250713","PLN","USD","0.27412"
"20250714","PLN","USD","0.27423"
"20250715","PLN","USD","0.27201"
"20250716","PLN","USD","0.27378"
"20250717","PLN","USD","0.27241"
"20250718","PLN","USD","0.27382"
"20250720","PLN","USD","0.2739"
"20250721","PLN","USD","0.27557"
"20250722","PLN","USD","0.27646"
"20250723","PLN","USD","0.27696"
"20250724","PLN","USD","0.27605"
"20250725","PLN","USD","0.2765"
"20250727","PLN","USD","0.27648"
"20250728","PLN","USD","0.27188"
"20250729","PLN","USD","0.26993"
"20250730","PLN","USD","0.2669"
"20250731","PLN","USD","0.26693"
"20250801","PLN","USD","0.27132"
"20250803","PLN","USD","0.27151"
"20250804","PLN","USD","0.27074"
"20250805","PLN","USD","0.27025"
"20250806","PLN","USD","0.27288"
"20250807","PLN","USD","0.27407"
"20250808","PLN","USD","0.27415"
"20250810","PLN","USD","0.27417"
"20250811","PLN","USD","0.2728"
"20250812","PLN","USD","0.27435"
"20250813","PLN","USD","0.27532"
"20250814","PLN","USD","0.27315"
"20250815","PLN","USD","0.27484"
"20250817","PLN","USD","0.27502"
"20250818","PLN","USD","0.27441"
"20250819","PLN","USD","0.27444"
"20250820","PLN","USD","0.27417"
"20250821","PLN","USD","0.27266"
"20250822","PLN","USD","0.27486"
"20250824","PLN","USD","0.27481"
"20250825","PLN","USD","0.27267"
"20250826","PLN","USD","0.27342"
"20250827","PLN","USD","0.2728"
"20250828","PLN","USD","0.27388"
"20250829","PLN","USD","0.27407"
"20250831","PLN","USD","0.27432"
"20250901","PLN","USD","0.27475"
"20250902","PLN","USD","0.27316"
"20250903","PLN","USD","0.27419"
"20250904","PLN","USD","0.27406"
"20250905","PLN","USD","0.27581"
"20250907","PLN","USD","0.27535"
"20250908","PLN","USD","0.27697"
"20250909","PLN","USD","0.27568"
"20250910","PLN","USD","0.27433"
"20250911","PLN","USD","0.27578"
"20250912","PLN","USD","0.27578"
"20250914","PLN","USD","0.27571"
"20250915","PLN","USD","0.2768"
"20250916","PLN","USD","0.27923"
"20250917","PLN","USD","0.27764"
"20250918","PLN","USD","0.27657"
"20250919","PLN","USD","0.27549"
"20250921","PLN","USD","0.27554"
"20250922","PLN","USD","0.27727"
"20250923","PLN","USD","0.27739"
"20250924","PLN","USD","0.27513"
"20250925","PLN","USD","0.27304"
"20250926","PLN","USD","0.27425"
"20250928","PLN","USD","0.27418"
"20250929","PLN","USD","0.27475"
"20250930","PLN","USD","0.27499"
"20251001","PLN","USD","0.27529"
"20251002","PLN","USD","0.27513"
"20251003","PLN","USD","0.27608"
"20251005","PLN","USD","0.27564"
"20251006","PLN","USD","0.27538"
"20251007","PLN","USD","0.27412"
"20251008","PLN","USD","0.27336"
"20251009","PLN","USD","0.27162"
"20251010","PLN","USD","0.27255"
"20251012","PLN","USD","0.27243"
"20251013","PLN","USD","0.2716"
"20251014","PLN","USD","0.27237"
"20251015","PLN","USD","0.27392"
"20251016","PLN","USD","0.2751"
"20251017","PLN","USD","0.27465"
"20251019","PLN","USD","0.27472"
"20251020","PLN","USD","0.27479"
"20251021","PLN","USD","0.27341"
"20251022","PLN","USD","0.2742"
"20251023","PLN","USD","0.27469"
"20251024","PLN","USD","0.27387"
"20251026","PLN","USD","0.27402"
"20251027","PLN","USD","0.27513"
"20251028","PLN","USD","0.27538"
"20251029","PLN","USD","0.27348"
"20251030","PLN","USD","0.2724"
"20251031","PLN","USD","0.27113"
"20251102","PLN","USD","0.27095"
"20251103","PLN","USD","0.27079"
"20251104","PLN","USD","0.26952"
"20251105","PLN","USD","0.27008"
"20251106","PLN","USD","0.27173"
"20251107","PLN","USD","0.27281"
"20251109","PLN","USD","0.27253"
"20251110","PLN","USD","0.27298"
"20251111","PLN","USD","0.27379"
"20251112","PLN","USD","0.27389"
"20251113","PLN","USD","0.27497"
"20251114","PLN","USD","0.27494"
"20251116","PLN","USD","0.27502"
"20251117","PLN","USD","0.27377"
"20251118","PLN","USD","0.27327"
"20251119","PLN","USD","0.27284"
"20251120","PLN","USD","0.27209"
"20251121","PLN","USD","0.27169"
"20251123","PLN","USD","0.27175"
"20251124","PLN","USD","0.27195"
"20251125","PLN","USD","0.27402"
"20251126","PLN","USD","0.27399"
"20251127","PLN","USD","0.27416"
"20251128","PLN","USD","0.27373"
"20251130","PLN","USD","0.27376"
"20251201","PLN","USD","0.2744"
"20251202","PLN","USD","0.27466"
"20251203","PLN","USD","0.27619"
"20251204","PLN","USD","0.27503"
"20251205","PLN","USD","0.27533"
"20251207","PLN","USD","0.27522"
"20251208","PLN","USD","0.27459"
"20251209","PLN","USD","0.27503"
"20251210","PLN","USD","0.27683"
"20251211","PLN","USD","0.27787"
"20251212","PLN","USD","0.27798"
"20251214","PLN","USD","0.27789"
"20251215","PLN","USD","0.27849"
"20251216","PLN","USD","0.27889"
"20251217","PLN","USD","0.27853"
"20251218","PLN","USD","0.27889"
"20251219","PLN","USD","0.27836"
"20251221","PLN","USD","0.27866"
"20251222","PLN","USD","0.27896"
"20251223","PLN","USD","0.27938"
"20251224","PLN","USD","0.27942"
"20251225","PLN","USD","0.27951"
"20251226","PLN","USD","0.27928"
"20251228","PLN","USD","0.27922"
"20251229","PLN","USD","0.27848"
"20251230","PLN","USD","0.27817"
"20251231","PLN","USD","0.27863"
"20250101","GBP","USD","1.2518"
"20250102","GBP","USD","1.2381"
"20250103","GBP","USD","1.2423"
"20250105","GBP","USD","1.2422"
"20250106","GBP","USD","1.252"
"20250107","GBP","USD","1.2478"
"20250108","GBP","USD","1.2363"
"20250109","GBP","USD","1.2307"
"20250110","GBP","USD","1.2208"
"20250112","GBP","USD","1.22"
"20250113","GBP","USD","1.2175"
"20250114","GBP","USD","1.2216"
"20250115","GBP","USD","1.2243"
"20250116","GBP","USD","1.2239"
"20250117","GBP","USD","1.2167"
"20250119","GBP","USD","1.2167"
"20250120","GBP","USD","1.2326"
"20250121","GBP","USD","1.2356"
"20250122","GBP","USD","1.2316"
"20250123","GBP","USD","1.2352"
"20250124","GBP","USD","1.2482"
"20250126","GBP","USD","1.247"
"20250127","GBP","USD","1.25"
"20250128","GBP","USD","1.2442"
"20250129","GBP","USD","1.2451"
"20250130","GBP","USD","1.2417"
"20250131","GBP","USD","1.2394"
"20250202","GBP","USD","1.229"
"20250203","GBP","USD","1.245"
"20250204","GBP","USD","1.2482"
"20250205","GBP","USD","1.2505"
"20250206","GBP","USD","1.2434"
"20250207","GBP","USD","1.2406"
"20250209","GBP","USD","1.2398"
"20250210","GBP","USD","1.2367"
"20250211","GBP","USD","1.2446"
"20250212","GBP","USD","1.2444"
"20250213","GBP","USD","1.2566"
"20250214","GBP","USD","1.2587"
"20250216","GBP","USD","1.2588"
"20250217","GBP","USD","1.2625"
"20250218","GBP","USD","1.2614"
"20250219","GBP","USD","1.2586"
"20250220","GBP","USD","1.267"
"20250221","GBP","USD","1.2634"
"20250223","GBP","USD","1.2664"
"20250224","GBP","USD","1.2625"
"20250225","GBP","USD","1.2666"
"20250226","GBP","USD","1.2676"
"20250227","GBP","USD","1.2601"
"20250228","GBP","USD","1.2578"
"20250302","GBP","USD","1.2586"
"20250303","GBP","USD","1.2701"
"20250304","GBP","USD","1.2795"
"20250305","GBP","USD","1.2896"
"20250306","GBP","USD","1.2882"
"20250307","GBP","USD","1.2921"
"20250309","GBP","USD","1.2904"
"20250310","GBP","USD","1.2878"
"20250311","GBP","USD","1.295"
"20250312","GBP","USD","1.2963"
"20250313","GBP","USD","1.2951"
"20250314","GBP","USD","1.2935"
"20250316","GBP","USD","1.2932"
"20250317","GBP","USD","1.2991"
"20250318","GBP","USD","1.3001"
"20250319","GBP","USD","1.3004"
"20250320","GBP","USD","1.2967"
"20250321","GBP","USD","1.2917"
"20250323","GBP","USD","1.2899"
"20250324","GBP","USD","1.2923"
"20250325","GBP","USD","1.2944"
"20250326","GBP","USD","1.2888"
"20250327","GBP","USD","1.2949"
"20250328","GBP","USD","1.2939"
"20250330","GBP","USD","1.2934"
"20250331","GBP","USD","1.2918"
"20250401","GBP","USD","1.2923"
"20250402","GBP","USD","1.3007"
"20250403","GBP","USD","1.3101"
"20250404","GBP","USD","1.2895"
"20250406","GBP","USD","1.2824"
"20250407","GBP","USD","1.2724"
"20250408","GBP","USD","1.2765"
"20250409","GBP","USD","1.2822"
"20250410","GBP","USD","1.297"
"20250411","GBP","USD","1.3084"
"20250413","GBP","USD","1.3094"
"20250414","GBP","USD","1.319"
"20250415","GBP","USD","1.3232"
"20250416","GBP","USD","1.324"
"20250417","GBP","USD","1.3267"
"20250418","GBP","USD","1.3296"
"20250420","GBP","USD","1.3276"
"20250421","GBP","USD","1.338"
"20250422","GBP","USD","1.3331"
"20250423","GBP","USD","1.3254"
"20250424","GBP","USD","1.3339"
"20250425","GBP","USD","1.3312"
"20250427","GBP","USD","1.3306"
"20250428","GBP","USD","1.3443"
"20250429","GBP","USD","1.3408"
"20250430","GBP","USD","1.3331"
"20250501","GBP","USD","1.3278"
"20250502","GBP","USD","1.327"
"20250504","GBP","USD","1.3262"
"20250505","GBP","USD","1.3297"
"20250506","GBP","USD","1.3369"
"20250507","GBP","USD","1.3292"
"20250508","GBP","USD","1.3247"
"20250509","GBP","USD","1.3305"
"20250511","GBP","USD","1.3264"
"20250512","GBP","USD","1.3177"
"20250513","GBP","USD","1.3305"
"20250514","GBP","USD","1.3262"
"20250515","GBP","USD","1.3303"
"20250516","GBP","USD","1.3278"
"20250518","GBP","USD","1.3273"
"20250519","GBP","USD","1.3361"
"20250520","GBP","USD","1.3393"
"20250521","GBP","USD","1.342"
"20250522","GBP","USD","1.3419"
"20250523","GBP","USD","1.3539"
"20250525","GBP","USD","1.3526"
"20250526","GBP","USD","1.3563"
"20250527","GBP","USD","1.3507"
"20250528","GBP","USD","1.347"
"20250529","GBP","USD","1.3491"
"20250530","GBP","USD","1.3455"
"20250601","GBP","USD","1.3465"
"20250602","GBP","USD","1.3545"
"20250603","GBP","USD","1.3517"
"20250604","GBP","USD","1.3554"
"20250605","GBP","USD","1.3571"
"20250606","GBP","USD","1.3525"
"20250608","GBP","USD","1.3528"
"20250609","GBP","USD","1.3552"
"20250610","GBP","USD","1.3499"
"20250611","GBP","USD","1.3546"
"20250612","GBP","USD","1.3613"
"20250613","GBP","USD","1.3572"
"20250615","GBP","USD","1.3562"
"20250616","GBP","USD","1.3577"
"20250617","GBP","USD","1.3429"
"20250618","GBP","USD","1.3421"
"20250619","GBP","USD","1.3468"
"20250620","GBP","USD","1.345"
"20250622","GBP","USD","1.3406"
"20250623","GBP","USD","1.3524"
"20250624","GBP","USD","1.3615"
"20250625","GBP","USD","1.3664"
"20250626","GBP","USD","1.3727"
"20250627","GBP","USD","1.3719"
"20250629","GBP","USD","1.3718"
"20250630","GBP","USD","1.3734"
"20250701","GBP","USD","1.3746"
"20250702","GBP","USD","1.3635"
"20250703","GBP","USD","1.3655"
"20250704","GBP","USD","1.3654"
"20250706","GBP","USD","1.3641"
"20250707","GBP","USD","1.3601"
"20250708","GBP","USD","1.3593"
"20250709","GBP","USD","1.3586"
"20250710","GBP","USD","1.358"
"20250711","GBP","USD","1.3494"
"20250713","GBP","USD","1.3493"
"20250714","GBP","USD","1.3426"
"20250715","GBP","USD","1.3384"
"20250716","GBP","USD","1.342"
"20250717","GBP","USD","1.3417"
"20250718","GBP","USD","1.3408"
"20250720","GBP","USD","1.3428"
"20250721","GBP","USD","1.3492"
"20250722","GBP","USD","1.3533"
"20250723","GBP","USD","1.358"
"20250724","GBP","USD","1.3509"
"20250725","GBP","USD","1.3438"
"20250727","GBP","USD","1.343"
"20250728","GBP","USD","1.3355"
"20250729","GBP","USD","1.3351"
"20250730","GBP","USD","1.3238"
"20250731","GBP","USD","1.3206"
"20250801","GBP","USD","1.3279"
"20250803","GBP","USD","1.328"
"20250804","GBP","USD","1.3284"
"20250805","GBP","USD","1.3299"
"20250806","GBP","USD","1.3357"
"20250807","GBP","USD","1.3445"
"20250808","GBP","USD","1.3451"
"20250810","GBP","USD","1.3446"
"20250811","GBP","USD","1.3432"
"20250812","GBP","USD","1.35"
"20250813","GBP","USD","1.3577"
"20250814","GBP","USD","1.353"
"20250815","GBP","USD","1.3552"
"20250817","GBP","USD","1.3554"
"20250818","GBP","USD","1.3504"
"20250819","GBP","USD","1.3492"
"20250820","GBP","USD","1.3455"
"20250821","GBP","USD","1.3413"
"20250822","GBP","USD","1.3527"
"20250824","GBP","USD","1.3519"
"20250825","GBP","USD","1.3454"
"20250826","GBP","USD","1.3478"
"20250827","GBP","USD","1.3499"
"20250828","GBP","USD","1.3513"
"20250829","GBP","USD","1.3504"
"20250831","GBP","USD","1.3497"
"20250901","GBP","USD","1.3545"
"20250902","GBP","USD","1.3394"
"20250903","GBP","USD","1.3445"
"20250904","GBP","USD","1.3436"
"20250905","GBP","USD","1.351"
"20250907","GBP","USD","1.3503"
"20250908","GBP","USD","1.3545"
"20250909","GBP","USD","1.3528"
"20250910","GBP","USD","1.353"
"20250911","GBP","USD","1.3573"
"20250912","GBP","USD","1.3558"
"20250914","GBP","USD","1.3556"
"20250915","GBP","USD","1.3599"
"20250916","GBP","USD","1.3646"
"20250917","GBP","USD","1.3625"
"20250918","GBP","USD","1.3554"
"20250919","GBP","USD","1.3471"
"20250921","GBP","USD","1.3476"
"20250922","GBP","USD","1.3513"
"20250923","GBP","USD","1.3526"
"20250924","GBP","USD","1.3447"
"20250925","GBP","USD","1.3344"
"20250926","GBP","USD","1.3404"
"20250928","GBP","USD","1.3404"
"20250929","GBP","USD","1.343"
"20250930","GBP","USD","1.3445"
"20251001","GBP","USD","1.3477"
"20251002","GBP","USD","1.344"
"20251003","GBP","USD","1.3479"
"20251005","GBP","USD","1.3438"
"20251006","GBP","USD","1.3485"
"20251007","GBP","USD","1.3424"
"20251008","GBP","USD","1.3404"
"20251009","GBP","USD","1.3304"
"20251010","GBP","USD","1.336"
"20251012","GBP","USD","1.3351"
"20251013","GBP","USD","1.3333"
"20251014","GBP","USD","1.332"
"20251015","GBP","USD","1.3402"
"20251016","GBP","USD","1.3434"
"20251017","GBP","USD","1.3426"
"20251019","GBP","USD","1.343"
"20251020","GBP","USD","1.3405"
"20251021","GBP","USD","1.3369"
"20251022","GBP","USD","1.3356"
"20251023","GBP","USD","1.3326"
"20251024","GBP","USD","1.3314"
"20251026","GBP","USD","1.3314"
"20251027","GBP","USD","1.3335"
"20251028","GBP","USD","1.3272"
"20251029","GBP","USD","1.3195"
"20251030","GBP","USD","1.3151"
"20251031","GBP","USD","1.3153"
"20251102","GBP","USD","1.3134"
"20251103","GBP","USD","1.314"
"20251104","GBP","USD","1.302"
"20251105","GBP","USD","1.3051"
"20251106","GBP","USD","1.3138"
"20251107","GBP","USD","1.3163"
"20251109","GBP","USD","1.3149"
"20251110","GBP","USD","1.3175"
"20251111","GBP","USD","1.315"
"20251112","GBP","USD","1.3133"
"20251113","GBP","USD","1.3192"
"20251114","GBP","USD","1.3172"
"20251116","GBP","USD","1.3154"
"20251117","GBP","USD","1.3155"
"20251118","GBP","USD","1.3145"
"20251119","GBP","USD","1.3059"
"20251120","GBP","USD","1.3073"
"20251121","GBP","USD","1.3098"
"20251123","GBP","USD","1.3102"
"20251124","GBP","USD","1.3104"
"20251125","GBP","USD","1.3165"
"20251126","GBP","USD","1.3243"
"20251127","GBP","USD","1.324"
"20251128","GBP","USD","1.3238"
"20251130","GBP","USD","1.3226"
"20251201","GBP","USD","1.3214"
"20251202","GBP","USD","1.3213"
"20251203","GBP","USD","1.3353"
"20251204","GBP","USD","1.3327"
"20251205","GBP","USD","1.3332"
"20251207","GBP","USD","1.3322"
"20251208","GBP","USD","1.3321"
"20251209","GBP","USD","1.3298"
"20251210","GBP","USD","1.3382"
"20251211","GBP","USD","1.3387"
"20251212","GBP","USD","1.3371"
"20251214","GBP","USD","1.3379"
"20251215","GBP","USD","1.3377"
"20251216","GBP","USD","1.3423"
"20251217","GBP","USD","1.3375"
"20251218","GBP","USD","1.3382"
"20251219","GBP","USD","1.3378"
"20251221","GBP","USD","1.3379"
"20251222","GBP","USD","1.3462"
"20251223","GBP","USD","1.3518"
"20251224","GBP","USD","1.3506"
"20251225","GBP","USD","1.3524"
"20251226","GBP","USD","1.35"
"20251228","GBP","USD","1.35"
"20251229","GBP","USD","1.3513"
"20251230","GBP","USD","1.3469"
"20251231","GBP","USD","1.3474"
"20250101","IDR","USD","-1"
"20250102","IDR","USD","-1"
"20250103","IDR","USD","-1"
"20250105","IDR","USD","-1"
"20250106","IDR","USD","-1"
"20250107","IDR","USD","-1"
"20250108","IDR","USD","-1"
"20250109","IDR","USD","-1"
"20250110","IDR","USD","-1"
"20250112","IDR","USD","-1"
"20250113","IDR","USD","-1"
"20250114","IDR","USD","-1"
"20250115","IDR","USD","-1"
"20250116","IDR","USD","-1"
"20250117","IDR","USD","-1"
"20250119","IDR","USD","-1"
"20250120","IDR","USD","-1"
"20250121","IDR","USD","-1"
"20250122","IDR","USD","-1"
"20250123","IDR","USD","-1"
"20250124","IDR","USD","-1"
"20250126","IDR","USD","-1"
"20250127","IDR","USD","-1"
"20250128","IDR","USD","-1"
"20250129","IDR","USD","-1"
"20250130","IDR","USD","0.000061501"
"20250131","IDR","USD","0.00006135"
"20250202","IDR","USD","0.00006135"
"20250203","IDR","USD","0.000060846"
"20250204","IDR","USD","0.000061181"
"20250205","IDR","USD","0.000061406"
"20250206","IDR","USD","0.000061237"
"20250207","IDR","USD","0.000061444"
"20250209","IDR","USD","0.000061444"
"20250210","IDR","USD","0.000061181"
"20250211","IDR","USD","0.000061069"
"20250212","IDR","USD","0.000061106"
"20250213","IDR","USD","0.000061143"
"20250214","IDR","USD","0.000061501"
"20250216","IDR","USD","0.000061501"
"20250217","IDR","USD","0.000061671"
"20250218","IDR","USD","0.000061444"
"20250219","IDR","USD","0.000061228"
"20250220","IDR","USD","0.000061237"
"20250221","IDR","USD","0.000061331"
"20250223","IDR","USD","0.000061331"
"20250224","IDR","USD","0.000061444"
"20250225","IDR","USD","0.000061181"
"20250226","IDR","USD","0.000061087"
"20250227","IDR","USD","0.00006079"
"20250228","IDR","USD","0.000060314"
"20250302","IDR","USD","0.000060314"
"20250303","IDR","USD","0.00006068"
"20250304","IDR","USD","0.000060809"
"20250305","IDR","USD","0.000061303"
"20250306","IDR","USD","0.000061237"
"20250307","IDR","USD","0.000061369"
"20250309","IDR","USD","0.000061369"
"20250310","IDR","USD","0.0000612"
"20250311","IDR","USD","0.000060957"
"20250312","IDR","USD","0.000060809"
"20250313","IDR","USD","0.000060883"
"20250314","IDR","USD","0.000061162"
"20250316","IDR","USD","0.000061162"
"20250317","IDR","USD","0.000060976"
"20250318","IDR","USD","0.000060883"
"20250319","IDR","USD","0.000060514"
"20250320","IDR","USD","0.000060698"
"20250321","IDR","USD","0.000060606"
"20250323","IDR","USD","0.000060606"
"20250324","IDR","USD","0.000060405"
"20250325","IDR","USD","0.000060259"
"20250326","IDR","USD","0.000060314"
"20250327","IDR","USD","0.000060386"
"20250328","IDR","USD","0.000060386"
"20250330","IDR","USD","0.000060386"
"20250331","IDR","USD","0.000060386"
"20250401","IDR","USD","0.000060386"
"20250402","IDR","USD","0.000060386"
"20250403","IDR","USD","0.000060386"
"20250404","IDR","USD","0.000060386"
"20250406","IDR","USD","0.000060386"
"20250407","IDR","USD","0.000060386"
"20250408","IDR","USD","0.000059294"
"20250409","IDR","USD","0.000059294"
"20250410","IDR","USD","0.000059524"
"20250411","IDR","USD","0.000059542"
"20250413","IDR","USD","0.000059542"
"20250414","IDR","USD","0.000059613"
"20250415","IDR","USD","0.000059471"
"20250416","IDR","USD","0.000059435"
"20250417","IDR","USD","0.000059435"
"20250418","IDR","USD","0.000059435"
"20250420","IDR","USD","0.000059435"
"20250421","IDR","USD","0.000059506"
"20250422","IDR","USD","0.00005933"
"20250423","IDR","USD","0.000059294"
"20250424","IDR","USD","0.000059277"
"20250425","IDR","USD","0.000059418"
"20250427","IDR","USD","0.000059418"
"20250428","IDR","USD","0.00005933"
"20250429","IDR","USD","0.000059666"
"20250430","IDR","USD","0.000060241"
"20250501","IDR","USD","0.000060241"
"20250502","IDR","USD","0.000060846"
"20250504","IDR","USD","0.000060846"
"20250505","IDR","USD","0.000060846"
"20250506","IDR","USD","0.00006079"
"20250507","IDR","USD","0.000060478"
"20250508","IDR","USD","0.000060628"
"20250509","IDR","USD","0.000060551"
"20250511","IDR","USD","0.000060551"
"20250512","IDR","USD","0.000060551"
"20250513","IDR","USD","0.000060551"
"20250514","IDR","USD","0.000060423"
"20250515","IDR","USD","0.000060551"
"20250516","IDR","USD","0.000060827"
"20250518","IDR","USD","0.000060827"
"20250519","IDR","USD","0.000060864"
"20250520","IDR","USD","0.00006092"
"20250521","IDR","USD","0.000060994"
"20250522","IDR","USD","0.000061237"
"20250523","IDR","USD","0.000061662"
"20250525","IDR","USD","0.000061662"
"20250526","IDR","USD","0.000061576"
"20250527","IDR","USD","0.000061453"
"20250528","IDR","USD","0.000061387"
"20250529","IDR","USD","0.000061387"
"20250530","IDR","USD","0.000061387"
"20250601","IDR","USD","0.000061387"
"20250602","IDR","USD","0.000061557"
"20250603","IDR","USD","0.000061406"
"20250604","IDR","USD","0.000061387"
"20250605","IDR","USD","0.000061444"
"20250606","IDR","USD","0.000061444"
"20250608","IDR","USD","0.000061444"
"20250609","IDR","USD","0.000061444"
"20250610","IDR","USD","0.000061463"
"20250611","IDR","USD","0.00006152"
"20250612","IDR","USD","0.000061595"
"20250613","IDR","USD","0.000061369"
"20250615","IDR","USD","0.000061369"
"20250616","IDR","USD","0.000061482"
"20250617","IDR","USD","0.000061425"
"20250618","IDR","USD","0.00006135"
"20250619","IDR","USD","0.000060994"
"20250620","IDR","USD","0.000061031"
"20250622","IDR","USD","0.000061031"
"20250623","IDR","USD","0.000060661"
"20250624","IDR","USD","0.000061162"
"20250625","IDR","USD","0.000061387"
"20250626","IDR","USD","0.000061713"
"20250627","IDR","USD","0.000061713"
"20250629","IDR","USD","0.000061713"
"20250630","IDR","USD","0.000061595"
"20250701","IDR","USD","0.000061767"
"20250702","IDR","USD","0.000061576"
"20250703","IDR","USD","0.000061767"
"20250704","IDR","USD","0.000061786"
"20250706","IDR","USD","0.000061786"
"20250707","IDR","USD","0.000061614"
"20250708","IDR","USD","0.000061709"
"20250709","IDR","USD","0.000061567"
"20250710","IDR","USD","0.000061652"
"20250711","IDR","USD","0.00006169"
"20250713","IDR","USD","0.00006169"
"20250714","IDR","USD","0.000061557"
"20250715","IDR","USD","0.000061501"
"20250716","IDR","USD","0.000061463"
"20250717","IDR","USD","0.000061237"
"20250718","IDR","USD","0.000061387"
"20250720","IDR","USD","0.000061387"
"20250721","IDR","USD","0.000061312"
"20250722","IDR","USD","0.000061312"
"20250723","IDR","USD","0.000061387"
"20250724","IDR","USD","0.000061406"
"20250725","IDR","USD","0.000061293"
"20250727","IDR","USD","0.000061293"
"20250728","IDR","USD","0.0000612"
"20250729","IDR","USD","0.000060996"
"20250730","IDR","USD","0.000061013"
"20250731","IDR","USD","0.000060772"
"20250801","IDR","USD","0.000060643"
"20250803","IDR","USD","0.000060643"
"20250804","IDR","USD","0.000061013"
"20250805","IDR","USD","0.00006105"
"20250806","IDR","USD","0.000061125"
"20250807","IDR","USD","0.000061387"
"20250808","IDR","USD","0.000061387"
"20250810","IDR","USD","0.000061387"
"20250811","IDR","USD","0.000061463"
"20250812","IDR","USD","0.000061406"
"20250813","IDR","USD","0.000061751"
"20250814","IDR","USD","0.000062071"
"20250815","IDR","USD","0.000061881"
"20250817","IDR","USD","0.000061881"
"20250818","IDR","USD","0.000061881"
"20250819","IDR","USD","0.000061576"
"20250820","IDR","USD","0.000061472"
"20250821","IDR","USD","0.000061406"
"20250822","IDR","USD","0.0000612"
"20250824","IDR","USD","0.0000612"
"20250825","IDR","USD","0.000061521"
"20250826","IDR","USD","0.00006137"
"20250827","IDR","USD","0.000061125"
"20250828","IDR","USD","0.000061181"
"20250829","IDR","USD","0.000060643"
"20250831","IDR","USD","0.000060643"
"20250901","IDR","USD","0.00006092"
"20250902","IDR","USD","0.000060976"
"20250903","IDR","USD","0.000060922"
"20250904","IDR","USD","0.000060901"
"20250905","IDR","USD","0.000060901"
"20250907","IDR","USD","0.000060901"
"20250908","IDR","USD","0.000061335"
"20250909","IDR","USD","0.000060698"
"20250910","IDR","USD","0.000060753"
"20250911","IDR","USD","0.000060753"
"20250912","IDR","USD","0.000061059"
"20250914","IDR","USD","0.000061059"
"20250915","IDR","USD","0.000060938"
"20250916","IDR","USD","0.000060827"
"20250917","IDR","USD","0.000060864"
"20250918","IDR","USD","0.000060588"
"20250919","IDR","USD","0.000060277"
"20250921","IDR","USD","0.000060277"
"20250922","IDR","USD","0.000060223"
"20250923","IDR","USD","0.000060006"
"20250924","IDR","USD","0.00005997"
"20250925","IDR","USD","0.000059737"
"20250926","IDR","USD","0.000059773"
"20250928","IDR","USD","0.000059773"
"20250929","IDR","USD","0.000059988"
"20250930","IDR","USD","0.000060006"
"20251001","IDR","USD","0.000060223"
"20251002","IDR","USD","0.000060295"
"20251003","IDR","USD","0.000060478"
"20251005","IDR","USD","0.000060478"
"20251006","IDR","USD","0.000060423"
"20251007","IDR","USD","0.000060459"
"20251008","IDR","USD","0.000060386"
"20251009","IDR","USD","0.000060441"
"20251010","IDR","USD","0.000060423"
"20251012","IDR","USD","0.000060423"
"20251013","IDR","USD","0.000060386"
"20251014","IDR","USD","0.000060332"
"20251015","IDR","USD","0.000060368"
"20251016","IDR","USD","0.00006035"
"20251017","IDR","USD","0.000060314"
"20251019","IDR","USD","0.000060314"
"20251020","IDR","USD","0.000060332"
"20251021","IDR","USD","0.000060277"
"20251022","IDR","USD","0.000060332"
"20251023","IDR","USD","0.000060168"
"20251024","IDR","USD","0.000060259"
"20251026","IDR","USD","0.000060259"
"20251027","IDR","USD","0.000060187"
"20251028","IDR","USD","0.000060223"
"20251029","IDR","USD","0.000060187"
"20251030","IDR","USD","0.000060096"
"20251031","IDR","USD","0.000060132"
"20251102","IDR","USD","0.000060132"
"20251103","IDR","USD","0.000060042"
"20251104","IDR","USD","0.000059891"
"20251105","IDR","USD","0.000059862"
"20251106","IDR","USD","0.000059902"
"20251107","IDR","USD","0.000059936"
"20251109","IDR","USD","0.000059936"
"20251110","IDR","USD","0.00006006"
"20251111","IDR","USD","0.000059934"
"20251112","IDR","USD","0.000059891"
"20251113","IDR","USD","0.000059791"
"20251114","IDR","USD","0.000059902"
"20251116","IDR","USD","0.000059902"
"20251117","IDR","USD","0.000059791"
"20251118","IDR","USD","0.000059737"
"20251119","IDR","USD","0.000059907"
"20251120","IDR","USD","0.000059773"
"20251121","IDR","USD","0.000059902"
"20251123","IDR","USD","0.000059902"
"20251124","IDR","USD","0.000059907"
"20251125","IDR","USD","0.000060024"
"20251126","IDR","USD","0.000060024"
"20251127","IDR","USD","0.000060096"
"20251128","IDR","USD","0.000060042"
"20251130","IDR","USD","0.000060042"
"20251201","IDR","USD","0.000060042"
"20251202","IDR","USD","0.000060168"
"20251203","IDR","USD","0.000060168"
"20251204","IDR","USD","0.000060078"
"20251205","IDR","USD","0.000060096"
"20251207","IDR","USD","0.000060096"
"20251208","IDR","USD","0.000059916"
"20251209","IDR","USD","0.000060006"
"20251210","IDR","USD","0.000059934"
"20251211","IDR","USD","0.000059988"
"20251212","IDR","USD","0.000060096"
"20251214","IDR","USD","0.000060096"
"20251215","IDR","USD","0.000060006"
"20251216","IDR","USD","0.000059916"
"20251217","IDR","USD","0.000059934"
"20251218","IDR","USD","0.000059827"
"20251219","IDR","USD","0.000059737"
"20251221","IDR","USD","0.000059737"
"20251222","IDR","USD","0.00005963"
"20251223","IDR","USD","0.00005963"
"20251224","IDR","USD","0.000059684"
"20251225","IDR","USD","0.000059684"
"20251226","IDR","USD","0.000059684"
"20251228","IDR","USD","0.000059684"
"20251229","IDR","USD","0.000059577"
"20251230","IDR","USD","0.000059666"
"20251231","IDR","USD","0.00005997"
"20250101","HUF","USD","0.0025155"
"20250102","HUF","USD","0.0024822"
"20250103","HUF","USD","0.0024796"
"20250105","HUF","USD","0.0024811"
"20250106","HUF","USD","0.002497"
"20250107","HUF","USD","0.0024884"
"20250108","HUF","USD","0.0024915"
"20250109","HUF","USD","0.0024896"
"20250110","HUF","USD","0.0024786"
"20250112","HUF","USD","0.0024783"
"20250113","HUF","USD","0.0024748"
"20250114","HUF","USD","0.0025013"
"20250115","HUF","USD","0.0025009"
"20250116","HUF","USD","0.0024965"
"20250117","HUF","USD","0.0024872"
"20250119","HUF","USD","0.0024867"
"20250120","HUF","USD","0.0025338"
"20250121","HUF","USD","0.002533"
"20250122","HUF","USD","0.0025347"
"20250123","HUF","USD","0.0025402"
"20250124","HUF","USD","0.0025716"
"20250126","HUF","USD","0.0025684"
"20250127","HUF","USD","0.0025696"
"20250128","HUF","USD","0.0025596"
"20250129","HUF","USD","0.0025535"
"20250130","HUF","USD","0.0025527"
"20250131","HUF","USD","0.0025408"
"20250202","HUF","USD","0.0025408"
"20250203","HUF","USD","0.0025327"
"20250204","HUF","USD","0.00255"
"20250205","HUF","USD","0.0025603"
"20250206","HUF","USD","0.0025655"
"20250207","HUF","USD","0.0025488"
"20250209","HUF","USD","0.0025465"
"20250210","HUF","USD","0.0025469"
"20250211","HUF","USD","0.002572"
"20250212","HUF","USD","0.0025821"
"20250213","HUF","USD","0.0026029"
"20250214","HUF","USD","0.0026088"
"20250216","HUF","USD","0.0026073"
"20250217","HUF","USD","0.00261"
"20250218","HUF","USD","0.0026063"
"20250219","HUF","USD","0.0025885"
"20250220","HUF","USD","0.0026107"
"20250221","HUF","USD","0.0025942"
"20250223","HUF","USD","0.0025948"
"20250224","HUF","USD","0.0026089"
"20250225","HUF","USD","0.0026213"
"20250226","HUF","USD","0.0026238"
"20250227","HUF","USD","0.002596"
"20250228","HUF","USD","0.0025715"
"20250302","HUF","USD","0.0025739"
"20250303","HUF","USD","0.0026246"
"20250304","HUF","USD","0.0026635"
"20250305","HUF","USD","0.002709"
"20250306","HUF","USD","0.0027002"
"20250307","HUF","USD","0.0027218"
"20250309","HUF","USD","0.0027223"
"20250310","HUF","USD","0.0027055"
"20250311","HUF","USD","0.002724"
"20250312","HUF","USD","0.0027274"
"20250313","HUF","USD","0.0027147"
"20250314","HUF","USD","0.0027259"
"20250316","HUF","USD","0.0027245"
"20250317","HUF","USD","0.0027456"
"20250318","HUF","USD","0.0027526"
"20250319","HUF","USD","0.0027368"
"20250320","HUF","USD","0.0027216"
"20250321","HUF","USD","0.0027208"
"20250323","HUF","USD","0.0027217"
"20250324","HUF","USD","0.0027066"
"20250325","HUF","USD","0.002703"
"20250326","HUF","USD","0.0026844"
"20250327","HUF","USD","0.0026912"
"20250328","HUF","USD","0.0026908"
"20250330","HUF","USD","0.0026911"
"20250331","HUF","USD","0.0026846"
"20250401","HUF","USD","0.0026843"
"20250402","HUF","USD","0.002711"
"20250403","HUF","USD","0.0027414"
"20250404","HUF","USD","0.0026985"
"20250406","HUF","USD","0.0026962"
"20250407","HUF","USD","0.0026755"
"20250408","HUF","USD","0.0026896"
"20250409","HUF","USD","0.0027147"
"20250410","HUF","USD","0.0027517"
"20250411","HUF","USD","0.0027723"
"20250413","HUF","USD","0.0027721"
"20250414","HUF","USD","0.0027671"
"20250415","HUF","USD","0.002765"
"20250416","HUF","USD","0.0027967"
"20250417","HUF","USD","0.0027845"
"20250418","HUF","USD","0.0027937"
"20250420","HUF","USD","0.0027936"
"20250421","HUF","USD","0.002826"
"20250422","HUF","USD","0.0027924"
"20250423","HUF","USD","0.002772"
"20250424","HUF","USD","0.0028032"
"20250425","HUF","USD","0.002801"
"20250427","HUF","USD","0.0027988"
"20250428","HUF","USD","0.0028248"
"20250429","HUF","USD","0.0028164"
"20250430","HUF","USD","0.0028001"
"20250501","HUF","USD","0.0027911"
"20250502","HUF","USD","0.0027944"
"20250504","HUF","USD","0.0027949"
"20250505","HUF","USD","0.0028045"
"20250506","HUF","USD","0.0028112"
"20250507","HUF","USD","0.0027958"
"20250508","HUF","USD","0.0027688"
"20250509","HUF","USD","0.0027843"
"20250511","HUF","USD","0.0027834"
"20250512","HUF","USD","0.0027387"
"20250513","HUF","USD","0.0027686"
"20250514","HUF","USD","0.0027708"
"20250515","HUF","USD","0.0027782"
"20250516","HUF","USD","0.0027709"
"20250518","HUF","USD","0.002771"
"20250519","HUF","USD","0.0027953"
"20250520","HUF","USD","0.0028042"
"20250521","HUF","USD","0.0028119"
"20250522","HUF","USD","0.0027976"
"20250523","HUF","USD","0.0028137"
"20250525","HUF","USD","0.0028175"
"20250526","HUF","USD","0.0028223"
"20250527","HUF","USD","0.0028057"
"20250528","HUF","USD","0.0027961"
"20250529","HUF","USD","0.0028142"
"20250530","HUF","USD","0.0028098"
"20250601","HUF","USD","0.0028094"
"20250602","HUF","USD","0.0028385"
"20250603","HUF","USD","0.0028161"
"20250604","HUF","USD","0.0028307"
"20250605","HUF","USD","0.0028403"
"20250606","HUF","USD","0.0028234"
"20250608","HUF","USD","0.0028253"
"20250609","HUF","USD","0.0028426"
"20250610","HUF","USD","0.0028498"
"20250611","HUF","USD","0.0028715"
"20250612","HUF","USD","0.0028849"
"20250613","HUF","USD","0.0028677"
"20250615","HUF","USD","0.0028694"
"20250616","HUF","USD","0.0028738"
"20250617","HUF","USD","0.0028417"
"20250618","HUF","USD","0.0028494"
"20250619","HUF","USD","0.0028518"
"20250620","HUF","USD","0.0028603"
"20250622","HUF","USD","0.0028619"
"20250623","HUF","USD","0.0028744"
"20250624","HUF","USD","0.0028916"
"20250625","HUF","USD","0.0029101"
"20250626","HUF","USD","0.0029268"
"20250627","HUF","USD","0.0029374"
"20250629","HUF","USD","0.00294"
"20250630","HUF","USD","0.0029509"
"20250701","HUF","USD","0.0029563"
"20250702","HUF","USD","0.0029492"
"20250703","HUF","USD","0.002948"
"20250704","HUF","USD","0.0029517"
"20250706","HUF","USD","0.0029568"
"20250707","HUF","USD","0.0029267"
"20250708","HUF","USD","0.0029294"
"20250709","HUF","USD","0.002934"
"20250710","HUF","USD","0.0029351"
"20250711","HUF","USD","0.0029236"
"20250713","HUF","USD","0.0029259"
"20250714","HUF","USD","0.0029168"
"20250715","HUF","USD","0.0028963"
"20250716","HUF","USD","0.002914"
"20250717","HUF","USD","0.0029066"
"20250718","HUF","USD","0.0029144"
"20250720","HUF","USD","0.0029143"
"20250721","HUF","USD","0.0029302"
"20250722","HUF","USD","0.0029459"
"20250723","HUF","USD","0.0029537"
"20250724","HUF","USD","0.002958"
"20250725","HUF","USD","0.0029598"
"20250727","HUF","USD","0.0029601"
"20250728","HUF","USD","0.0029143"
"20250729","HUF","USD","0.0028882"
"20250730","HUF","USD","0.0028499"
"20250731","HUF","USD","0.0028545"
"20250801","HUF","USD","0.0029092"
"20250803","HUF","USD","0.0029098"
"20250804","HUF","USD","0.0028999"
"20250805","HUF","USD","0.0029058"
"20250806","HUF","USD","0.0029287"
"20250807","HUF","USD","0.0029399"
"20250808","HUF","USD","0.0029448"
"20250810","HUF","USD","0.0029453"
"20250811","HUF","USD","0.0029347"
"20250812","HUF","USD","0.0029532"
"20250813","HUF","USD","0.0029619"
"20250814","HUF","USD","0.0029468"
"20250815","HUF","USD","0.0029622"
"20250817","HUF","USD","0.0029639"
"20250818","HUF","USD","0.0029533"
"20250819","HUF","USD","0.0029581"
"20250820","HUF","USD","0.0029518"
"20250821","HUF","USD","0.0029275"
"20250822","HUF","USD","0.0029648"
"20250824","HUF","USD","0.0029646"
"20250825","HUF","USD","0.0029241"
"20250826","HUF","USD","0.0029391"
"20250827","HUF","USD","0.0029368"
"20250828","HUF","USD","0.0029441"
"20250829","HUF","USD","0.0029465"
"20250831","HUF","USD","0.0029484"
"20250901","HUF","USD","0.0029635"
"20250902","HUF","USD","0.0029447"
"20250903","HUF","USD","0.0029621"
"20250904","HUF","USD","0.0029649"
"20250905","HUF","USD","0.0029826"
"20250907","HUF","USD","0.0029818"
"20250908","HUF","USD","0.002991"
"20250909","HUF","USD","0.002978"
"20250910","HUF","USD","0.0029743"
"20250911","HUF","USD","0.0029969"
"20250912","HUF","USD","0.0030039"
"20250914","HUF","USD","0.0030029"
"20250915","HUF","USD","0.0030202"
"20250916","HUF","USD","0.003046"
"20250917","HUF","USD","0.0030287"
"20250918","HUF","USD","0.0030262"
"20250919","HUF","USD","0.0030088"
"20250921","HUF","USD","0.0030132"
"20250922","HUF","USD","0.0030342"
"20250923","HUF","USD","0.0030303"
"20250924","HUF","USD","0.0029987"
"20250925","HUF","USD","0.0029785"
"20250926","HUF","USD","0.0029945"
"20250928","HUF","USD","0.0029946"
"20250929","HUF","USD","0.0029962"
"20250930","HUF","USD","0.0030085"
"20251001","HUF","USD","0.0030151"
"20251002","HUF","USD","0.0030106"
"20251003","HUF","USD","0.0030245"
"20251005","HUF","USD","0.0030199"
"20251006","HUF","USD","0.0030133"
"20251007","HUF","USD","0.0029666"
"20251008","HUF","USD","0.0029709"
"20251009","HUF","USD","0.0029558"
"20251010","HUF","USD","0.0029598"
"20251012","HUF","USD","0.0029647"
"20251013","HUF","USD","0.002954"
"20251014","HUF","USD","0.0029631"
"20251015","HUF","USD","0.0029814"
"20251016","HUF","USD","0.0029976"
"20251017","HUF","USD","0.0029926"
"20251019","HUF","USD","0.0029966"
"20251020","HUF","USD","0.0029932"
"20251021","HUF","USD","0.0029808"
"20251022","HUF","USD","0.0029832"
"20251023","HUF","USD","0.0029763"
"20251024","HUF","USD","0.0029806"
"20251026","HUF","USD","0.0029823"
"20251027","HUF","USD","0.0029971"
"20251028","HUF","USD","0.0030016"
"20251029","HUF","USD","0.0029857"
"20251030","HUF","USD","0.0029773"
"20251031","HUF","USD","0.0029728"
"20251102","HUF","USD","0.0029718"
"20251103","HUF","USD","0.0029734"
"20251104","HUF","USD","0.0029576"
"20251105","HUF","USD","0.0029712"
"20251106","HUF","USD","0.0029911"
"20251107","HUF","USD","0.0030065"
"20251109","HUF","USD","0.0030041"
"20251110","HUF","USD","0.0030136"
"20251111","HUF","USD","0.0030095"
"20251112","HUF","USD","0.0030148"
"20251113","HUF","USD","0.0030264"
"20251114","HUF","USD","0.0030233"
"20251116","HUF","USD","0.003023"
"20251117","HUF","USD","0.0030134"
"20251118","HUF","USD","0.0030174"
"20251119","HUF","USD","0.0030228"
"20251120","HUF","USD","0.0030153"
"20251121","HUF","USD","0.0030025"
"20251123","HUF","USD","0.0029994"
"20251124","HUF","USD","0.0030123"
"20251125","HUF","USD","0.0030263"
"20251126","HUF","USD","0.0030349"
"20251127","HUF","USD","0.0030399"
"20251128","HUF","USD","0.0030392"
"20251130","HUF","USD","0.0030381"
"20251201","HUF","USD","0.0030482"
"20251202","HUF","USD","0.0030528"
"20251203","HUF","USD","0.0030639"
"20251204","HUF","USD","0.0030408"
"20251205","HUF","USD","0.0030486"
"20251207","HUF","USD","0.0030497"
"20251208","HUF","USD","0.0030248"
"20251209","HUF","USD","0.0030306"
"20251210","HUF","USD","0.0030574"
"20251211","HUF","USD","0.0030668"
"20251212","HUF","USD","0.0030489"
"20251214","HUF","USD","0.0030522"
"20251215","HUF","USD","0.0030554"
"20251216","HUF","USD","0.0030464"
"20251217","HUF","USD","0.003018"
"20251218","HUF","USD","0.0030242"
"20251219","HUF","USD","0.0030289"
"20251221","HUF","USD","0.0030293"
"20251222","HUF","USD","0.0030266"
"20251223","HUF","USD","0.0030167"
"20251224","HUF","USD","0.0030279"
"20251225","HUF","USD","0.0030254"
"20251226","HUF","USD","0.0030423"
"20251228","HUF","USD","0.0030431"
"20251229","HUF","USD","0.0030482"
"20251230","HUF","USD","0.0030438"
"20251231","HUF","USD","0.0030546"
"20250101","KWD","USD","-1"
"20250102","KWD","USD","-1"
"20250103","KWD","USD","-1"
"20250105","KWD","USD","-1"
"20250106","KWD","USD","-1"
"20250107","KWD","USD","-1"
"20250108","KWD","USD","-1"
"20250109","KWD","USD","-1"
"20250110","KWD","USD","-1"
"20250112","KWD","USD","-1"
"20250113","KWD","USD","-1"
"20250114","KWD","USD","-1"
"20250115","KWD","USD","-1"
"20250116","KWD","USD","-1"
"20250117","KWD","USD","3.2392"
"20250119","KWD","USD","3.2396"
"20250120","KWD","USD","3.2453"
"20250121","KWD","USD","3.2455"
"20250122","KWD","USD","3.243"
"20250123","KWD","USD","3.2448"
"20250124","KWD","USD","3.2469"
"20250126","KWD","USD","3.2464"
"20250127","KWD","USD","3.2455"
"20250128","KWD","USD","3.2429"
"20250129","KWD","USD","3.2421"
"20250130","KWD","USD","3.2412"
"20250131","KWD","USD","3.2402"
"20250202","KWD","USD","3.2376"
"20250203","KWD","USD","3.2393"
"20250204","KWD","USD","3.2406"
"20250205","KWD","USD","3.2411"
"20250206","KWD","USD","3.2401"
"20250207","KWD","USD","3.239"
"20250209","KWD","USD","3.2379"
"20250210","KWD","USD","3.2399"
"20250211","KWD","USD","3.2383"
"20250212","KWD","USD","3.2366"
"20250213","KWD","USD","3.2404"
"20250214","KWD","USD","3.2431"
"20250216","KWD","USD","3.2405"
"20250217","KWD","USD","3.241"
"20250218","KWD","USD","3.2383"
"20250219","KWD","USD","3.2381"
"20250220","KWD","USD","3.241"
"20250221","KWD","USD","3.2417"
"20250223","KWD","USD","3.2419"
"20250224","KWD","USD","3.241"
"20250225","KWD","USD","3.2437"
"20250226","KWD","USD","3.2428"
"20250227","KWD","USD","3.2392"
"20250228","KWD","USD","3.2376"
"20250302","KWD","USD","3.2372"
"20250303","KWD","USD","3.2419"
"20250304","KWD","USD","3.2404"
"20250305","KWD","USD","3.2399"
"20250306","KWD","USD","3.244"
"20250307","KWD","USD","3.2454"
"20250309","KWD","USD","3.2451"
"20250310","KWD","USD","3.2442"
"20250311","KWD","USD","3.2462"
"20250312","KWD","USD","3.2455"
"20250313","KWD","USD","3.2452"
"20250314","KWD","USD","3.2457"
"20250316","KWD","USD","3.246"
"20250317","KWD","USD","3.2467"
"20250318","KWD","USD","3.2477"
"20250319","KWD","USD","3.248"
"20250320","KWD","USD","3.2457"
"20250321","KWD","USD","3.2436"
"20250323","KWD","USD","3.2439"
"20250324","KWD","USD","3.2416"
"20250325","KWD","USD","3.2428"
"20250326","KWD","USD","3.2416"
"20250327","KWD","USD","3.2423"
"20250328","KWD","USD","3.2445"
"20250330","KWD","USD","3.2441"
"20250331","KWD","USD","3.2424"
"20250401","KWD","USD","3.2428"
"20250402","KWD","USD","3.2445"
"20250403","KWD","USD","3.2506"
"20250404","KWD","USD","3.2511"
"20250406","KWD","USD","3.2488"
"20250407","KWD","USD","3.2461"
"20250408","KWD","USD","3.2455"
"20250409","KWD","USD","3.2512"
"20250410","KWD","USD","3.2577"
"20250411","KWD","USD","3.2589"
"20250413","KWD","USD","3.2566"
"20250414","KWD","USD","3.2606"
"20250415","KWD","USD","3.2589"
"20250416","KWD","USD","3.2616"
"20250417","KWD","USD","3.2615"
"20250418","KWD","USD","3.2619"
"20250420","KWD","USD","3.2615"
"20250421","KWD","USD","3.267"
"20250422","KWD","USD","3.2709"
"20250423","KWD","USD","3.2634"
"20250424","KWD","USD","3.2623"
"20250425","KWD","USD","3.2605"
"20250427","KWD","USD","3.2612"
"20250428","KWD","USD","3.2612"
"20250429","KWD","USD","3.2649"
"20250430","KWD","USD","3.2629"
"20250501","KWD","USD","3.2577"
"20250502","KWD","USD","3.2614"
"20250504","KWD","USD","3.2606"
"20250505","KWD","USD","3.2614"
"20250506","KWD","USD","3.2635"
"20250507","KWD","USD","3.2597"
"20250508","KWD","USD","3.2571"
"20250509","KWD","USD","3.2599"
"20250511","KWD","USD","3.2566"
"20250512","KWD","USD","3.251"
"20250513","KWD","USD","3.2543"
"20250514","KWD","USD","3.2515"
"20250515","KWD","USD","3.2533"
"20250516","KWD","USD","3.2515"
"20250518","KWD","USD","3.2553"
"20250519","KWD","USD","3.2545"
"20250520","KWD","USD","3.2572"
"20250521","KWD","USD","3.2593"
"20250522","KWD","USD","3.2574"
"20250523","KWD","USD","3.2625"
"20250525","KWD","USD","3.2622"
"20250526","KWD","USD","3.2633"
"20250527","KWD","USD","3.2604"
"20250528","KWD","USD","3.2565"
"20250529","KWD","USD","3.2583"
"20250530","KWD","USD","3.2586"
"20250601","KWD","USD","3.2589"
"20250602","KWD","USD","3.2625"
"20250603","KWD","USD","3.26"
"20250604","KWD","USD","3.2645"
"20250605","KWD","USD","3.2605"
"20250606","KWD","USD","3.2584"
"20250608","KWD","USD","3.2584"
"20250609","KWD","USD","3.2599"
"20250610","KWD","USD","3.2646"
"20250611","KWD","USD","3.2679"
"20250612","KWD","USD","3.2698"
"20250613","KWD","USD","3.2685"
"20250615","KWD","USD","3.269"
"20250616","KWD","USD","3.2679"
"20250617","KWD","USD","3.2656"
"20250618","KWD","USD","3.2635"
"20250619","KWD","USD","3.2637"
"20250620","KWD","USD","3.2641"
"20250622","KWD","USD","3.2631"
"20250623","KWD","USD","3.2688"
"20250624","KWD","USD","3.2711"
"20250625","KWD","USD","3.272"
"20250626","KWD","USD","3.2718"
"20250627","KWD","USD","3.2696"
"20250629","KWD","USD","3.2737"
"20250630","KWD","USD","3.2726"
"20250701","KWD","USD","3.2749"
"20250702","KWD","USD","3.277"
"20250703","KWD","USD","3.2745"
"20250704","KWD","USD","3.2755"
"20250706","KWD","USD","3.2756"
"20250707","KWD","USD","3.2748"
"20250708","KWD","USD","3.2737"
"20250709","KWD","USD","3.2752"
"20250710","KWD","USD","3.2711"
"20250711","KWD","USD","3.2717"
"20250713","KWD","USD","3.2717"
"20250714","KWD","USD","3.2728"
"20250715","KWD","USD","3.2712"
"20250716","KWD","USD","3.2735"
"20250717","KWD","USD","3.2715"
"20250718","KWD","USD","3.2717"
"20250720","KWD","USD","3.2741"
"20250721","KWD","USD","3.2753"
"20250722","KWD","USD","3.2779"
"20250723","KWD","USD","3.2768"
"20250724","KWD","USD","3.2787"
"20250725","KWD","USD","3.2754"
"20250727","KWD","USD","3.2766"
"20250728","KWD","USD","3.2738"
"20250729","KWD","USD","3.2734"
"20250730","KWD","USD","3.2679"
"20250731","KWD","USD","3.2667"
"20250801","KWD","USD","3.2744"
"20250803","KWD","USD","3.274"
"20250804","KWD","USD","3.2727"
"20250805","KWD","USD","3.2712"
"20250806","KWD","USD","3.2731"
"20250807","KWD","USD","3.2732"
"20250808","KWD","USD","3.2729"
"20250810","KWD","USD","3.2728"
"20250811","KWD","USD","3.2706"
"20250812","KWD","USD","3.2737"
"20250813","KWD","USD","3.2738"
"20250814","KWD","USD","3.2711"
"20250815","KWD","USD","3.2734"
"20250817","KWD","USD","3.2743"
"20250818","KWD","USD","3.2711"
"20250819","KWD","USD","3.2708"
"20250820","KWD","USD","3.2722"
"20250821","KWD","USD","3.269"
"20250822","KWD","USD","3.2749"
"20250824","KWD","USD","3.2748"
"20250825","KWD","USD","3.2718"
"20250826","KWD","USD","3.2724"
"20250827","KWD","USD","3.2727"
"20250828","KWD","USD","3.2735"
"20250829","KWD","USD","3.2731"
"20250831","KWD","USD","3.2739"
"20250901","KWD","USD","3.2724"
"20250902","KWD","USD","3.2692"
"20250903","KWD","USD","3.27"
"20250904","KWD","USD","3.27"
"20250905","KWD","USD","3.2726"
"20250907","KWD","USD","3.2787"
"20250908","KWD","USD","3.2748"
"20250909","KWD","USD","3.2733"
"20250910","KWD","USD","3.2728"
"20250911","KWD","USD","3.2753"
"20250912","KWD","USD","3.2748"
"20250914","KWD","USD","3.2743"
"20250915","KWD","USD","3.2753"
"20250916","KWD","USD","3.2798"
"20250917","KWD","USD","3.2769"
"20250918","KWD","USD","3.276"
"20250919","KWD","USD","3.2742"
"20250921","KWD","USD","3.2803"
"20250922","KWD","USD","3.2807"
"20250923","KWD","USD","3.2819"
"20250924","KWD","USD","3.2739"
"20250925","KWD","USD","3.2701"
"20250926","KWD","USD","3.272"
"20250928","KWD","USD","3.2776"
"20250929","KWD","USD","3.2733"
"20250930","KWD","USD","3.2725"
"20251001","KWD","USD","3.2721"
"20251002","KWD","USD","3.2692"
"20251003","KWD","USD","3.2697"
"20251005","KWD","USD","3.2803"
"20251006","KWD","USD","3.2666"
"20251007","KWD","USD","3.2631"
"20251008","KWD","USD","3.2733"
"20251009","KWD","USD","3.2733"
"20251010","KWD","USD","3.2613"
"20251012","KWD","USD","3.2733"
"20251013","KWD","USD","3.258"
"20251014","KWD","USD","3.259"
"20251015","KWD","USD","3.2668"
"20251016","KWD","USD","3.2705"
"20251017","KWD","USD","3.2698"
"20251019","KWD","USD","3.2688"
"20251020","KWD","USD","3.2686"
"20251021","KWD","USD","3.2638"
"20251022","KWD","USD","3.2623"
"20251023","KWD","USD","3.2617"
"20251024","KWD","USD","3.2613"
"20251026","KWD","USD","3.262"
"20251027","KWD","USD","3.2616"
"20251028","KWD","USD","3.2606"
"20251029","KWD","USD","3.259"
"20251030","KWD","USD","3.2596"
"20251031","KWD","USD","3.2593"
"20251102","KWD","USD","3.2596"
"20251103","KWD","USD","3.255"
"20251104","KWD","USD","3.2532"
"20251105","KWD","USD","3.254"
"20251106","KWD","USD","3.2582"
"20251107","KWD","USD","3.2584"
"20251109","KWD","USD","3.2569"
"20251110","KWD","USD","3.256"
"20251111","KWD","USD","3.2565"
"20251112","KWD","USD","3.2562"
"20251113","KWD","USD","3.2612"
"20251114","KWD","USD","3.2606"
"20251116","KWD","USD","3.2588"
"20251117","KWD","USD","3.2582"
"20251118","KWD","USD","3.257"
"20251119","KWD","USD","3.2524"
"20251120","KWD","USD","3.2536"
"20251121","KWD","USD","3.2549"
"20251123","KWD","USD","3.2538"
"20251124","KWD","USD","3.253"
"20251125","KWD","USD","3.2565"
"20251126","KWD","USD","3.2578"
"20251127","KWD","USD","3.2576"
"20251128","KWD","USD","3.2576"
"20251130","KWD","USD","3.2582"
"20251201","KWD","USD","3.2572"
"20251202","KWD","USD","3.2575"
"20251203","KWD","USD","3.26"
"20251204","KWD","USD","3.2573"
"20251205","KWD","USD","3.2567"
"20251207","KWD","USD","3.2583"
"20251208","KWD","USD","3.2555"
"20251209","KWD","USD","3.2555"
"20251210","KWD","USD","3.2592"
"20251211","KWD","USD","3.2605"
"20251212","KWD","USD","3.2603"
"20251214","KWD","USD","3.2731"
"20251215","KWD","USD","3.2581"
"20251216","KWD","USD","3.2612"
"20251217","KWD","USD","3.2584"
"20251218","KWD","USD","3.257"
"20251219","KWD","USD","3.2536"
"20251221","KWD","USD","3.2557"
"20251222","KWD","USD","3.2533"
"20251223","KWD","USD","3.2557"
"20251224","KWD","USD","3.2546"
"20251225","KWD","USD","3.2555"
"20251226","KWD","USD","3.2542"
"20251228","KWD","USD","3.2575"
"20251229","KWD","USD","3.2493"
"20251230","KWD","USD","3.2472"
"20251231","KWD","USD","3.2483"
"20250101","PHP","USD","-1"
"20250102","PHP","USD","-1"
"20250103","PHP","USD","-1"
"20250105","PHP","USD","-1"
"20250106","PHP","USD","-1"
"20250107","PHP","USD","-1"
"20250108","PHP","USD","-1"
"20250109","PHP","USD","-1"
"20250110","PHP","USD","-1"
"20250112","PHP","USD","-1"
"20250113","PHP","USD","-1"
"20250114","PHP","USD","-1"
"20250115","PHP","USD","-1"
"20250116","PHP","USD","-1"
"20250117","PHP","USD","-1"
"20250119","PHP","USD","-1"
"20250120","PHP","USD","-1"
"20250121","PHP","USD","-1"
"20250122","PHP","USD","-1"
"20250123","PHP","USD","-1"
"20250124","PHP","USD","-1"
"20250126","PHP","USD","-1"
"20250127","PHP","USD","-1"
"20250128","PHP","USD","-1"
"20250129","PHP","USD","-1"
"20250130","PHP","USD","-1"
"20250131","PHP","USD","-1"
"20250202","PHP","USD","-1"
"20250203","PHP","USD","-1"
"20250204","PHP","USD","-1"
"20250205","PHP","USD","-1"
"20250206","PHP","USD","-1"
"20250207","PHP","USD","-1"
"20250209","PHP","USD","-1"
"20250210","PHP","USD","-1"
"20250211","PHP","USD","-1"
"20250212","PHP","USD","-1"
"20250213","PHP","USD","-1"
"20250214","PHP","USD","-1"
"20250216","PHP","USD","-1"
"20250217","PHP","USD","-1"
"20250218","PHP","USD","-1"
"20250219","PHP","USD","-1"
"20250220","PHP","USD","-1"
"20250221","PHP","USD","-1"
"20250223","PHP","USD","-1"
"20250224","PHP","USD","-1"
"20250225","PHP","USD","-1"
"20250226","PHP","USD","-1"
"20250227","PHP","USD","-1"
"20250228","PHP","USD","-1"
"20250302","PHP","USD","-1"
"20250303","PHP","USD","-1"
"20250304","PHP","USD","-1"
"20250305","PHP","USD","-1"
"20250306","PHP","USD","-1"
"20250307","PHP","USD","-1"
"20250309","PHP","USD","-1"
"20250310","PHP","USD","-1"
"20250311","PHP","USD","-1"
"20250312","PHP","USD","-1"
"20250313","PHP","USD","-1"
"20250314","PHP","USD","-1"
"20250316","PHP","USD","-1"
"20250317","PHP","USD","-1"
"20250318","PHP","USD","-1"
"20250319","PHP","USD","-1"
"20250320","PHP","USD","-1"
"20250321","PHP","USD","-1"
"20250323","PHP","USD","-1"
"20250324","PHP","USD","-1"
"20250325","PHP","USD","-1"
"20250326","PHP","USD","-1"
"20250327","PHP","USD","-1"
"20250328","PHP","USD","-1"
"20250330","PHP","USD","-1"
"20250331","PHP","USD","-1"
"20250401","PHP","USD","-1"
"20250402","PHP","USD","-1"
"20250403","PHP","USD","-1"
"20250404","PHP","USD","-1"
"20250406","PHP","USD","-1"
"20250407","PHP","USD","-1"
"20250408","PHP","USD","-1"
"20250409","PHP","USD","-1"
"20250410","PHP","USD","-1"
"20250411","PHP","USD","-1"
"20250413","PHP","USD","-1"
"20250414","PHP","USD","-1"
"20250415","PHP","USD","-1"
"20250416","PHP","USD","-1"
"20250417","PHP","USD","-1"
"20250418","PHP","USD","-1"
"20250420","PHP","USD","-1"
"20250421","PHP","USD","-1"
"20250422","PHP","USD","-1"
"20250423","PHP","USD","-1"
"20250424","PHP","USD","-1"
"20250425","PHP","USD","-1"
"20250427","PHP","USD","-1"
"20250428","PHP","USD","-1"
"20250429","PHP","USD","-1"
"20250430","PHP","USD","-1"
"20250501","PHP","USD","-1"
"20250502","PHP","USD","-1"
"20250504","PHP","USD","-1"
"20250505","PHP","USD","-1"
"20250506","PHP","USD","-1"
"20250507","PHP","USD","-1"
"20250508","PHP","USD","-1"
"20250509","PHP","USD","-1"
"20250511","PHP","USD","-1"
"20250512","PHP","USD","-1"
"20250513","PHP","USD","-1"
"20250514","PHP","USD","-1"
"20250515","PHP","USD","-1"
"20250516","PHP","USD","-1"
"20250518","PHP","USD","-1"
"20250519","PHP","USD","-1"
"20250520","PHP","USD","-1"
"20250521","PHP","USD","-1"
"20250522","PHP","USD","-1"
"20250523","PHP","USD","-1"
"20250525","PHP","USD","-1"
"20250526","PHP","USD","-1"
"20250527","PHP","USD","-1"
"20250528","PHP","USD","-1"
"20250529","PHP","USD","-1"
"20250530","PHP","USD","-1"
"20250601","PHP","USD","-1"
"20250602","PHP","USD","-1"
"20250603","PHP","USD","-1"
"20250604","PHP","USD","-1"
"20250605","PHP","USD","-1"
"20250606","PHP","USD","-1"
"20250608","PHP","USD","-1"
"20250609","PHP","USD","-1"
"20250610","PHP","USD","-1"
"20250611","PHP","USD","-1"
"20250612","PHP","USD","-1"
"20250613","PHP","USD","-1"
"20250615","PHP","USD","-1"
"20250616","PHP","USD","-1"
"20250617","PHP","USD","-1"
"20250618","PHP","USD","-1"
"20250619","PHP","USD","-1"
"20250620","PHP","USD","-1"
"20250622","PHP","USD","-1"
"20250623","PHP","USD","-1"
"20250624","PHP","USD","0.017484"
"20250625","PHP","USD","0.017637"
"20250626","PHP","USD","0.017666"
"20250627","PHP","USD","0.017675"
"20250629","PHP","USD","0.017675"
"20250630","PHP","USD","0.017762"
"20250701","PHP","USD","0.017759"
"20250702","PHP","USD","0.017747"
"20250703","PHP","USD","0.017745"
"20250704","PHP","USD","0.01772"
"20250706","PHP","USD","-1"
"20250707","PHP","USD","0.017674"
"20250708","PHP","USD","0.01768"
"20250709","PHP","USD","0.017661"
"20250710","PHP","USD","0.017702"
"20250711","PHP","USD","0.017694"
"20250713","PHP","USD","0.017694"
"20250714","PHP","USD","0.017639"
"20250715","PHP","USD","0.017613"
"20250716","PHP","USD","0.017547"
"20250717","PHP","USD","0.017479"
"20250718","PHP","USD","0.017541"
"20250720","PHP","USD","0.017541"
"20250721","PHP","USD","0.017528"
"20250722","PHP","USD","0.017558"
"20250723","PHP","USD","0.017608"
"20250724","PHP","USD","0.017615"
"20250725","PHP","USD","0.017496"
"20250727","PHP","USD","0.017496"
"20250728","PHP","USD","0.017495"
"20250729","PHP","USD","0.017447"
"20250730","PHP","USD","0.017288"
"20250731","PHP","USD","0.017173"
"20250801","PHP","USD","0.017325"
"20250803","PHP","USD","0.017325"
"20250804","PHP","USD","0.01744"
"20250805","PHP","USD","0.017385"
"20250806","PHP","USD","0.017441"
"20250807","PHP","USD","0.017512"
"20250808","PHP","USD","0.017584"
"20250810","PHP","USD","0.017584"
"20250811","PHP","USD","0.017521"
"20250812","PHP","USD","0.017576"
"20250813","PHP","USD","0.017657"
"20250814","PHP","USD","0.017519"
"20250815","PHP","USD","0.017524"
"20250817","PHP","USD","0.017524"
"20250818","PHP","USD","0.017538"
"20250819","PHP","USD","0.017476"
"20250820","PHP","USD","0.017512"
"20250821","PHP","USD","0.017487"
"20250822","PHP","USD","0.017713"
"20250824","PHP","USD","0.017713"
"20250825","PHP","USD","0.01763"
"20250826","PHP","USD","0.017554"
"20250827","PHP","USD","0.017491"
"20250828","PHP","USD","0.017562"
"20250829","PHP","USD","0.017499"
"20250831","PHP","USD","0.017499"
"20250901","PHP","USD","0.017484"
"20250902","PHP","USD","0.017412"
"20250903","PHP","USD","0.017464"
"20250904","PHP","USD","0.017495"
"20250905","PHP","USD","0.017638"
"20250907","PHP","USD","0.017638"
"20250908","PHP","USD","0.017636"
"20250909","PHP","USD","0.017536"
"20250910","PHP","USD","0.017526"
"20250911","PHP","USD","0.017505"
"20250912","PHP","USD","0.017503"
"20250914","PHP","USD","0.017503"
"20250915","PHP","USD","0.017507"
"20250916","PHP","USD","0.017585"
"20250917","PHP","USD","0.017624"
"20250918","PHP","USD","0.017489"
"20250919","PHP","USD","0.017544"
"20250921","PHP","USD","0.017553"
"20250922","PHP","USD","0.017563"
"20250923","PHP","USD","0.017454"
"20250924","PHP","USD","0.017346"
"20250925","PHP","USD","0.017149"
"20250926","PHP","USD","0.017196"
"20250928","PHP","USD","0.017196"
"20250929","PHP","USD","0.017225"
"20250930","PHP","USD","0.017142"
"20251001","PHP","USD","0.017188"
"20251002","PHP","USD","0.017213"
"20251003","PHP","USD","0.01726"
"20251005","PHP","USD","0.01726"
"20251006","PHP","USD","0.017162"
"20251007","PHP","USD","0.017209"
"20251008","PHP","USD","0.017243"
"20251009","PHP","USD","0.017114"
"20251010","PHP","USD","0.017158"
"20251012","PHP","USD","0.017158"
"20251013","PHP","USD","0.017188"
"20251014","PHP","USD","0.017173"
"20251015","PHP","USD","0.017198"
"20251016","PHP","USD","0.01724"
"20251017","PHP","USD","0.017208"
"20251019","PHP","USD","0.017195"
"20251020","PHP","USD","0.017191"
"20251021","PHP","USD","0.017141"
"20251022","PHP","USD","0.017098"
"20251023","PHP","USD","0.017064"
"20251024","PHP","USD","0.017034"
"20251026","PHP","USD","0.017012"
"20251027","PHP","USD","0.016978"
"20251028","PHP","USD","0.01692"
"20251029","PHP","USD","0.01705"
"20251030","PHP","USD","0.016987"
"20251031","PHP","USD","0.017026"
"20251102","PHP","USD","0.017014"
"20251103","PHP","USD","0.017041"
"20251104","PHP","USD","0.017074"
"20251105","PHP","USD","0.017019"
"20251106","PHP","USD","0.016938"
"20251107","PHP","USD","0.016964"
"20251109","PHP","USD","0.016961"
"20251110","PHP","USD","0.016973"
"20251111","PHP","USD","0.016965"
"20251112","PHP","USD","0.016914"
"20251113","PHP","USD","0.016967"
"20251114","PHP","USD","0.016928"
"20251116","PHP","USD","0.016928"
"20251117","PHP","USD","0.016969"
"20251118","PHP","USD","0.016994"
"20251119","PHP","USD","0.016945"
"20251120","PHP","USD","0.016934"
"20251121","PHP","USD","0.017015"
"20251123","PHP","USD","0.017021"
"20251124","PHP","USD","0.016967"
"20251125","PHP","USD","0.017004"
"20251126","PHP","USD","0.017012"
"20251127","PHP","USD","0.017007"
"20251128","PHP","USD","0.017055"
"20251130","PHP","USD","0.017055"
"20251201","PHP","USD","0.017111"
"20251202","PHP","USD","0.017051"
"20251203","PHP","USD","0.016949"
"20251204","PHP","USD","0.016912"
"20251205","PHP","USD","0.016957"
"20251207","PHP","USD","0.016957"
"20251208","PHP","USD","0.016921"
"20251209","PHP","USD","0.016874"
"20251210","PHP","USD","0.016911"
"20251211","PHP","USD","0.016952"
"20251212","PHP","USD","0.016924"
"20251214","PHP","USD","0.016924"
"20251215","PHP","USD","0.016961"
"20251216","PHP","USD","0.017029"
"20251217","PHP","USD","0.017036"
"20251218","PHP","USD","0.017069"
"20251219","PHP","USD","0.017052"
"20251221","PHP","USD","0.017051"
"20251222","PHP","USD","0.017023"
"20251223","PHP","USD","0.017007"
"20251224","PHP","USD","0.017011"
"20251225","PHP","USD","0.017008"
"20251226","PHP","USD","0.01702"
"20251228","PHP","USD","0.01702"
"20251229","PHP","USD","0.016999"
"20251230","PHP","USD","0.016989"
"20251231","PHP","USD","0.016991"
"20250101","TRY","USD","0.028276"
"20250102","TRY","USD","0.02829"
"20250103","TRY","USD","0.028282"
"20250105","TRY","USD","0.028279"
"20250106","TRY","USD","0.028326"
"20250107","TRY","USD","0.0283"
"20250108","TRY","USD","0.0283"
"20250109","TRY","USD","0.028299"
"20250110","TRY","USD","0.028231"
"20250112","TRY","USD","0.02822"
"20250113","TRY","USD","0.028179"
"20250114","TRY","USD","0.028187"
"20250115","TRY","USD","0.0282"
"20250116","TRY","USD","0.028222"
"20250117","TRY","USD","0.028222"
"20250119","TRY","USD","0.028117"
"20250120","TRY","USD","0.028113"
"20250121","TRY","USD","0.028083"
"20250122","TRY","USD","0.028044"
"20250123","TRY","USD","0.028053"
"20250124","TRY","USD","0.028038"
"20250126","TRY","USD","0.028039"
"20250127","TRY","USD","0.027973"
"20250128","TRY","USD","0.027986"
"20250129","TRY","USD","0.027928"
"20250130","TRY","USD","0.027948"
"20250131","TRY","USD","0.027991"
"20250202","TRY","USD","0.027867"
"20250203","TRY","USD","0.027817"
"20250204","TRY","USD","0.027829"
"20250205","TRY","USD","0.027846"
"20250206","TRY","USD","0.027866"
"20250207","TRY","USD","0.027786"
"20250209","TRY","USD","0.027821"
"20250210","TRY","USD","0.027769"
"20250211","TRY","USD","0.027748"
"20250212","TRY","USD","0.027703"
"20250213","TRY","USD","0.027677"
"20250214","TRY","USD","0.027602"
"20250216","TRY","USD","0.027609"
"20250217","TRY","USD","0.027599"
"20250218","TRY","USD","0.027564"
"20250219","TRY","USD","0.027548"
"20250220","TRY","USD","0.027559"
"20250221","TRY","USD","0.027451"
"20250223","TRY","USD","0.027437"
"20250224","TRY","USD","0.027448"
"20250225","TRY","USD","0.027435"
"20250226","TRY","USD","0.027428"
"20250227","TRY","USD","0.027444"
"20250228","TRY","USD","0.027467"
"20250302","TRY","USD","0.027476"
"20250303","TRY","USD","0.027437"
"20250304","TRY","USD","0.027438"
"20250305","TRY","USD","0.027446"
"20250306","TRY","USD","0.027462"
"20250307","TRY","USD","0.027405"
"20250309","TRY","USD","0.02741"
"20250310","TRY","USD","0.027358"
"20250311","TRY","USD","0.027332"
"20250312","TRY","USD","0.027331"
"20250313","TRY","USD","0.027317"
"20250314","TRY","USD","0.027384"
"20250316","TRY","USD","0.027274"
"20250317","TRY","USD","0.02729"
"20250318","TRY","USD","0.027257"
"20250319","TRY","USD","0.026346"
"20250320","TRY","USD","0.026502"
"20250321","TRY","USD","0.026734"
"20250323","TRY","USD","0.026734"
"20250324","TRY","USD","0.026332"
"20250325","TRY","USD","0.026333"
"20250326","TRY","USD","0.026325"
"20250327","TRY","USD","0.026347"
"20250328","TRY","USD","0.026323"
"20250330","TRY","USD","0.026323"
"20250331","TRY","USD","0.026353"
"20250401","TRY","USD","0.026358"
"20250402","TRY","USD","0.026356"
"20250403","TRY","USD","0.026356"
"20250404","TRY","USD","0.026319"
"20250406","TRY","USD","0.026336"
"20250407","TRY","USD","0.026327"
"20250408","TRY","USD","0.026342"
"20250409","TRY","USD","0.026334"
"20250410","TRY","USD","0.026372"
"20250411","TRY","USD","0.026411"
"20250413","TRY","USD","0.026411"
"20250414","TRY","USD","0.026295"
"20250415","TRY","USD","0.026259"
"20250416","TRY","USD","0.026222"
"20250417","TRY","USD","0.026305"
"20250418","TRY","USD","0.026263"
"20250420","TRY","USD","0.026262"
"20250421","TRY","USD","0.02618"
"20250422","TRY","USD","0.026135"
"20250423","TRY","USD","0.026105"
"20250424","TRY","USD","0.026097"
"20250425","TRY","USD","0.026023"
"20250427","TRY","USD","0.026041"
"20250428","TRY","USD","0.026018"
"20250429","TRY","USD","0.025993"
"20250430","TRY","USD","0.025979"
"20250501","TRY","USD","0.026006"
"20250502","TRY","USD","0.025925"
"20250504","TRY","USD","0.025927"
"20250505","TRY","USD","0.025929"
"20250506","TRY","USD","0.025891"
"20250507","TRY","USD","0.025873"
"20250508","TRY","USD","0.025889"
"20250509","TRY","USD","0.0258"
"20250511","TRY","USD","0.025806"
"20250512","TRY","USD","0.025791"
"20250513","TRY","USD","0.025779"
"20250514","TRY","USD","0.025793"
"20250515","TRY","USD","0.025836"
"20250516","TRY","USD","0.025735"
"20250518","TRY","USD","0.025737"
"20250519","TRY","USD","0.025757"
"20250520","TRY","USD","0.025757"
"20250521","TRY","USD","0.025731"
"20250522","TRY","USD","0.02569"
"20250523","TRY","USD","0.025704"
"20250525","TRY","USD","0.02568"
"20250526","TRY","USD","0.025665"
"20250527","TRY","USD","0.025672"
"20250528","TRY","USD","0.025577"
"20250529","TRY","USD","0.02557"
"20250530","TRY","USD","0.025508"
"20250601","TRY","USD","0.025505"
"20250602","TRY","USD","0.02552"
"20250603","TRY","USD","0.025543"
"20250604","TRY","USD","0.025528"
"20250605","TRY","USD","0.025459"
"20250606","TRY","USD","0.025498"
"20250608","TRY","USD","0.02548"
"20250609","TRY","USD","0.025482"
"20250610","TRY","USD","0.025519"
"20250611","TRY","USD","0.02553"
"20250612","TRY","USD","0.02541"
"20250613","TRY","USD","0.025374"
"20250615","TRY","USD","0.025372"
"20250616","TRY","USD","0.025414"
"20250617","TRY","USD","0.025315"
"20250618","TRY","USD","0.025302"
"20250619","TRY","USD","0.025262"
"20250620","TRY","USD","0.025204"
"20250622","TRY","USD","0.025176"
"20250623","TRY","USD","0.02524"
"20250624","TRY","USD","0.025261"
"20250625","TRY","USD","0.025153"
"20250626","TRY","USD","0.025141"
"20250627","TRY","USD","0.025057"
"20250629","TRY","USD","0.025071"
"20250630","TRY","USD","0.025118"
"20250701","TRY","USD","0.025102"
"20250702","TRY","USD","0.025142"
"20250703","TRY","USD","0.02511"
"20250704","TRY","USD","0.025092"
"20250706","TRY","USD","0.025085"
"20250707","TRY","USD","0.025013"
"20250708","TRY","USD","0.024976"
"20250709","TRY","USD","0.024976"
"20250710","TRY","USD","0.024952"
"20250711","TRY","USD","0.024887"
"20250713","TRY","USD","0.024884"
"20250714","TRY","USD","0.024894"
"20250715","TRY","USD","0.024865"
"20250716","TRY","USD","0.024831"
"20250717","TRY","USD","0.024823"
"20250718","TRY","USD","0.024756"
"20250720","TRY","USD","0.024765"
"20250721","TRY","USD","0.024763"
"20250722","TRY","USD","0.024757"
"20250723","TRY","USD","0.02472"
"20250724","TRY","USD","0.024591"
"20250725","TRY","USD","0.024652"
"20250727","TRY","USD","0.024659"
"20250728","TRY","USD","0.024663"
"20250729","TRY","USD","0.024646"
"20250730","TRY","USD","0.024637"
"20250731","TRY","USD","0.024612"
"20250801","TRY","USD","0.024603"
"20250803","TRY","USD","0.024615"
"20250804","TRY","USD","0.024598"
"20250805","TRY","USD","0.024588"
"20250806","TRY","USD","0.024602"
"20250807","TRY","USD","0.02463"
"20250808","TRY","USD","0.024591"
"20250810","TRY","USD","0.024578"
"20250811","TRY","USD","0.024663"
"20250812","TRY","USD","0.024554"
"20250813","TRY","USD","0.024525"
"20250814","TRY","USD","0.024502"
"20250815","TRY","USD","0.024493"
"20250817","TRY","USD","0.024477"
"20250818","TRY","USD","0.024459"
"20250819","TRY","USD","0.024454"
"20250820","TRY","USD","0.024442"
"20250821","TRY","USD","0.024429"
"20250822","TRY","USD","0.024428"
"20250824","TRY","USD","0.024405"
"20250825","TRY","USD","0.024395"
"20250826","TRY","USD","0.02437"
"20250827","TRY","USD","0.024368"
"20250828","TRY","USD","0.024368"
"20250829","TRY","USD","0.024306"
"20250831","TRY","USD","0.024307"
"20250901","TRY","USD","0.024322"
"20250902","TRY","USD","0.024308"
"20250903","TRY","USD","0.024297"
"20250904","TRY","USD","0.024297"
"20250905","TRY","USD","0.024249"
"20250907","TRY","USD","0.024235"
"20250908","TRY","USD","0.024242"
"20250909","TRY","USD","0.024236"
"20250910","TRY","USD","0.02423"
"20250911","TRY","USD","0.024198"
"20250912","TRY","USD","0.024172"
"20250914","TRY","USD","0.024189"
"20250915","TRY","USD","0.024215"
"20250916","TRY","USD","0.024251"
"20250917","TRY","USD","0.024233"
"20250918","TRY","USD","0.024218"
"20250919","TRY","USD","0.024163"
"20250921","TRY","USD","0.024167"
"20250922","TRY","USD","0.024174"
"20250923","TRY","USD","0.024151"
"20250924","TRY","USD","0.024123"
"20250925","TRY","USD","0.024105"
"20250926","TRY","USD","0.024084"
"20250928","TRY","USD","0.024054"
"20250929","TRY","USD","0.024048"
"20250930","TRY","USD","0.024047"
"20251001","TRY","USD","0.024061"
"20251002","TRY","USD","0.024037"
"20251003","TRY","USD","0.023987"
"20251005","TRY","USD","0.023991"
"20251006","TRY","USD","0.023986"
"20251007","TRY","USD","0.023981"
"20251008","TRY","USD","0.023984"
"20251009","TRY","USD","0.02394"
"20251010","TRY","USD","0.023897"
"20251012","TRY","USD","0.023931"
"20251013","TRY","USD","0.023919"
"20251014","TRY","USD","0.023914"
"20251015","TRY","USD","0.023898"
"20251016","TRY","USD","0.023899"
"20251017","TRY","USD","0.023866"
"20251019","TRY","USD","0.023872"
"20251020","TRY","USD","0.023909"
"20251021","TRY","USD","0.023824"
"20251022","TRY","USD","0.023824"
"20251023","TRY","USD","0.023819"
"20251024","TRY","USD","0.023845"
"20251026","TRY","USD","0.023839"
"20251027","TRY","USD","0.023865"
"20251028","TRY","USD","0.02384"
"20251029","TRY","USD","0.023839"
"20251030","TRY","USD","0.023829"
"20251031","TRY","USD","0.023774"
"20251102","TRY","USD","0.023774"
"20251103","TRY","USD","0.023777"
"20251104","TRY","USD","0.023784"
"20251105","TRY","USD","0.023755"
"20251106","TRY","USD","0.023748"
"20251107","TRY","USD","0.023688"
"20251109","TRY","USD","0.023679"
"20251110","TRY","USD","0.023677"
"20251111","TRY","USD","0.023682"
"20251112","TRY","USD","0.023733"
"20251113","TRY","USD","0.023656"
"20251114","TRY","USD","0.02367"
"20251116","TRY","USD","0.02367"
"20251117","TRY","USD","0.023631"
"20251118","TRY","USD","0.023618"
"20251119","TRY","USD","0.023624"
"20251120","TRY","USD","0.023603"
"20251121","TRY","USD","0.023562"
"20251123","TRY","USD","0.023562"
"20251124","TRY","USD","0.023573"
"20251125","TRY","USD","0.023561"
"20251126","TRY","USD","0.023567"
"20251127","TRY","USD","0.023567"
"20251128","TRY","USD","0.023543"
"20251130","TRY","USD","0.02353"
"20251201","TRY","USD","0.023576"
"20251202","TRY","USD","0.023618"
"20251203","TRY","USD","0.023565"
"20251204","TRY","USD","0.023535"
"20251205","TRY","USD","0.023516"
"20251207","TRY","USD","0.023505"
"20251208","TRY","USD","0.02349"
"20251209","TRY","USD","0.023481"
"20251210","TRY","USD","0.02347"
"20251211","TRY","USD","0.023473"
"20251212","TRY","USD","0.023421"
"20251214","TRY","USD","0.023419"
"20251215","TRY","USD","0.023423"
"20251216","TRY","USD","0.023423"
"20251217","TRY","USD","0.023419"
"20251218","TRY","USD","0.0234"
"20251219","TRY","USD","0.02338"
"20251221","TRY","USD","0.023416"
"20251222","TRY","USD","0.023372"
"20251223","TRY","USD","0.023351"
"20251224","TRY","USD","0.023339"
"20251225","TRY","USD","0.023337"
"20251226","TRY","USD","0.023344"
"20251228","TRY","USD","0.023295"
"20251229","TRY","USD","0.023291"
"20251230","TRY","USD","0.023288"
"20251231","TRY","USD","0.023279"
"20250101","RUB","USD","0.0088106"
"20250102","RUB","USD","0.009009"
"20250103","RUB","USD","0.0090498"
"20250105","RUB","USD","0.0090498"
"20250106","RUB","USD","0.0093023"
"20250107","RUB","USD","0.009324"
"20250108","RUB","USD","0.0095694"
"20250109","RUB","USD","0.00978"
"20250110","RUB","USD","0.009828"
"20250112","RUB","USD","0.009828"
"20250113","RUB","USD","0.0097324"
"20250114","RUB","USD","0.0097362"
"20250115","RUB","USD","0.0097561"
"20250116","RUB","USD","0.0097599"
"20250117","RUB","USD","0.0097561"
"20250119","RUB","USD","0.0097561"
"20250120","RUB","USD","0.009901"
"20250121","RUB","USD","0.01005"
"20250122","RUB","USD","0.010076"
"20250123","RUB","USD","0.010013"
"20250124","RUB","USD","0.010225"
"20250126","RUB","USD","0.010225"
"20250127","RUB","USD","0.01027"
"20250128","RUB","USD","0.010204"
"20250129","RUB","USD","0.010076"
"20250130","RUB","USD","0.010152"
"20250131","RUB","USD","0.010145"
"20250202","RUB","USD","0.010145"
"20250203","RUB","USD","0.010025"
"20250204","RUB","USD","0.0099305"
"20250205","RUB","USD","0.010204"
"20250206","RUB","USD","0.010336"
"20250207","RUB","USD","0.010309"
"20250209","RUB","USD","0.010309"
"20250210","RUB","USD","0.010349"
"20250211","RUB","USD","0.010363"
"20250212","RUB","USD","0.010638"
"20250213","RUB","USD","0.011173"
"20250214","RUB","USD","0.010974"
"20250216","RUB","USD","0.010974"
"20250217","RUB","USD","0.010929"
"20250218","RUB","USD","0.010923"
"20250219","RUB","USD","0.011158"
"20250220","RUB","USD","0.011277"
"20250221","RUB","USD","0.011299"
"20250223","RUB","USD","0.011299"
"20250224","RUB","USD","0.011396"
"20250225","RUB","USD","0.011547"
"20250226","RUB","USD","0.011517"
"20250227","RUB","USD","0.011403"
"20250228","RUB","USD","0.011189"
"20250302","RUB","USD","0.011189"
"20250303","RUB","USD","0.011148"
"20250304","RUB","USD","0.011142"
"20250305","RUB","USD","0.011062"
"20250306","RUB","USD","0.011236"
"20250307","RUB","USD","0.011111"
"20250309","RUB","USD","0.011111"
"20250310","RUB","USD","0.011412"
"20250311","RUB","USD","0.011679"
"20250312","RUB","USD","0.011474"
"20250313","RUB","USD","0.011594"
"20250314","RUB","USD","0.011696"
"20250316","RUB","USD","0.011696"
"20250317","RUB","USD","0.011983"
"20250318","RUB","USD","0.012232"
"20250319","RUB","USD","0.011905"
"20250320","RUB","USD","0.011775"
"20250321","RUB","USD","0.011834"
"20250323","RUB","USD","0.011834"
"20250324","RUB","USD","0.011923"
"20250325","RUB","USD","0.011817"
"20250326","RUB","USD","0.011894"
"20250327","RUB","USD","0.011834"
"20250328","RUB","USD","0.011772"
"20250330","RUB","USD","0.011772"
"20250331","RUB","USD","0.012048"
"20250401","RUB","USD","0.011834"
"20250402","RUB","USD","0.011869"
"20250403","RUB","USD","0.01189"
"20250404","RUB","USD","0.011834"
"20250406","RUB","USD","0.011834"
"20250407","RUB","USD","0.011608"
"20250408","RUB","USD","0.011648"
"20250409","RUB","USD","0.011608"
"20250410","RUB","USD","0.011976"
"20250411","RUB","USD","0.012012"
"20250413","RUB","USD","0.012012"
"20250414","RUB","USD","0.012157"
"20250415","RUB","USD","0.011969"
"20250416","RUB","USD","0.012048"
"20250417","RUB","USD","0.012169"
"20250418","RUB","USD","0.012179"
"20250420","RUB","USD","0.012179"
"20250421","RUB","USD","0.012344"
"20250422","RUB","USD","0.012266"
"20250423","RUB","USD","0.012048"
"20250424","RUB","USD","0.012019"
"20250425","RUB","USD","0.012103"
"20250427","RUB","USD","0.012103"
"20250428","RUB","USD","0.012099"
"20250429","RUB","USD","0.012195"
"20250430","RUB","USD","0.012195"
"20250501","RUB","USD","0.012195"
"20250502","RUB","USD","0.012085"
"20250504","RUB","USD","0.012085"
"20250505","RUB","USD","0.012299"
"20250506","RUB","USD","0.01227"
"20250507","RUB","USD","0.012403"
"20250508","RUB","USD","0.012134"
"20250509","RUB","USD","0.012121"
"20250511","RUB","USD","0.012121"
"20250512","RUB","USD","0.012346"
"20250513","RUB","USD","0.012523"
"20250514","RUB","USD","0.012442"
"20250515","RUB","USD","0.0125"
"20250516","RUB","USD","0.012346"
"20250518","RUB","USD","0.012346"
"20250519","RUB","USD","0.012384"
"20250520","RUB","USD","0.012403"
"20250521","RUB","USD","0.012539"
"20250522","RUB","USD","0.012551"
"20250523","RUB","USD","0.012579"
"20250525","RUB","USD","0.012579"
"20250526","RUB","USD","0.012538"
"20250527","RUB","USD","0.012461"
"20250528","RUB","USD","0.01252"
"20250529","RUB","USD","0.013004"
"20250530","RUB","USD","0.012903"
"20250601","RUB","USD","0.012903"
"20250602","RUB","USD","0.012618"
"20250603","RUB","USD","0.012662"
"20250604","RUB","USD","0.012618"
"20250605","RUB","USD","0.012945"
"20250606","RUB","USD","0.012682"
"20250608","RUB","USD","0.012682"
"20250609","RUB","USD","0.012658"
"20250610","RUB","USD","0.012743"
"20250611","RUB","USD","0.012579"
"20250612","RUB","USD","0.0125"
"20250613","RUB","USD","0.012545"
"20250615","RUB","USD","0.012545"
"20250616","RUB","USD","0.012719"
"20250617","RUB","USD","0.012739"
"20250618","RUB","USD","0.012739"
"20250619","RUB","USD","0.012759"
"20250620","RUB","USD","0.012739"
"20250622","RUB","USD","0.012739"
"20250623","RUB","USD","0.012739"
"20250624","RUB","USD","0.012759"
"20250625","RUB","USD","0.01278"
"20250626","RUB","USD","0.012698"
"20250627","RUB","USD","0.012739"
"20250629","RUB","USD","0.012739"
"20250630","RUB","USD","0.012788"
"20250701","RUB","USD","0.012739"
"20250702","RUB","USD","0.01267"
"20250703","RUB","USD","0.012646"
"20250704","RUB","USD","0.012698"
"20250706","RUB","USD","0.012698"
"20250707","RUB","USD","0.012706"
"20250708","RUB","USD","0.012739"
"20250709","RUB","USD","0.012794"
"20250710","RUB","USD","0.012895"
"20250711","RUB","USD","0.012827"
"20250713","RUB","USD","0.012827"
"20250714","RUB","USD","0.012804"
"20250715","RUB","USD","0.012808"
"20250716","RUB","USD","0.012762"
"20250717","RUB","USD","0.012812"
"20250718","RUB","USD","0.012705"
"20250720","RUB","USD","0.012705"
"20250721","RUB","USD","0.012788"
"20250722","RUB","USD","0.012739"
"20250723","RUB","USD","0.012755"
"20250724","RUB","USD","0.012618"
"20250725","RUB","USD","0.012593"
"20250727","RUB","USD","0.012593"
"20250728","RUB","USD","0.012293"
"20250729","RUB","USD","0.01233"
"20250730","RUB","USD","0.012344"
"20250731","RUB","USD","0.01233"
"20250801","RUB","USD","0.0125"
"20250803","RUB","USD","0.0125"
"20250804","RUB","USD","0.012527"
"20250805","RUB","USD","0.0125"
"20250806","RUB","USD","0.0125"
"20250807","RUB","USD","0.012618"
"20250808","RUB","USD","0.0125"
"20250810","RUB","USD","0.0125"
"20250811","RUB","USD","0.012579"
"20250812","RUB","USD","0.012587"
"20250813","RUB","USD","0.012587"
"20250814","RUB","USD","0.012539"
"20250815","RUB","USD","0.012477"
"20250817","RUB","USD","0.012477"
"20250818","RUB","USD","0.01246"
"20250819","RUB","USD","0.01238"
"20250820","RUB","USD","0.012422"
"20250821","RUB","USD","0.012411"
"20250822","RUB","USD","0.012415"
"20250824","RUB","USD","0.012415"
"20250825","RUB","USD","0.012392"
"20250826","RUB","USD","0.012422"
"20250827","RUB","USD","0.012446"
"20250828","RUB","USD","0.012452"
"20250829","RUB","USD","0.012674"
"20250831","RUB","USD","0.012516"
"20250901","RUB","USD","0.012411"
"20250902","RUB","USD","0.012415"
"20250903","RUB","USD","0.012346"
"20250904","RUB","USD","0.0123"
"20250905","RUB","USD","0.012308"
"20250907","RUB","USD","0.012308"
"20250908","RUB","USD","0.012125"
"20250909","RUB","USD","0.011947"
"20250910","RUB","USD","0.011834"
"20250911","RUB","USD","0.011834"
"20250912","RUB","USD","0.011905"
"20250914","RUB","USD","0.011905"
"20250915","RUB","USD","0.012048"
"20250916","RUB","USD","0.012019"
"20250917","RUB","USD","0.011905"
"20250918","RUB","USD","0.012012"
"20250919","RUB","USD","0.011976"
"20250921","RUB","USD","0.011976"
"20250922","RUB","USD","0.011958"
"20250923","RUB","USD","0.011955"
"20250924","RUB","USD","0.01194"
"20250925","RUB","USD","0.011912"
"20250926","RUB","USD","0.011994"
"20250928","RUB","USD","0.011994"
"20250929","RUB","USD","0.012037"
"20250930","RUB","USD","0.012063"
"20251001","RUB","USD","0.012121"
"20251002","RUB","USD","0.012114"
"20251003","RUB","USD","0.012158"
"20251005","RUB","USD","0.012158"
"20251006","RUB","USD","0.012048"
"20251007","RUB","USD","0.012184"
"20251008","RUB","USD","0.012268"
"20251009","RUB","USD","0.012319"
"20251010","RUB","USD","0.012251"
"20251012","RUB","USD","0.012251"
"20251013","RUB","USD","0.012323"
"20251014","RUB","USD","0.012579"
"20251015","RUB","USD","0.012715"
"20251016","RUB","USD","0.012498"
"20251017","RUB","USD","0.012319"
"20251019","RUB","USD","0.012319"
"20251020","RUB","USD","0.012369"
"20251021","RUB","USD","0.012289"
"20251022","RUB","USD","0.01227"
"20251023","RUB","USD","0.012306"
"20251024","RUB","USD","0.012539"
"20251026","RUB","USD","0.012539"
"20251027","RUB","USD","0.012618"
"20251028","RUB","USD","0.012618"
"20251029","RUB","USD","0.0125"
"20251030","RUB","USD","0.012508"
"20251031","RUB","USD","0.012376"
"20251102","RUB","USD","0.012376"
"20251103","RUB","USD","0.01239"
"20251104","RUB","USD","0.012346"
"20251105","RUB","USD","0.012293"
"20251106","RUB","USD","0.012308"
"20251107","RUB","USD","0.012353"
"20251109","RUB","USD","0.012353"
"20251110","RUB","USD","0.012308"
"20251111","RUB","USD","0.012353"
"20251112","RUB","USD","0.012304"
"20251113","RUB","USD","0.012392"
"20251114","RUB","USD","0.012369"
"20251116","RUB","USD","0.012369"
"20251117","RUB","USD","0.012308"
"20251118","RUB","USD","0.012352"
"20251119","RUB","USD","0.012415"
"20251120","RUB","USD","0.012492"
"20251121","RUB","USD","0.012642"
"20251123","RUB","USD","0.012642"
"20251124","RUB","USD","0.012739"
"20251125","RUB","USD","0.012678"
"20251126","RUB","USD","0.012739"
"20251127","RUB","USD","0.012829"
"20251128","RUB","USD","0.012903"
"20251130","RUB","USD","0.012903"
"20251201","RUB","USD","0.012866"
"20251202","RUB","USD","0.012903"
"20251203","RUB","USD","0.012885"
"20251204","RUB","USD","0.012952"
"20251205","RUB","USD","0.013072"
"20251207","RUB","USD","0.013072"
"20251208","RUB","USD","0.013063"
"20251209","RUB","USD","0.012953"
"20251210","RUB","USD","0.01278"
"20251211","RUB","USD","0.012461"
"20251212","RUB","USD","0.012492"
"20251214","RUB","USD","0.012492"
"20251215","RUB","USD","0.012579"
"20251216","RUB","USD","0.01265"
"20251217","RUB","USD","0.012422"
"20251218","RUB","USD","0.01253"
"20251219","RUB","USD","0.012422"
"20251221","RUB","USD","0.012422"
"20251222","RUB","USD","0.01269"
"20251223","RUB","USD","0.012821"
"20251224","RUB","USD","0.012658"
"20251225","RUB","USD","0.012819"
"20251226","RUB","USD","0.012893"
"20251228","RUB","USD","0.012893"
"20251229","RUB","USD","0.012739"
"20251230","RUB","USD","0.012579"
"20251231","RUB","USD","0.012698"
"20250101","AED","USD","0.27226"
"20250102","AED","USD","0.27226"
"20250103","AED","USD","0.27226"
"20250105","AED","USD","0.27226"
"20250106","AED","USD","0.27226"
"20250107","AED","USD","0.27226"
"20250108","AED","USD","0.27226"
"20250109","AED","USD","0.27226"
"20250110","AED","USD","0.27226"
"20250112","AED","USD","0.27226"
"20250113","AED","USD","0.27226"
"20250114","AED","USD","0.27225"
"20250115","AED","USD","0.27225"
"20250116","AED","USD","0.27226"
"20250117","AED","USD","0.27225"
"20250119","AED","USD","0.27226"
"20250120","AED","USD","0.27226"
"20250121","AED","USD","0.27225"
"20250122","AED","USD","0.27225"
"20250123","AED","USD","0.27226"
"20250124","AED","USD","0.27226"
"20250126","AED","USD","0.27226"
"20250127","AED","USD","0.27226"
"20250128","AED","USD","0.27226"
"20250129","AED","USD","0.27226"
"20250130","AED","USD","0.27226"
"20250131","AED","USD","0.27226"
"20250202","AED","USD","0.27225"
"20250203","AED","USD","0.27225"
"20250204","AED","USD","0.27226"
"20250205","AED","USD","0.27226"
"20250206","AED","USD","0.27226"
"20250207","AED","USD","0.27225"
"20250209","AED","USD","0.27226"
"20250210","AED","USD","0.27225"
"20250211","AED","USD","0.27226"
"20250212","AED","USD","0.27225"
"20250213","AED","USD","0.27226"
"20250214","AED","USD","0.27225"
"20250216","AED","USD","0.27226"
"20250217","AED","USD","0.27225"
"20250218","AED","USD","0.27225"
"20250219","AED","USD","0.27226"
"20250220","AED","USD","0.27226"
"20250221","AED","USD","0.27226"
"20250223","AED","USD","0.27226"
"20250224","AED","USD","0.27226"
"20250225","AED","USD","0.27228"
"20250226","AED","USD","0.27228"
"20250227","AED","USD","0.27228"
"20250228","AED","USD","0.27228"
"20250302","AED","USD","0.27228"
"20250303","AED","USD","0.27229"
"20250304","AED","USD","0.27227"
"20250305","AED","USD","0.27227"
"20250306","AED","USD","0.27227"
"20250307","AED","USD","0.27228"
"20250309","AED","USD","0.27229"
"20250310","AED","USD","0.27227"
"20250311","AED","USD","0.27228"
"20250312","AED","USD","0.27227"
"20250313","AED","USD","0.27227"
"20250314","AED","USD","0.27228"
"20250316","AED","USD","0.27228"
"20250317","AED","USD","0.27228"
"20250318","AED","USD","0.27227"
"20250319","AED","USD","0.27226"
"20250320","AED","USD","0.27226"
"20250321","AED","USD","0.27226"
"20250323","AED","USD","0.27225"
"20250324","AED","USD","0.27226"
"20250325","AED","USD","0.27225"
"20250326","AED","USD","0.27226"
"20250327","AED","USD","0.27225"
"20250328","AED","USD","0.27225"
"20250330","AED","USD","0.27225"
"20250331","AED","USD","0.27226"
"20250401","AED","USD","0.27226"
"20250402","AED","USD","0.27226"
"20250403","AED","USD","0.27226"
"20250404","AED","USD","0.27225"
"20250406","AED","USD","0.27225"
"20250407","AED","USD","0.27226"
"20250408","AED","USD","0.27225"
"20250409","AED","USD","0.27225"
"20250410","AED","USD","0.27226"
"20250411","AED","USD","0.27225"
"20250413","AED","USD","0.27225"
"20250414","AED","USD","0.27225"
"20250415","AED","USD","0.27225"
"20250416","AED","USD","0.27225"
"20250417","AED","USD","0.27225"
"20250418","AED","USD","0.27225"
"20250420","AED","USD","0.27228"
"20250421","AED","USD","0.27225"
"20250422","AED","USD","0.27225"
"20250423","AED","USD","0.27225"
"20250424","AED","USD","0.27225"
"20250425","AED","USD","0.27225"
"20250427","AED","USD","0.27225"
"20250428","AED","USD","0.27225"
"20250429","AED","USD","0.27225"
"20250430","AED","USD","0.27225"
"20250501","AED","USD","0.27225"
"20250502","AED","USD","0.27225"
"20250504","AED","USD","0.27226"
"20250505","AED","USD","0.27225"
"20250506","AED","USD","0.27225"
"20250507","AED","USD","0.27225"
"20250508","AED","USD","0.27226"
"20250509","AED","USD","0.27225"
"20250511","AED","USD","0.27226"
"20250512","AED","USD","0.27226"
"20250513","AED","USD","0.27225"
"20250514","AED","USD","0.27225"
"20250515","AED","USD","0.27226"
"20250516","AED","USD","0.27225"
"20250518","AED","USD","0.27228"
"20250519","AED","USD","0.27226"
"20250520","AED","USD","0.27226"
"20250521","AED","USD","0.27226"
"20250522","AED","USD","0.27225"
"20250523","AED","USD","0.27226"
"20250525","AED","USD","0.27226"
"20250526","AED","USD","0.27226"
"20250527","AED","USD","0.27226"
"20250528","AED","USD","0.27226"
"20250529","AED","USD","0.27226"
"20250530","AED","USD","0.27226"
"20250601","AED","USD","0.27226"
"20250602","AED","USD","0.27226"
"20250603","AED","USD","0.27226"
"20250604","AED","USD","0.27226"
"20250605","AED","USD","0.27226"
"20250606","AED","USD","0.27225"
"20250608","AED","USD","0.27226"
"20250609","AED","USD","0.27226"
"20250610","AED","USD","0.27229"
"20250611","AED","USD","0.27225"
"20250612","AED","USD","0.27225"
"20250613","AED","USD","0.27227"
"20250615","AED","USD","0.27226"
"20250616","AED","USD","0.2723"
"20250617","AED","USD","0.2723"
"20250618","AED","USD","0.2723"
"20250619","AED","USD","0.2723"
"20250620","AED","USD","0.27231"
"20250622","AED","USD","0.27231"
"20250623","AED","USD","0.2723"
"20250624","AED","USD","0.2723"
"20250625","AED","USD","0.27229"
"20250626","AED","USD","0.27229"
"20250627","AED","USD","0.27229"
"20250629","AED","USD","0.27229"
"20250630","AED","USD","0.27229"
"20250701","AED","USD","0.27225"
"20250702","AED","USD","0.27225"
"20250703","AED","USD","0.27225"
"20250704","AED","USD","0.27224"
"20250706","AED","USD","0.27224"
"20250707","AED","USD","0.27226"
"20250708","AED","USD","0.27225"
"20250709","AED","USD","0.27225"
"20250710","AED","USD","0.27226"
"20250711","AED","USD","0.27225"
"20250713","AED","USD","0.27225"
"20250714","AED","USD","0.27225"
"20250715","AED","USD","0.27225"
"20250716","AED","USD","0.27225"
"20250717","AED","USD","0.27225"
"20250718","AED","USD","0.27225"
"20250720","AED","USD","0.27225"
"20250721","AED","USD","0.27226"
"20250722","AED","USD","0.27226"
"20250723","AED","USD","0.27225"
"20250724","AED","USD","0.27225"
"20250725","AED","USD","0.27226"
"20250727","AED","USD","0.27225"
"20250728","AED","USD","0.27225"
"20250729","AED","USD","0.27225"
"20250730","AED","USD","0.27226"
"20250731","AED","USD","0.27225"
"20250801","AED","USD","0.27225"
"20250803","AED","USD","0.27225"
"20250804","AED","USD","0.27225"
"20250805","AED","USD","0.27225"
"20250806","AED","USD","0.27225"
"20250807","AED","USD","0.27226"
"20250808","AED","USD","0.27226"
"20250810","AED","USD","0.27225"
"20250811","AED","USD","0.27226"
"20250812","AED","USD","0.27226"
"20250813","AED","USD","0.27226"
"20250814","AED","USD","0.27226"
"20250815","AED","USD","0.27226"
"20250817","AED","USD","0.27226"
"20250818","AED","USD","0.27225"
"20250819","AED","USD","0.27225"
"20250820","AED","USD","0.27229"
"20250821","AED","USD","0.27227"
"20250822","AED","USD","0.27227"
"20250824","AED","USD","0.27228"
"20250825","AED","USD","0.27226"
"20250826","AED","USD","0.27226"
"20250827","AED","USD","0.27226"
"20250828","AED","USD","0.27225"
"20250829","AED","USD","0.27226"
"20250831","AED","USD","0.27228"
"20250901","AED","USD","0.27226"
"20250902","AED","USD","0.27226"
"20250903","AED","USD","0.27225"
"20250904","AED","USD","0.27225"
"20250905","AED","USD","0.27225"
"20250907","AED","USD","0.27228"
"20250908","AED","USD","0.27229"
"20250909","AED","USD","0.27226"
"20250910","AED","USD","0.27226"
"20250911","AED","USD","0.27225"
"20250912","AED","USD","0.27226"
"20250914","AED","USD","0.27226"
"20250915","AED","USD","0.27225"
"20250916","AED","USD","0.27226"
"20250917","AED","USD","0.27225"
"20250918","AED","USD","0.27225"
"20250919","AED","USD","0.27226"
"20250921","AED","USD","0.27226"
"20250922","AED","USD","0.27226"
"20250923","AED","USD","0.27226"
"20250924","AED","USD","0.27226"
"20250925","AED","USD","0.27226"
"20250926","AED","USD","0.27229"
"20250928","AED","USD","0.27228"
"20250929","AED","USD","0.27225"
"20250930","AED","USD","0.27225"
"20251001","AED","USD","0.27225"
"20251002","AED","USD","0.27225"
"20251003","AED","USD","0.27225"
"20251005","AED","USD","0.27228"
"20251006","AED","USD","0.27226"
"20251007","AED","USD","0.27229"
"20251008","AED","USD","0.27225"
"20251009","AED","USD","0.27229"
"20251010","AED","USD","0.27229"
"20251012","AED","USD","0.27228"
"20251013","AED","USD","0.27226"
"20251014","AED","USD","0.27226"
"20251015","AED","USD","0.27229"
"20251016","AED","USD","0.27225"
"20251017","AED","USD","0.27229"
"20251019","AED","USD","0.27228"
"20251020","AED","USD","0.27225"
"20251021","AED","USD","0.27226"
"20251022","AED","USD","0.27229"
"20251023","AED","USD","0.27226"
"20251024","AED","USD","0.27225"
"20251026","AED","USD","0.27229"
"20251027","AED","USD","0.27226"
"20251028","AED","USD","0.27226"
"20251029","AED","USD","0.27225"
"20251030","AED","USD","0.27226"
"20251031","AED","USD","0.27226"
"20251102","AED","USD","0.27228"
"20251103","AED","USD","0.27225"
"20251104","AED","USD","0.27225"
"20251105","AED","USD","0.27225"
"20251106","AED","USD","0.27225"
"20251107","AED","USD","0.27225"
"20251109","AED","USD","0.27228"
"20251110","AED","USD","0.27225"
"20251111","AED","USD","0.27226"
"20251112","AED","USD","0.27225"
"20251113","AED","USD","0.27225"
"20251114","AED","USD","0.27226"
"20251116","AED","USD","0.27228"
"20251117","AED","USD","0.27225"
"20251118","AED","USD","0.27226"
"20251119","AED","USD","0.27229"
"20251120","AED","USD","0.27226"
"20251121","AED","USD","0.27226"
"20251123","AED","USD","0.27229"
"20251124","AED","USD","0.27227"
"20251125","AED","USD","0.27229"
"20251126","AED","USD","0.27227"
"20251127","AED","USD","0.27227"
"20251128","AED","USD","0.27225"
"20251130","AED","USD","0.27225"
"20251201","AED","USD","0.27229"
"20251202","AED","USD","0.27229"
"20251203","AED","USD","0.27226"
"20251204","AED","USD","0.27226"
"20251205","AED","USD","0.27227"
"20251207","AED","USD","0.27228"
"20251208","AED","USD","0.27225"
"20251209","AED","USD","0.27227"
"20251210","AED","USD","0.27225"
"20251211","AED","USD","0.27225"
"20251212","AED","USD","0.27227"
"20251214","AED","USD","0.27228"
"20251215","AED","USD","0.27227"
"20251216","AED","USD","0.27226"
"20251217","AED","USD","0.27225"
"20251218","AED","USD","0.27227"
"20251219","AED","USD","0.27227"
"20251221","AED","USD","0.27229"
"20251222","AED","USD","0.27226"
"20251223","AED","USD","0.27226"
"20251224","AED","USD","0.27229"
"20251225","AED","USD","0.27227"
"20251226","AED","USD","0.27227"
"20251228","AED","USD","0.27226"
"20251229","AED","USD","0.27227"
"20251230","AED","USD","0.27226"
"20251231","AED","USD","0.27227"
"20250101","TWD","USD","0.030472"
"20250102","TWD","USD","0.030381"
"20250103","TWD","USD","0.030372"
"20250105","TWD","USD","0.030364"
"20250106","TWD","USD","0.030517"
"20250107","TWD","USD","0.030509"
"20250108","TWD","USD","0.030412"
"20250109","TWD","USD","0.030408"
"20250110","TWD","USD","0.030194"
"20250112","TWD","USD","0.030194"
"20250113","TWD","USD","0.030225"
"20250114","TWD","USD","0.030322"
"20250115","TWD","USD","0.030358"
"20250116","TWD","USD","0.030374"
"20250117","TWD","USD","0.030396"
"20250119","TWD","USD","0.03039"
"20250120","TWD","USD","0.030613"
"20250121","TWD","USD","0.030643"
"20250122","TWD","USD","0.030564"
"20250123","TWD","USD","0.03056"
"20250124","TWD","USD","0.030543"
"20250126","TWD","USD","0.030536"
"20250127","TWD","USD","0.03041"
"20250128","TWD","USD","0.030455"
"20250129","TWD","USD","0.030458"
"20250130","TWD","USD","0.030409"
"20250131","TWD","USD","0.030321"
"20250202","TWD","USD","0.030321"
"20250203","TWD","USD","0.030312"
"20250204","TWD","USD","0.030399"
"20250205","TWD","USD","0.030448"
"20250206","TWD","USD","0.030477"
"20250207","TWD","USD","0.030441"
"20250209","TWD","USD","0.030455"
"20250210","TWD","USD","0.030492"
"20250211","TWD","USD","0.03046"
"20250212","TWD","USD","0.030425"
"20250213","TWD","USD","0.030644"
"20250214","TWD","USD","0.030602"
"20250216","TWD","USD","0.030599"
"20250217","TWD","USD","0.030538"
"20250218","TWD","USD","0.030539"
"20250219","TWD","USD","0.030535"
"20250220","TWD","USD","0.030585"
"20250221","TWD","USD","0.030504"
"20250223","TWD","USD","0.030525"
"20250224","TWD","USD","0.030552"
"20250225","TWD","USD","0.03052"
"20250226","TWD","USD","0.030514"
"20250227","TWD","USD","0.030351"
"20250228","TWD","USD","0.030373"
"20250302","TWD","USD","0.030414"
"20250303","TWD","USD","0.030384"
"20250304","TWD","USD","0.030507"
"20250305","TWD","USD","0.030454"
"20250306","TWD","USD","0.030397"
"20250307","TWD","USD","0.030447"
"20250309","TWD","USD","0.030449"
"20250310","TWD","USD","0.030378"
"20250311","TWD","USD","0.030403"
"20250312","TWD","USD","0.03036"
"20250313","TWD","USD","0.030318"
"20250314","TWD","USD","0.030351"
"20250316","TWD","USD","0.030357"
"20250317","TWD","USD","0.030346"
"20250318","TWD","USD","0.030316"
"20250319","TWD","USD","0.030282"
"20250320","TWD","USD","0.030284"
"20250321","TWD","USD","0.030299"
"20250323","TWD","USD","0.030299"
"20250324","TWD","USD","0.030275"
"20250325","TWD","USD","0.030242"
"20250326","TWD","USD","0.030185"
"20250327","TWD","USD","0.030214"
"20250328","TWD","USD","0.030121"
"20250330","TWD","USD","0.03012"
"20250331","TWD","USD","0.03006"
"20250401","TWD","USD","0.030093"
"20250402","TWD","USD","0.0301"
"20250403","TWD","USD","0.030257"
"20250404","TWD","USD","0.03015"
"20250406","TWD","USD","0.03015"
"20250407","TWD","USD","0.0303"
"20250408","TWD","USD","0.030195"
"20250409","TWD","USD","0.030673"
"20250410","TWD","USD","0.030473"
"20250411","TWD","USD","0.030908"
"20250413","TWD","USD","0.030886"
"20250414","TWD","USD","0.030904"
"20250415","TWD","USD","0.03075"
"20250416","TWD","USD","0.030882"
"20250417","TWD","USD","0.030742"
"20250418","TWD","USD","0.030675"
"20250420","TWD","USD","0.030702"
"20250421","TWD","USD","0.030815"
"20250422","TWD","USD","0.030686"
"20250423","TWD","USD","0.03071"
"20250424","TWD","USD","0.03082"
"20250425","TWD","USD","0.030724"
"20250427","TWD","USD","0.030737"
"20250428","TWD","USD","0.030834"
"20250429","TWD","USD","0.030924"
"20250430","TWD","USD","0.031202"
"20250501","TWD","USD","0.031128"
"20250502","TWD","USD","0.032558"
"20250504","TWD","USD","0.032553"
"20250505","TWD","USD","0.034274"
"20250506","TWD","USD","0.033341"
"20250507","TWD","USD","0.032889"
"20250508","TWD","USD","0.033024"
"20250509","TWD","USD","0.033045"
"20250511","TWD","USD","0.033118"
"20250512","TWD","USD","0.032884"
"20250513","TWD","USD","0.032844"
"20250514","TWD","USD","0.032951"
"20250515","TWD","USD","0.033128"
"20250516","TWD","USD","0.033089"
"20250518","TWD","USD","0.033093"
"20250519","TWD","USD","0.033159"
"20250520","TWD","USD","0.033174"
"20250521","TWD","USD","0.033292"
"20250522","TWD","USD","0.033261"
"20250523","TWD","USD","0.033359"
"20250525","TWD","USD","0.033348"
"20250526","TWD","USD","0.033412"
"20250527","TWD","USD","0.033333"
"20250528","TWD","USD","0.033431"
"20250529","TWD","USD","0.033519"
"20250530","TWD","USD","0.033417"
"20250601","TWD","USD","0.03346"
"20250602","TWD","USD","0.033332"
"20250603","TWD","USD","0.033327"
"20250604","TWD","USD","0.033385"
"20250605","TWD","USD","0.033378"
"20250606","TWD","USD","0.033399"
"20250608","TWD","USD","0.033408"
"20250609","TWD","USD","0.03341"
"20250610","TWD","USD","0.033444"
"20250611","TWD","USD","0.033474"
"20250612","TWD","USD","0.033849"
"20250613","TWD","USD","0.03386"
"20250615","TWD","USD","0.03384"
"20250616","TWD","USD","0.033936"
"20250617","TWD","USD","0.033712"
"20250618","TWD","USD","0.033826"
"20250619","TWD","USD","0.033783"
"20250620","TWD","USD","0.033798"
"20250622","TWD","USD","0.033843"
"20250623","TWD","USD","0.033756"
"20250624","TWD","USD","0.033927"
"20250625","TWD","USD","0.034091"
"20250626","TWD","USD","0.034279"
"20250627","TWD","USD","0.034364"
"20250629","TWD","USD","0.034352"
"20250630","TWD","USD","0.03425"
"20250701","TWD","USD","0.034143"
"20250702","TWD","USD","0.034509"
"20250703","TWD","USD","0.034558"
"20250704","TWD","USD","0.034575"
"20250706","TWD","USD","0.034583"
"20250707","TWD","USD","0.034353"
"20250708","TWD","USD","0.034339"
"20250709","TWD","USD","0.034222"
"20250710","TWD","USD","0.034195"
"20250711","TWD","USD","0.034188"
"20250713","TWD","USD","0.034214"
"20250714","TWD","USD","0.034029"
"20250715","TWD","USD","0.034002"
"20250716","TWD","USD","0.034061"
"20250717","TWD","USD","0.033978"
"20250718","TWD","USD","0.033999"
"20250720","TWD","USD","0.034022"
"20250721","TWD","USD","0.034049"
"20250722","TWD","USD","0.034024"
"20250723","TWD","USD","0.034182"
"20250724","TWD","USD","0.034004"
"20250725","TWD","USD","0.033912"
"20250727","TWD","USD","0.033913"
"20250728","TWD","USD","0.033706"
"20250729","TWD","USD","0.033731"
"20250730","TWD","USD","0.033478"
"20250731","TWD","USD","0.033428"
"20250801","TWD","USD","0.033523"
"20250803","TWD","USD","0.033523"
"20250804","TWD","USD","0.033446"
"20250805","TWD","USD","0.033414"
"20250806","TWD","USD","0.033421"
"20250807","TWD","USD","0.033536"
"20250808","TWD","USD","0.033442"
"20250810","TWD","USD","0.033483"
"20250811","TWD","USD","0.033372"
"20250812","TWD","USD","0.033411"
"20250813","TWD","USD","0.033367"
"20250814","TWD","USD","0.033248"
"20250815","TWD","USD","0.033299"
"20250817","TWD","USD","0.033329"
"20250818","TWD","USD","0.033277"
"20250819","TWD","USD","0.033184"
"20250820","TWD","USD","0.033014"
"20250821","TWD","USD","0.032752"
"20250822","TWD","USD","0.032912"
"20250824","TWD","USD","0.032914"
"20250825","TWD","USD","0.032825"
"20250826","TWD","USD","0.032684"
"20250827","TWD","USD","0.032724"
"20250828","TWD","USD","0.032794"
"20250829","TWD","USD","0.032706"
"20250831","TWD","USD","0.032706"
"20250901","TWD","USD","0.032644"
"20250902","TWD","USD","0.032505"
"20250903","TWD","USD","0.03254"
"20250904","TWD","USD","0.032558"
"20250905","TWD","USD","0.032795"
"20250907","TWD","USD","0.032793"
"20250908","TWD","USD","0.032931"
"20250909","TWD","USD","0.032938"
"20250910","TWD","USD","0.033024"
"20250911","TWD","USD","0.032995"
"20250912","TWD","USD","0.033004"
"20250914","TWD","USD","0.033003"
"20250915","TWD","USD","0.033105"
"20250916","TWD","USD","0.03326"
"20250917","TWD","USD","0.033217"
"20250918","TWD","USD","0.033196"
"20250919","TWD","USD","0.033067"
"20250921","TWD","USD","0.033079"
"20250922","TWD","USD","0.033088"
"20250923","TWD","USD","0.032982"
"20250924","TWD","USD","0.032911"
"20250925","TWD","USD","0.03275"
"20250926","TWD","USD","0.032828"
"20250928","TWD","USD","0.032831"
"20250929","TWD","USD","0.032807"
"20250930","TWD","USD","0.03283"
"20251001","TWD","USD","0.032869"
"20251002","TWD","USD","0.032818"
"20251003","TWD","USD","0.032894"
"20251005","TWD","USD","0.032897"
"20251006","TWD","USD","0.032786"
"20251007","TWD","USD","0.032732"
"20251008","TWD","USD","0.032727"
"20251009","TWD","USD","0.032685"
"20251010","TWD","USD","0.032552"
"20251012","TWD","USD","0.032552"
"20251013","TWD","USD","0.032573"
"20251014","TWD","USD","0.03258"
"20251015","TWD","USD","0.032648"
"20251016","TWD","USD","0.032648"
"20251017","TWD","USD","0.032637"
"20251019","TWD","USD","0.03264"
"20251020","TWD","USD","0.032686"
"20251021","TWD","USD","0.03258"
"20251022","TWD","USD","0.032508"
"20251023","TWD","USD","0.032502"
"20251024","TWD","USD","0.032418"
"20251026","TWD","USD","0.032417"
"20251027","TWD","USD","0.032657"
"20251028","TWD","USD","0.032728"
"20251029","TWD","USD","0.032638"
"20251030","TWD","USD","0.032568"
"20251031","TWD","USD","0.032481"
"20251102","TWD","USD","0.032474"
"20251103","TWD","USD","0.032338"
"20251104","TWD","USD","0.032329"
"20251105","TWD","USD","0.032357"
"20251106","TWD","USD","0.032258"
"20251107","TWD","USD","0.032276"
"20251109","TWD","USD","0.032284"
"20251110","TWD","USD","0.032272"
"20251111","TWD","USD","0.032243"
"20251112","TWD","USD","0.032176"
"20251113","TWD","USD","0.032117"
"20251114","TWD","USD","0.032532"
"20251116","TWD","USD","0.032532"
"20251117","TWD","USD","0.032065"
"20251118","TWD","USD","0.032137"
"20251119","TWD","USD","0.032046"
"20251120","TWD","USD","0.031886"
"20251121","TWD","USD","0.031894"
"20251123","TWD","USD","0.031894"
"20251124","TWD","USD","0.031802"
"20251125","TWD","USD","0.03184"
"20251126","TWD","USD","0.031985"
"20251127","TWD","USD","0.031947"
"20251128","TWD","USD","0.031851"
"20251130","TWD","USD","0.031854"
"20251201","TWD","USD","0.031837"
"20251202","TWD","USD","0.03185"
"20251203","TWD","USD","0.03192"
"20251204","TWD","USD","0.031867"
"20251205","TWD","USD","0.03196"
"20251207","TWD","USD","0.03196"
"20251208","TWD","USD","0.032075"
"20251209","TWD","USD","0.032109"
"20251210","TWD","USD","0.032148"
"20251211","TWD","USD","0.03204"
"20251212","TWD","USD","0.031893"
"20251214","TWD","USD","0.031893"
"20251215","TWD","USD","0.031902"
"20251216","TWD","USD","0.031762"
"20251217","TWD","USD","0.031633"
"20251218","TWD","USD","0.031716"
"20251219","TWD","USD","0.031723"
"20251221","TWD","USD","0.031727"
"20251222","TWD","USD","0.031733"
"20251223","TWD","USD","0.031775"
"20251224","TWD","USD","0.031792"
"20251225","TWD","USD","0.031805"
"20251226","TWD","USD","0.031857"
"20251228","TWD","USD","0.031852"
"20251229","TWD","USD","0.031917"
"20251230","TWD","USD","0.031986"
"20251231","TWD","USD","0.031914"
"20250101","HKD","USD","0.12873"
"20250102","HKD","USD","0.12859"
"20250103","HKD","USD","0.12856"
"20250105","HKD","USD","0.12856"
"20250106","HKD","USD","0.12861"
"20250107","HKD","USD","0.12859"
"20250108","HKD","USD","0.12855"
"20250109","HKD","USD","0.12849"
"20250110","HKD","USD","0.12841"
"20250112","HKD","USD","0.12842"
"20250113","HKD","USD","0.12843"
"20250114","HKD","USD","0.12842"
"20250115","HKD","USD","0.12843"
"20250116","HKD","USD","0.12842"
"20250117","HKD","USD","0.12844"
"20250119","HKD","USD","0.12844"
"20250120","HKD","USD","0.12853"
"20250121","HKD","USD","0.12845"
"20250122","HKD","USD","0.12839"
"20250123","HKD","USD","0.12838"
"20250124","HKD","USD","0.12842"
"20250126","HKD","USD","0.1284"
"20250127","HKD","USD","0.1284"
"20250128","HKD","USD","0.12837"
"20250129","HKD","USD","0.12833"
"20250130","HKD","USD","0.12834"
"20250131","HKD","USD","0.12833"
"20250202","HKD","USD","0.1283"
"20250203","HKD","USD","0.12832"
"20250204","HKD","USD","0.12842"
"20250205","HKD","USD","0.12843"
"20250206","HKD","USD","0.12843"
"20250207","HKD","USD","0.12836"
"20250209","HKD","USD","0.12836"
"20250210","HKD","USD","0.12839"
"20250211","HKD","USD","0.12834"
"20250212","HKD","USD","0.12837"
"20250213","HKD","USD","0.1284"
"20250214","HKD","USD","0.12846"
"20250216","HKD","USD","0.12846"
"20250217","HKD","USD","0.12853"
"20250218","HKD","USD","0.12862"
"20250219","HKD","USD","0.12858"
"20250220","HKD","USD","0.1286"
"20250221","HKD","USD","0.1287"
"20250223","HKD","USD","0.1287"
"20250224","HKD","USD","0.12862"
"20250225","HKD","USD","0.12864"
"20250226","HKD","USD","0.12863"
"20250227","HKD","USD","0.12857"
"20250228","HKD","USD","0.12856"
"20250302","HKD","USD","0.12856"
"20250303","HKD","USD","0.12858"
"20250304","HKD","USD","0.12868"
"20250305","HKD","USD","0.12869"
"20250306","HKD","USD","0.12867"
"20250307","HKD","USD","0.12869"
"20250309","HKD","USD","0.12869"
"20250310","HKD","USD","0.12872"
"20250311","HKD","USD","0.12869"
"20250312","HKD","USD","0.12871"
"20250313","HKD","USD","0.12866"
"20250314","HKD","USD","0.12866"
"20250316","HKD","USD","0.12865"
"20250317","HKD","USD","0.12871"
"20250318","HKD","USD","0.12871"
"20250319","HKD","USD","0.12869"
"20250320","HKD","USD","0.12865"
"20250321","HKD","USD","0.12864"
"20250323","HKD","USD","0.12864"
"20250324","HKD","USD","0.12863"
"20250325","HKD","USD","0.12862"
"20250326","HKD","USD","0.1286"
"20250327","HKD","USD","0.12861"
"20250328","HKD","USD","0.12857"
"20250330","HKD","USD","0.12856"
"20250331","HKD","USD","0.12853"
"20250401","HKD","USD","0.12852"
"20250402","HKD","USD","0.12849"
"20250403","HKD","USD","0.12856"
"20250404","HKD","USD","0.12863"
"20250406","HKD","USD","0.12862"
"20250407","HKD","USD","0.12874"
"20250408","HKD","USD","0.12868"
"20250409","HKD","USD","0.12885"
"20250410","HKD","USD","0.12889"
"20250411","HKD","USD","0.12897"
"20250413","HKD","USD","0.12897"
"20250414","HKD","USD","0.12893"
"20250415","HKD","USD","0.1289"
"20250416","HKD","USD","0.12882"
"20250417","HKD","USD","0.1288"
"20250418","HKD","USD","0.12883"
"20250420","HKD","USD","0.12883"
"20250421","HKD","USD","0.12888"
"20250422","HKD","USD","0.1289"
"20250423","HKD","USD","0.12886"
"20250424","HKD","USD","0.12889"
"20250425","HKD","USD","0.12892"
"20250427","HKD","USD","0.12891"
"20250428","HKD","USD","0.12892"
"20250429","HKD","USD","0.12889"
"20250430","HKD","USD","0.12894"
"20250501","HKD","USD","0.12892"
"20250502","HKD","USD","0.12903"
"20250504","HKD","USD","0.12902"
"20250505","HKD","USD","0.12903"
"20250506","HKD","USD","0.12898"
"20250507","HKD","USD","0.12884"
"20250508","HKD","USD","0.12864"
"20250509","HKD","USD","0.12856"
"20250511","HKD","USD","0.12856"
"20250512","HKD","USD","0.12835"
"20250513","HKD","USD","0.12825"
"20250514","HKD","USD","0.12808"
"20250515","HKD","USD","0.12811"
"20250516","HKD","USD","0.12797"
"20250518","HKD","USD","0.12797"
"20250519","HKD","USD","0.12785"
"20250520","HKD","USD","0.12777"
"20250521","HKD","USD","0.12768"
"20250522","HKD","USD","0.12777"
"20250523","HKD","USD","0.12767"
"20250525","HKD","USD","0.12767"
"20250526","HKD","USD","0.12761"
"20250527","HKD","USD","0.12757"
"20250528","HKD","USD","0.12757"
"20250529","HKD","USD","0.12752"
"20250530","HKD","USD","0.12754"
"20250601","HKD","USD","0.12754"
"20250602","HKD","USD","0.12748"
"20250603","HKD","USD","0.12747"
"20250604","HKD","USD","0.12744"
"20250605","HKD","USD","0.12745"
"20250606","HKD","USD","0.12744"
"20250608","HKD","USD","0.12744"
"20250609","HKD","USD","0.12743"
"20250610","HKD","USD","0.12742"
"20250611","HKD","USD","0.1274"
"20250612","HKD","USD","0.1274"
"20250613","HKD","USD","0.1274"
"20250615","HKD","USD","0.1274"
"20250616","HKD","USD","0.12739"
"20250617","HKD","USD","0.12739"
"20250618","HKD","USD","0.12739"
"20250619","HKD","USD","0.12739"
"20250620","HKD","USD","0.12739"
"20250622","HKD","USD","0.1274"
"20250623","HKD","USD","0.12739"
"20250624","HKD","USD","0.12739"
"20250625","HKD","USD","0.12739"
"20250626","HKD","USD","0.12739"
"20250627","HKD","USD","0.12739"
"20250629","HKD","USD","0.1274"
"20250630","HKD","USD","0.12739"
"20250701","HKD","USD","0.12739"
"20250702","HKD","USD","0.12739"
"20250703","HKD","USD","0.12739"
"20250704","HKD","USD","0.12739"
"20250706","HKD","USD","0.1274"
"20250707","HKD","USD","0.12739"
"20250708","HKD","USD","0.12739"
"20250709","HKD","USD","0.12739"
"20250710","HKD","USD","0.12739"
"20250711","HKD","USD","0.12739"
"20250713","HKD","USD","0.12739"
"20250714","HKD","USD","0.12739"
"20250715","HKD","USD","0.12739"
"20250716","HKD","USD","0.12739"
"20250717","HKD","USD","0.1274"
"20250718","HKD","USD","0.12743"
"20250720","HKD","USD","0.12743"
"20250721","HKD","USD","0.12739"
"20250722","HKD","USD","0.12739"
"20250723","HKD","USD","0.12739"
"20250724","HKD","USD","0.12739"
"20250725","HKD","USD","0.1274"
"20250727","HKD","USD","0.1274"
"20250728","HKD","USD","0.12739"
"20250729","HKD","USD","0.12739"
"20250730","HKD","USD","0.12739"
"20250731","HKD","USD","0.12739"
"20250801","HKD","USD","0.1274"
"20250803","HKD","USD","0.12739"
"20250804","HKD","USD","0.12739"
"20250805","HKD","USD","0.12739"
"20250806","HKD","USD","0.12739"
"20250807","HKD","USD","0.12739"
"20250808","HKD","USD","0.12739"
"20250810","HKD","USD","0.12739"
"20250811","HKD","USD","0.12739"
"20250812","HKD","USD","0.12739"
"20250813","HKD","USD","0.12739"
"20250814","HKD","USD","0.12766"
"20250815","HKD","USD","0.12778"
"20250817","HKD","USD","0.12778"
"20250818","HKD","USD","0.12787"
"20250819","HKD","USD","0.12822"
"20250820","HKD","USD","0.128"
"20250821","HKD","USD","0.12798"
"20250822","HKD","USD","0.12797"
"20250824","HKD","USD","0.12797"
"20250825","HKD","USD","0.12801"
"20250826","HKD","USD","0.12832"
"20250827","HKD","USD","0.12844"
"20250828","HKD","USD","0.1283"
"20250829","HKD","USD","0.12825"
"20250831","HKD","USD","0.12825"
"20250901","HKD","USD","0.12826"
"20250902","HKD","USD","0.12809"
"20250903","HKD","USD","0.1282"
"20250904","HKD","USD","0.12819"
"20250905","HKD","USD","0.12826"
"20250907","HKD","USD","0.12825"
"20250908","HKD","USD","0.12832"
"20250909","HKD","USD","0.12838"
"20250910","HKD","USD","0.12838"
"20250911","HKD","USD","0.12839"
"20250912","HKD","USD","0.12853"
"20250914","HKD","USD","0.12853"
"20250915","HKD","USD","0.12854"
"20250916","HKD","USD","0.12853"
"20250917","HKD","USD","0.12856"
"20250918","HKD","USD","0.12857"
"20250919","HKD","USD","0.12862"
"20250921","HKD","USD","0.12862"
"20250922","HKD","USD","0.1287"
"20250923","HKD","USD","0.1286"
"20250924","HKD","USD","0.12856"
"20250925","HKD","USD","0.12848"
"20250926","HKD","USD","0.12854"
"20250928","HKD","USD","0.12854"
"20250929","HKD","USD","0.12847"
"20250930","HKD","USD","0.12849"
"20251001","HKD","USD","0.1285"
"20251002","HKD","USD","0.12849"
"20251003","HKD","USD","0.12852"
"20251005","HKD","USD","0.12852"
"20251006","HKD","USD","0.12849"
"20251007","HKD","USD","0.12848"
"20251008","HKD","USD","0.1285"
"20251009","HKD","USD","0.12851"
"20251010","HKD","USD","0.1285"
"20251012","HKD","USD","0.1285"
"20251013","HKD","USD","0.12853"
"20251014","HKD","USD","0.12863"
"20251015","HKD","USD","0.12862"
"20251016","HKD","USD","0.12869"
"20251017","HKD","USD","0.12873"
"20251019","HKD","USD","0.12873"
"20251020","HKD","USD","0.12873"
"20251021","HKD","USD","0.12867"
"20251022","HKD","USD","0.12867"
"20251023","HKD","USD","0.12867"
"20251024","HKD","USD","0.1287"
"20251026","HKD","USD","0.1287"
"20251027","HKD","USD","0.12874"
"20251028","HKD","USD","0.12871"
"20251029","HKD","USD","0.12868"
"20251030","HKD","USD","0.1287"
"20251031","HKD","USD","0.12869"
"20251102","HKD","USD","0.12869"
"20251103","HKD","USD","0.12866"
"20251104","HKD","USD","0.12863"
"20251105","HKD","USD","0.12862"
"20251106","HKD","USD","0.12861"
"20251107","HKD","USD","0.12858"
"20251109","HKD","USD","0.12859"
"20251110","HKD","USD","0.12864"
"20251111","HKD","USD","0.12866"
"20251112","HKD","USD","0.12867"
"20251113","HKD","USD","0.12868"
"20251114","HKD","USD","0.12865"
"20251116","HKD","USD","0.12865"
"20251117","HKD","USD","0.12863"
"20251118","HKD","USD","0.12845"
"20251119","HKD","USD","0.12836"
"20251120","HKD","USD","0.12847"
"20251121","HKD","USD","0.12849"
"20251123","HKD","USD","0.12849"
"20251124","HKD","USD","0.12851"
"20251125","HKD","USD","0.12861"
"20251126","HKD","USD","0.12856"
"20251127","HKD","USD","0.12854"
"20251128","HKD","USD","0.12844"
"20251130","HKD","USD","0.12844"
"20251201","HKD","USD","0.12839"
"20251202","HKD","USD","0.12846"
"20251203","HKD","USD","0.12847"
"20251204","HKD","USD","0.12849"
"20251205","HKD","USD","0.12845"
"20251207","HKD","USD","0.12846"
"20251208","HKD","USD","0.12852"
"20251209","HKD","USD","0.1285"
"20251210","HKD","USD","0.12852"
"20251211","HKD","USD","0.1285"
"20251212","HKD","USD","0.12846"
"20251214","HKD","USD","0.12847"
"20251215","HKD","USD","0.1285"
"20251216","HKD","USD","0.12853"
"20251217","HKD","USD","0.12852"
"20251218","HKD","USD","0.12852"
"20251219","HKD","USD","0.12851"
"20251221","HKD","USD","0.12851"
"20251222","HKD","USD","0.12852"
"20251223","HKD","USD","0.12858"
"20251224","HKD","USD","0.12861"
"20251225","HKD","USD","0.12861"
"20251226","HKD","USD","0.12868"
"20251228","HKD","USD","0.12868"
"20251229","HKD","USD","0.12863"
"20251230","HKD","USD","0.12852"
"20251231","HKD","USD","0.12849"
"20250101","EUR","USD","1.0356"
"20250102","EUR","USD","1.0267"
"20250103","EUR","USD","1.0309"
"20250105","EUR","USD","1.0303"
"20250106","EUR","USD","1.039"
"20250107","EUR","USD","1.034"
"20250108","EUR","USD","1.0319"
"20250109","EUR","USD","1.03"
"20250110","EUR","USD","1.0246"
"20250112","EUR","USD","1.0238"
"20250113","EUR","USD","1.0216"
"20250114","EUR","USD","1.0308"
"20250115","EUR","USD","1.029"
"20250116","EUR","USD","1.0301"
"20250117","EUR","USD","1.0272"
"20250119","EUR","USD","1.0272"
"20250120","EUR","USD","1.0417"
"20250121","EUR","USD","1.043"
"20250122","EUR","USD","1.041"
"20250123","EUR","USD","1.0416"
"20250124","EUR","USD","1.0494"
"20250126","EUR","USD","1.0478"
"20250127","EUR","USD","1.0492"
"20250128","EUR","USD","1.0431"
"20250129","EUR","USD","1.0421"
"20250130","EUR","USD","1.0392"
"20250131","EUR","USD","1.0362"
"20250202","EUR","USD","1.0262"
"20250203","EUR","USD","1.0343"
"20250204","EUR","USD","1.0379"
"20250205","EUR","USD","1.0403"
"20250206","EUR","USD","1.0383"
"20250207","EUR","USD","1.0327"
"20250209","EUR","USD","1.0292"
"20250210","EUR","USD","1.0307"
"20250211","EUR","USD","1.0362"
"20250212","EUR","USD","1.0383"
"20250213","EUR","USD","1.0465"
"20250214","EUR","USD","1.0492"
"20250216","EUR","USD","1.0487"
"20250217","EUR","USD","1.0484"
"20250218","EUR","USD","1.0446"
"20250219","EUR","USD","1.0423"
"20250220","EUR","USD","1.0501"
"20250221","EUR","USD","1.046"
"20250223","EUR","USD","1.0479"
"20250224","EUR","USD","1.0468"
"20250225","EUR","USD","1.0515"
"20250226","EUR","USD","1.0485"
"20250227","EUR","USD","1.0399"
"20250228","EUR","USD","1.0376"
"20250302","EUR","USD","1.0405"
"20250303","EUR","USD","1.0488"
"20250304","EUR","USD","1.0626"
"20250305","EUR","USD","1.0789"
"20250306","EUR","USD","1.0785"
"20250307","EUR","USD","1.0834"
"20250309","EUR","USD","1.0832"
"20250310","EUR","USD","1.0835"
"20250311","EUR","USD","1.0919"
"20250312","EUR","USD","1.0887"
"20250313","EUR","USD","1.0852"
"20250314","EUR","USD","1.0879"
"20250316","EUR","USD","1.0878"
"20250317","EUR","USD","1.0922"
"20250318","EUR","USD","1.0944"
"20250319","EUR","USD","1.0903"
"20250320","EUR","USD","1.0853"
"20250321","EUR","USD","1.0815"
"20250323","EUR","USD","1.0814"
"20250324","EUR","USD","1.0801"
"20250325","EUR","USD","1.0792"
"20250326","EUR","USD","1.0753"
"20250327","EUR","USD","1.0802"
"20250328","EUR","USD","1.083"
"20250330","EUR","USD","1.0821"
"20250331","EUR","USD","1.0815"
"20250401","EUR","USD","1.0792"
"20250402","EUR","USD","1.0856"
"20250403","EUR","USD","1.1052"
"20250404","EUR","USD","1.0963"
"20250406","EUR","USD","1.0956"
"20250407","EUR","USD","1.0906"
"20250408","EUR","USD","1.0958"
"20250409","EUR","USD","1.095"
"20250410","EUR","USD","1.12"
"20250411","EUR","USD","1.136"
"20250413","EUR","USD","1.1326"
"20250414","EUR","USD","1.135"
"20250415","EUR","USD","1.1282"
"20250416","EUR","USD","1.1399"
"20250417","EUR","USD","1.1364"
"20250418","EUR","USD","1.1392"
"20250420","EUR","USD","1.1397"
"20250421","EUR","USD","1.1513"
"20250422","EUR","USD","1.1421"
"20250423","EUR","USD","1.1315"
"20250424","EUR","USD","1.1389"
"20250425","EUR","USD","1.1364"
"20250427","EUR","USD","1.1366"
"20250428","EUR","USD","1.1422"
"20250429","EUR","USD","1.1385"
"20250430","EUR","USD","1.1328"
"20250501","EUR","USD","1.1291"
"20250502","EUR","USD","1.1299"
"20250504","EUR","USD","1.1304"
"20250505","EUR","USD","1.1315"
"20250506","EUR","USD","1.137"
"20250507","EUR","USD","1.1303"
"20250508","EUR","USD","1.1229"
"20250509","EUR","USD","1.1248"
"20250511","EUR","USD","1.1193"
"20250512","EUR","USD","1.1088"
"20250513","EUR","USD","1.1185"
"20250514","EUR","USD","1.1174"
"20250515","EUR","USD","1.1185"
"20250516","EUR","USD","1.1163"
"20250518","EUR","USD","1.1179"
"20250519","EUR","USD","1.1243"
"20250520","EUR","USD","1.1284"
"20250521","EUR","USD","1.1331"
"20250522","EUR","USD","1.1281"
"20250523","EUR","USD","1.1365"
"20250525","EUR","USD","1.1366"
"20250526","EUR","USD","1.1388"
"20250527","EUR","USD","1.1328"
"20250528","EUR","USD","1.1292"
"20250529","EUR","USD","1.1367"
"20250530","EUR","USD","1.1348"
"20250601","EUR","USD","1.1354"
"20250602","EUR","USD","1.1443"
"20250603","EUR","USD","1.137"
"20250604","EUR","USD","1.1419"
"20250605","EUR","USD","1.1444"
"20250606","EUR","USD","1.1395"
"20250608","EUR","USD","1.14"
"20250609","EUR","USD","1.1421"
"20250610","EUR","USD","1.1426"
"20250611","EUR","USD","1.1488"
"20250612","EUR","USD","1.1585"
"20250613","EUR","USD","1.1552"
"20250615","EUR","USD","1.1529"
"20250616","EUR","USD","1.1562"
"20250617","EUR","USD","1.148"
"20250618","EUR","USD","1.1482"
"20250619","EUR","USD","1.1497"
"20250620","EUR","USD","1.1522"
"20250622","EUR","USD","1.1459"
"20250623","EUR","USD","1.1578"
"20250624","EUR","USD","1.1609"
"20250625","EUR","USD","1.166"
"20250626","EUR","USD","1.1701"
"20250627","EUR","USD","1.172"
"20250629","EUR","USD","1.173"
"20250630","EUR","USD","1.1788"
"20250701","EUR","USD","1.1806"
"20250702","EUR","USD","1.18"
"20250703","EUR","USD","1.1758"
"20250704","EUR","USD","1.1777"
"20250706","EUR","USD","1.1784"
"20250707","EUR","USD","1.1708"
"20250708","EUR","USD","1.1725"
"20250709","EUR","USD","1.1722"
"20250710","EUR","USD","1.1701"
"20250711","EUR","USD","1.1691"
"20250713","EUR","USD","1.1672"
"20250714","EUR","USD","1.1665"
"20250715","EUR","USD","1.1602"
"20250716","EUR","USD","1.164"
"20250717","EUR","USD","1.1597"
"20250718","EUR","USD","1.1626"
"20250720","EUR","USD","1.1634"
"20250721","EUR","USD","1.1695"
"20250722","EUR","USD","1.1754"
"20250723","EUR","USD","1.1771"
"20250724","EUR","USD","1.1749"
"20250725","EUR","USD","1.1742"
"20250727","EUR","USD","1.1759"
"20250728","EUR","USD","1.1589"
"20250729","EUR","USD","1.1545"
"20250730","EUR","USD","1.1405"
"20250731","EUR","USD","1.1415"
"20250801","EUR","USD","1.1588"
"20250803","EUR","USD","1.1593"
"20250804","EUR","USD","1.1572"
"20250805","EUR","USD","1.1575"
"20250806","EUR","USD","1.166"
"20250807","EUR","USD","1.1666"
"20250808","EUR","USD","1.1642"
"20250810","EUR","USD","1.1646"
"20250811","EUR","USD","1.1616"
"20250812","EUR","USD","1.1674"
"20250813","EUR","USD","1.1705"
"20250814","EUR","USD","1.1648"
"20250815","EUR","USD","1.1703"
"20250817","EUR","USD","1.1713"
"20250818","EUR","USD","1.1661"
"20250819","EUR","USD","1.1646"
"20250820","EUR","USD","1.165"
"20250821","EUR","USD","1.1606"
"20250822","EUR","USD","1.1721"
"20250824","EUR","USD","1.1723"
"20250825","EUR","USD","1.1619"
"20250826","EUR","USD","1.1641"
"20250827","EUR","USD","1.1638"
"20250828","EUR","USD","1.1683"
"20250829","EUR","USD","1.1686"
"20250831","EUR","USD","1.1696"
"20250901","EUR","USD","1.1711"
"20250902","EUR","USD","1.1641"
"20250903","EUR","USD","1.1661"
"20250904","EUR","USD","1.165"
"20250905","EUR","USD","1.1719"
"20250907","EUR","USD","1.1714"
"20250908","EUR","USD","1.1764"
"20250909","EUR","USD","1.171"
"20250910","EUR","USD","1.1694"
"20250911","EUR","USD","1.1734"
"20250912","EUR","USD","1.1735"
"20250914","EUR","USD","1.1734"
"20250915","EUR","USD","1.1761"
"20250916","EUR","USD","1.1867"
"20250917","EUR","USD","1.1813"
"20250918","EUR","USD","1.1786"
"20250919","EUR","USD","1.1746"
"20250921","EUR","USD","1.1749"
"20250922","EUR","USD","1.1803"
"20250923","EUR","USD","1.1815"
"20250924","EUR","USD","1.1738"
"20250925","EUR","USD","1.1666"
"20250926","EUR","USD","1.1702"
"20250928","EUR","USD","1.1704"
"20250929","EUR","USD","1.1727"
"20250930","EUR","USD","1.1734"
"20251001","EUR","USD","1.1731"
"20251002","EUR","USD","1.1716"
"20251003","EUR","USD","1.1742"
"20251005","EUR","USD","1.1727"
"20251006","EUR","USD","1.1712"
"20251007","EUR","USD","1.1658"
"20251008","EUR","USD","1.1629"
"20251009","EUR","USD","1.1565"
"20251010","EUR","USD","1.1621"
"20251012","EUR","USD","1.162"
"20251013","EUR","USD","1.157"
"20251014","EUR","USD","1.1607"
"20251015","EUR","USD","1.1647"
"20251016","EUR","USD","1.1688"
"20251017","EUR","USD","1.1652"
"20251019","EUR","USD","1.1666"
"20251020","EUR","USD","1.1642"
"20251021","EUR","USD","1.16"
"20251022","EUR","USD","1.161"
"20251023","EUR","USD","1.1618"
"20251024","EUR","USD","1.1626"
"20251026","EUR","USD","1.1632"
"20251027","EUR","USD","1.1645"
"20251028","EUR","USD","1.1652"
"20251029","EUR","USD","1.1601"
"20251030","EUR","USD","1.1565"
"20251031","EUR","USD","1.1537"
"20251102","EUR","USD","1.1532"
"20251103","EUR","USD","1.152"
"20251104","EUR","USD","1.1482"
"20251105","EUR","USD","1.1493"
"20251106","EUR","USD","1.1547"
"20251107","EUR","USD","1.1566"
"20251109","EUR","USD","1.1559"
"20251110","EUR","USD","1.1557"
"20251111","EUR","USD","1.1582"
"20251112","EUR","USD","1.1593"
"20251113","EUR","USD","1.1634"
"20251114","EUR","USD","1.1621"
"20251116","EUR","USD","1.1624"
"20251117","EUR","USD","1.1592"
"20251118","EUR","USD","1.1581"
"20251119","EUR","USD","1.1538"
"20251120","EUR","USD","1.1528"
"20251121","EUR","USD","1.1513"
"20251123","EUR","USD","1.1517"
"20251124","EUR","USD","1.1521"
"20251125","EUR","USD","1.157"
"20251126","EUR","USD","1.1596"
"20251127","EUR","USD","1.1596"
"20251128","EUR","USD","1.1597"
"20251130","EUR","USD","1.1595"
"20251201","EUR","USD","1.1609"
"20251202","EUR","USD","1.1625"
"20251203","EUR","USD","1.1671"
"20251204","EUR","USD","1.1644"
"20251205","EUR","USD","1.1643"
"20251207","EUR","USD","1.1648"
"20251208","EUR","USD","1.1637"
"20251209","EUR","USD","1.1626"
"20251210","EUR","USD","1.1696"
"20251211","EUR","USD","1.1738"
"20251212","EUR","USD","1.174"
"20251214","EUR","USD","1.1739"
"20251215","EUR","USD","1.1754"
"20251216","EUR","USD","1.1747"
"20251217","EUR","USD","1.174"
"20251218","EUR","USD","1.1724"
"20251219","EUR","USD","1.1709"
"20251221","EUR","USD","1.1719"
"20251222","EUR","USD","1.1762"
"20251223","EUR","USD","1.1794"
"20251224","EUR","USD","1.1778"
"20251225","EUR","USD","1.1778"
"20251226","EUR","USD","1.1771"
"20251228","EUR","USD","1.177"
"20251229","EUR","USD","1.1773"
"20251230","EUR","USD","1.1748"
"20251231","EUR","USD","1.1746"
"20250101","DKK","USD","0.13886"
"20250102","DKK","USD","0.13765"
"20250103","DKK","USD","0.13822"
"20250105","DKK","USD","0.13822"
"20250106","DKK","USD","0.1393"
"20250107","DKK","USD","0.1386"
"20250108","DKK","USD","0.13829"
"20250109","DKK","USD","0.13805"
"20250110","DKK","USD","0.13733"
"20250112","DKK","USD","0.13733"
"20250113","DKK","USD","0.13695"
"20250114","DKK","USD","0.13816"
"20250115","DKK","USD","0.13791"
"20250116","DKK","USD","0.13809"
"20250117","DKK","USD","0.13764"
"20250119","DKK","USD","0.13763"
"20250120","DKK","USD","0.13961"
"20250121","DKK","USD","0.13976"
"20250122","DKK","USD","0.13953"
"20250123","DKK","USD","0.1396"
"20250124","DKK","USD","0.14062"
"20250126","DKK","USD","0.14062"
"20250127","DKK","USD","0.1406"
"20250128","DKK","USD","0.13978"
"20250129","DKK","USD","0.13964"
"20250130","DKK","USD","0.13927"
"20250131","DKK","USD","0.13885"
"20250202","DKK","USD","0.13885"
"20250203","DKK","USD","0.13864"
"20250204","DKK","USD","0.13914"
"20250205","DKK","USD","0.13943"
"20250206","DKK","USD","0.13915"
"20250207","DKK","USD","0.13842"
"20250209","DKK","USD","0.13841"
"20250210","DKK","USD","0.13818"
"20250211","DKK","USD","0.13892"
"20250212","DKK","USD","0.1392"
"20250213","DKK","USD","0.14029"
"20250214","DKK","USD","0.14063"
"20250216","DKK","USD","0.14061"
"20250217","DKK","USD","0.14055"
"20250218","DKK","USD","0.14005"
"20250219","DKK","USD","0.13974"
"20250220","DKK","USD","0.14081"
"20250221","DKK","USD","0.14027"
"20250223","DKK","USD","0.14049"
"20250224","DKK","USD","0.14034"
"20250225","DKK","USD","0.14097"
"20250226","DKK","USD","0.14057"
"20250227","DKK","USD","0.13942"
"20250228","DKK","USD","0.13913"
"20250302","DKK","USD","0.13913"
"20250303","DKK","USD","0.14062"
"20250304","DKK","USD","0.14246"
"20250305","DKK","USD","0.14465"
"20250306","DKK","USD","0.14458"
"20250307","DKK","USD","0.14526"
"20250309","DKK","USD","0.14528"
"20250310","DKK","USD","0.14527"
"20250311","DKK","USD","0.14639"
"20250312","DKK","USD","0.14595"
"20250313","DKK","USD","0.14545"
"20250314","DKK","USD","0.14581"
"20250316","DKK","USD","0.14581"
"20250317","DKK","USD","0.14639"
"20250318","DKK","USD","0.14671"
"20250319","DKK","USD","0.14616"
"20250320","DKK","USD","0.14549"
"20250321","DKK","USD","0.14497"
"20250323","DKK","USD","0.14498"
"20250324","DKK","USD","0.14478"
"20250325","DKK","USD","0.14463"
"20250326","DKK","USD","0.14414"
"20250327","DKK","USD","0.14476"
"20250328","DKK","USD","0.14513"
"20250330","DKK","USD","0.14512"
"20250331","DKK","USD","0.14496"
"20250401","DKK","USD","0.14463"
"20250402","DKK","USD","0.14553"
"20250403","DKK","USD","0.14811"
"20250404","DKK","USD","0.14695"
"20250406","DKK","USD","0.14695"
"20250407","DKK","USD","0.14607"
"20250408","DKK","USD","0.14676"
"20250409","DKK","USD","0.14665"
"20250410","DKK","USD","0.15002"
"20250411","DKK","USD","0.15213"
"20250413","DKK","USD","0.15164"
"20250414","DKK","USD","0.152"
"20250415","DKK","USD","0.15112"
"20250416","DKK","USD","0.15266"
"20250417","DKK","USD","0.1522"
"20250418","DKK","USD","0.15263"
"20250420","DKK","USD","0.15265"
"20250421","DKK","USD","0.15419"
"20250422","DKK","USD","0.15295"
"20250423","DKK","USD","0.15155"
"20250424","DKK","USD","0.15254"
"20250425","DKK","USD","0.15221"
"20250427","DKK","USD","0.15224"
"20250428","DKK","USD","0.15302"
"20250429","DKK","USD","0.15252"
"20250430","DKK","USD","0.15174"
"20250501","DKK","USD","0.15129"
"20250502","DKK","USD","0.15142"
"20250504","DKK","USD","0.15147"
"20250505","DKK","USD","0.15162"
"20250506","DKK","USD","0.15238"
"20250507","DKK","USD","0.15147"
"20250508","DKK","USD","0.1505"
"20250509","DKK","USD","0.15078"
"20250511","DKK","USD","0.15078"
"20250512","DKK","USD","0.14862"
"20250513","DKK","USD","0.14994"
"20250514","DKK","USD","0.14975"
"20250515","DKK","USD","0.14993"
"20250516","DKK","USD","0.14963"
"20250518","DKK","USD","0.14963"
"20250519","DKK","USD","0.15071"
"20250520","DKK","USD","0.15128"
"20250521","DKK","USD","0.15188"
"20250522","DKK","USD","0.15122"
"20250523","DKK","USD","0.15234"
"20250525","DKK","USD","0.15236"
"20250526","DKK","USD","0.15266"
"20250527","DKK","USD","0.15192"
"20250528","DKK","USD","0.15142"
"20250529","DKK","USD","0.15239"
"20250530","DKK","USD","0.15212"
"20250601","DKK","USD","0.15224"
"20250602","DKK","USD","0.15338"
"20250603","DKK","USD","0.15243"
"20250604","DKK","USD","0.15311"
"20250605","DKK","USD","0.15342"
"20250606","DKK","USD","0.15277"
"20250608","DKK","USD","0.15282"
"20250609","DKK","USD","0.15308"
"20250610","DKK","USD","0.15317"
"20250611","DKK","USD","0.15399"
"20250612","DKK","USD","0.15531"
"20250613","DKK","USD","0.15488"
"20250615","DKK","USD","0.15488"
"20250616","DKK","USD","0.155"
"20250617","DKK","USD","0.15393"
"20250618","DKK","USD","0.15393"
"20250619","DKK","USD","0.15413"
"20250620","DKK","USD","0.15447"
"20250622","DKK","USD","0.15447"
"20250623","DKK","USD","0.1552"
"20250624","DKK","USD","0.15561"
"20250625","DKK","USD","0.15628"
"20250626","DKK","USD","0.15682"
"20250627","DKK","USD","0.15709"
"20250629","DKK","USD","0.15709"
"20250630","DKK","USD","0.158"
"20250701","DKK","USD","0.15823"
"20250702","DKK","USD","0.15813"
"20250703","DKK","USD","0.15758"
"20250704","DKK","USD","0.15787"
"20250706","DKK","USD","0.15787"
"20250707","DKK","USD","0.15694"
"20250708","DKK","USD","0.15716"
"20250709","DKK","USD","0.1571"
"20250710","DKK","USD","0.15682"
"20250711","DKK","USD","0.15666"
"20250713","DKK","USD","0.15666"
"20250714","DKK","USD","0.15628"
"20250715","DKK","USD","0.15544"
"20250716","DKK","USD","0.15596"
"20250717","DKK","USD","0.15538"
"20250718","DKK","USD","0.15573"
"20250720","DKK","USD","0.15576"
"20250721","DKK","USD","0.15667"
"20250722","DKK","USD","0.15747"
"20250723","DKK","USD","0.15772"
"20250724","DKK","USD","0.15738"
"20250725","DKK","USD","0.15732"
"20250727","DKK","USD","0.15731"
"20250728","DKK","USD","0.15529"
"20250729","DKK","USD","0.15469"
"20250730","DKK","USD","0.15281"
"20250731","DKK","USD","0.15293"
"20250801","DKK","USD","0.15529"
"20250803","DKK","USD","0.1553"
"20250804","DKK","USD","0.15508"
"20250805","DKK","USD","0.15511"
"20250806","DKK","USD","0.15622"
"20250807","DKK","USD","0.15628"
"20250808","DKK","USD","0.15597"
"20250810","DKK","USD","0.15604"
"20250811","DKK","USD","0.15563"
"20250812","DKK","USD","0.15644"
"20250813","DKK","USD","0.15684"
"20250814","DKK","USD","0.15605"
"20250815","DKK","USD","0.15683"
"20250817","DKK","USD","0.15686"
"20250818","DKK","USD","0.15623"
"20250819","DKK","USD","0.15602"
"20250820","DKK","USD","0.15607"
"20250821","DKK","USD","0.15547"
"20250822","DKK","USD","0.15704"
"20250824","DKK","USD","0.15706"
"20250825","DKK","USD","0.15566"
"20250826","DKK","USD","0.15593"
"20250827","DKK","USD","0.1559"
"20250828","DKK","USD","0.1565"
"20250829","DKK","USD","0.15655"
"20250831","DKK","USD","0.15655"
"20250901","DKK","USD","0.15692"
"20250902","DKK","USD","0.15599"
"20250903","DKK","USD","0.15622"
"20250904","DKK","USD","0.15607"
"20250905","DKK","USD","0.15696"
"20250907","DKK","USD","0.1569"
"20250908","DKK","USD","0.15753"
"20250909","DKK","USD","0.15686"
"20250910","DKK","USD","0.15664"
"20250911","DKK","USD","0.15721"
"20250912","DKK","USD","0.15722"
"20250914","DKK","USD","0.1572"
"20250915","DKK","USD","0.15755"
"20250916","DKK","USD","0.15897"
"20250917","DKK","USD","0.15825"
"20250918","DKK","USD","0.15791"
"20250919","DKK","USD","0.15737"
"20250921","DKK","USD","0.15742"
"20250922","DKK","USD","0.15814"
"20250923","DKK","USD","0.15829"
"20250924","DKK","USD","0.15726"
"20250925","DKK","USD","0.15629"
"20250926","DKK","USD","0.15677"
"20250928","DKK","USD","0.1568"
"20250929","DKK","USD","0.1571"
"20250930","DKK","USD","0.15719"
"20251001","DKK","USD","0.15713"
"20251002","DKK","USD","0.15692"
"20251003","DKK","USD","0.15727"
"20251005","DKK","USD","0.15703"
"20251006","DKK","USD","0.15691"
"20251007","DKK","USD","0.15614"
"20251008","DKK","USD","0.15574"
"20251009","DKK","USD","0.15488"
"20251010","DKK","USD","0.15566"
"20251012","DKK","USD","0.15557"
"20251013","DKK","USD","0.15494"
"20251014","DKK","USD","0.15541"
"20251015","DKK","USD","0.15595"
"20251016","DKK","USD","0.15648"
"20251017","DKK","USD","0.15602"
"20251019","DKK","USD","0.15604"
"20251020","DKK","USD","0.15589"
"20251021","DKK","USD","0.15531"
"20251022","DKK","USD","0.15545"
"20251023","DKK","USD","0.15555"
"20251024","DKK","USD","0.15567"
"20251026","DKK","USD","0.15572"
"20251027","DKK","USD","0.15591"
"20251028","DKK","USD","0.15602"
"20251029","DKK","USD","0.15534"
"20251030","DKK","USD","0.15488"
"20251031","DKK","USD","0.15449"
"20251102","DKK","USD","0.15442"
"20251103","DKK","USD","0.1543"
"20251104","DKK","USD","0.15381"
"20251105","DKK","USD","0.15395"
"20251106","DKK","USD","0.15464"
"20251107","DKK","USD","0.15488"
"20251109","DKK","USD","0.15481"
"20251110","DKK","USD","0.15477"
"20251111","DKK","USD","0.15511"
"20251112","DKK","USD","0.15524"
"20251113","DKK","USD","0.15579"
"20251114","DKK","USD","0.15563"
"20251116","DKK","USD","0.15563"
"20251117","DKK","USD","0.15522"
"20251118","DKK","USD","0.15506"
"20251119","DKK","USD","0.15449"
"20251120","DKK","USD","0.15436"
"20251121","DKK","USD","0.15415"
"20251123","DKK","USD","0.1542"
"20251124","DKK","USD","0.15426"
"20251125","DKK","USD","0.15491"
"20251126","DKK","USD","0.15526"
"20251127","DKK","USD","0.15526"
"20251128","DKK","USD","0.15528"
"20251130","DKK","USD","0.15525"
"20251201","DKK","USD","0.15545"
"20251202","DKK","USD","0.15564"
"20251203","DKK","USD","0.15627"
"20251204","DKK","USD","0.15591"
"20251205","DKK","USD","0.15589"
"20251207","DKK","USD","0.15586"
"20251208","DKK","USD","0.15581"
"20251209","DKK","USD","0.15568"
"20251210","DKK","USD","0.15659"
"20251211","DKK","USD","0.15715"
"20251212","DKK","USD","0.15718"
"20251214","DKK","USD","0.15716"
"20251215","DKK","USD","0.15735"
"20251216","DKK","USD","0.15723"
"20251217","DKK","USD","0.15714"
"20251218","DKK","USD","0.15692"
"20251219","DKK","USD","0.15673"
"20251221","DKK","USD","0.15683"
"20251222","DKK","USD","0.15749"
"20251223","DKK","USD","0.1579"
"20251224","DKK","USD","0.15769"
"20251225","DKK","USD","0.15772"
"20251226","DKK","USD","0.15759"
"20251228","DKK","USD","0.15761"
"20251229","DKK","USD","0.15763"
"20251230","DKK","USD","0.15732"
"20251231","DKK","USD","0.15726"
"20250101","CAD","USD","0.69514"
"20250102","CAD","USD","0.6943"
"20250103","CAD","USD","0.69216"
"20250105","CAD","USD","0.69199"
"20250106","CAD","USD","0.69774"
"20250107","CAD","USD","0.69589"
"20250108","CAD","USD","0.69563"
"20250109","CAD","USD","0.69471"
"20250110","CAD","USD","0.69336"
"20250112","CAD","USD","0.69312"
"20250113","CAD","USD","0.69451"
"20250114","CAD","USD","0.69689"
"20250115","CAD","USD","0.69736"
"20250116","CAD","USD","0.69474"
"20250117","CAD","USD","0.69057"
"20250119","CAD","USD","0.6913"
"20250120","CAD","USD","0.69879"
"20250121","CAD","USD","0.69815"
"20250122","CAD","USD","0.69551"
"20250123","CAD","USD","0.69523"
"20250124","CAD","USD","0.69707"
"20250126","CAD","USD","0.69621"
"20250127","CAD","USD","0.69571"
"20250128","CAD","USD","0.69436"
"20250129","CAD","USD","0.69348"
"20250130","CAD","USD","0.68992"
"20250131","CAD","USD","0.68839"
"20250202","CAD","USD","0.67857"
"20250203","CAD","USD","0.69313"
"20250204","CAD","USD","0.69816"
"20250205","CAD","USD","0.69855"
"20250206","CAD","USD","0.69895"
"20250207","CAD","USD","0.69967"
"20250209","CAD","USD","0.69657"
"20250210","CAD","USD","0.69852"
"20250211","CAD","USD","0.70003"
"20250212","CAD","USD","0.69888"
"20250213","CAD","USD","0.70459"
"20250214","CAD","USD","0.70506"
"20250216","CAD","USD","0.70495"
"20250217","CAD","USD","0.70502"
"20250218","CAD","USD","0.70443"
"20250219","CAD","USD","0.70243"
"20250220","CAD","USD","0.70541"
"20250221","CAD","USD","0.70299"
"20250223","CAD","USD","0.70346"
"20250224","CAD","USD","0.70126"
"20250225","CAD","USD","0.69851"
"20250226","CAD","USD","0.69746"
"20250227","CAD","USD","0.69271"
"20250228","CAD","USD","0.69128"
"20250302","CAD","USD","0.69205"
"20250303","CAD","USD","0.6906"
"20250304","CAD","USD","0.69475"
"20250305","CAD","USD","0.69724"
"20250306","CAD","USD","0.69949"
"20250307","CAD","USD","0.69543"
"20250309","CAD","USD","0.69597"
"20250310","CAD","USD","0.69254"
"20250311","CAD","USD","0.69276"
"20250312","CAD","USD","0.69591"
"20250313","CAD","USD","0.69243"
"20250314","CAD","USD","0.69593"
"20250316","CAD","USD","0.69529"
"20250317","CAD","USD","0.69984"
"20250318","CAD","USD","0.6994"
"20250319","CAD","USD","0.69802"
"20250320","CAD","USD","0.69811"
"20250321","CAD","USD","0.69676"
"20250323","CAD","USD","0.69662"
"20250324","CAD","USD","0.6984"
"20250325","CAD","USD","0.70037"
"20250326","CAD","USD","0.70089"
"20250327","CAD","USD","0.69906"
"20250328","CAD","USD","0.69847"
"20250330","CAD","USD","0.69886"
"20250331","CAD","USD","0.69498"
"20250401","CAD","USD","0.69911"
"20250402","CAD","USD","0.70216"
"20250403","CAD","USD","0.7094"
"20250404","CAD","USD","0.70301"
"20250406","CAD","USD","0.70097"
"20250407","CAD","USD","0.70176"
"20250408","CAD","USD","0.70103"
"20250409","CAD","USD","0.71025"
"20250410","CAD","USD","0.71504"
"20250411","CAD","USD","0.72121"
"20250413","CAD","USD","0.72145"
"20250414","CAD","USD","0.72074"
"20250415","CAD","USD","0.71632"
"20250416","CAD","USD","0.72165"
"20250417","CAD","USD","0.72286"
"20250418","CAD","USD","0.72208"
"20250420","CAD","USD","0.722"
"20250421","CAD","USD","0.72252"
"20250422","CAD","USD","0.72388"
"20250423","CAD","USD","0.7203"
"20250424","CAD","USD","0.7218"
"20250425","CAD","USD","0.72171"
"20250427","CAD","USD","0.72111"
"20250428","CAD","USD","0.72309"
"20250429","CAD","USD","0.72289"
"20250430","CAD","USD","0.72471"
"20250501","CAD","USD","0.7218"
"20250502","CAD","USD","0.72365"
"20250504","CAD","USD","0.7248"
"20250505","CAD","USD","0.72335"
"20250506","CAD","USD","0.72584"
"20250507","CAD","USD","0.72259"
"20250508","CAD","USD","0.7182"
"20250509","CAD","USD","0.71742"
"20250511","CAD","USD","0.71919"
"20250512","CAD","USD","0.71556"
"20250513","CAD","USD","0.71755"
"20250514","CAD","USD","0.71517"
"20250515","CAD","USD","0.71639"
"20250516","CAD","USD","0.71603"
"20250518","CAD","USD","0.7157"
"20250519","CAD","USD","0.71679"
"20250520","CAD","USD","0.71862"
"20250521","CAD","USD","0.72152"
"20250522","CAD","USD","0.72164"
"20250523","CAD","USD","0.72816"
"20250525","CAD","USD","0.72897"
"20250526","CAD","USD","0.72798"
"20250527","CAD","USD","0.72397"
"20250528","CAD","USD","0.72271"
"20250529","CAD","USD","0.72419"
"20250530","CAD","USD","0.72784"
"20250601","CAD","USD","0.72775"
"20250602","CAD","USD","0.72923"
"20250603","CAD","USD","0.72883"
"20250604","CAD","USD","0.73108"
"20250605","CAD","USD","0.73128"
"20250606","CAD","USD","0.73023"
"20250608","CAD","USD","0.73015"
"20250609","CAD","USD","0.72992"
"20250610","CAD","USD","0.73146"
"20250611","CAD","USD","0.73141"
"20250612","CAD","USD","0.73516"
"20250613","CAD","USD","0.73618"
"20250615","CAD","USD","0.73565"
"20250616","CAD","USD","0.73687"
"20250617","CAD","USD","0.73105"
"20250618","CAD","USD","0.73024"
"20250619","CAD","USD","0.7299"
"20250620","CAD","USD","0.72812"
"20250622","CAD","USD","0.72682"
"20250623","CAD","USD","0.72807"
"20250624","CAD","USD","0.72859"
"20250625","CAD","USD","0.72856"
"20250626","CAD","USD","0.73307"
"20250627","CAD","USD","0.73099"
"20250629","CAD","USD","0.73047"
"20250630","CAD","USD","0.73487"
"20250701","CAD","USD","0.73282"
"20250702","CAD","USD","0.73572"
"20250703","CAD","USD","0.7362"
"20250704","CAD","USD","0.73509"
"20250706","CAD","USD","0.73551"
"20250707","CAD","USD","0.73085"
"20250708","CAD","USD","0.73201"
"20250709","CAD","USD","0.7307"
"20250710","CAD","USD","0.73232"
"20250711","CAD","USD","0.73049"
"20250713","CAD","USD","0.72979"
"20250714","CAD","USD","0.72966"
"20250715","CAD","USD","0.72872"
"20250716","CAD","USD","0.73089"
"20250717","CAD","USD","0.72712"
"20250718","CAD","USD","0.72866"
"20250720","CAD","USD","0.72908"
"20250721","CAD","USD","0.73087"
"20250722","CAD","USD","0.73499"
"20250723","CAD","USD","0.73547"
"20250724","CAD","USD","0.73334"
"20250725","CAD","USD","0.72981"
"20250727","CAD","USD","0.7295"
"20250728","CAD","USD","0.72785"
"20250729","CAD","USD","0.72617"
"20250730","CAD","USD","0.72307"
"20250731","CAD","USD","0.72169"
"20250801","CAD","USD","0.7253"
"20250803","CAD","USD","0.72574"
"20250804","CAD","USD","0.72575"
"20250805","CAD","USD","0.72609"
"20250806","CAD","USD","0.72773"
"20250807","CAD","USD","0.72743"
"20250808","CAD","USD","0.72686"
"20250810","CAD","USD","0.72711"
"20250811","CAD","USD","0.72576"
"20250812","CAD","USD","0.72609"
"20250813","CAD","USD","0.72679"
"20250814","CAD","USD","0.72379"
"20250815","CAD","USD","0.72366"
"20250817","CAD","USD","0.72391"
"20250818","CAD","USD","0.72448"
"20250819","CAD","USD","0.72106"
"20250820","CAD","USD","0.72076"
"20250821","CAD","USD","0.71887"
"20250822","CAD","USD","0.72319"
"20250824","CAD","USD","0.72345"
"20250825","CAD","USD","0.72149"
"20250826","CAD","USD","0.72258"
"20250827","CAD","USD","0.72508"
"20250828","CAD","USD","0.72733"
"20250829","CAD","USD","0.72759"
"20250831","CAD","USD","0.72796"
"20250901","CAD","USD","0.72723"
"20250902","CAD","USD","0.72555"
"20250903","CAD","USD","0.725"
"20250904","CAD","USD","0.72365"
"20250905","CAD","USD","0.7231"
"20250907","CAD","USD","0.72287"
"20250908","CAD","USD","0.72446"
"20250909","CAD","USD","0.72235"
"20250910","CAD","USD","0.72132"
"20250911","CAD","USD","0.72293"
"20250912","CAD","USD","0.72229"
"20250914","CAD","USD","0.7226"
"20250915","CAD","USD","0.72577"
"20250916","CAD","USD","0.72789"
"20250917","CAD","USD","0.726"
"20250918","CAD","USD","0.7248"
"20250919","CAD","USD","0.72571"
"20250921","CAD","USD","0.72565"
"20250922","CAD","USD","0.72367"
"20250923","CAD","USD","0.72277"
"20250924","CAD","USD","0.71961"
"20250925","CAD","USD","0.71734"
"20250926","CAD","USD","0.71722"
"20250928","CAD","USD","0.71723"
"20250929","CAD","USD","0.71867"
"20250930","CAD","USD","0.71838"
"20251001","CAD","USD","0.71759"
"20251002","CAD","USD","0.71595"
"20251003","CAD","USD","0.7168"
"20251005","CAD","USD","0.71651"
"20251006","CAD","USD","0.71718"
"20251007","CAD","USD","0.71683"
"20251008","CAD","USD","0.71669"
"20251009","CAD","USD","0.71317"
"20251010","CAD","USD","0.71403"
"20251012","CAD","USD","0.71464"
"20251013","CAD","USD","0.71239"
"20251014","CAD","USD","0.71202"
"20251015","CAD","USD","0.71218"
"20251016","CAD","USD","0.71151"
"20251017","CAD","USD","0.7132"
"20251019","CAD","USD","0.71334"
"20251020","CAD","USD","0.7123"
"20251021","CAD","USD","0.71308"
"20251022","CAD","USD","0.71448"
"20251023","CAD","USD","0.71469"
"20251024","CAD","USD","0.71453"
"20251026","CAD","USD","0.71401"
"20251027","CAD","USD","0.71478"
"20251028","CAD","USD","0.71707"
"20251029","CAD","USD","0.71723"
"20251030","CAD","USD","0.71502"
"20251031","CAD","USD","0.71381"
"20251102","CAD","USD","0.71362"
"20251103","CAD","USD","0.71144"
"20251104","CAD","USD","0.70907"
"20251105","CAD","USD","0.70879"
"20251106","CAD","USD","0.70834"
"20251107","CAD","USD","0.71186"
"20251109","CAD","USD","0.71177"
"20251110","CAD","USD","0.71319"
"20251111","CAD","USD","0.71328"
"20251112","CAD","USD","0.71397"
"20251113","CAD","USD","0.71245"
"20251114","CAD","USD","0.71308"
"20251116","CAD","USD","0.71317"
"20251117","CAD","USD","0.71145"
"20251118","CAD","USD","0.71484"
"20251119","CAD","USD","0.71177"
"20251120","CAD","USD","0.70939"
"20251121","CAD","USD","0.70912"
"20251123","CAD","USD","0.70928"
"20251124","CAD","USD","0.70885"
"20251125","CAD","USD","0.70922"
"20251126","CAD","USD","0.71209"
"20251127","CAD","USD","0.71272"
"20251128","CAD","USD","0.71554"
"20251130","CAD","USD","0.71541"
"20251201","CAD","USD","0.71439"
"20251202","CAD","USD","0.7159"
"20251203","CAD","USD","0.71683"
"20251204","CAD","USD","0.71643"
"20251205","CAD","USD","0.72372"
"20251207","CAD","USD","0.72288"
"20251208","CAD","USD","0.72165"
"20251209","CAD","USD","0.72224"
"20251210","CAD","USD","0.72499"
"20251211","CAD","USD","0.7262"
"20251212","CAD","USD","0.7261"
"20251214","CAD","USD","0.72624"
"20251215","CAD","USD","0.72634"
"20251216","CAD","USD","0.7271"
"20251217","CAD","USD","0.72532"
"20251218","CAD","USD","0.72584"
"20251219","CAD","USD","0.7246"
"20251221","CAD","USD","0.72507"
"20251222","CAD","USD","0.72742"
"20251223","CAD","USD","0.7306"
"20251224","CAD","USD","0.73123"
"20251225","CAD","USD","0.73091"
"20251226","CAD","USD","0.73142"
"20251228","CAD","USD","0.73142"
"20251229","CAD","USD","0.73047"
"20251230","CAD","USD","0.7301"
"20251231","CAD","USD","0.72857"
"20250101","MYR","USD","0.22364"
"20250102","MYR","USD","0.22329"
"20250103","MYR","USD","0.22222"
"20250105","MYR","USD","0.22222"
"20250106","MYR","USD","0.22168"
"20250107","MYR","USD","0.22284"
"20250108","MYR","USD","0.2221"
"20250109","MYR","USD","0.22207"
"20250110","MYR","USD","0.2224"
"20250112","MYR","USD","0.2224"
"20250113","MYR","USD","0.22173"
"20250114","MYR","USD","0.22198"
"20250115","MYR","USD","0.22227"
"20250116","MYR","USD","0.2221"
"20250117","MYR","USD","0.22193"
"20250119","MYR","USD","0.22193"
"20250120","MYR","USD","0.22257"
"20250121","MYR","USD","0.22344"
"20250122","MYR","USD","0.2254"
"20250123","MYR","USD","0.22502"
"20250124","MYR","USD","0.22844"
"20250126","MYR","USD","0.22844"
"20250127","MYR","USD","0.22839"
"20250128","MYR","USD","0.22763"
"20250129","MYR","USD","0.22763"
"20250130","MYR","USD","0.22763"
"20250131","MYR","USD","0.22447"
"20250202","MYR","USD","0.22447"
"20250203","MYR","USD","0.22346"
"20250204","MYR","USD","0.22502"
"20250205","MYR","USD","0.22612"
"20250206","MYR","USD","0.22589"
"20250207","MYR","USD","0.22523"
"20250209","MYR","USD","0.22523"
"20250210","MYR","USD","0.22371"
"20250211","MYR","USD","0.22371"
"20250212","MYR","USD","0.22361"
"20250213","MYR","USD","0.22447"
"20250214","MYR","USD","0.22548"
"20250216","MYR","USD","0.22548"
"20250217","MYR","USD","0.22553"
"20250218","MYR","USD","0.22495"
"20250219","MYR","USD","0.22515"
"20250220","MYR","USD","0.22573"
"20250221","MYR","USD","0.22632"
"20250223","MYR","USD","0.22632"
"20250224","MYR","USD","0.22673"
"20250225","MYR","USD","0.22612"
"20250226","MYR","USD","0.22578"
"20250227","MYR","USD","0.225"
"20250228","MYR","USD","0.22409"
"20250302","MYR","USD","0.22409"
"20250303","MYR","USD","0.22391"
"20250304","MYR","USD","0.22389"
"20250305","MYR","USD","0.22576"
"20250306","MYR","USD","0.22586"
"20250307","MYR","USD","0.2265"
"20250309","MYR","USD","0.2265"
"20250310","MYR","USD","0.22607"
"20250311","MYR","USD","0.2266"
"20250312","MYR","USD","0.22571"
"20250313","MYR","USD","0.22533"
"20250314","MYR","USD","0.2249"
"20250316","MYR","USD","0.2249"
"20250317","MYR","USD","0.22497"
"20250318","MYR","USD","0.22497"
"20250319","MYR","USD","0.22543"
"20250320","MYR","USD","0.22594"
"20250321","MYR","USD","0.22619"
"20250323","MYR","USD","0.22619"
"20250324","MYR","USD","0.22553"
"20250325","MYR","USD","0.22543"
"20250326","MYR","USD","0.22576"
"20250327","MYR","USD","0.22566"
"20250328","MYR","USD","0.22535"
"20250330","MYR","USD","0.22535"
"20250331","MYR","USD","0.22535"
"20250401","MYR","USD","0.22535"
"20250402","MYR","USD","0.22452"
"20250403","MYR","USD","0.22512"
"20250404","MYR","USD","0.22538"
"20250406","MYR","USD","0.22538"
"20250407","MYR","USD","0.22321"
"20250408","MYR","USD","0.22267"
"20250409","MYR","USD","0.22242"
"20250410","MYR","USD","0.22381"
"20250411","MYR","USD","0.22612"
"20250413","MYR","USD","0.22612"
"20250414","MYR","USD","0.2265"
"20250415","MYR","USD","0.22663"
"20250416","MYR","USD","0.22673"
"20250417","MYR","USD","0.22689"
"20250418","MYR","USD","0.22658"
"20250420","MYR","USD","0.22658"
"20250421","MYR","USD","0.22883"
"20250422","MYR","USD","0.22771"
"20250423","MYR","USD","0.22774"
"20250424","MYR","USD","0.22868"
"20250425","MYR","USD","0.22862"
"20250427","MYR","USD","0.22862"
"20250428","MYR","USD","0.2292"
"20250429","MYR","USD","0.23108"
"20250430","MYR","USD","0.23175"
"20250501","MYR","USD","0.23175"
"20250502","MYR","USD","0.23466"
"20250504","MYR","USD","0.23466"
"20250505","MYR","USD","0.2381"
"20250506","MYR","USD","0.23627"
"20250507","MYR","USD","0.2359"
"20250508","MYR","USD","0.23359"
"20250509","MYR","USD","0.23272"
"20250511","MYR","USD","0.23272"
"20250512","MYR","USD","0.23272"
"20250513","MYR","USD","0.23135"
"20250514","MYR","USD","0.2331"
"20250515","MYR","USD","0.23348"
"20250516","MYR","USD","0.23277"
"20250518","MYR","USD","0.23277"
"20250519","MYR","USD","0.23305"
"20250520","MYR","USD","0.23261"
"20250521","MYR","USD","0.23419"
"20250522","MYR","USD","0.23392"
"20250523","MYR","USD","0.23635"
"20250525","MYR","USD","0.23635"
"20250526","MYR","USD","0.23702"
"20250527","MYR","USD","0.2359"
"20250528","MYR","USD","0.23669"
"20250529","MYR","USD","0.23563"
"20250530","MYR","USD","0.23493"
"20250601","MYR","USD","0.23493"
"20250602","MYR","USD","0.23493"
"20250603","MYR","USD","0.23557"
"20250604","MYR","USD","0.23546"
"20250605","MYR","USD","0.23641"
"20250606","MYR","USD","0.23655"
"20250608","MYR","USD","0.23655"
"20250609","MYR","USD","0.23638"
"20250610","MYR","USD","0.2361"
"20250611","MYR","USD","0.23599"
"20250612","MYR","USD","0.23691"
"20250613","MYR","USD","0.23554"
"20250615","MYR","USD","0.23554"
"20250616","MYR","USD","0.23582"
"20250617","MYR","USD","0.23554"
"20250618","MYR","USD","0.23527"
"20250619","MYR","USD","0.23474"
"20250620","MYR","USD","0.23516"
"20250622","MYR","USD","0.23516"
"20250623","MYR","USD","0.23283"
"20250624","MYR","USD","0.23563"
"20250625","MYR","USD","0.23593"
"20250626","MYR","USD","0.23646"
"20250627","MYR","USD","0.23646"
"20250629","MYR","USD","0.23646"
"20250630","MYR","USD","0.23742"
"20250701","MYR","USD","0.23824"
"20250702","MYR","USD","0.23646"
"20250703","MYR","USD","0.23683"
"20250704","MYR","USD","0.23691"
"20250706","MYR","USD","0.23691"
"20250707","MYR","USD","0.23613"
"20250708","MYR","USD","0.23579"
"20250709","MYR","USD","0.23527"
"20250710","MYR","USD","0.23543"
"20250711","MYR","USD","0.23516"
"20250713","MYR","USD","0.23516"
"20250714","MYR","USD","0.23516"
"20250715","MYR","USD","0.23574"
"20250716","MYR","USD","0.23557"
"20250717","MYR","USD","0.23549"
"20250718","MYR","USD","0.23552"
"20250720","MYR","USD","0.23552"
"20250721","MYR","USD","0.2361"
"20250722","MYR","USD","0.23632"
"20250723","MYR","USD","0.23655"
"20250724","MYR","USD","0.23722"
"20250725","MYR","USD","0.23688"
"20250727","MYR","USD","0.23688"
"20250728","MYR","USD","0.23635"
"20250729","MYR","USD","0.23616"
"20250730","MYR","USD","0.23585"
"20250731","MYR","USD","0.23447"
"20250801","MYR","USD","0.23378"
"20250803","MYR","USD","0.23378"
"20250804","MYR","USD","0.23599"
"20250805","MYR","USD","0.23655"
"20250806","MYR","USD","0.23641"
"20250807","MYR","USD","0.23618"
"20250808","MYR","USD","0.23585"
"20250810","MYR","USD","0.23585"
"20250811","MYR","USD","0.23621"
"20250812","MYR","USD","0.23635"
"20250813","MYR","USD","0.23767"
"20250814","MYR","USD","0.23739"
"20250815","MYR","USD","0.23736"
"20250817","MYR","USD","0.23736"
"20250818","MYR","USD","0.23683"
"20250819","MYR","USD","0.23677"
"20250820","MYR","USD","0.23663"
"20250821","MYR","USD","0.23671"
"20250822","MYR","USD","0.23655"
"20250824","MYR","USD","0.23655"
"20250825","MYR","USD","0.23767"
"20250826","MYR","USD","0.23722"
"20250827","MYR","USD","0.23613"
"20250828","MYR","USD","0.23714"
"20250829","MYR","USD","0.23669"
"20250831","MYR","USD","0.23669"
"20250901","MYR","USD","0.23669"
"20250902","MYR","USD","0.23641"
"20250903","MYR","USD","0.23655"
"20250904","MYR","USD","0.23669"
"20250905","MYR","USD","0.23669"
"20250907","MYR","USD","0.23669"
"20250908","MYR","USD","0.23711"
"20250909","MYR","USD","0.23776"
"20250910","MYR","USD","0.23725"
"20250911","MYR","USD","0.23685"
"20250912","MYR","USD","0.23781"
"20250914","MYR","USD","0.23781"
"20250915","MYR","USD","0.23781"
"20250916","MYR","USD","0.23781"
"20250917","MYR","USD","0.23875"
"20250918","MYR","USD","0.23832"
"20250919","MYR","USD","0.2377"
"20250921","MYR","USD","0.2377"
"20250922","MYR","USD","0.23795"
"20250923","MYR","USD","0.23818"
"20250924","MYR","USD","0.23753"
"20250925","MYR","USD","0.23722"
"20250926","MYR","USD","0.23688"
"20250928","MYR","USD","0.23688"
"20250929","MYR","USD","0.23725"
"20250930","MYR","USD","0.23761"
"20251001","MYR","USD","0.23767"
"20251002","MYR","USD","0.23778"
"20251003","MYR","USD","0.23764"
"20251005","MYR","USD","0.23764"
"20251006","MYR","USD","0.23725"
"20251007","MYR","USD","0.23728"
"20251008","MYR","USD","0.23719"
"20251009","MYR","USD","0.23719"
"20251010","MYR","USD","0.23669"
"20251012","MYR","USD","0.23669"
"20251013","MYR","USD","0.23657"
"20251014","MYR","USD","0.23641"
"20251015","MYR","USD","0.23629"
"20251016","MYR","USD","0.23655"
"20251017","MYR","USD","0.23663"
"20251019","MYR","USD","0.23663"
"20251020","MYR","USD","0.23663"
"20251021","MYR","USD","0.23646"
"20251022","MYR","USD","0.23641"
"20251023","MYR","USD","0.23638"
"20251024","MYR","USD","0.2368"
"20251026","MYR","USD","0.2368"
"20251027","MYR","USD","0.23753"
"20251028","MYR","USD","0.23824"
"20251029","MYR","USD","0.23875"
"20251030","MYR","USD","0.2381"
"20251031","MYR","USD","0.23878"
"20251102","MYR","USD","0.23878"
"20251103","MYR","USD","0.23812"
"20251104","MYR","USD","0.23824"
"20251105","MYR","USD","0.23858"
"20251106","MYR","USD","0.23906"
"20251107","MYR","USD","0.23946"
"20251109","MYR","USD","0.23946"
"20251110","MYR","USD","0.24038"
"20251111","MYR","USD","0.2416"
"20251112","MYR","USD","0.24175"
"20251113","MYR","USD","0.24219"
"20251114","MYR","USD","0.24198"
"20251116","MYR","USD","0.24198"
"20251117","MYR","USD","0.24096"
"20251118","MYR","USD","0.24015"
"20251119","MYR","USD","0.24096"
"20251120","MYR","USD","0.24059"
"20251121","MYR","USD","0.24102"
"20251123","MYR","USD","0.24102"
"20251124","MYR","USD","0.24146"
"20251125","MYR","USD","0.24187"
"20251126","MYR","USD","0.24178"
"20251127","MYR","USD","0.24201"
"20251128","MYR","USD","0.24198"
"20251130","MYR","USD","0.24198"
"20251201","MYR","USD","0.24207"
"20251202","MYR","USD","0.24198"
"20251203","MYR","USD","0.24254"
"20251204","MYR","USD","0.24319"
"20251205","MYR","USD","0.24325"
"20251207","MYR","USD","0.24325"
"20251208","MYR","USD","0.24313"
"20251209","MYR","USD","0.24301"
"20251210","MYR","USD","0.24284"
"20251211","MYR","USD","0.24331"
"20251212","MYR","USD","0.24387"
"20251214","MYR","USD","0.24387"
"20251215","MYR","USD","0.24435"
"20251216","MYR","USD","0.24477"
"20251217","MYR","USD","0.24459"
"20251218","MYR","USD","0.24486"
"20251219","MYR","USD","0.24528"
"20251221","MYR","USD","0.24528"
"20251222","MYR","USD","0.24522"
"20251223","MYR","USD","0.24606"
"20251224","MYR","USD","0.24722"
"20251225","MYR","USD","0.24722"
"20251226","MYR","USD","0.24701"
"20251228","MYR","USD","0.24701"
"20251229","MYR","USD","0.24631"
"20251230","MYR","USD","0.2471"
"20251231","MYR","USD","0.24643"
"20250101","BGN","USD","0.5309"
"20250102","BGN","USD","0.52495"
"20250103","BGN","USD","0.52708"
"20250105","BGN","USD","0.52706"
"20250106","BGN","USD","0.53227"
"20250107","BGN","USD","0.52868"
"20250108","BGN","USD","0.52758"
"20250109","BGN","USD","0.52662"
"20250110","BGN","USD","0.52385"
"20250112","BGN","USD","0.52385"
"20250113","BGN","USD","0.52139"
"20250114","BGN","USD","0.52706"
"20250115","BGN","USD","0.5263"
"20250116","BGN","USD","0.52667"
"20250117","BGN","USD","0.52521"
"20250119","BGN","USD","0.52518"
"20250120","BGN","USD","0.5326"
"20250121","BGN","USD","0.53323"
"20250122","BGN","USD","0.53225"
"20250123","BGN","USD","0.53255"
"20250124","BGN","USD","0.53655"
"20250126","BGN","USD","0.53655"
"20250127","BGN","USD","0.53646"
"20250128","BGN","USD","0.5333"
"20250129","BGN","USD","0.5328"
"20250130","BGN","USD","0.5313"
"20250131","BGN","USD","0.53173"
"20250202","BGN","USD","0.53173"
"20250203","BGN","USD","0.52673"
"20250204","BGN","USD","0.53021"
"20250205","BGN","USD","0.53261"
"20250206","BGN","USD","0.53022"
"20250207","BGN","USD","0.53042"
"20250209","BGN","USD","0.53042"
"20250210","BGN","USD","0.527"
"20250211","BGN","USD","0.52978"
"20250212","BGN","USD","0.53087"
"20250213","BGN","USD","0.53506"
"20250214","BGN","USD","0.53648"
"20250216","BGN","USD","0.5365"
"20250217","BGN","USD","0.53604"
"20250218","BGN","USD","0.53409"
"20250219","BGN","USD","0.5329"
"20250220","BGN","USD","0.53693"
"20250221","BGN","USD","0.53476"
"20250223","BGN","USD","0.53476"
"20250224","BGN","USD","0.53523"
"20250225","BGN","USD","0.53761"
"20250226","BGN","USD","0.53608"
"20250227","BGN","USD","0.53167"
"20250228","BGN","USD","0.53051"
"20250302","BGN","USD","0.53052"
"20250303","BGN","USD","0.53052"
"20250304","BGN","USD","0.54331"
"20250305","BGN","USD","0.55163"
"20250306","BGN","USD","0.55143"
"20250307","BGN","USD","0.55392"
"20250309","BGN","USD","0.55391"
"20250310","BGN","USD","0.5538"
"20250311","BGN","USD","0.55828"
"20250312","BGN","USD","0.55666"
"20250313","BGN","USD","0.55485"
"20250314","BGN","USD","0.55624"
"20250316","BGN","USD","0.55631"
"20250317","BGN","USD","0.55844"
"20250318","BGN","USD","0.55955"
"20250319","BGN","USD","0.55744"
"20250320","BGN","USD","0.55492"
"20250321","BGN","USD","0.5529"
"20250323","BGN","USD","0.55296"
"20250324","BGN","USD","0.55246"
"20250325","BGN","USD","0.55178"
"20250326","BGN","USD","0.54983"
"20250327","BGN","USD","0.55229"
"20250328","BGN","USD","0.55365"
"20250330","BGN","USD","0.55365"
"20250331","BGN","USD","0.55188"
"20250401","BGN","USD","0.55224"
"20250402","BGN","USD","0.55506"
"20250403","BGN","USD","0.56506"
"20250404","BGN","USD","0.56054"
"20250406","BGN","USD","0.56055"
"20250407","BGN","USD","0.55763"
"20250408","BGN","USD","0.56028"
"20250409","BGN","USD","0.55983"
"20250410","BGN","USD","0.57264"
"20250411","BGN","USD","0.58085"
"20250413","BGN","USD","0.58077"
"20250414","BGN","USD","0.58031"
"20250415","BGN","USD","0.57625"
"20250416","BGN","USD","0.58281"
"20250417","BGN","USD","0.58103"
"20250418","BGN","USD","0.58248"
"20250420","BGN","USD","0.58248"
"20250421","BGN","USD","0.58248"
"20250422","BGN","USD","0.58396"
"20250423","BGN","USD","0.57853"
"20250424","BGN","USD","0.58233"
"20250425","BGN","USD","0.58103"
"20250427","BGN","USD","0.58107"
"20250428","BGN","USD","0.58399"
"20250429","BGN","USD","0.58209"
"20250430","BGN","USD","0.57921"
"20250501","BGN","USD","0.57729"
"20250502","BGN","USD","0.57773"
"20250504","BGN","USD","0.57772"
"20250505","BGN","USD","0.57852"
"20250506","BGN","USD","0.58134"
"20250507","BGN","USD","0.57788"
"20250508","BGN","USD","0.57402"
"20250509","BGN","USD","0.5762"
"20250511","BGN","USD","0.5762"
"20250512","BGN","USD","0.56689"
"20250513","BGN","USD","0.57186"
"20250514","BGN","USD","0.57134"
"20250515","BGN","USD","0.57188"
"20250516","BGN","USD","0.57125"
"20250518","BGN","USD","0.57125"
"20250519","BGN","USD","0.57483"
"20250520","BGN","USD","0.57546"
"20250521","BGN","USD","0.57932"
"20250522","BGN","USD","0.57735"
"20250523","BGN","USD","0.57941"
"20250525","BGN","USD","0.57941"
"20250526","BGN","USD","0.57941"
"20250527","BGN","USD","0.57919"
"20250528","BGN","USD","0.57736"
"20250529","BGN","USD","0.58038"
"20250530","BGN","USD","0.57911"
"20250601","BGN","USD","0.57911"
"20250602","BGN","USD","0.58507"
"20250603","BGN","USD","0.58217"
"20250604","BGN","USD","0.58377"
"20250605","BGN","USD","0.5868"
"20250606","BGN","USD","0.58306"
"20250608","BGN","USD","0.58306"
"20250609","BGN","USD","0.58299"
"20250610","BGN","USD","0.58411"
"20250611","BGN","USD","0.58658"
"20250612","BGN","USD","0.59221"
"20250613","BGN","USD","0.59032"
"20250615","BGN","USD","0.59032"
"20250616","BGN","USD","0.59361"
"20250617","BGN","USD","0.5899"
"20250618","BGN","USD","0.58792"
"20250619","BGN","USD","0.58703"
"20250620","BGN","USD","0.58813"
"20250622","BGN","USD","0.58813"
"20250623","BGN","USD","0.58964"
"20250624","BGN","USD","0.59379"
"20250625","BGN","USD","0.59412"
"20250626","BGN","USD","0.59826"
"20250627","BGN","USD","0.59923"
"20250629","BGN","USD","0.59923"
"20250630","BGN","USD","0.60269"
"20250701","BGN","USD","0.60199"
"20250702","BGN","USD","0.60145"
"20250703","BGN","USD","0.60098"
"20250704","BGN","USD","0.60243"
"20250706","BGN","USD","0.60243"
"20250707","BGN","USD","0.60017"
"20250708","BGN","USD","0.5995"
"20250709","BGN","USD","0.59931"
"20250710","BGN","USD","0.59824"
"20250711","BGN","USD","0.5973"
"20250713","BGN","USD","0.5973"
"20250714","BGN","USD","0.59782"
"20250715","BGN","USD","0.59407"
"20250716","BGN","USD","0.59156"
"20250717","BGN","USD","0.59294"
"20250718","BGN","USD","0.59577"
"20250720","BGN","USD","0.59577"
"20250721","BGN","USD","0.59728"
"20250722","BGN","USD","0.59828"
"20250723","BGN","USD","0.59954"
"20250724","BGN","USD","0.60207"
"20250725","BGN","USD","0.60034"
"20250727","BGN","USD","0.60033"
"20250728","BGN","USD","0.59251"
"20250729","BGN","USD","0.59031"
"20250730","BGN","USD","0.58317"
"20250731","BGN","USD","0.58367"
"20250801","BGN","USD","0.59241"
"20250803","BGN","USD","0.59236"
"20250804","BGN","USD","0.59168"
"20250805","BGN","USD","0.59184"
"20250806","BGN","USD","0.59617"
"20250807","BGN","USD","0.59644"
"20250808","BGN","USD","0.59523"
"20250810","BGN","USD","0.59524"
"20250811","BGN","USD","0.59389"
"20250812","BGN","USD","0.59687"
"20250813","BGN","USD","0.59848"
"20250814","BGN","USD","0.59555"
"20250815","BGN","USD","0.59837"
"20250817","BGN","USD","0.59841"
"20250818","BGN","USD","0.59643"
"20250819","BGN","USD","0.59653"
"20250820","BGN","USD","0.59602"
"20250821","BGN","USD","0.59377"
"20250822","BGN","USD","0.59898"
"20250824","BGN","USD","0.59898"
"20250825","BGN","USD","0.59837"
"20250826","BGN","USD","0.5952"
"20250827","BGN","USD","0.59504"
"20250828","BGN","USD","0.59732"
"20250829","BGN","USD","0.59684"
"20250831","BGN","USD","0.59684"
"20250901","BGN","USD","0.59896"
"20250902","BGN","USD","0.59523"
"20250903","BGN","USD","0.59623"
"20250904","BGN","USD","0.59567"
"20250905","BGN","USD","0.60006"
"20250907","BGN","USD","0.60006"
"20250908","BGN","USD","0.60006"
"20250909","BGN","USD","0.59871"
"20250910","BGN","USD","0.59934"
"20250911","BGN","USD","0.59996"
"20250912","BGN","USD","0.59939"
"20250914","BGN","USD","0.59939"
"20250915","BGN","USD","0.60135"
"20250916","BGN","USD","0.60674"
"20250917","BGN","USD","0.60397"
"20250918","BGN","USD","0.60262"
"20250919","BGN","USD","0.60134"
"20250921","BGN","USD","0.60134"
"20250922","BGN","USD","0.60134"
"20250923","BGN","USD","0.60406"
"20250924","BGN","USD","0.60019"
"20250925","BGN","USD","0.59644"
"20250926","BGN","USD","0.59782"
"20250928","BGN","USD","0.59782"
"20250929","BGN","USD","0.5996"
"20250930","BGN","USD","0.59994"
"20251001","BGN","USD","0.59978"
"20251002","BGN","USD","0.59902"
"20251003","BGN","USD","0.60022"
"20251005","BGN","USD","0.60022"
"20251006","BGN","USD","0.59888"
"20251007","BGN","USD","0.59604"
"20251008","BGN","USD","0.59456"
"20251009","BGN","USD","0.59128"
"20251010","BGN","USD","0.59416"
"20251012","BGN","USD","0.59412"
"20251013","BGN","USD","0.5916"
"20251014","BGN","USD","0.5935"
"20251015","BGN","USD","0.59552"
"20251016","BGN","USD","0.59756"
"20251017","BGN","USD","0.59666"
"20251019","BGN","USD","0.59666"
"20251020","BGN","USD","0.59521"
"20251021","BGN","USD","0.5931"
"20251022","BGN","USD","0.59361"
"20251023","BGN","USD","0.59405"
"20251024","BGN","USD","0.59437"
"20251026","BGN","USD","0.59437"
"20251027","BGN","USD","0.59541"
"20251028","BGN","USD","0.59574"
"20251029","BGN","USD","0.59312"
"20251030","BGN","USD","0.59128"
"20251031","BGN","USD","0.58952"
"20251102","BGN","USD","0.58952"
"20251103","BGN","USD","0.58897"
"20251104","BGN","USD","0.58706"
"20251105","BGN","USD","0.5876"
"20251106","BGN","USD","0.5904"
"20251107","BGN","USD","0.59134"
"20251109","BGN","USD","0.59133"
"20251110","BGN","USD","0.59089"
"20251111","BGN","USD","0.59217"
"20251112","BGN","USD","0.59274"
"20251113","BGN","USD","0.59484"
"20251114","BGN","USD","0.59418"
"20251116","BGN","USD","0.59418"
"20251117","BGN","USD","0.59268"
"20251118","BGN","USD","0.59209"
"20251119","BGN","USD","0.58992"
"20251120","BGN","USD","0.58944"
"20251121","BGN","USD","0.58815"
"20251123","BGN","USD","0.58815"
"20251124","BGN","USD","0.58904"
"20251125","BGN","USD","0.59154"
"20251126","BGN","USD","0.59289"
"20251127","BGN","USD","0.59287"
"20251128","BGN","USD","0.5929"
"20251130","BGN","USD","0.59289"
"20251201","BGN","USD","0.59355"
"20251202","BGN","USD","0.59356"
"20251203","BGN","USD","0.59653"
"20251204","BGN","USD","0.59705"
"20251205","BGN","USD","0.59577"
"20251207","BGN","USD","0.59577"
"20251208","BGN","USD","0.59506"
"20251209","BGN","USD","0.59536"
"20251210","BGN","USD","0.59487"
"20251211","BGN","USD","0.60005"
"20251212","BGN","USD","0.60019"
"20251214","BGN","USD","0.60019"
"20251215","BGN","USD","0.60094"
"20251216","BGN","USD","0.6006"
"20251217","BGN","USD","0.6002"
"20251218","BGN","USD","0.5994"
"20251219","BGN","USD","0.59877"
"20251221","BGN","USD","0.59877"
"20251222","BGN","USD","0.6015"
"20251223","BGN","USD","0.60163"
"20251224","BGN","USD","0.60163"
"20251225","BGN","USD","0.60163"
"20251226","BGN","USD","0.60163"
"20251228","BGN","USD","0.60163"
"20251229","BGN","USD","0.60156"
"20251230","BGN","USD","0.60138"
"20251231","BGN","USD","0.6006"
"20250101","NOK","USD","0.087863"
"20250102","NOK","USD","0.087784"
"20250103","NOK","USD","0.087993"
"20250105","NOK","USD","0.08765"
"20250106","NOK","USD","0.08855"
"20250107","NOK","USD","0.088163"
"20250108","NOK","USD","0.087699"
"20250109","NOK","USD","0.08775"
"20250110","NOK","USD","0.087154"
"20250112","NOK","USD","0.087082"
"20250113","NOK","USD","0.08729"
"20250114","NOK","USD","0.087916"
"20250115","NOK","USD","0.088273"
"20250116","NOK","USD","0.088022"
"20250117","NOK","USD","0.087331"
"20250119","NOK","USD","0.087506"
"20250120","NOK","USD","0.08852"
"20250121","NOK","USD","0.088559"
"20250122","NOK","USD","0.088657"
"20250123","NOK","USD","0.088665"
"20250124","NOK","USD","0.089319"
"20250126","NOK","USD","0.089166"
"20250127","NOK","USD","0.088958"
"20250128","NOK","USD","0.088661"
"20250129","NOK","USD","0.088587"
"20250130","NOK","USD","0.088276"
"20250131","NOK","USD","0.088333"
"20250202","NOK","USD","0.087153"
"20250203","NOK","USD","0.08819"
"20250204","NOK","USD","0.088956"
"20250205","NOK","USD","0.08909"
"20250206","NOK","USD","0.089206"
"20250207","NOK","USD","0.088932"
"20250209","NOK","USD","0.088496"
"20250210","NOK","USD","0.089163"
"20250211","NOK","USD","0.089326"
"20250212","NOK","USD","0.088733"
"20250213","NOK","USD","0.089711"
"20250214","NOK","USD","0.08989"
"20250216","NOK","USD","0.089859"
"20250217","NOK","USD","0.090047"
"20250218","NOK","USD","0.089632"
"20250219","NOK","USD","0.0898"
"20250220","NOK","USD","0.090146"
"20250221","NOK","USD","0.089728"
"20250223","NOK","USD","0.089832"
"20250224","NOK","USD","0.089962"
"20250225","NOK","USD","0.089964"
"20250226","NOK","USD","0.08969"
"20250227","NOK","USD","0.088892"
"20250228","NOK","USD","0.088829"
"20250302","NOK","USD","0.088944"
"20250303","NOK","USD","0.089346"
"20250304","NOK","USD","0.090162"
"20250305","NOK","USD","0.091562"
"20250306","NOK","USD","0.091811"
"20250307","NOK","USD","0.092068"
"20250309","NOK","USD","0.091976"
"20250310","NOK","USD","0.09293"
"20250311","NOK","USD","0.093889"
"20250312","NOK","USD","0.094075"
"20250313","NOK","USD","0.093615"
"20250314","NOK","USD","0.093935"
"20250316","NOK","USD","0.093859"
"20250317","NOK","USD","0.094947"
"20250318","NOK","USD","0.094683"
"20250319","NOK","USD","0.094688"
"20250320","NOK","USD","0.094724"
"20250321","NOK","USD","0.094843"
"20250323","NOK","USD","0.094701"
"20250324","NOK","USD","0.095095"
"20250325","NOK","USD","0.0951"
"20250326","NOK","USD","0.094725"
"20250327","NOK","USD","0.095421"
"20250328","NOK","USD","0.095383"
"20250330","NOK","USD","0.095462"
"20250331","NOK","USD","0.095125"
"20250401","NOK","USD","0.095506"
"20250402","NOK","USD","0.0961"
"20250403","NOK","USD","0.096875"
"20250404","NOK","USD","0.09294"
"20250406","NOK","USD","0.092616"
"20250407","NOK","USD","0.091064"
"20250408","NOK","USD","0.091226"
"20250409","NOK","USD","0.092878"
"20250410","NOK","USD","0.092463"
"20250411","NOK","USD","0.093873"
"20250413","NOK","USD","0.093521"
"20250414","NOK","USD","0.094666"
"20250415","NOK","USD","0.093981"
"20250416","NOK","USD","0.094663"
"20250417","NOK","USD","0.095442"
"20250418","NOK","USD","0.09535"
"20250420","NOK","USD","0.095306"
"20250421","NOK","USD","0.096439"
"20250422","NOK","USD","0.096177"
"20250423","NOK","USD","0.094906"
"20250424","NOK","USD","0.096176"
"20250425","NOK","USD","0.095809"
"20250427","NOK","USD","0.09609"
"20250428","NOK","USD","0.096775"
"20250429","NOK","USD","0.096397"
"20250430","NOK","USD","0.096148"
"20250501","NOK","USD","0.095858"
"20250502","NOK","USD","0.096047"
"20250504","NOK","USD","0.095996"
"20250505","NOK","USD","0.096214"
"20250506","NOK","USD","0.09736"
"20250507","NOK","USD","0.0966"
"20250508","NOK","USD","0.095879"
"20250509","NOK","USD","0.096405"
"20250511","NOK","USD","0.095936"
"20250512","NOK","USD","0.095683"
"20250513","NOK","USD","0.09649"
"20250514","NOK","USD","0.096297"
"20250515","NOK","USD","0.096008"
"20250516","NOK","USD","0.09628"
"20250518","NOK","USD","0.096329"
"20250519","NOK","USD","0.097022"
"20250520","NOK","USD","0.09749"
"20250521","NOK","USD","0.098292"
"20250522","NOK","USD","0.098024"
"20250523","NOK","USD","0.098954"
"20250525","NOK","USD","0.098933"
"20250526","NOK","USD","0.099053"
"20250527","NOK","USD","0.098431"
"20250528","NOK","USD","0.098204"
"20250529","NOK","USD","0.098718"
"20250530","NOK","USD","0.097895"
"20250601","NOK","USD","0.097954"
"20250602","NOK","USD","0.099261"
"20250603","NOK","USD","0.098454"
"20250604","NOK","USD","0.098897"
"20250605","NOK","USD","0.09924"
"20250606","NOK","USD","0.098906"
"20250608","NOK","USD","0.098978"
"20250609","NOK","USD","0.099388"
"20250610","NOK","USD","0.09894"
"20250611","NOK","USD","0.099273"
"20250612","NOK","USD","0.10064"
"20250613","NOK","USD","0.10102"
"20250615","NOK","USD","0.10063"
"20250616","NOK","USD","0.10091"
"20250617","NOK","USD","0.1006"
"20250618","NOK","USD","0.10023"
"20250619","NOK","USD","0.099623"
"20250620","NOK","USD","0.098935"
"20250622","NOK","USD","0.098738"
"20250623","NOK","USD","0.099137"
"20250624","NOK","USD","0.098785"
"20250625","NOK","USD","0.098694"
"20250626","NOK","USD","0.099236"
"20250627","NOK","USD","0.099216"
"20250629","NOK","USD","0.099379"
"20250630","NOK","USD","0.09927"
"20250701","NOK","USD","0.099297"
"20250702","NOK","USD","0.099405"
"20250703","NOK","USD","0.099471"
"20250704","NOK","USD","0.099174"
"20250706","NOK","USD","0.099072"
"20250707","NOK","USD","0.098695"
"20250708","NOK","USD","0.099062"
"20250709","NOK","USD","0.099024"
"20250710","NOK","USD","0.099263"
"20250711","NOK","USD","0.098697"
"20250713","NOK","USD","0.098629"
"20250714","NOK","USD","0.098563"
"20250715","NOK","USD","0.097497"
"20250716","NOK","USD","0.097598"
"20250717","NOK","USD","0.097085"
"20250718","NOK","USD","0.098212"
"20250720","NOK","USD","0.098272"
"20250721","NOK","USD","0.098446"
"20250722","NOK","USD","0.099249"
"20250723","NOK","USD","0.098988"
"20250724","NOK","USD","0.09871"
"20250725","NOK","USD","0.098404"
"20250727","NOK","USD","0.098642"
"20250728","NOK","USD","0.09804"
"20250729","NOK","USD","0.097976"
"20250730","NOK","USD","0.09687"
"20250731","NOK","USD","0.096792"
"20250801","NOK","USD","0.097676"
"20250803","NOK","USD","0.097611"
"20250804","NOK","USD","0.097348"
"20250805","NOK","USD","0.097437"
"20250806","NOK","USD","0.098167"
"20250807","NOK","USD","0.097802"
"20250808","NOK","USD","0.097236"
"20250810","NOK","USD","0.097264"
"20250811","NOK","USD","0.09774"
"20250812","NOK","USD","0.097843"
"20250813","NOK","USD","0.098093"
"20250814","NOK","USD","0.097847"
"20250815","NOK","USD","0.098097"
"20250817","NOK","USD","0.098327"
"20250818","NOK","USD","0.098005"
"20250819","NOK","USD","0.097267"
"20250820","NOK","USD","0.097643"
"20250821","NOK","USD","0.098239"
"20250822","NOK","USD","0.099463"
"20250824","NOK","USD","0.099244"
"20250825","NOK","USD","0.098738"
"20250826","NOK","USD","0.09871"
"20250827","NOK","USD","0.099155"
"20250828","NOK","USD","0.099326"
"20250829","NOK","USD","0.0994"
"20250831","NOK","USD","0.099392"
"20250901","NOK","USD","0.10001"
"20250902","NOK","USD","0.099624"
"20250903","NOK","USD","0.099603"
"20250904","NOK","USD","0.099138"
"20250905","NOK","USD","0.099533"
"20250907","NOK","USD","0.099728"
"20250908","NOK","USD","0.10014"
"20250909","NOK","USD","0.10017"
"20250910","NOK","USD","0.10064"
"20250911","NOK","USD","0.10142"
"20250912","NOK","USD","0.10145"
"20250914","NOK","USD","0.10093"
"20250915","NOK","USD","0.10177"
"20250916","NOK","USD","0.10238"
"20250917","NOK","USD","0.10184"
"20250918","NOK","USD","0.10122"
"20250919","NOK","USD","0.10058"
"20250921","NOK","USD","0.10102"
"20250922","NOK","USD","0.10084"
"20250923","NOK","USD","0.10111"
"20250924","NOK","USD","0.10057"
"20250925","NOK","USD","0.099615"
"20250926","NOK","USD","0.10023"
"20250928","NOK","USD","0.10026"
"20250929","NOK","USD","0.1002"
"20250930","NOK","USD","0.10008"
"20251001","NOK","USD","0.10081"
"20251002","NOK","USD","0.10014"
"20251003","NOK","USD","0.10041"
"20251005","NOK","USD","0.10022"
"20251006","NOK","USD","0.10078"
"20251007","NOK","USD","0.10029"
"20251008","NOK","USD","0.10022"
"20251009","NOK","USD","0.099356"
"20251010","NOK","USD","0.098829"
"20251012","NOK","USD","0.099035"
"20251013","NOK","USD","0.099111"
"20251014","NOK","USD","0.098439"
"20251015","NOK","USD","0.099067"
"20251016","NOK","USD","0.099285"
"20251017","NOK","USD","0.099388"
"20251019","NOK","USD","0.099461"
"20251020","NOK","USD","0.099447"
"20251021","NOK","USD","0.099388"
"20251022","NOK","USD","0.09978"
"20251023","NOK","USD","0.10026"
"20251024","NOK","USD","0.099845"
"20251026","NOK","USD","0.09994"
"20251027","NOK","USD","0.10016"
"20251028","NOK","USD","0.10018"
"20251029","NOK","USD","0.099783"
"20251030","NOK","USD","0.099425"
"20251031","NOK","USD","0.098795"
"20251102","NOK","USD","0.098751"
"20251103","NOK","USD","0.098738"
"20251104","NOK","USD","0.097806"
"20251105","NOK","USD","0.097871"
"20251106","NOK","USD","0.097995"
"20251107","NOK","USD","0.098475"
"20251109","NOK","USD","0.09836"
"20251110","NOK","USD","0.098763"
"20251111","NOK","USD","0.099411"
"20251112","NOK","USD","0.099231"
"20251113","NOK","USD","0.099776"
"20251114","NOK","USD","0.099094"
"20251116","NOK","USD","0.09917"
"20251117","NOK","USD","0.098962"
"20251118","NOK","USD","0.098941"
"20251119","NOK","USD","0.098243"
"20251120","NOK","USD","0.097911"
"20251121","NOK","USD","0.097543"
"20251123","NOK","USD","0.097581"
"20251124","NOK","USD","0.097709"
"20251125","NOK","USD","0.09775"
"20251126","NOK","USD","0.09805"
"20251127","NOK","USD","0.098415"
"20251128","NOK","USD","0.098751"
"20251130","NOK","USD","0.098668"
"20251201","NOK","USD","0.098688"
"20251202","NOK","USD","0.098672"
"20251203","NOK","USD","0.09945"
"20251204","NOK","USD","0.0989"
"20251205","NOK","USD","0.098959"
"20251207","NOK","USD","0.098873"
"20251208","NOK","USD","0.098702"
"20251209","NOK","USD","0.098517"
"20251210","NOK","USD","0.099154"
"20251211","NOK","USD","0.099291"
"20251212","NOK","USD","0.098689"
"20251214","NOK","USD","0.098649"
"20251215","NOK","USD","0.098544"
"20251216","NOK","USD","0.09815"
"20251217","NOK","USD","0.097992"
"20251218","NOK","USD","0.098428"
"20251219","NOK","USD","0.098617"
"20251221","NOK","USD","0.098714"
"20251222","NOK","USD","0.098951"
"20251223","NOK","USD","0.099679"
"20251224","NOK","USD","0.099818"
"20251225","NOK","USD","0.099811"
"20251226","NOK","USD","0.099929"
"20251228","NOK","USD","0.099914"
"20251229","NOK","USD","0.099584"
"20251230","NOK","USD","0.09954"
"20251231","NOK","USD","0.099164"
"20250101","RON","USD","0.20817"
"20250102","RON","USD","0.20638"
"20250103","RON","USD","0.20726"
"20250105","RON","USD","0.20726"
"20250106","RON","USD","0.20892"
"20250107","RON","USD","0.20794"
"20250108","RON","USD","0.20754"
"20250109","RON","USD","0.2071"
"20250110","RON","USD","0.20588"
"20250112","RON","USD","0.20571"
"20250113","RON","USD","0.20542"
"20250114","RON","USD","0.20722"
"20250115","RON","USD","0.20686"
"20250116","RON","USD","0.20704"
"20250117","RON","USD","0.20641"
"20250119","RON","USD","0.2064"
"20250120","RON","USD","0.20931"
"20250121","RON","USD","0.20954"
"20250122","RON","USD","0.20925"
"20250123","RON","USD","0.20932"
"20250124","RON","USD","0.21092"
"20250126","RON","USD","0.21059"
"20250127","RON","USD","0.2109"
"20250128","RON","USD","0.20967"
"20250129","RON","USD","0.20953"
"20250130","RON","USD","0.20884"
"20250131","RON","USD","0.20826"
"20250202","RON","USD","0.20829"
"20250203","RON","USD","0.20786"
"20250204","RON","USD","0.20855"
"20250205","RON","USD","0.20906"
"20250206","RON","USD","0.20865"
"20250207","RON","USD","0.20753"
"20250209","RON","USD","0.20739"
"20250210","RON","USD","0.20709"
"20250211","RON","USD","0.20818"
"20250212","RON","USD","0.20862"
"20250213","RON","USD","0.21028"
"20250214","RON","USD","0.21078"
"20250216","RON","USD","0.21071"
"20250217","RON","USD","0.21065"
"20250218","RON","USD","0.20987"
"20250219","RON","USD","0.20941"
"20250220","RON","USD","0.21101"
"20250221","RON","USD","0.2102"
"20250223","RON","USD","0.2102"
"20250224","RON","USD","0.21032"
"20250225","RON","USD","0.21125"
"20250226","RON","USD","0.21065"
"20250227","RON","USD","0.20896"
"20250228","RON","USD","0.20847"
"20250302","RON","USD","0.20936"
"20250303","RON","USD","0.21074"
"20250304","RON","USD","0.21351"
"20250305","RON","USD","0.21681"
"20250306","RON","USD","0.21678"
"20250307","RON","USD","0.21772"
"20250309","RON","USD","0.21768"
"20250310","RON","USD","0.21772"
"20250311","RON","USD","0.21937"
"20250312","RON","USD","0.21869"
"20250313","RON","USD","0.21802"
"20250314","RON","USD","0.21862"
"20250316","RON","USD","0.21857"
"20250317","RON","USD","0.21942"
"20250318","RON","USD","0.21987"
"20250319","RON","USD","0.21906"
"20250320","RON","USD","0.21809"
"20250321","RON","USD","0.21735"
"20250323","RON","USD","0.21736"
"20250324","RON","USD","0.21707"
"20250325","RON","USD","0.2169"
"20250326","RON","USD","0.21608"
"20250327","RON","USD","0.21699"
"20250328","RON","USD","0.21757"
"20250330","RON","USD","0.21737"
"20250331","RON","USD","0.21728"
"20250401","RON","USD","0.21681"
"20250402","RON","USD","0.21809"
"20250403","RON","USD","0.22202"
"20250404","RON","USD","0.22025"
"20250406","RON","USD","0.22024"
"20250407","RON","USD","0.21911"
"20250408","RON","USD","0.22017"
"20250409","RON","USD","0.21995"
"20250410","RON","USD","0.22503"
"20250411","RON","USD","0.22821"
"20250413","RON","USD","0.22822"
"20250414","RON","USD","0.22801"
"20250415","RON","USD","0.22665"
"20250416","RON","USD","0.22899"
"20250417","RON","USD","0.22829"
"20250418","RON","USD","0.22884"
"20250420","RON","USD","0.22884"
"20250421","RON","USD","0.23122"
"20250422","RON","USD","0.22946"
"20250423","RON","USD","0.22735"
"20250424","RON","USD","0.22883"
"20250425","RON","USD","0.22829"
"20250427","RON","USD","0.22831"
"20250428","RON","USD","0.22945"
"20250429","RON","USD","0.22873"
"20250430","RON","USD","0.22757"
"20250501","RON","USD","0.2268"
"20250502","RON","USD","0.22698"
"20250504","RON","USD","0.22698"
"20250505","RON","USD","0.22727"
"20250506","RON","USD","0.22316"
"20250507","RON","USD","0.22075"
"20250508","RON","USD","0.21943"
"20250509","RON","USD","0.21978"
"20250511","RON","USD","0.21987"
"20250512","RON","USD","0.21733"
"20250513","RON","USD","0.21911"
"20250514","RON","USD","0.2189"
"20250515","RON","USD","0.21906"
"20250516","RON","USD","0.2187"
"20250518","RON","USD","0.21869"
"20250519","RON","USD","0.22306"
"20250520","RON","USD","0.22269"
"20250521","RON","USD","0.22343"
"20250522","RON","USD","0.22307"
"20250523","RON","USD","0.2249"
"20250525","RON","USD","0.22494"
"20250526","RON","USD","0.2247"
"20250527","RON","USD","0.22397"
"20250528","RON","USD","0.22367"
"20250529","RON","USD","0.22489"
"20250530","RON","USD","0.22424"
"20250601","RON","USD","0.22424"
"20250602","RON","USD","0.22615"
"20250603","RON","USD","0.22483"
"20250604","RON","USD","0.22604"
"20250605","RON","USD","0.22666"
"20250606","RON","USD","0.22588"
"20250608","RON","USD","0.22588"
"20250609","RON","USD","0.22652"
"20250610","RON","USD","0.22714"
"20250611","RON","USD","0.22868"
"20250612","RON","USD","0.23047"
"20250613","RON","USD","0.23024"
"20250615","RON","USD","0.23023"
"20250616","RON","USD","0.23023"
"20250617","RON","USD","0.22817"
"20250618","RON","USD","0.22828"
"20250619","RON","USD","0.22858"
"20250620","RON","USD","0.22911"
"20250622","RON","USD","0.22913"
"20250623","RON","USD","0.22946"
"20250624","RON","USD","0.22994"
"20250625","RON","USD","0.23042"
"20250626","RON","USD","0.23062"
"20250627","RON","USD","0.23063"
"20250629","RON","USD","0.23066"
"20250630","RON","USD","0.23214"
"20250701","RON","USD","0.23284"
"20250702","RON","USD","0.23309"
"20250703","RON","USD","0.23242"
"20250704","RON","USD","0.23278"
"20250706","RON","USD","0.23279"
"20250707","RON","USD","0.2312"
"20250708","RON","USD","0.23095"
"20250709","RON","USD","0.2309"
"20250710","RON","USD","0.23066"
"20250711","RON","USD","0.23011"
"20250713","RON","USD","0.23016"
"20250714","RON","USD","0.22972"
"20250715","RON","USD","0.22851"
"20250716","RON","USD","0.22953"
"20250717","RON","USD","0.2286"
"20250718","RON","USD","0.22914"
"20250720","RON","USD","0.22915"
"20250721","RON","USD","0.23065"
"20250722","RON","USD","0.23186"
"20250723","RON","USD","0.23222"
"20250724","RON","USD","0.2317"
"20250725","RON","USD","0.23162"
"20250727","RON","USD","0.23161"
"20250728","RON","USD","0.22847"
"20250729","RON","USD","0.22741"
"20250730","RON","USD","0.22477"
"20250731","RON","USD","0.2248"
"20250801","RON","USD","0.22843"
"20250803","RON","USD","0.22854"
"20250804","RON","USD","0.2281"
"20250805","RON","USD","0.22807"
"20250806","RON","USD","0.22973"
"20250807","RON","USD","0.23009"
"20250808","RON","USD","0.22952"
"20250810","RON","USD","0.22954"
"20250811","RON","USD","0.22926"
"20250812","RON","USD","0.23063"
"20250813","RON","USD","0.23128"
"20250814","RON","USD","0.23008"
"20250815","RON","USD","0.23123"
"20250817","RON","USD","0.23122"
"20250818","RON","USD","0.2306"
"20250819","RON","USD","0.2302"
"20250820","RON","USD","0.23041"
"20250821","RON","USD","0.22965"
"20250822","RON","USD","0.23197"
"20250824","RON","USD","0.23195"
"20250825","RON","USD","0.2299"
"20250826","RON","USD","0.23019"
"20250827","RON","USD","0.22972"
"20250828","RON","USD","0.23038"
"20250829","RON","USD","0.23027"
"20250831","RON","USD","0.23031"
"20250901","RON","USD","0.23091"
"20250902","RON","USD","0.22917"
"20250903","RON","USD","0.22973"
"20250904","RON","USD","0.22948"
"20250905","RON","USD","0.23087"
"20250907","RON","USD","0.23087"
"20250908","RON","USD","0.23192"
"20250909","RON","USD","0.23085"
"20250910","RON","USD","0.23036"
"20250911","RON","USD","0.23136"
"20250912","RON","USD","0.23175"
"20250914","RON","USD","0.23178"
"20250915","RON","USD","0.23235"
"20250916","RON","USD","0.23454"
"20250917","RON","USD","0.23319"
"20250918","RON","USD","0.23243"
"20250919","RON","USD","0.23137"
"20250921","RON","USD","0.23137"
"20250922","RON","USD","0.23249"
"20250923","RON","USD","0.23271"
"20250924","RON","USD","0.23125"
"20250925","RON","USD","0.2297"
"20250926","RON","USD","0.23038"
"20250928","RON","USD","0.2303"
"20250929","RON","USD","0.23077"
"20250930","RON","USD","0.23082"
"20251001","RON","USD","0.23071"
"20251002","RON","USD","0.23035"
"20251003","RON","USD","0.23077"
"20251005","RON","USD","0.23076"
"20251006","RON","USD","0.23005"
"20251007","RON","USD","0.22862"
"20251008","RON","USD","0.2283"
"20251009","RON","USD","0.22694"
"20251010","RON","USD","0.22819"
"20251012","RON","USD","0.22822"
"20251013","RON","USD","0.22736"
"20251014","RON","USD","0.22808"
"20251015","RON","USD","0.22894"
"20251016","RON","USD","0.2298"
"20251017","RON","USD","0.22899"
"20251019","RON","USD","0.22899"
"20251020","RON","USD","0.2288"
"20251021","RON","USD","0.22822"
"20251022","RON","USD","0.22842"
"20251023","RON","USD","0.22853"
"20251024","RON","USD","0.22871"
"20251026","RON","USD","0.22871"
"20251027","RON","USD","0.22905"
"20251028","RON","USD","0.22917"
"20251029","RON","USD","0.22812"
"20251030","RON","USD","0.22742"
"20251031","RON","USD","0.22687"
"20251102","RON","USD","0.22688"
"20251103","RON","USD","0.2265"
"20251104","RON","USD","0.22577"
"20251105","RON","USD","0.226"
"20251106","RON","USD","0.22707"
"20251107","RON","USD","0.22734"
"20251109","RON","USD","0.22731"
"20251110","RON","USD","0.22727"
"20251111","RON","USD","0.22784"
"20251112","RON","USD","0.22806"
"20251113","RON","USD","0.22882"
"20251114","RON","USD","0.2286"
"20251116","RON","USD","0.2286"
"20251117","RON","USD","0.22792"
"20251118","RON","USD","0.2276"
"20251119","RON","USD","0.2268"
"20251120","RON","USD","0.22655"
"20251121","RON","USD","0.22622"
"20251123","RON","USD","0.22633"
"20251124","RON","USD","0.22645"
"20251125","RON","USD","0.22736"
"20251126","RON","USD","0.22778"
"20251127","RON","USD","0.22777"
"20251128","RON","USD","0.22777"
"20251130","RON","USD","0.22778"
"20251201","RON","USD","0.22819"
"20251202","RON","USD","0.2284"
"20251203","RON","USD","0.22921"
"20251204","RON","USD","0.22869"
"20251205","RON","USD","0.22863"
"20251207","RON","USD","0.22867"
"20251208","RON","USD","0.22868"
"20251209","RON","USD","0.22843"
"20251210","RON","USD","0.22974"
"20251211","RON","USD","0.23057"
"20251212","RON","USD","0.23061"
"20251214","RON","USD","0.23062"
"20251215","RON","USD","0.23077"
"20251216","RON","USD","0.2307"
"20251217","RON","USD","0.23053"
"20251218","RON","USD","0.23029"
"20251219","RON","USD","0.2302"
"20251221","RON","USD","0.2302"
"20251222","RON","USD","0.23118"
"20251223","RON","USD","0.23173"
"20251224","RON","USD","0.23139"
"20251225","RON","USD","0.23139"
"20251226","RON","USD","0.23124"
"20251228","RON","USD","0.23121"
"20251229","RON","USD","0.23108"
"20251230","RON","USD","0.2314"
"20251231","RON","USD","0.2305"
"20250101","RUS","USD","-1"
"20250102","RUS","USD","-1"
"20250103","RUS","USD","-1"
"20250105","RUS","USD","-1"
"20250106","RUS","USD","-1"
"20250107","RUS","USD","-1"
"20250108","RUS","USD","-1"
"20250109","RUS","USD","-1"
"20250110","RUS","USD","-1"
"20250112","RUS","USD","-1"
"20250113","RUS","USD","-1"
"20250114","RUS","USD","-1"
"20250115","RUS","USD","-1"
"20250116","RUS","USD","-1"
"20250117","RUS","USD","-1"
"20250119","RUS","USD","-1"
"20250120","RUS","USD","-1"
"20250121","RUS","USD","-1"
"20250122","RUS","USD","-1"
"20250123","RUS","USD","-1"
"20250124","RUS","USD","-1"
"20250126","RUS","USD","-1"
"20250127","RUS","USD","-1"
"20250128","RUS","USD","-1"
"20250129","RUS","USD","-1"
"20250130","RUS","USD","-1"
"20250131","RUS","USD","-1"
"20250202","RUS","USD","-1"
"20250203","RUS","USD","-1"
"20250204","RUS","USD","-1"
"20250205","RUS","USD","-1"
"20250206","RUS","USD","-1"
"20250207","RUS","USD","-1"
"20250209","RUS","USD","-1"
"20250210","RUS","USD","-1"
"20250211","RUS","USD","-1"
"20250212","RUS","USD","-1"
"20250213","RUS","USD","-1"
"20250214","RUS","USD","-1"
"20250216","RUS","USD","-1"
"20250217","RUS","USD","-1"
"20250218","RUS","USD","-1"
"20250219","RUS","USD","-1"
"20250220","RUS","USD","-1"
"20250221","RUS","USD","-1"
"20250223","RUS","USD","-1"
"20250224","RUS","USD","-1"
"20250225","RUS","USD","-1"
"20250226","RUS","USD","-1"
"20250227","RUS","USD","-1"
"20250228","RUS","USD","-1"
"20250302","RUS","USD","-1"
"20250303","RUS","USD","-1"
"20250304","RUS","USD","-1"
"20250305","RUS","USD","-1"
"20250306","RUS","USD","-1"
"20250307","RUS","USD","-1"
"20250309","RUS","USD","-1"
"20250310","RUS","USD","-1"
"20250311","RUS","USD","-1"
"20250312","RUS","USD","0.011474"
"20250313","RUS","USD","0.011594"
"20250314","RUS","USD","0.011696"
"20250316","RUS","USD","-1"
"20250317","RUS","USD","0.011983"
"20250318","RUS","USD","0.012232"
"20250319","RUS","USD","0.011905"
"20250320","RUS","USD","0.011775"
"20250321","RUS","USD","0.011834"
"20250323","RUS","USD","-1"
"20250324","RUS","USD","0.011923"
"20250325","RUS","USD","0.011817"
"20250326","RUS","USD","0.011894"
"20250327","RUS","USD","0.011834"
"20250328","RUS","USD","0.011772"
"20250330","RUS","USD","-1"
"20250331","RUS","USD","0.012048"
"20250401","RUS","USD","0.011834"
"20250402","RUS","USD","0.011869"
"20250403","RUS","USD","0.01189"
"20250404","RUS","USD","0.011834"
"20250406","RUS","USD","-1"
"20250407","RUS","USD","0.011608"
"20250408","RUS","USD","0.011648"
"20250409","RUS","USD","0.011608"
"20250410","RUS","USD","0.011976"
"20250411","RUS","USD","0.012012"
"20250413","RUS","USD","-1"
"20250414","RUS","USD","0.012157"
"20250415","RUS","USD","0.011969"
"20250416","RUS","USD","0.012048"
"20250417","RUS","USD","0.012169"
"20250418","RUS","USD","0.012179"
"20250420","RUS","USD","-1"
"20250421","RUS","USD","0.012344"
"20250422","RUS","USD","0.012266"
"20250423","RUS","USD","0.012048"
"20250424","RUS","USD","0.012019"
"20250425","RUS","USD","0.012103"
"20250427","RUS","USD","-1"
"20250428","RUS","USD","0.012099"
"20250429","RUS","USD","0.012195"
"20250430","RUS","USD","0.012195"
"20250501","RUS","USD","0.012195"
"20250502","RUS","USD","0.012085"
"20250504","RUS","USD","-1"
"20250505","RUS","USD","0.012299"
"20250506","RUS","USD","0.01227"
"20250507","RUS","USD","0.012403"
"20250508","RUS","USD","0.012134"
"20250509","RUS","USD","0.012121"
"20250511","RUS","USD","0.012121"
"20250512","RUS","USD","0.012346"
"20250513","RUS","USD","0.012523"
"20250514","RUS","USD","0.012442"
"20250515","RUS","USD","0.0125"
"20250516","RUS","USD","0.012346"
"20250518","RUS","USD","0.012346"
"20250519","RUS","USD","0.012384"
"20250520","RUS","USD","0.012403"
"20250521","RUS","USD","0.012539"
"20250522","RUS","USD","0.012551"
"20250523","RUS","USD","0.012579"
"20250525","RUS","USD","0.012579"
"20250526","RUS","USD","0.012538"
"20250527","RUS","USD","0.012461"
"20250528","RUS","USD","0.01252"
"20250529","RUS","USD","0.013004"
"20250530","RUS","USD","0.012903"
"20250601","RUS","USD","0.012903"
"20250602","RUS","USD","0.012618"
"20250603","RUS","USD","0.012662"
"20250604","RUS","USD","0.012618"
"20250605","RUS","USD","0.012945"
"20250606","RUS","USD","0.012682"
"20250608","RUS","USD","0.012682"
"20250609","RUS","USD","0.012658"
"20250610","RUS","USD","0.012743"
"20250611","RUS","USD","0.012579"
"20250612","RUS","USD","0.0125"
"20250613","RUS","USD","0.012545"
"20250615","RUS","USD","0.012545"
"20250616","RUS","USD","0.012719"
"20250617","RUS","USD","0.012739"
"20250618","RUS","USD","0.012739"
"20250619","RUS","USD","0.012759"
"20250620","RUS","USD","0.012739"
"20250622","RUS","USD","0.012739"
"20250623","RUS","USD","0.012739"
"20250624","RUS","USD","0.012759"
"20250625","RUS","USD","0.01278"
"20250626","RUS","USD","0.012698"
"20250627","RUS","USD","0.012739"
"20250629","RUS","USD","0.012739"
"20250630","RUS","USD","0.012788"
"20250701","RUS","USD","0.012739"
"20250702","RUS","USD","0.01267"
"20250703","RUS","USD","0.012646"
"20250704","RUS","USD","0.012698"
"20250706","RUS","USD","0.012698"
"20250707","RUS","USD","0.012706"
"20250708","RUS","USD","0.012739"
"20250709","RUS","USD","0.012794"
"20250710","RUS","USD","0.012895"
"20250711","RUS","USD","0.012827"
"20250713","RUS","USD","0.012827"
"20250714","RUS","USD","0.012804"
"20250715","RUS","USD","0.012808"
"20250716","RUS","USD","0.012762"
"20250717","RUS","USD","0.012812"
"20250718","RUS","USD","0.012705"
"20250720","RUS","USD","0.012705"
"20250721","RUS","USD","0.012788"
"20250722","RUS","USD","0.012739"
"20250723","RUS","USD","0.012755"
"20250724","RUS","USD","0.012618"
"20250725","RUS","USD","0.012593"
"20250727","RUS","USD","0.012593"
"20250728","RUS","USD","0.012293"
"20250729","RUS","USD","0.01233"
"20250730","RUS","USD","0.012344"
"20250731","RUS","USD","0.01233"
"20250801","RUS","USD","0.0125"
"20250803","RUS","USD","0.0125"
"20250804","RUS","USD","0.012527"
"20250805","RUS","USD","0.0125"
"20250806","RUS","USD","0.0125"
"20250807","RUS","USD","0.012618"
"20250808","RUS","USD","0.0125"
"20250810","RUS","USD","0.0125"
"20250811","RUS","USD","0.012579"
"20250812","RUS","USD","0.012587"
"20250813","RUS","USD","0.012587"
"20250814","RUS","USD","0.012539"
"20250815","RUS","USD","0.012477"
"20250817","RUS","USD","0.012477"
"20250818","RUS","USD","0.01246"
"20250819","RUS","USD","0.01238"
"20250820","RUS","USD","0.012422"
"20250821","RUS","USD","0.012411"
"20250822","RUS","USD","0.012415"
"20250824","RUS","USD","0.012415"
"20250825","RUS","USD","0.012392"
"20250826","RUS","USD","0.012422"
"20250827","RUS","USD","0.012446"
"20250828","RUS","USD","0.012452"
"20250829","RUS","USD","0.012674"
"20250831","RUS","USD","0.012516"
"20250901","RUS","USD","0.012411"
"20250902","RUS","USD","0.012415"
"20250903","RUS","USD","0.012346"
"20250904","RUS","USD","0.0123"
"20250905","RUS","USD","0.012308"
"20250907","RUS","USD","0.012308"
"20250908","RUS","USD","0.012125"
"20250909","RUS","USD","0.011947"
"20250910","RUS","USD","0.011834"
"20250911","RUS","USD","0.011834"
"20250912","RUS","USD","0.011905"
"20250914","RUS","USD","0.011905"
"20250915","RUS","USD","0.012048"
"20250916","RUS","USD","0.012019"
"20250917","RUS","USD","0.011905"
"20250918","RUS","USD","0.012012"
"20250919","RUS","USD","0.011976"
"20250921","RUS","USD","0.011976"
"20250922","RUS","USD","0.011958"
"20250923","RUS","USD","0.011955"
"20250924","RUS","USD","0.01194"
"20250925","RUS","USD","0.011912"
"20250926","RUS","USD","0.011994"
"20250928","RUS","USD","0.011994"
"20250929","RUS","USD","0.012037"
"20250930","RUS","USD","0.012063"
"20251001","RUS","USD","0.012121"
"20251002","RUS","USD","0.012114"
"20251003","RUS","USD","0.012158"
"20251005","RUS","USD","0.012158"
"20251006","RUS","USD","0.012048"
"20251007","RUS","USD","0.012184"
"20251008","RUS","USD","0.012268"
"20251009","RUS","USD","0.012319"
"20251010","RUS","USD","0.012251"
"20251012","RUS","USD","0.012251"
"20251013","RUS","USD","0.012323"
"20251014","RUS","USD","0.012579"
"20251015","RUS","USD","0.012715"
"20251016","RUS","USD","0.012498"
"20251017","RUS","USD","0.012319"
"20251019","RUS","USD","0.012319"
"20251020","RUS","USD","0.012369"
"20251021","RUS","USD","0.012289"
"20251022","RUS","USD","0.01227"
"20251023","RUS","USD","0.012306"
"20251024","RUS","USD","0.012539"
"20251026","RUS","USD","0.012539"
"20251027","RUS","USD","0.012618"
"20251028","RUS","USD","0.012618"
"20251029","RUS","USD","0.0125"
"20251030","RUS","USD","0.012508"
"20251031","RUS","USD","0.012376"
"20251102","RUS","USD","0.012376"
"20251103","RUS","USD","0.01239"
"20251104","RUS","USD","0.012346"
"20251105","RUS","USD","0.012293"
"20251106","RUS","USD","0.012308"
"20251107","RUS","USD","0.012353"
"20251109","RUS","USD","0.012353"
"20251110","RUS","USD","0.012308"
"20251111","RUS","USD","0.012353"
"20251112","RUS","USD","0.012304"
"20251113","RUS","USD","0.012392"
"20251114","RUS","USD","0.012369"
"20251116","RUS","USD","0.012369"
"20251117","RUS","USD","0.012308"
"20251118","RUS","USD","0.012352"
"20251119","RUS","USD","0.012415"
"20251120","RUS","USD","0.012492"
"20251121","RUS","USD","0.012642"
"20251123","RUS","USD","0.012642"
"20251124","RUS","USD","0.012739"
"20251125","RUS","USD","0.012678"
"20251126","RUS","USD","0.012739"
"20251127","RUS","USD","0.012829"
"20251128","RUS","USD","0.012903"
"20251130","RUS","USD","0.012903"
"20251201","RUS","USD","0.012866"
"20251202","RUS","USD","0.012903"
"20251203","RUS","USD","0.012885"
"20251204","RUS","USD","0.012952"
"20251205","RUS","USD","0.013072"
"20251207","RUS","USD","0.013072"
"20251208","RUS","USD","0.013063"
"20251209","RUS","USD","0.012953"
"20251210","RUS","USD","0.01278"
"20251211","RUS","USD","0.012461"
"20251212","RUS","USD","0.012492"
"20251214","RUS","USD","0.012492"
"20251215","RUS","USD","0.012579"
"20251216","RUS","USD","0.01265"
"20251217","RUS","USD","0.012422"
"20251218","RUS","USD","0.01253"
"20251219","RUS","USD","0.012422"
"20251221","RUS","USD","0.012422"
"20251222","RUS","USD","0.01269"
"20251223","RUS","USD","0.012821"
"20251224","RUS","USD","0.012658"
"20251225","RUS","USD","0.012819"
"20251226","RUS","USD","0.012893"
"20251228","RUS","USD","0.012893"
"20251229","RUS","USD","0.012739"
"20251230","RUS","USD","0.012579"
"20251231","RUS","USD","0.012698"
"20250101","SGD","USD","0.73247"
"20250102","SGD","USD","0.72988"
"20250103","SGD","USD","0.72991"
"20250105","SGD","USD","0.7299"
"20250106","SGD","USD","0.73349"
"20250107","SGD","USD","0.73304"
"20250108","SGD","USD","0.73107"
"20250109","SGD","USD","0.73081"
"20250110","SGD","USD","0.72909"
"20250112","SGD","USD","0.72913"
"20250113","SGD","USD","0.72907"
"20250114","SGD","USD","0.73176"
"20250115","SGD","USD","0.73149"
"20250116","SGD","USD","0.73192"
"20250117","SGD","USD","0.73009"
"20250119","SGD","USD","0.73051"
"20250120","SGD","USD","0.73727"
"20250121","SGD","USD","0.73943"
"20250122","SGD","USD","0.7378"
"20250123","SGD","USD","0.73767"
"20250124","SGD","USD","0.74294"
"20250126","SGD","USD","0.74247"
"20250127","SGD","USD","0.7437"
"20250128","SGD","USD","0.74017"
"20250129","SGD","USD","0.74102"
"20250130","SGD","USD","0.73899"
"20250131","SGD","USD","0.73594"
"20250202","SGD","USD","0.73164"
"20250203","SGD","USD","0.7357"
"20250204","SGD","USD","0.73964"
"20250205","SGD","USD","0.74147"
"20250206","SGD","USD","0.74041"
"20250207","SGD","USD","0.73806"
"20250209","SGD","USD","0.73806"
"20250210","SGD","USD","0.73782"
"20250211","SGD","USD","0.739"
"20250212","SGD","USD","0.73912"
"20250213","SGD","USD","0.74455"
"20250214","SGD","USD","0.74652"
"20250216","SGD","USD","0.74655"
"20250217","SGD","USD","0.74546"
"20250218","SGD","USD","0.74509"
"20250219","SGD","USD","0.7447"
"20250220","SGD","USD","0.74995"
"20250221","SGD","USD","0.74829"
"20250223","SGD","USD","0.74845"
"20250224","SGD","USD","0.74672"
"20250225","SGD","USD","0.74847"
"20250226","SGD","USD","0.74697"
"20250227","SGD","USD","0.74161"
"20250228","SGD","USD","0.74014"
"20250302","SGD","USD","0.73983"
"20250303","SGD","USD","0.74263"
"20250304","SGD","USD","0.74745"
"20250305","SGD","USD","0.75107"
"20250306","SGD","USD","0.75023"
"20250307","SGD","USD","0.75129"
"20250309","SGD","USD","0.75126"
"20250310","SGD","USD","0.74952"
"20250311","SGD","USD","0.75163"
"20250312","SGD","USD","0.75019"
"20250313","SGD","USD","0.74857"
"20250314","SGD","USD","0.74968"
"20250316","SGD","USD","0.74965"
"20250317","SGD","USD","0.75188"
"20250318","SGD","USD","0.75154"
"20250319","SGD","USD","0.75154"
"20250320","SGD","USD","0.74878"
"20250321","SGD","USD","0.74845"
"20250323","SGD","USD","0.74845"
"20250324","SGD","USD","0.74712"
"20250325","SGD","USD","0.74859"
"20250326","SGD","USD","0.74604"
"20250327","SGD","USD","0.74645"
"20250328","SGD","USD","0.74488"
"20250330","SGD","USD","0.74538"
"20250331","SGD","USD","0.74473"
"20250401","SGD","USD","0.74399"
"20250402","SGD","USD","0.74223"
"20250403","SGD","USD","0.74999"
"20250404","SGD","USD","0.74297"
"20250406","SGD","USD","0.74297"
"20250407","SGD","USD","0.73918"
"20250408","SGD","USD","0.73878"
"20250409","SGD","USD","0.7471"
"20250410","SGD","USD","0.75095"
"20250411","SGD","USD","0.75791"
"20250413","SGD","USD","0.75821"
"20250414","SGD","USD","0.76005"
"20250415","SGD","USD","0.75796"
"20250416","SGD","USD","0.76294"
"20250417","SGD","USD","0.763"
"20250418","SGD","USD","0.76269"
"20250420","SGD","USD","0.76269"
"20250421","SGD","USD","0.7662"
"20250422","SGD","USD","0.76254"
"20250423","SGD","USD","0.7599"
"20250424","SGD","USD","0.76263"
"20250425","SGD","USD","0.76039"
"20250427","SGD","USD","0.76034"
"20250428","SGD","USD","0.7642"
"20250429","SGD","USD","0.76418"
"20250430","SGD","USD","0.76532"
"20250501","SGD","USD","0.76238"
"20250502","SGD","USD","0.77065"
"20250504","SGD","USD","0.77065"
"20250505","SGD","USD","0.77524"
"20250506","SGD","USD","0.77639"
"20250507","SGD","USD","0.77209"
"20250508","SGD","USD","0.76871"
"20250509","SGD","USD","0.77041"
"20250511","SGD","USD","0.77036"
"20250512","SGD","USD","0.76558"
"20250513","SGD","USD","0.76864"
"20250514","SGD","USD","0.76837"
"20250515","SGD","USD","0.77083"
"20250516","SGD","USD","0.76932"
"20250518","SGD","USD","0.76938"
"20250519","SGD","USD","0.77239"
"20250520","SGD","USD","0.77226"
"20250521","SGD","USD","0.77543"
"20250522","SGD","USD","0.77354"
"20250523","SGD","USD","0.77863"
"20250525","SGD","USD","0.77818"
"20250526","SGD","USD","0.77873"
"20250527","SGD","USD","0.77597"
"20250528","SGD","USD","0.77567"
"20250529","SGD","USD","0.7769"
"20250530","SGD","USD","0.77467"
"20250601","SGD","USD","0.77454"
"20250602","SGD","USD","0.77811"
"20250603","SGD","USD","0.77548"
"20250604","SGD","USD","0.77743"
"20250605","SGD","USD","0.77785"
"20250606","SGD","USD","0.77552"
"20250608","SGD","USD","0.77552"
"20250609","SGD","USD","0.77745"
"20250610","SGD","USD","0.77719"
"20250611","SGD","USD","0.7785"
"20250612","SGD","USD","0.78196"
"20250613","SGD","USD","0.78024"
"20250615","SGD","USD","0.77984"
"20250616","SGD","USD","0.7811"
"20250617","SGD","USD","0.77744"
"20250618","SGD","USD","0.77788"
"20250619","SGD","USD","0.77712"
"20250620","SGD","USD","0.7767"
"20250622","SGD","USD","0.77574"
"20250623","SGD","USD","0.77863"
"20250624","SGD","USD","0.7814"
"20250625","SGD","USD","0.78234"
"20250626","SGD","USD","0.78464"
"20250627","SGD","USD","0.7837"
"20250629","SGD","USD","0.78373"
"20250630","SGD","USD","0.78647"
"20250701","SGD","USD","0.7857"
"20250702","SGD","USD","0.78562"
"20250703","SGD","USD","0.78401"
"20250704","SGD","USD","0.78465"
"20250706","SGD","USD","0.7845"
"20250707","SGD","USD","0.78133"
"20250708","SGD","USD","0.78151"
"20250709","SGD","USD","0.78108"
"20250710","SGD","USD","0.78153"
"20250711","SGD","USD","0.781"
"20250713","SGD","USD","0.78043"
"20250714","SGD","USD","0.78"
"20250715","SGD","USD","0.77793"
"20250716","SGD","USD","0.77946"
"20250717","SGD","USD","0.77759"
"20250718","SGD","USD","0.77797"
"20250720","SGD","USD","0.77822"
"20250721","SGD","USD","0.78104"
"20250722","SGD","USD","0.78223"
"20250723","SGD","USD","0.78333"
"20250724","SGD","USD","0.78265"
"20250725","SGD","USD","0.78043"
"20250727","SGD","USD","0.78045"
"20250728","SGD","USD","0.77717"
"20250729","SGD","USD","0.7765"
"20250730","SGD","USD","0.77095"
"20250731","SGD","USD","0.7703"
"20250801","SGD","USD","0.77598"
"20250803","SGD","USD","0.77598"
"20250804","SGD","USD","0.77636"
"20250805","SGD","USD","0.77658"
"20250806","SGD","USD","0.77796"
"20250807","SGD","USD","0.77932"
"20250808","SGD","USD","0.77797"
"20250810","SGD","USD","0.77824"
"20250811","SGD","USD","0.77696"
"20250812","SGD","USD","0.77941"
"20250813","SGD","USD","0.78108"
"20250814","SGD","USD","0.77835"
"20250815","SGD","USD","0.77947"
"20250817","SGD","USD","0.77976"
"20250818","SGD","USD","0.77854"
"20250819","SGD","USD","0.77813"
"20250820","SGD","USD","0.77803"
"20250821","SGD","USD","0.77587"
"20250822","SGD","USD","0.78046"
"20250824","SGD","USD","0.78022"
"20250825","SGD","USD","0.77782"
"20250826","SGD","USD","0.77811"
"20250827","SGD","USD","0.7776"
"20250828","SGD","USD","0.7798"
"20250829","SGD","USD","0.77898"
"20250831","SGD","USD","0.77954"
"20250901","SGD","USD","0.77872"
"20250902","SGD","USD","0.77613"
"20250903","SGD","USD","0.77657"
"20250904","SGD","USD","0.77526"
"20250905","SGD","USD","0.77833"
"20250907","SGD","USD","0.77836"
"20250908","SGD","USD","0.77926"
"20250909","SGD","USD","0.77952"
"20250910","SGD","USD","0.77977"
"20250911","SGD","USD","0.78032"
"20250912","SGD","USD","0.77967"
"20250914","SGD","USD","0.77944"
"20250915","SGD","USD","0.78089"
"20250916","SGD","USD","0.78379"
"20250917","SGD","USD","0.78237"
"20250918","SGD","USD","0.77993"
"20250919","SGD","USD","0.77833"
"20250921","SGD","USD","0.77842"
"20250922","SGD","USD","0.78007"
"20250923","SGD","USD","0.7793"
"20250924","SGD","USD","0.77594"
"20250925","SGD","USD","0.77241"
"20250926","SGD","USD","0.77423"
"20250928","SGD","USD","0.77423"
"20250929","SGD","USD","0.77519"
"20250930","SGD","USD","0.77518"
"20251001","SGD","USD","0.77641"
"20251002","SGD","USD","0.77574"
"20251003","SGD","USD","0.77571"
"20251005","SGD","USD","0.77474"
"20251006","SGD","USD","0.77417"
"20251007","SGD","USD","0.77323"
"20251008","SGD","USD","0.77195"
"20251009","SGD","USD","0.7694"
"20251010","SGD","USD","0.77104"
"20251012","SGD","USD","0.77152"
"20251013","SGD","USD","0.77006"
"20251014","SGD","USD","0.77021"
"20251015","SGD","USD","0.77147"
"20251016","SGD","USD","0.77284"
"20251017","SGD","USD","0.77191"
"20251019","SGD","USD","0.77206"
"20251020","SGD","USD","0.77264"
"20251021","SGD","USD","0.77007"
"20251022","SGD","USD","0.77049"
"20251023","SGD","USD","0.77019"
"20251024","SGD","USD","0.77003"
"20251026","SGD","USD","0.77015"
"20251027","SGD","USD","0.77115"
"20251028","SGD","USD","0.77289"
"20251029","SGD","USD","0.77075"
"20251030","SGD","USD","0.76889"
"20251031","SGD","USD","0.76867"
"20251102","SGD","USD","0.76831"
"20251103","SGD","USD","0.76643"
"20251104","SGD","USD","0.76454"
"20251105","SGD","USD","0.76511"
"20251106","SGD","USD","0.76703"
"20251107","SGD","USD","0.76847"
"20251109","SGD","USD","0.76796"
"20251110","SGD","USD","0.76755"
"20251111","SGD","USD","0.76862"
"20251112","SGD","USD","0.76795"
"20251113","SGD","USD","0.76889"
"20251114","SGD","USD","0.77019"
"20251116","SGD","USD","0.77024"
"20251117","SGD","USD","0.76725"
"20251118","SGD","USD","0.76813"
"20251119","SGD","USD","0.76512"
"20251120","SGD","USD","0.76467"
"20251121","SGD","USD","0.76532"
"20251123","SGD","USD","0.76532"
"20251124","SGD","USD","0.7662"
"20251125","SGD","USD","0.76849"
"20251126","SGD","USD","0.77081"
"20251127","SGD","USD","0.77096"
"20251128","SGD","USD","0.77152"
"20251130","SGD","USD","0.77116"
"20251201","SGD","USD","0.77169"
"20251202","SGD","USD","0.77107"
"20251203","SGD","USD","0.773"
"20251204","SGD","USD","0.77158"
"20251205","SGD","USD","0.7716"
"20251207","SGD","USD","0.77205"
"20251208","SGD","USD","0.7707"
"20251209","SGD","USD","0.77072"
"20251210","SGD","USD","0.77334"
"20251211","SGD","USD","0.7739"
"20251212","SGD","USD","0.77409"
"20251214","SGD","USD","0.77417"
"20251215","SGD","USD","0.77537"
"20251216","SGD","USD","0.77561"
"20251217","SGD","USD","0.77461"
"20251218","SGD","USD","0.77506"
"20251219","SGD","USD","0.77337"
"20251221","SGD","USD","0.77337"
"20251222","SGD","USD","0.77609"
"20251223","SGD","USD","0.77808"
"20251224","SGD","USD","0.77927"
"20251225","SGD","USD","0.77941"
"20251226","SGD","USD","0.7788"
"20251228","SGD","USD","0.77848"
"20251229","SGD","USD","0.77782"
"20251230","SGD","USD","0.77848"
"20251231","SGD","USD","0.7776"
"20250101","OMR","USD","-1"
"20250102","OMR","USD","-1"
"20250103","OMR","USD","-1"
"20250105","OMR","USD","-1"
"20250106","OMR","USD","-1"
"20250107","OMR","USD","-1"
"20250108","OMR","USD","-1"
"20250109","OMR","USD","-1"
"20250110","OMR","USD","-1"
"20250112","OMR","USD","-1"
"20250113","OMR","USD","-1"
"20250114","OMR","USD","-1"
"20250115","OMR","USD","-1"
"20250116","OMR","USD","-1"
"20250117","OMR","USD","2.5975"
"20250119","OMR","USD","2.5975"
"20250120","OMR","USD","2.5979"
"20250121","OMR","USD","2.5982"
"20250122","OMR","USD","2.598"
"20250123","OMR","USD","2.598"
"20250124","OMR","USD","2.598"
"20250126","OMR","USD","2.598"
"20250127","OMR","USD","2.5975"
"20250128","OMR","USD","2.5974"
"20250129","OMR","USD","2.5974"
"20250130","OMR","USD","2.5974"
"20250131","OMR","USD","2.5974"
"20250202","OMR","USD","2.5974"
"20250203","OMR","USD","2.5974"
"20250204","OMR","USD","2.5974"
"20250205","OMR","USD","2.5973"
"20250206","OMR","USD","2.5973"
"20250207","OMR","USD","2.5973"
"20250209","OMR","USD","2.5973"
"20250210","OMR","USD","2.5974"
"20250211","OMR","USD","2.5973"
"20250212","OMR","USD","2.5973"
"20250213","OMR","USD","2.5973"
"20250214","OMR","USD","2.5973"
"20250216","OMR","USD","2.5973"
"20250217","OMR","USD","2.5973"
"20250218","OMR","USD","2.5973"
"20250219","OMR","USD","2.5974"
"20250220","OMR","USD","2.5974"
"20250221","OMR","USD","2.5974"
"20250223","OMR","USD","2.5974"
"20250224","OMR","USD","2.5974"
"20250225","OMR","USD","2.5974"
"20250226","OMR","USD","2.5974"
"20250227","OMR","USD","2.5974"
"20250228","OMR","USD","2.5974"
"20250302","OMR","USD","2.5974"
"20250303","OMR","USD","2.5975"
"20250304","OMR","USD","2.5975"
"20250305","OMR","USD","2.5975"
"20250306","OMR","USD","2.5975"
"20250307","OMR","USD","2.5975"
"20250309","OMR","USD","2.5975"
"20250310","OMR","USD","2.5975"
"20250311","OMR","USD","2.5975"
"20250312","OMR","USD","2.5975"
"20250313","OMR","USD","2.5975"
"20250314","OMR","USD","2.5974"
"20250316","OMR","USD","2.5973"
"20250317","OMR","USD","2.5974"
"20250318","OMR","USD","2.5976"
"20250319","OMR","USD","2.5976"
"20250320","OMR","USD","2.5979"
"20250321","OMR","USD","2.5982"
"20250323","OMR","USD","2.5979"
"20250324","OMR","USD","2.5979"
"20250325","OMR","USD","2.5979"
"20250326","OMR","USD","2.5976"
"20250327","OMR","USD","2.5976"
"20250328","OMR","USD","2.5976"
"20250330","OMR","USD","2.5976"
"20250331","OMR","USD","2.5976"
"20250401","OMR","USD","2.5976"
"20250402","OMR","USD","2.5976"
"20250403","OMR","USD","2.5977"
"20250404","OMR","USD","2.5975"
"20250406","OMR","USD","2.5975"
"20250407","OMR","USD","2.5975"
"20250408","OMR","USD","2.5977"
"20250409","OMR","USD","2.5974"
"20250410","OMR","USD","2.5975"
"20250411","OMR","USD","2.5975"
"20250413","OMR","USD","2.5975"
"20250414","OMR","USD","2.5974"
"20250415","OMR","USD","2.5976"
"20250416","OMR","USD","2.5974"
"20250417","OMR","USD","2.5974"
"20250418","OMR","USD","2.5975"
"20250420","OMR","USD","2.5975"
"20250421","OMR","USD","2.5974"
"20250422","OMR","USD","2.5974"
"20250423","OMR","USD","2.5974"
"20250424","OMR","USD","2.5972"
"20250425","OMR","USD","2.5976"
"20250427","OMR","USD","2.5972"
"20250428","OMR","USD","2.5975"
"20250429","OMR","USD","2.5974"
"20250430","OMR","USD","2.5974"
"20250501","OMR","USD","2.5976"
"20250502","OMR","USD","2.5975"
"20250504","OMR","USD","2.5974"
"20250505","OMR","USD","2.5974"
"20250506","OMR","USD","2.5974"
"20250507","OMR","USD","2.5974"
"20250508","OMR","USD","2.5976"
"20250509","OMR","USD","2.5976"
"20250511","OMR","USD","2.5976"
"20250512","OMR","USD","2.5976"
"20250513","OMR","USD","2.5976"
"20250514","OMR","USD","2.5975"
"20250515","OMR","USD","2.5976"
"20250516","OMR","USD","2.5979"
"20250518","OMR","USD","2.5976"
"20250519","OMR","USD","2.5976"
"20250520","OMR","USD","2.5976"
"20250521","OMR","USD","2.5976"
"20250522","OMR","USD","2.5976"
"20250523","OMR","USD","2.5976"
"20250525","OMR","USD","2.5976"
"20250526","OMR","USD","2.5976"
"20250527","OMR","USD","2.5976"
"20250528","OMR","USD","2.5976"
"20250529","OMR","USD","2.5976"
"20250530","OMR","USD","2.5976"
"20250601","OMR","USD","2.5975"
"20250602","OMR","USD","2.5974"
"20250603","OMR","USD","2.5976"
"20250604","OMR","USD","2.5976"
"20250605","OMR","USD","2.5976"
"20250606","OMR","USD","2.5976"
"20250608","OMR","USD","2.5973"
"20250609","OMR","USD","2.5976"
"20250610","OMR","USD","2.5976"
"20250611","OMR","USD","2.5973"
"20250612","OMR","USD","2.5973"
"20250613","OMR","USD","2.5971"
"20250615","OMR","USD","2.5971"
"20250616","OMR","USD","2.5972"
"20250617","OMR","USD","2.5972"
"20250618","OMR","USD","2.5972"
"20250619","OMR","USD","2.5967"
"20250620","OMR","USD","2.5972"
"20250622","OMR","USD","2.5972"
"20250623","OMR","USD","2.5972"
"20250624","OMR","USD","2.5972"
"20250625","OMR","USD","2.5972"
"20250626","OMR","USD","2.5972"
"20250627","OMR","USD","2.5973"
"20250629","OMR","USD","2.5973"
"20250630","OMR","USD","2.5973"
"20250701","OMR","USD","2.5973"
"20250702","OMR","USD","2.5974"
"20250703","OMR","USD","2.5974"
"20250704","OMR","USD","2.5975"
"20250706","OMR","USD","2.5972"
"20250707","OMR","USD","2.5974"
"20250708","OMR","USD","2.5975"
"20250709","OMR","USD","2.5975"
"20250710","OMR","USD","2.5976"
"20250711","OMR","USD","2.5981"
"20250713","OMR","USD","2.5981"
"20250714","OMR","USD","2.5976"
"20250715","OMR","USD","2.5973"
"20250716","OMR","USD","2.5973"
"20250717","OMR","USD","2.5973"
"20250718","OMR","USD","2.5973"
"20250720","OMR","USD","2.5973"
"20250721","OMR","USD","2.5973"
"20250722","OMR","USD","2.5971"
"20250723","OMR","USD","2.5971"
"20250724","OMR","USD","2.5973"
"20250725","OMR","USD","2.5973"
"20250727","OMR","USD","2.5973"
"20250728","OMR","USD","2.5973"
"20250729","OMR","USD","2.5973"
"20250730","OMR","USD","2.5973"
"20250731","OMR","USD","2.5973"
"20250801","OMR","USD","2.5973"
"20250803","OMR","USD","2.5973"
"20250804","OMR","USD","2.5973"
"20250805","OMR","USD","2.5973"
"20250806","OMR","USD","2.5973"
"20250807","OMR","USD","2.5974"
"20250808","OMR","USD","2.5973"
"20250810","OMR","USD","2.5974"
"20250811","OMR","USD","2.5974"
"20250812","OMR","USD","2.5974"
"20250813","OMR","USD","2.5974"
"20250814","OMR","USD","2.5974"
"20250815","OMR","USD","2.5974"
"20250817","OMR","USD","2.5974"
"20250818","OMR","USD","2.5974"
"20250819","OMR","USD","2.5973"
"20250820","OMR","USD","2.5973"
"20250821","OMR","USD","2.5974"
"20250822","OMR","USD","2.5974"
"20250824","OMR","USD","2.5974"
"20250825","OMR","USD","2.5974"
"20250826","OMR","USD","2.5976"
"20250827","OMR","USD","2.5976"
"20250828","OMR","USD","2.5975"
"20250829","OMR","USD","2.5974"
"20250831","OMR","USD","2.5976"
"20250901","OMR","USD","2.5975"
"20250902","OMR","USD","2.5975"
"20250903","OMR","USD","2.5974"
"20250904","OMR","USD","2.5975"
"20250905","OMR","USD","2.5975"
"20250907","OMR","USD","2.5975"
"20250908","OMR","USD","2.5975"
"20250909","OMR","USD","2.5975"
"20250910","OMR","USD","2.5972"
"20250911","OMR","USD","2.5973"
"20250912","OMR","USD","2.5973"
"20250914","OMR","USD","2.5972"
"20250915","OMR","USD","2.5973"
"20250916","OMR","USD","2.5973"
"20250917","OMR","USD","2.5973"
"20250918","OMR","USD","2.5972"
"20250919","OMR","USD","2.5972"
"20250921","OMR","USD","2.5972"
"20250922","OMR","USD","2.5972"
"20250923","OMR","USD","2.5972"
"20250924","OMR","USD","2.5973"
"20250925","OMR","USD","2.5973"
"20250926","OMR","USD","2.5973"
"20250928","OMR","USD","2.5973"
"20250929","OMR","USD","2.5973"
"20250930","OMR","USD","2.5973"
"20251001","OMR","USD","2.5973"
"20251002","OMR","USD","2.5975"
"20251003","OMR","USD","2.5973"
"20251005","OMR","USD","2.5973"
"20251006","OMR","USD","2.5973"
"20251007","OMR","USD","2.5973"
"20251008","OMR","USD","2.5973"
"20251009","OMR","USD","2.5973"
"20251010","OMR","USD","2.5973"
"20251012","OMR","USD","2.5973"
"20251013","OMR","USD","2.5973"
"20251014","OMR","USD","2.5973"
"20251015","OMR","USD","2.5973"
"20251016","OMR","USD","2.5973"
"20251017","OMR","USD","2.5975"
"20251019","OMR","USD","2.5973"
"20251020","OMR","USD","2.5975"
"20251021","OMR","USD","2.5973"
"20251022","OMR","USD","2.5973"
"20251023","OMR","USD","2.5973"
"20251024","OMR","USD","2.5974"
"20251026","OMR","USD","2.5973"
"20251027","OMR","USD","2.5973"
"20251028","OMR","USD","2.5973"
"20251029","OMR","USD","2.5973"
"20251030","OMR","USD","2.5973"
"20251031","OMR","USD","2.5973"
"20251102","OMR","USD","2.5973"
"20251103","OMR","USD","2.5973"
"20251104","OMR","USD","2.5973"
"20251105","OMR","USD","2.5973"
"20251106","OMR","USD","2.5973"
"20251107","OMR","USD","2.5973"
"20251109","OMR","USD","2.5973"
"20251110","OMR","USD","2.5974"
"20251111","OMR","USD","2.5974"
"20251112","OMR","USD","2.5974"
"20251113","OMR","USD","2.5974"
"20251114","OMR","USD","2.5974"
"20251116","OMR","USD","2.5974"
"20251117","OMR","USD","2.5974"
"20251118","OMR","USD","2.5974"
"20251119","OMR","USD","2.5974"
"20251120","OMR","USD","2.5973"
"20251121","OMR","USD","2.5974"
"20251123","OMR","USD","2.5974"
"20251124","OMR","USD","2.5974"
"20251125","OMR","USD","2.5973"
"20251126","OMR","USD","2.5974"
"20251127","OMR","USD","2.5974"
"20251128","OMR","USD","2.5974"
"20251130","OMR","USD","2.5974"
"20251201","OMR","USD","2.5974"
"20251202","OMR","USD","2.5974"
"20251203","OMR","USD","2.5974"
"20251204","OMR","USD","2.5974"
"20251205","OMR","USD","2.5974"
"20251207","OMR","USD","2.5974"
"20251208","OMR","USD","2.5974"
"20251209","OMR","USD","2.5974"
"20251210","OMR","USD","2.5974"
"20251211","OMR","USD","2.5974"
"20251212","OMR","USD","2.5974"
"20251214","OMR","USD","2.5974"
"20251215","OMR","USD","2.5974"
"20251216","OMR","USD","2.5974"
"20251217","OMR","USD","2.5976"
"20251218","OMR","USD","2.5974"
"20251219","OMR","USD","2.5974"
"20251221","OMR","USD","2.5974"
"20251222","OMR","USD","2.5974"
"20251223","OMR","USD","2.5974"
"20251224","OMR","USD","2.5974"
"20251225","OMR","USD","2.5974"
"20251226","OMR","USD","2.5974"
"20251228","OMR","USD","2.5974"
"20251229","OMR","USD","2.5973"
"20251230","OMR","USD","2.5973"
"20251231","OMR","USD","2.5972"
"20250101","CZK","USD","0.041081"
"20250102","CZK","USD","0.04081"
"20250103","CZK","USD","0.040971"
"20250105","CZK","USD","0.040971"
"20250106","CZK","USD","0.041301"
"20250107","CZK","USD","0.041148"
"20250108","CZK","USD","0.041081"
"20250109","CZK","USD","0.041054"
"20250110","CZK","USD","0.040852"
"20250112","CZK","USD","0.04085"
"20250113","CZK","USD","0.040473"
"20250114","CZK","USD","0.040789"
"20250115","CZK","USD","0.04078"
"20250116","CZK","USD","0.040737"
"20250117","CZK","USD","0.040667"
"20250119","CZK","USD","0.040667"
"20250120","CZK","USD","0.041318"
"20250121","CZK","USD","0.041487"
"20250122","CZK","USD","0.041397"
"20250123","CZK","USD","0.041492"
"20250124","CZK","USD","0.041825"
"20250126","CZK","USD","0.041824"
"20250127","CZK","USD","0.041822"
"20250128","CZK","USD","0.041577"
"20250129","CZK","USD","0.041476"
"20250130","CZK","USD","0.041356"
"20250131","CZK","USD","0.041132"
"20250202","CZK","USD","0.041118"
"20250203","CZK","USD","0.04102"
"20250204","CZK","USD","0.041265"
"20250205","CZK","USD","0.041319"
"20250206","CZK","USD","0.041388"
"20250207","CZK","USD","0.041112"
"20250209","CZK","USD","0.041115"
"20250210","CZK","USD","0.041104"
"20250211","CZK","USD","0.041282"
"20250212","CZK","USD","0.04145"
"20250213","CZK","USD","0.041801"
"20250214","CZK","USD","0.041922"
"20250216","CZK","USD","0.041924"
"20250217","CZK","USD","0.041845"
"20250218","CZK","USD","0.041653"
"20250219","CZK","USD","0.041493"
"20250220","CZK","USD","0.041904"
"20250221","CZK","USD","0.041735"
"20250223","CZK","USD","0.041735"
"20250224","CZK","USD","0.041903"
"20250225","CZK","USD","0.042176"
"20250226","CZK","USD","0.042055"
"20250227","CZK","USD","0.041605"
"20250228","CZK","USD","0.041374"
"20250302","CZK","USD","0.041368"
"20250303","CZK","USD","0.041944"
"20250304","CZK","USD","0.042372"
"20250305","CZK","USD","0.043154"
"20250306","CZK","USD","0.043072"
"20250307","CZK","USD","0.043441"
"20250309","CZK","USD","0.043441"
"20250310","CZK","USD","0.043292"
"20250311","CZK","USD","0.043669"
"20250312","CZK","USD","0.043499"
"20250313","CZK","USD","0.043334"
"20250314","CZK","USD","0.043481"
"20250316","CZK","USD","0.043481"
"20250317","CZK","USD","0.04358"
"20250318","CZK","USD","0.04372"
"20250319","CZK","USD","0.043633"
"20250320","CZK","USD","0.043388"
"20250321","CZK","USD","0.04325"
"20250323","CZK","USD","0.04325"
"20250324","CZK","USD","0.043327"
"20250325","CZK","USD","0.043338"
"20250326","CZK","USD","0.043184"
"20250327","CZK","USD","0.043265"
"20250328","CZK","USD","0.043438"
"20250330","CZK","USD","0.043438"
"20250331","CZK","USD","0.043344"
"20250401","CZK","USD","0.043265"
"20250402","CZK","USD","0.043542"
"20250403","CZK","USD","0.044067"
"20250404","CZK","USD","0.043401"
"20250406","CZK","USD","0.043401"
"20250407","CZK","USD","0.043193"
"20250408","CZK","USD","0.043514"
"20250409","CZK","USD","0.043667"
"20250410","CZK","USD","0.044664"
"20250411","CZK","USD","0.045223"
"20250413","CZK","USD","0.045218"
"20250414","CZK","USD","0.045235"
"20250415","CZK","USD","0.044969"
"20250416","CZK","USD","0.045555"
"20250417","CZK","USD","0.045355"
"20250418","CZK","USD","0.045498"
"20250420","CZK","USD","0.045497"
"20250421","CZK","USD","0.046005"
"20250422","CZK","USD","0.045562"
"20250423","CZK","USD","0.045258"
"20250424","CZK","USD","0.045636"
"20250425","CZK","USD","0.045507"
"20250427","CZK","USD","0.045499"
"20250428","CZK","USD","0.045794"
"20250429","CZK","USD","0.045684"
"20250430","CZK","USD","0.045423"
"20250501","CZK","USD","0.045308"
"20250502","CZK","USD","0.04536"
"20250504","CZK","USD","0.04536"
"20250505","CZK","USD","0.045401"
"20250506","CZK","USD","0.045552"
"20250507","CZK","USD","0.045404"
"20250508","CZK","USD","0.04506"
"20250509","CZK","USD","0.045086"
"20250511","CZK","USD","0.045086"
"20250512","CZK","USD","0.044392"
"20250513","CZK","USD","0.044871"
"20250514","CZK","USD","0.044822"
"20250515","CZK","USD","0.044855"
"20250516","CZK","USD","0.044832"
"20250518","CZK","USD","0.044832"
"20250519","CZK","USD","0.045193"
"20250520","CZK","USD","0.045327"
"20250521","CZK","USD","0.045506"
"20250522","CZK","USD","0.045313"
"20250523","CZK","USD","0.045747"
"20250525","CZK","USD","0.045747"
"20250526","CZK","USD","0.045767"
"20250527","CZK","USD","0.045486"
"20250528","CZK","USD","0.04528"
"20250529","CZK","USD","0.045602"
"20250530","CZK","USD","0.045517"
"20250601","CZK","USD","0.045517"
"20250602","CZK","USD","0.046014"
"20250603","CZK","USD","0.045684"
"20250604","CZK","USD","0.046018"
"20250605","CZK","USD","0.046144"
"20250606","CZK","USD","0.045978"
"20250608","CZK","USD","0.045978"
"20250609","CZK","USD","0.046078"
"20250610","CZK","USD","0.046125"
"20250611","CZK","USD","0.046372"
"20250612","CZK","USD","0.04675"
"20250613","CZK","USD","0.046517"
"20250615","CZK","USD","0.046509"
"20250616","CZK","USD","0.046605"
"20250617","CZK","USD","0.04625"
"20250618","CZK","USD","0.046272"
"20250619","CZK","USD","0.046371"
"20250620","CZK","USD","0.046433"
"20250622","CZK","USD","0.046433"
"20250623","CZK","USD","0.04665"
"20250624","CZK","USD","0.046851"
"20250625","CZK","USD","0.047127"
"20250626","CZK","USD","0.047251"
"20250627","CZK","USD","0.047391"
"20250629","CZK","USD","0.047391"
"20250630","CZK","USD","0.047667"
"20250701","CZK","USD","0.047826"
"20250702","CZK","USD","0.047856"
"20250703","CZK","USD","0.047726"
"20250704","CZK","USD","0.04779"
"20250706","CZK","USD","0.04779"
"20250707","CZK","USD","0.047512"
"20250708","CZK","USD","0.047545"
"20250709","CZK","USD","0.04755"
"20250710","CZK","USD","0.047497"
"20250711","CZK","USD","0.047398"
"20250713","CZK","USD","0.047398"
"20250714","CZK","USD","0.047285"
"20250715","CZK","USD","0.047034"
"20250716","CZK","USD","0.047243"
"20250717","CZK","USD","0.047045"
"20250718","CZK","USD","0.047176"
"20250720","CZK","USD","0.047176"
"20250721","CZK","USD","0.047495"
"20250722","CZK","USD","0.047743"
"20250723","CZK","USD","0.047913"
"20250724","CZK","USD","0.047856"
"20250725","CZK","USD","0.047811"
"20250727","CZK","USD","0.047811"
"20250728","CZK","USD","0.047121"
"20250729","CZK","USD","0.046922"
"20250730","CZK","USD","0.04636"
"20250731","CZK","USD","0.046442"
"20250801","CZK","USD","0.047173"
"20250803","CZK","USD","0.047174"
"20250804","CZK","USD","0.047077"
"20250805","CZK","USD","0.047048"
"20250806","CZK","USD","0.047457"
"20250807","CZK","USD","0.047681"
"20250808","CZK","USD","0.047656"
"20250810","CZK","USD","0.047656"
"20250811","CZK","USD","0.047467"
"20250812","CZK","USD","0.047694"
"20250813","CZK","USD","0.047871"
"20250814","CZK","USD","0.04755"
"20250815","CZK","USD","0.047832"
"20250817","CZK","USD","0.047832"
"20250818","CZK","USD","0.047668"
"20250819","CZK","USD","0.047624"
"20250820","CZK","USD","0.047579"
"20250821","CZK","USD","0.047234"
"20250822","CZK","USD","0.047797"
"20250824","CZK","USD","0.047797"
"20250825","CZK","USD","0.047293"
"20250826","CZK","USD","0.047478"
"20250827","CZK","USD","0.04745"
"20250828","CZK","USD","0.047611"
"20250829","CZK","USD","0.047783"
"20250831","CZK","USD","0.047781"
"20250901","CZK","USD","0.047948"
"20250902","CZK","USD","0.047561"
"20250903","CZK","USD","0.047744"
"20250904","CZK","USD","0.047649"
"20250905","CZK","USD","0.048054"
"20250907","CZK","USD","0.048052"
"20250908","CZK","USD","0.048331"
"20250909","CZK","USD","0.04812"
"20250910","CZK","USD","0.047963"
"20250911","CZK","USD","0.048191"
"20250912","CZK","USD","0.04825"
"20250914","CZK","USD","0.048249"
"20250915","CZK","USD","0.048374"
"20250916","CZK","USD","0.048791"
"20250917","CZK","USD","0.048571"
"20250918","CZK","USD","0.048511"
"20250919","CZK","USD","0.04836"
"20250921","CZK","USD","0.048316"
"20250922","CZK","USD","0.048675"
"20250923","CZK","USD","0.048716"
"20250924","CZK","USD","0.048274"
"20250925","CZK","USD","0.047885"
"20250926","CZK","USD","0.048197"
"20250928","CZK","USD","0.048197"
"20250929","CZK","USD","0.048264"
"20250930","CZK","USD","0.048231"
"20251001","CZK","USD","0.048358"
"20251002","CZK","USD","0.048271"
"20251003","CZK","USD","0.0484"
"20251005","CZK","USD","0.048399"
"20251006","CZK","USD","0.048179"
"20251007","CZK","USD","0.047805"
"20251008","CZK","USD","0.047716"
"20251009","CZK","USD","0.047451"
"20251010","CZK","USD","0.047783"
"20251012","CZK","USD","0.047786"
"20251013","CZK","USD","0.0476"
"20251014","CZK","USD","0.047747"
"20251015","CZK","USD","0.047964"
"20251016","CZK","USD","0.04811"
"20251017","CZK","USD","0.047971"
"20251019","CZK","USD","0.04797"
"20251020","CZK","USD","0.04793"
"20251021","CZK","USD","0.04774"
"20251022","CZK","USD","0.047779"
"20251023","CZK","USD","0.047752"
"20251024","CZK","USD","0.047807"
"20251026","CZK","USD","0.047807"
"20251027","CZK","USD","0.04788"
"20251028","CZK","USD","0.047918"
"20251029","CZK","USD","0.0476"
"20251030","CZK","USD","0.047514"
"20251031","CZK","USD","0.047401"
"20251102","CZK","USD","0.04738"
"20251103","CZK","USD","0.047348"
"20251104","CZK","USD","0.047084"
"20251105","CZK","USD","0.047199"
"20251106","CZK","USD","0.047411"
"20251107","CZK","USD","0.047595"
"20251109","CZK","USD","0.04756"
"20251110","CZK","USD","0.047578"
"20251111","CZK","USD","0.047741"
"20251112","CZK","USD","0.047834"
"20251113","CZK","USD","0.04813"
"20251114","CZK","USD","0.048078"
"20251116","CZK","USD","0.04808"
"20251117","CZK","USD","0.047968"
"20251118","CZK","USD","0.0479"
"20251119","CZK","USD","0.047735"
"20251120","CZK","USD","0.047646"
"20251121","CZK","USD","0.047535"
"20251123","CZK","USD","0.047532"
"20251124","CZK","USD","0.047662"
"20251125","CZK","USD","0.047888"
"20251126","CZK","USD","0.047998"
"20251127","CZK","USD","0.047986"
"20251128","CZK","USD","0.048056"
"20251130","CZK","USD","0.048056"
"20251201","CZK","USD","0.04805"
"20251202","CZK","USD","0.048143"
"20251203","CZK","USD","0.048405"
"20251204","CZK","USD","0.0481"
"20251205","CZK","USD","0.048116"
"20251207","CZK","USD","0.048115"
"20251208","CZK","USD","0.04792"
"20251209","CZK","USD","0.047915"
"20251210","CZK","USD","0.048248"
"20251211","CZK","USD","0.048492"
"20251212","CZK","USD","0.048377"
"20251214","CZK","USD","0.048379"
"20251215","CZK","USD","0.048323"
"20251216","CZK","USD","0.048313"
"20251217","CZK","USD","0.048152"
"20251218","CZK","USD","0.048142"
"20251219","CZK","USD","0.048132"
"20251221","CZK","USD","0.04815"
"20251222","CZK","USD","0.048337"
"20251223","CZK","USD","0.04854"
"20251224","CZK","USD","0.048529"
"20251225","CZK","USD","0.048525"
"20251226","CZK","USD","0.048561"
"20251228","CZK","USD","0.048581"
"20251229","CZK","USD","0.048512"
"20251230","CZK","USD","0.048473"
"20251231","CZK","USD","0.048599"
"20250101","SEK","USD","0.090376"
"20250102","SEK","USD","0.089665"
"20250103","SEK","USD","0.090011"
"20250105","SEK","USD","0.089971"
"20250106","SEK","USD","0.090521"
"20250107","SEK","USD","0.08993"
"20250108","SEK","USD","0.089683"
"20250109","SEK","USD","0.089643"
"20250110","SEK","USD","0.089123"
"20250112","SEK","USD","0.089127"
"20250113","SEK","USD","0.088654"
"20250114","SEK","USD","0.089522"
"20250115","SEK","USD","0.089625"
"20250116","SEK","USD","0.089685"
"20250117","SEK","USD","0.089322"
"20250119","SEK","USD","0.089469"
"20250120","SEK","USD","0.090724"
"20250121","SEK","USD","0.091072"
"20250122","SEK","USD","0.090868"
"20250123","SEK","USD","0.090794"
"20250124","SEK","USD","0.091519"
"20250126","SEK","USD","0.091394"
"20250127","SEK","USD","0.091445"
"20250128","SEK","USD","0.090924"
"20250129","SEK","USD","0.090907"
"20250130","SEK","USD","0.090506"
"20250131","SEK","USD","0.090099"
"20250202","SEK","USD","0.088939"
"20250203","SEK","USD","0.09035"
"20250204","SEK","USD","0.091152"
"20250205","SEK","USD","0.091668"
"20250206","SEK","USD","0.091756"
"20250207","SEK","USD","0.091319"
"20250209","SEK","USD","0.090927"
"20250210","SEK","USD","0.091527"
"20250211","SEK","USD","0.092078"
"20250212","SEK","USD","0.091839"
"20250213","SEK","USD","0.093185"
"20250214","SEK","USD","0.093509"
"20250216","SEK","USD","0.0934"
"20250217","SEK","USD","0.093503"
"20250218","SEK","USD","0.093253"
"20250219","SEK","USD","0.093236"
"20250220","SEK","USD","0.094076"
"20250221","SEK","USD","0.093902"
"20250223","SEK","USD","0.094118"
"20250224","SEK","USD","0.093789"
"20250225","SEK","USD","0.09436"
"20250226","SEK","USD","0.093907"
"20250227","SEK","USD","0.092985"
"20250228","SEK","USD","0.092857"
"20250302","SEK","USD","0.093038"
"20250303","SEK","USD","0.095212"
"20250304","SEK","USD","0.095995"
"20250305","SEK","USD","0.098096"
"20250306","SEK","USD","0.098243"
"20250307","SEK","USD","0.099127"
"20250309","SEK","USD","0.098995"
"20250310","SEK","USD","0.098776"
"20250311","SEK","USD","0.099877"
"20250312","SEK","USD","0.099116"
"20250313","SEK","USD","0.098095"
"20250314","SEK","USD","0.098653"
"20250316","SEK","USD","0.098618"
"20250317","SEK","USD","0.09912"
"20250318","SEK","USD","0.099581"
"20250319","SEK","USD","0.098996"
"20250320","SEK","USD","0.09869"
"20250321","SEK","USD","0.098559"
"20250323","SEK","USD","0.098553"
"20250324","SEK","USD","0.098988"
"20250325","SEK","USD","0.099627"
"20250326","SEK","USD","0.099557"
"20250327","SEK","USD","0.099986"
"20250328","SEK","USD","0.099879"
"20250330","SEK","USD","0.099873"
"20250331","SEK","USD","0.099552"
"20250401","SEK","USD","0.099812"
"20250402","SEK","USD","0.10092"
"20250403","SEK","USD","0.10234"
"20250404","SEK","USD","0.10008"
"20250406","SEK","USD","0.099036"
"20250407","SEK","USD","0.099333"
"20250408","SEK","USD","0.099739"
"20250409","SEK","USD","0.10018"
"20250410","SEK","USD","0.10154"
"20250411","SEK","USD","0.10242"
"20250413","SEK","USD","0.10212"
"20250414","SEK","USD","0.10239"
"20250415","SEK","USD","0.10131"
"20250416","SEK","USD","0.10254"
"20250417","SEK","USD","0.10387"
"20250418","SEK","USD","0.10381"
"20250420","SEK","USD","0.1038"
"20250421","SEK","USD","0.10499"
"20250422","SEK","USD","0.10445"
"20250423","SEK","USD","0.10308"
"20250424","SEK","USD","0.10424"
"20250425","SEK","USD","0.10325"
"20250427","SEK","USD","0.10313"
"20250428","SEK","USD","0.1044"
"20250429","SEK","USD","0.10382"
"20250430","SEK","USD","0.10347"
"20250501","SEK","USD","0.10261"
"20250502","SEK","USD","0.10355"
"20250504","SEK","USD","0.10354"
"20250505","SEK","USD","0.10348"
"20250506","SEK","USD","0.10443"
"20250507","SEK","USD","0.10344"
"20250508","SEK","USD","0.10275"
"20250509","SEK","USD","0.10293"
"20250511","SEK","USD","0.10255"
"20250512","SEK","USD","0.1018"
"20250513","SEK","USD","0.1029"
"20250514","SEK","USD","0.10254"
"20250515","SEK","USD","0.1028"
"20250516","SEK","USD","0.10224"
"20250518","SEK","USD","0.10243"
"20250519","SEK","USD","0.10326"
"20250520","SEK","USD","0.10375"
"20250521","SEK","USD","0.10445"
"20250522","SEK","USD","0.10376"
"20250523","SEK","USD","0.10489"
"20250525","SEK","USD","0.1051"
"20250526","SEK","USD","0.10511"
"20250527","SEK","USD","0.1039"
"20250528","SEK","USD","0.1036"
"20250529","SEK","USD","0.10466"
"20250530","SEK","USD","0.10425"
"20250601","SEK","USD","0.10429"
"20250602","SEK","USD","0.10502"
"20250603","SEK","USD","0.10388"
"20250604","SEK","USD","0.10434"
"20250605","SEK","USD","0.10451"
"20250606","SEK","USD","0.10369"
"20250608","SEK","USD","0.10387"
"20250609","SEK","USD","0.10421"
"20250610","SEK","USD","0.1042"
"20250611","SEK","USD","0.10457"
"20250612","SEK","USD","0.10583"
"20250613","SEK","USD","0.10542"
"20250615","SEK","USD","0.10531"
"20250616","SEK","USD","0.10541"
"20250617","SEK","USD","0.10464"
"20250618","SEK","USD","0.10366"
"20250619","SEK","USD","0.10378"
"20250620","SEK","USD","0.10338"
"20250622","SEK","USD","0.10281"
"20250623","SEK","USD","0.10419"
"20250624","SEK","USD","0.10493"
"20250625","SEK","USD","0.10539"
"20250626","SEK","USD","0.10528"
"20250627","SEK","USD","0.10545"
"20250629","SEK","USD","0.10549"
"20250630","SEK","USD","0.10573"
"20250701","SEK","USD","0.10553"
"20250702","SEK","USD","0.10505"
"20250703","SEK","USD","0.1043"
"20250704","SEK","USD","0.1046"
"20250706","SEK","USD","0.10462"
"20250707","SEK","USD","0.10489"
"20250708","SEK","USD","0.10502"
"20250709","SEK","USD","0.10516"
"20250710","SEK","USD","0.10526"
"20250711","SEK","USD","0.1046"
"20250713","SEK","USD","0.10443"
"20250714","SEK","USD","0.10398"
"20250715","SEK","USD","0.10282"
"20250716","SEK","USD","0.10289"
"20250717","SEK","USD","0.10252"
"20250718","SEK","USD","0.10343"
"20250720","SEK","USD","0.10352"
"20250721","SEK","USD","0.10438"
"20250722","SEK","USD","0.1051"
"20250723","SEK","USD","0.10523"
"20250724","SEK","USD","0.10477"
"20250725","SEK","USD","0.10503"
"20250727","SEK","USD","0.10495"
"20250728","SEK","USD","0.10402"
"20250729","SEK","USD","0.1036"
"20250730","SEK","USD","0.10207"
"20250731","SEK","USD","0.10213"
"20250801","SEK","USD","0.10362"
"20250803","SEK","USD","0.10373"
"20250804","SEK","USD","0.10352"
"20250805","SEK","USD","0.1034"
"20250806","SEK","USD","0.10411"
"20250807","SEK","USD","0.10457"
"20250808","SEK","USD","0.10442"
"20250810","SEK","USD","0.10432"
"20250811","SEK","USD","0.10375"
"20250812","SEK","USD","0.10471"
"20250813","SEK","USD","0.10475"
"20250814","SEK","USD","0.10434"
"20250815","SEK","USD","0.10466"
"20250817","SEK","USD","0.10479"
"20250818","SEK","USD","0.10455"
"20250819","SEK","USD","0.10423"
"20250820","SEK","USD","0.10424"
"20250821","SEK","USD","0.10391"
"20250822","SEK","USD","0.10534"
"20250824","SEK","USD","0.10529"
"20250825","SEK","USD","0.10429"
"20250826","SEK","USD","0.10461"
"20250827","SEK","USD","0.10489"
"20250828","SEK","USD","0.10547"
"20250829","SEK","USD","0.10568"
"20250831","SEK","USD","0.10574"
"20250901","SEK","USD","0.10648"
"20250902","SEK","USD","0.10571"
"20250903","SEK","USD","0.10612"
"20250904","SEK","USD","0.10569"
"20250905","SEK","USD","0.10651"
"20250907","SEK","USD","0.10648"
"20250908","SEK","USD","0.10688"
"20250909","SEK","USD","0.1066"
"20250910","SEK","USD","0.10691"
"20250911","SEK","USD","0.10744"
"20250912","SEK","USD","0.10728"
"20250914","SEK","USD","0.10725"
"20250915","SEK","USD","0.10782"
"20250916","SEK","USD","0.10835"
"20250917","SEK","USD","0.10755"
"20250918","SEK","USD","0.1069"
"20250919","SEK","USD","0.10626"
"20250921","SEK","USD","0.10633"
"20250922","SEK","USD","0.10693"
"20250923","SEK","USD","0.10716"
"20250924","SEK","USD","0.10635"
"20250925","SEK","USD","0.10567"
"20250926","SEK","USD","0.10628"
"20250928","SEK","USD","0.10628"
"20250929","SEK","USD","0.10611"
"20250930","SEK","USD","0.10619"
"20251001","SEK","USD","0.10661"
"20251002","SEK","USD","0.10629"
"20251003","SEK","USD","0.10665"
"20251005","SEK","USD","0.10656"
"20251006","SEK","USD","0.10669"
"20251007","SEK","USD","0.10636"
"20251008","SEK","USD","0.10597"
"20251009","SEK","USD","0.10485"
"20251010","SEK","USD","0.10518"
"20251012","SEK","USD","0.10526"
"20251013","SEK","USD","0.1052"
"20251014","SEK","USD","0.10487"
"20251015","SEK","USD","0.10552"
"20251016","SEK","USD","0.10608"
"20251017","SEK","USD","0.10589"
"20251019","SEK","USD","0.10613"
"20251020","SEK","USD","0.10611"
"20251021","SEK","USD","0.10608"
"20251022","SEK","USD","0.10629"
"20251023","SEK","USD","0.10652"
"20251024","SEK","USD","0.10639"
"20251026","SEK","USD","0.10645"
"20251027","SEK","USD","0.1066"
"20251028","SEK","USD","0.10667"
"20251029","SEK","USD","0.10622"
"20251030","SEK","USD","0.10593"
"20251031","SEK","USD","0.10536"
"20251102","SEK","USD","0.10531"
"20251103","SEK","USD","0.10542"
"20251104","SEK","USD","0.10436"
"20251105","SEK","USD","0.10457"
"20251106","SEK","USD","0.10454"
"20251107","SEK","USD","0.10496"
"20251109","SEK","USD","0.10484"
"20251110","SEK","USD","0.10511"
"20251111","SEK","USD","0.10571"
"20251112","SEK","USD","0.10586"
"20251113","SEK","USD","0.10634"
"20251114","SEK","USD","0.10576"
"20251116","SEK","USD","0.10587"
"20251117","SEK","USD","0.10554"
"20251118","SEK","USD","0.10559"
"20251119","SEK","USD","0.10476"
"20251120","SEK","USD","0.10467"
"20251121","SEK","USD","0.10468"
"20251123","SEK","USD","0.1047"
"20251124","SEK","USD","0.10466"
"20251125","SEK","USD","0.10489"
"20251126","SEK","USD","0.10532"
"20251127","SEK","USD","0.10549"
"20251128","SEK","USD","0.10584"
"20251130","SEK","USD","0.10582"
"20251201","SEK","USD","0.1058"
"20251202","SEK","USD","0.10602"
"20251203","SEK","USD","0.10675"
"20251204","SEK","USD","0.10612"
"20251205","SEK","USD","0.10638"
"20251207","SEK","USD","0.10633"
"20251208","SEK","USD","0.10635"
"20251209","SEK","USD","0.10676"
"20251210","SEK","USD","0.1079"
"20251211","SEK","USD","0.1081"
"20251212","SEK","USD","0.10788"
"20251214","SEK","USD","0.10779"
"20251215","SEK","USD","0.10768"
"20251216","SEK","USD","0.1075"
"20251217","SEK","USD","0.10751"
"20251218","SEK","USD","0.10777"
"20251219","SEK","USD","0.1079"
"20251221","SEK","USD","0.10792"
"20251222","SEK","USD","0.10829"
"20251223","SEK","USD","0.10906"
"20251224","SEK","USD","0.10899"
"20251225","SEK","USD","0.10898"
"20251226","SEK","USD","0.10915"
"20251228","SEK","USD","0.10925"
"20251229","SEK","USD","0.10892"
"20251230","SEK","USD","0.10876"
"20251231","SEK","USD","0.10858"
"20250101","NZD","USD","0.55955"
"20250102","NZD","USD","0.55945"
"20250103","NZD","USD","0.56132"
"20250105","NZD","USD","0.56148"
"20250106","NZD","USD","0.56432"
"20250107","NZD","USD","0.56345"
"20250108","NZD","USD","0.56095"
"20250109","NZD","USD","0.55995"
"20250110","NZD","USD","0.55565"
"20250112","NZD","USD","0.5559"
"20250113","NZD","USD","0.55636"
"20250114","NZD","USD","0.56045"
"20250115","NZD","USD","0.56157"
"20250116","NZD","USD","0.56075"
"20250117","NZD","USD","0.55832"
"20250119","NZD","USD","0.55945"
"20250120","NZD","USD","0.56719"
"20250121","NZD","USD","0.56791"
"20250122","NZD","USD","0.56652"
"20250123","NZD","USD","0.5675"
"20250124","NZD","USD","0.57102"
"20250126","NZD","USD","0.57012"
"20250127","NZD","USD","0.56932"
"20250128","NZD","USD","0.56665"
"20250129","NZD","USD","0.56586"
"20250130","NZD","USD","0.56349"
"20250131","NZD","USD","0.56356"
"20250202","NZD","USD","0.5587"
"20250203","NZD","USD","0.56285"
"20250204","NZD","USD","0.56517"
"20250205","NZD","USD","0.56877"
"20250206","NZD","USD","0.56749"
"20250207","NZD","USD","0.56605"
"20250209","NZD","USD","0.56375"
"20250210","NZD","USD","0.56408"
"20250211","NZD","USD","0.56545"
"20250212","NZD","USD","0.56418"
"20250213","NZD","USD","0.56775"
"20250214","NZD","USD","0.57295"
"20250216","NZD","USD","0.57218"
"20250217","NZD","USD","0.57365"
"20250218","NZD","USD","0.57045"
"20250219","NZD","USD","0.57055"
"20250220","NZD","USD","0.57626"
"20250221","NZD","USD","0.57412"
"20250223","NZD","USD","0.57415"
"20250224","NZD","USD","0.57329"
"20250225","NZD","USD","0.57258"
"20250226","NZD","USD","0.56955"
"20250227","NZD","USD","0.56317"
"20250228","NZD","USD","0.5599"
"20250302","NZD","USD","0.56016"
"20250303","NZD","USD","0.56169"
"20250304","NZD","USD","0.56648"
"20250305","NZD","USD","0.57265"
"20250306","NZD","USD","0.57351"
"20250307","NZD","USD","0.5709"
"20250309","NZD","USD","0.57185"
"20250310","NZD","USD","0.56985"
"20250311","NZD","USD","0.57164"
"20250312","NZD","USD","0.57296"
"20250313","NZD","USD","0.56974"
"20250314","NZD","USD","0.57462"
"20250316","NZD","USD","0.5746"
"20250317","NZD","USD","0.58202"
"20250318","NZD","USD","0.58199"
"20250319","NZD","USD","0.58154"
"20250320","NZD","USD","0.5758"
"20250321","NZD","USD","0.57325"
"20250323","NZD","USD","0.5734"
"20250324","NZD","USD","0.57283"
"20250325","NZD","USD","0.57331"
"20250326","NZD","USD","0.57291"
"20250327","NZD","USD","0.57399"
"20250328","NZD","USD","0.57157"
"20250330","NZD","USD","0.57175"
"20250331","NZD","USD","0.56785"
"20250401","NZD","USD","0.57007"
"20250402","NZD","USD","0.57459"
"20250403","NZD","USD","0.57946"
"20250404","NZD","USD","0.55961"
"20250406","NZD","USD","0.5578"
"20250407","NZD","USD","0.55392"
"20250408","NZD","USD","0.55339"
"20250409","NZD","USD","0.56452"
"20250410","NZD","USD","0.57392"
"20250411","NZD","USD","0.58252"
"20250413","NZD","USD","0.58213"
"20250414","NZD","USD","0.5877"
"20250415","NZD","USD","0.58988"
"20250416","NZD","USD","0.59343"
"20250417","NZD","USD","0.59722"
"20250418","NZD","USD","0.59375"
"20250420","NZD","USD","0.593"
"20250421","NZD","USD","0.60007"
"20250422","NZD","USD","0.59648"
"20250423","NZD","USD","0.59451"
"20250424","NZD","USD","0.59972"
"20250425","NZD","USD","0.59621"
"20250427","NZD","USD","0.59575"
"20250428","NZD","USD","0.59791"
"20250429","NZD","USD","0.59309"
"20250430","NZD","USD","0.59338"
"20250501","NZD","USD","0.59064"
"20250502","NZD","USD","0.59463"
"20250504","NZD","USD","0.59488"
"20250505","NZD","USD","0.59675"
"20250506","NZD","USD","0.60078"
"20250507","NZD","USD","0.59409"
"20250508","NZD","USD","0.59056"
"20250509","NZD","USD","0.59084"
"20250511","NZD","USD","0.59258"
"20250512","NZD","USD","0.58548"
"20250513","NZD","USD","0.59379"
"20250514","NZD","USD","0.58986"
"20250515","NZD","USD","0.58774"
"20250516","NZD","USD","0.58817"
"20250518","NZD","USD","0.58825"
"20250519","NZD","USD","0.59311"
"20250520","NZD","USD","0.59257"
"20250521","NZD","USD","0.59394"
"20250522","NZD","USD","0.58985"
"20250523","NZD","USD","0.59866"
"20250525","NZD","USD","0.59861"
"20250526","NZD","USD","0.59996"
"20250527","NZD","USD","0.59478"
"20250528","NZD","USD","0.59674"
"20250529","NZD","USD","0.59688"
"20250530","NZD","USD","0.59651"
"20250601","NZD","USD","0.59625"
"20250602","NZD","USD","0.60358"
"20250603","NZD","USD","0.59977"
"20250604","NZD","USD","0.6027"
"20250605","NZD","USD","0.60354"
"20250606","NZD","USD","0.60156"
"20250608","NZD","USD","0.6018"
"20250609","NZD","USD","0.60474"
"20250610","NZD","USD","0.6052"
"20250611","NZD","USD","0.60288"
"20250612","NZD","USD","0.60695"
"20250613","NZD","USD","0.60152"
"20250615","NZD","USD","0.60078"
"20250616","NZD","USD","0.6061"
"20250617","NZD","USD","0.60146"
"20250618","NZD","USD","0.60289"
"20250619","NZD","USD","0.59929"
"20250620","NZD","USD","0.59655"
"20250622","NZD","USD","0.59475"
"20250623","NZD","USD","0.59773"
"20250624","NZD","USD","0.60069"
"20250625","NZD","USD","0.60391"
"20250626","NZD","USD","0.60575"
"20250627","NZD","USD","0.60558"
"20250629","NZD","USD","0.60525"
"20250630","NZD","USD","0.60968"
"20250701","NZD","USD","0.60992"
"20250702","NZD","USD","0.60887"
"20250703","NZD","USD","0.60706"
"20250704","NZD","USD","0.60608"
"20250706","NZD","USD","0.60615"
"20250707","NZD","USD","0.59943"
"20250708","NZD","USD","0.59985"
"20250709","NZD","USD","0.60001"
"20250710","NZD","USD","0.60355"
"20250711","NZD","USD","0.60088"
"20250713","NZD","USD","0.60015"
"20250714","NZD","USD","0.59728"
"20250715","NZD","USD","0.59449"
"20250716","NZD","USD","0.59472"
"20250717","NZD","USD","0.59317"
"20250718","NZD","USD","0.59625"
"20250720","NZD","USD","0.59727"
"20250721","NZD","USD","0.59685"
"20250722","NZD","USD","0.6002"
"20250723","NZD","USD","0.60462"
"20250724","NZD","USD","0.60287"
"20250725","NZD","USD","0.60169"
"20250727","NZD","USD","0.60147"
"20250728","NZD","USD","0.59702"
"20250729","NZD","USD","0.59551"
"20250730","NZD","USD","0.58951"
"20250731","NZD","USD","0.58894"
"20250801","NZD","USD","0.59158"
"20250803","NZD","USD","0.59135"
"20250804","NZD","USD","0.59075"
"20250805","NZD","USD","0.59019"
"20250806","NZD","USD","0.59295"
"20250807","NZD","USD","0.59616"
"20250808","NZD","USD","0.59562"
"20250810","NZD","USD","0.59583"
"20250811","NZD","USD","0.59383"
"20250812","NZD","USD","0.59551"
"20250813","NZD","USD","0.59762"
"20250814","NZD","USD","0.59181"
"20250815","NZD","USD","0.5922"
"20250817","NZD","USD","0.5924"
"20250818","NZD","USD","0.59219"
"20250819","NZD","USD","0.58934"
"20250820","NZD","USD","0.58233"
"20250821","NZD","USD","0.58185"
"20250822","NZD","USD","0.58675"
"20250824","NZD","USD","0.5868"
"20250825","NZD","USD","0.5849"
"20250826","NZD","USD","0.58608"
"20250827","NZD","USD","0.58586"
"20250828","NZD","USD","0.58843"
"20250829","NZD","USD","0.58895"
"20250831","NZD","USD","0.5891"
"20250901","NZD","USD","0.59034"
"20250902","NZD","USD","0.58657"
"20250903","NZD","USD","0.58788"
"20250904","NZD","USD","0.58466"
"20250905","NZD","USD","0.58935"
"20250907","NZD","USD","0.58945"
"20250908","NZD","USD","0.59404"
"20250909","NZD","USD","0.59263"
"20250910","NZD","USD","0.594"
"20250911","NZD","USD","0.59771"
"20250912","NZD","USD","0.59567"
"20250914","NZD","USD","0.59555"
"20250915","NZD","USD","0.59708"
"20250916","NZD","USD","0.59887"
"20250917","NZD","USD","0.5963"
"20250918","NZD","USD","0.58823"
"20250919","NZD","USD","0.58574"
"20250921","NZD","USD","0.5868"
"20250922","NZD","USD","0.58687"
"20250923","NZD","USD","0.58583"
"20250924","NZD","USD","0.58136"
"20250925","NZD","USD","0.57675"
"20250926","NZD","USD","0.57725"
"20250928","NZD","USD","0.578"
"20250929","NZD","USD","0.5777"
"20250930","NZD","USD","0.57941"
"20251001","NZD","USD","0.58173"
"20251002","NZD","USD","0.58174"
"20251003","NZD","USD","0.58308"
"20251005","NZD","USD","0.58171"
"20251006","NZD","USD","0.58425"
"20251007","NZD","USD","0.57995"
"20251008","NZD","USD","0.5787"
"20251009","NZD","USD","0.57451"
"20251010","NZD","USD","0.57215"
"20251012","NZD","USD","0.57432"
"20251013","NZD","USD","0.5726"
"20251014","NZD","USD","0.57153"
"20251015","NZD","USD","0.57241"
"20251016","NZD","USD","0.57242"
"20251017","NZD","USD","0.57265"
"20251019","NZD","USD","0.57357"
"20251020","NZD","USD","0.57438"
"20251021","NZD","USD","0.57415"
"20251022","NZD","USD","0.5739"
"20251023","NZD","USD","0.57522"
"20251024","NZD","USD","0.57485"
"20251026","NZD","USD","0.57805"
"20251027","NZD","USD","0.5769"
"20251028","NZD","USD","0.57813"
"20251029","NZD","USD","0.57639"
"20251030","NZD","USD","0.57421"
"20251031","NZD","USD","0.57249"
"20251102","NZD","USD","0.57232"
"20251103","NZD","USD","0.5707"
"20251104","NZD","USD","0.56437"
"20251105","NZD","USD","0.56625"
"20251106","NZD","USD","0.56346"
"20251107","NZD","USD","0.56265"
"20251109","NZD","USD","0.56285"
"20251110","NZD","USD","0.56455"
"20251111","NZD","USD","0.56545"
"20251112","NZD","USD","0.56671"
"20251113","NZD","USD","0.56543"
"20251114","NZD","USD","0.56814"
"20251116","NZD","USD","0.5679"
"20251117","NZD","USD","0.56575"
"20251118","NZD","USD","0.56578"
"20251119","NZD","USD","0.56035"
"20251120","NZD","USD","0.55835"
"20251121","NZD","USD","0.56127"
"20251123","NZD","USD","0.56112"
"20251124","NZD","USD","0.56108"
"20251125","NZD","USD","0.56202"
"20251126","NZD","USD","0.5699"
"20251127","NZD","USD","0.57292"
"20251128","NZD","USD","0.57345"
"20251130","NZD","USD","0.57275"
"20251201","NZD","USD","0.57288"
"20251202","NZD","USD","0.57375"
"20251203","NZD","USD","0.57743"
"20251204","NZD","USD","0.57624"
"20251205","NZD","USD","0.57762"
"20251207","NZD","USD","0.57795"
"20251208","NZD","USD","0.57757"
"20251209","NZD","USD","0.57813"
"20251210","NZD","USD","0.58165"
"20251211","NZD","USD","0.58081"
"20251212","NZD","USD","0.58053"
"20251214","NZD","USD","0.57945"
"20251215","NZD","USD","0.57826"
"20251216","NZD","USD","0.57834"
"20251217","NZD","USD","0.57735"
"20251218","NZD","USD","0.57755"
"20251219","NZD","USD","0.57568"
"20251221","NZD","USD","0.57535"
"20251222","NZD","USD","0.57954"
"20251223","NZD","USD","0.58418"
"20251224","NZD","USD","0.58345"
"20251225","NZD","USD","0.58435"
"20251226","NZD","USD","0.58305"
"20251228","NZD","USD","0.5825"
"20251229","NZD","USD","0.58044"
"20251230","NZD","USD","0.57925"
"20251231","NZD","USD","0.57564"
"20250101","CNH","USD","0.13637"
"20250102","CNH","USD","0.13624"
"20250103","CNH","USD","0.1359"
"20250105","CNH","USD","0.13596"
"20250106","CNH","USD","0.13613"
"20250107","CNH","USD","0.13622"
"20250108","CNH","USD","0.13599"
"20250109","CNH","USD","0.13595"
"20250110","CNH","USD","0.13581"
"20250112","CNH","USD","0.13584"
"20250113","CNH","USD","0.13602"
"20250114","CNH","USD","0.13616"
"20250115","CNH","USD","0.13609"
"20250116","CNH","USD","0.13613"
"20250117","CNH","USD","0.1362"
"20250119","CNH","USD","0.13631"
"20250120","CNH","USD","0.1377"
"20250121","CNH","USD","0.1376"
"20250122","CNH","USD","0.13732"
"20250123","CNH","USD","0.13722"
"20250124","CNH","USD","0.13804"
"20250126","CNH","USD","0.13797"
"20250127","CNH","USD","0.13791"
"20250128","CNH","USD","0.1375"
"20250129","CNH","USD","0.13767"
"20250130","CNH","USD","0.13712"
"20250131","CNH","USD","0.13659"
"20250202","CNH","USD","0.13658"
"20250203","CNH","USD","0.13677"
"20250204","CNH","USD","0.13723"
"20250205","CNH","USD","0.13732"
"20250206","CNH","USD","0.1372"
"20250207","CNH","USD","0.13691"
"20250209","CNH","USD","0.13672"
"20250210","CNH","USD","0.13679"
"20250211","CNH","USD","0.1368"
"20250212","CNH","USD","0.1368"
"20250213","CNH","USD","0.13755"
"20250214","CNH","USD","0.13774"
"20250216","CNH","USD","0.13777"
"20250217","CNH","USD","0.13764"
"20250218","CNH","USD","0.13745"
"20250219","CNH","USD","0.13729"
"20250220","CNH","USD","0.13819"
"20250221","CNH","USD","0.13786"
"20250223","CNH","USD","0.13796"
"20250224","CNH","USD","0.13785"
"20250225","CNH","USD","0.13785"
"20250226","CNH","USD","0.13764"
"20250227","CNH","USD","0.13697"
"20250228","CNH","USD","0.13707"
"20250302","CNH","USD","0.13716"
"20250303","CNH","USD","0.13695"
"20250304","CNH","USD","0.13787"
"20250305","CNH","USD","0.1382"
"20250306","CNH","USD","0.13804"
"20250307","CNH","USD","0.13805"
"20250309","CNH","USD","0.13805"
"20250310","CNH","USD","0.13767"
"20250311","CNH","USD","0.13838"
"20250312","CNH","USD","0.13811"
"20250313","CNH","USD","0.13797"
"20250314","CNH","USD","0.13817"
"20250316","CNH","USD","0.13817"
"20250317","CNH","USD","0.13838"
"20250318","CNH","USD","0.13836"
"20250319","CNH","USD","0.13832"
"20250320","CNH","USD","0.13788"
"20250321","CNH","USD","0.13779"
"20250323","CNH","USD","0.1378"
"20250324","CNH","USD","0.13767"
"20250325","CNH","USD","0.13763"
"20250326","CNH","USD","0.13738"
"20250327","CNH","USD","0.1376"
"20250328","CNH","USD","0.13756"
"20250330","CNH","USD","0.13755"
"20250331","CNH","USD","0.13764"
"20250401","CNH","USD","0.13734"
"20250402","CNH","USD","0.13707"
"20250403","CNH","USD","0.13736"
"20250404","CNH","USD","0.13708"
"20250406","CNH","USD","0.13705"
"20250407","CNH","USD","0.13614"
"20250408","CNH","USD","0.13466"
"20250409","CNH","USD","0.13617"
"20250410","CNH","USD","0.13676"
"20250411","CNH","USD","0.13735"
"20250413","CNH","USD","0.13738"
"20250414","CNH","USD","0.13676"
"20250415","CNH","USD","0.13645"
"20250416","CNH","USD","0.13701"
"20250417","CNH","USD","0.13695"
"20250418","CNH","USD","0.13692"
"20250420","CNH","USD","0.13695"
"20250421","CNH","USD","0.13711"
"20250422","CNH","USD","0.13678"
"20250423","CNH","USD","0.13725"
"20250424","CNH","USD","0.13721"
"20250425","CNH","USD","0.1372"
"20250427","CNH","USD","0.1372"
"20250428","CNH","USD","0.13727"
"20250429","CNH","USD","0.13758"
"20250430","CNH","USD","0.13757"
"20250501","CNH","USD","0.13741"
"20250502","CNH","USD","0.13868"
"20250504","CNH","USD","0.13869"
"20250505","CNH","USD","0.13887"
"20250506","CNH","USD","0.13869"
"20250507","CNH","USD","0.13835"
"20250508","CNH","USD","0.13806"
"20250509","CNH","USD","0.13812"
"20250511","CNH","USD","0.1382"
"20250512","CNH","USD","0.1389"
"20250513","CNH","USD","0.13896"
"20250514","CNH","USD","0.13867"
"20250515","CNH","USD","0.13879"
"20250516","CNH","USD","0.13869"
"20250518","CNH","USD","0.1387"
"20250519","CNH","USD","0.13861"
"20250520","CNH","USD","0.13862"
"20250521","CNH","USD","0.13882"
"20250522","CNH","USD","0.1388"
"20250523","CNH","USD","0.13943"
"20250525","CNH","USD","0.1394"
"20250526","CNH","USD","0.13934"
"20250527","CNH","USD","0.13905"
"20250528","CNH","USD","0.13903"
"20250529","CNH","USD","0.1391"
"20250530","CNH","USD","0.13878"
"20250601","CNH","USD","0.13882"
"20250602","CNH","USD","0.13871"
"20250603","CNH","USD","0.13905"
"20250604","CNH","USD","0.13945"
"20250605","CNH","USD","0.13937"
"20250606","CNH","USD","0.13911"
"20250608","CNH","USD","0.13912"
"20250609","CNH","USD","0.13923"
"20250610","CNH","USD","0.1391"
"20250611","CNH","USD","0.13892"
"20250612","CNH","USD","0.1394"
"20250613","CNH","USD","0.1391"
"20250615","CNH","USD","0.13911"
"20250616","CNH","USD","0.13921"
"20250617","CNH","USD","0.13905"
"20250618","CNH","USD","0.13899"
"20250619","CNH","USD","0.13916"
"20250620","CNH","USD","0.13931"
"20250622","CNH","USD","0.13931"
"20250623","CNH","USD","0.13937"
"20250624","CNH","USD","0.13958"
"20250625","CNH","USD","0.13943"
"20250626","CNH","USD","0.13959"
"20250627","CNH","USD","0.13942"
"20250629","CNH","USD","0.13949"
"20250630","CNH","USD","0.13972"
"20250701","CNH","USD","0.13965"
"20250702","CNH","USD","0.13964"
"20250703","CNH","USD","0.13947"
"20250704","CNH","USD","0.1396"
"20250706","CNH","USD","0.13961"
"20250707","CNH","USD","0.13929"
"20250708","CNH","USD","0.13926"
"20250709","CNH","USD","0.13921"
"20250710","CNH","USD","0.13931"
"20250711","CNH","USD","0.1394"
"20250713","CNH","USD","0.13943"
"20250714","CNH","USD","0.13943"
"20250715","CNH","USD","0.13922"
"20250716","CNH","USD","0.13926"
"20250717","CNH","USD","0.13919"
"20250718","CNH","USD","0.13925"
"20250720","CNH","USD","0.13929"
"20250721","CNH","USD","0.13945"
"20250722","CNH","USD","0.13948"
"20250723","CNH","USD","0.13982"
"20250724","CNH","USD","0.13979"
"20250725","CNH","USD","0.13952"
"20250727","CNH","USD","0.13956"
"20250728","CNH","USD","0.13924"
"20250729","CNH","USD","0.13926"
"20250730","CNH","USD","0.13866"
"20250731","CNH","USD","0.13871"
"20250801","CNH","USD","0.13907"
"20250803","CNH","USD","0.13909"
"20250804","CNH","USD","0.13921"
"20250805","CNH","USD","0.13911"
"20250806","CNH","USD","0.13918"
"20250807","CNH","USD","0.13926"
"20250808","CNH","USD","0.1391"
"20250810","CNH","USD","0.13913"
"20250811","CNH","USD","0.13896"
"20250812","CNH","USD","0.13917"
"20250813","CNH","USD","0.13925"
"20250814","CNH","USD","0.13924"
"20250815","CNH","USD","0.13911"
"20250817","CNH","USD","0.13912"
"20250818","CNH","USD","0.13913"
"20250819","CNH","USD","0.13912"
"20250820","CNH","USD","0.13924"
"20250821","CNH","USD","0.13922"
"20250822","CNH","USD","0.13945"
"20250824","CNH","USD","0.13945"
"20250825","CNH","USD","0.1397"
"20250826","CNH","USD","0.1398"
"20250827","CNH","USD","0.13982"
"20250828","CNH","USD","0.14045"
"20250829","CNH","USD","0.14041"
"20250831","CNH","USD","0.14042"
"20250901","CNH","USD","0.14015"
"20250902","CNH","USD","0.14009"
"20250903","CNH","USD","0.14006"
"20250904","CNH","USD","0.14012"
"20250905","CNH","USD","0.14033"
"20250907","CNH","USD","0.14034"
"20250908","CNH","USD","0.14041"
"20250909","CNH","USD","0.14037"
"20250910","CNH","USD","0.14045"
"20250911","CNH","USD","0.14059"
"20250912","CNH","USD","0.14036"
"20250914","CNH","USD","0.14037"
"20250915","CNH","USD","0.14047"
"20250916","CNH","USD","0.14076"
"20250917","CNH","USD","0.1408"
"20250918","CNH","USD","0.14067"
"20250919","CNH","USD","0.14046"
"20250921","CNH","USD","0.14047"
"20250922","CNH","USD","0.14054"
"20250923","CNH","USD","0.14058"
"20250924","CNH","USD","0.1401"
"20250925","CNH","USD","0.13996"
"20250926","CNH","USD","0.14002"
"20250928","CNH","USD","0.14002"
"20250929","CNH","USD","0.14027"
"20250930","CNH","USD","0.14028"
"20251001","CNH","USD","0.14029"
"20251002","CNH","USD","0.1402"
"20251003","CNH","USD","0.14014"
"20251005","CNH","USD","0.1401"
"20251006","CNH","USD","0.14001"
"20251007","CNH","USD","0.13994"
"20251008","CNH","USD","0.13986"
"20251009","CNH","USD","0.1401"
"20251010","CNH","USD","0.13992"
"20251012","CNH","USD","0.13993"
"20251013","CNH","USD","0.14009"
"20251014","CNH","USD","0.14006"
"20251015","CNH","USD","0.14026"
"20251016","CNH","USD","0.14036"
"20251017","CNH","USD","0.14032"
"20251019","CNH","USD","0.14032"
"20251020","CNH","USD","0.14037"
"20251021","CNH","USD","0.14032"
"20251022","CNH","USD","0.14034"
"20251023","CNH","USD","0.14036"
"20251024","CNH","USD","0.14036"
"20251026","CNH","USD","0.14042"
"20251027","CNH","USD","0.14066"
"20251028","CNH","USD","0.14093"
"20251029","CNH","USD","0.14091"
"20251030","CNH","USD","0.14064"
"20251031","CNH","USD","0.1404"
"20251102","CNH","USD","0.1404"
"20251103","CNH","USD","0.14034"
"20251104","CNH","USD","0.14016"
"20251105","CNH","USD","0.14023"
"20251106","CNH","USD","0.14043"
"20251107","CNH","USD","0.14035"
"20251109","CNH","USD","0.14032"
"20251110","CNH","USD","0.1404"
"20251111","CNH","USD","0.1404"
"20251112","CNH","USD","0.1406"
"20251113","CNH","USD","0.14091"
"20251114","CNH","USD","0.14085"
"20251116","CNH","USD","0.14091"
"20251117","CNH","USD","0.14069"
"20251118","CNH","USD","0.14063"
"20251119","CNH","USD","0.14049"
"20251120","CNH","USD","0.14049"
"20251121","CNH","USD","0.14074"
"20251123","CNH","USD","0.14074"
"20251124","CNH","USD","0.14073"
"20251125","CNH","USD","0.14119"
"20251126","CNH","USD","0.14146"
"20251127","CNH","USD","0.14137"
"20251128","CNH","USD","0.1414"
"20251130","CNH","USD","0.1414"
"20251201","CNH","USD","0.1414"
"20251202","CNH","USD","0.14151"
"20251203","CNH","USD","0.14167"
"20251204","CNH","USD","0.14142"
"20251205","CNH","USD","0.14146"
"20251207","CNH","USD","0.14144"
"20251208","CNH","USD","0.14141"
"20251209","CNH","USD","0.14163"
"20251210","CNH","USD","0.14163"
"20251211","CNH","USD","0.14182"
"20251212","CNH","USD","0.14177"
"20251214","CNH","USD","0.14174"
"20251215","CNH","USD","0.14198"
"20251216","CNH","USD","0.14212"
"20251217","CNH","USD","0.14205"
"20251218","CNH","USD","0.14219"
"20251219","CNH","USD","0.14217"
"20251221","CNH","USD","0.14216"
"20251222","CNH","USD","0.14223"
"20251223","CNH","USD","0.14247"
"20251224","CNH","USD","0.1427"
"20251225","CNH","USD","0.14287"
"20251226","CNH","USD","0.14278"
"20251228","CNH","USD","0.14277"
"20251229","CNH","USD","0.1429"
"20251230","CNH","USD","0.14302"
"20251231","CNH","USD","0.14334"
"20250101","BRL","USD","0.16169"
"20250102","BRL","USD","0.16254"
"20250103","BRL","USD","0.16181"
"20250105","BRL","USD","0.16177"
"20250106","BRL","USD","0.16352"
"20250107","BRL","USD","0.1639"
"20250108","BRL","USD","0.16378"
"20250109","BRL","USD","0.16566"
"20250110","BRL","USD","0.1638"
"20250112","BRL","USD","0.16378"
"20250113","BRL","USD","0.164"
"20250114","BRL","USD","0.16513"
"20250115","BRL","USD","0.16638"
"20250116","BRL","USD","0.16528"
"20250117","BRL","USD","0.16472"
"20250119","BRL","USD","0.16472"
"20250120","BRL","USD","0.16579"
"20250121","BRL","USD","0.16605"
"20250122","BRL","USD","0.16829"
"20250123","BRL","USD","0.16878"
"20250124","BRL","USD","0.16918"
"20250126","BRL","USD","0.16917"
"20250127","BRL","USD","0.16969"
"20250128","BRL","USD","0.17072"
"20250129","BRL","USD","0.17074"
"20250130","BRL","USD","0.17023"
"20250131","BRL","USD","0.17119"
"20250202","BRL","USD","0.17122"
"20250203","BRL","USD","0.17221"
"20250204","BRL","USD","0.17378"
"20250205","BRL","USD","0.17249"
"20250206","BRL","USD","0.17355"
"20250207","BRL","USD","0.17223"
"20250209","BRL","USD","0.17213"
"20250210","BRL","USD","0.17278"
"20250211","BRL","USD","0.1735"
"20250212","BRL","USD","0.17345"
"20250213","BRL","USD","0.17339"
"20250214","BRL","USD","0.17529"
"20250216","BRL","USD","0.17529"
"20250217","BRL","USD","0.17502"
"20250218","BRL","USD","0.17576"
"20250219","BRL","USD","0.17477"
"20250220","BRL","USD","0.17533"
"20250221","BRL","USD","0.17445"
"20250223","BRL","USD","0.17452"
"20250224","BRL","USD","0.17304"
"20250225","BRL","USD","0.17421"
"20250226","BRL","USD","0.17229"
"20250227","BRL","USD","0.17122"
"20250228","BRL","USD","0.16991"
"20250302","BRL","USD","0.16991"
"20250303","BRL","USD","0.16991"
"20250304","BRL","USD","0.16991"
"20250305","BRL","USD","0.17422"
"20250306","BRL","USD","0.17348"
"20250307","BRL","USD","0.17277"
"20250309","BRL","USD","0.17268"
"20250310","BRL","USD","0.17077"
"20250311","BRL","USD","0.17209"
"20250312","BRL","USD","0.17245"
"20250313","BRL","USD","0.17241"
"20250314","BRL","USD","0.17419"
"20250316","BRL","USD","0.17405"
"20250317","BRL","USD","0.17594"
"20250318","BRL","USD","0.17633"
"20250319","BRL","USD","0.17703"
"20250320","BRL","USD","0.17605"
"20250321","BRL","USD","0.17456"
"20250323","BRL","USD","0.17455"
"20250324","BRL","USD","0.17346"
"20250325","BRL","USD","0.17546"
"20250326","BRL","USD","0.17435"
"20250327","BRL","USD","0.17404"
"20250328","BRL","USD","0.17356"
"20250330","BRL","USD","0.17364"
"20250331","BRL","USD","0.17527"
"20250401","BRL","USD","0.176"
"20250402","BRL","USD","0.17668"
"20250403","BRL","USD","0.17762"
"20250404","BRL","USD","0.17116"
"20250406","BRL","USD","0.17111"
"20250407","BRL","USD","0.16908"
"20250408","BRL","USD","0.16633"
"20250409","BRL","USD","0.1717"
"20250410","BRL","USD","0.1699"
"20250411","BRL","USD","0.17045"
"20250413","BRL","USD","0.17047"
"20250414","BRL","USD","0.17077"
"20250415","BRL","USD","0.16989"
"20250416","BRL","USD","0.17046"
"20250417","BRL","USD","0.17221"
"20250418","BRL","USD","0.1722"
"20250420","BRL","USD","0.1722"
"20250421","BRL","USD","0.1722"
"20250422","BRL","USD","0.17469"
"20250423","BRL","USD","0.17517"
"20250424","BRL","USD","0.17597"
"20250425","BRL","USD","0.17594"
"20250427","BRL","USD","0.17583"
"20250428","BRL","USD","0.17685"
"20250429","BRL","USD","0.17791"
"20250430","BRL","USD","0.17623"
"20250501","BRL","USD","0.17626"
"20250502","BRL","USD","0.17676"
"20250504","BRL","USD","0.17675"
"20250505","BRL","USD","0.17581"
"20250506","BRL","USD","0.17502"
"20250507","BRL","USD","0.17406"
"20250508","BRL","USD","0.17661"
"20250509","BRL","USD","0.17686"
"20250511","BRL","USD","0.17699"
"20250512","BRL","USD","0.17621"
"20250513","BRL","USD","0.17832"
"20250514","BRL","USD","0.17737"
"20250515","BRL","USD","0.17598"
"20250516","BRL","USD","0.17656"
"20250518","BRL","USD","0.17656"
"20250519","BRL","USD","0.17694"
"20250520","BRL","USD","0.17643"
"20250521","BRL","USD","0.17712"
"20250522","BRL","USD","0.17507"
"20250523","BRL","USD","0.1771"
"20250525","BRL","USD","0.17709"
"20250526","BRL","USD","0.17639"
"20250527","BRL","USD","0.17723"
"20250528","BRL","USD","0.17576"
"20250529","BRL","USD","0.17647"
"20250530","BRL","USD","0.17472"
"20250601","BRL","USD","0.17472"
"20250602","BRL","USD","0.17627"
"20250603","BRL","USD","0.17734"
"20250604","BRL","USD","0.17741"
"20250605","BRL","USD","0.17894"
"20250606","BRL","USD","0.17986"
"20250608","BRL","USD","0.17976"
"20250609","BRL","USD","0.1799"
"20250610","BRL","USD","0.17939"
"20250611","BRL","USD","0.18061"
"20250612","BRL","USD","0.18059"
"20250613","BRL","USD","0.18039"
"20250615","BRL","USD","0.18038"
"20250616","BRL","USD","0.18208"
"20250617","BRL","USD","0.18181"
"20250618","BRL","USD","0.18207"
"20250619","BRL","USD","0.1821"
"20250620","BRL","USD","0.18138"
"20250622","BRL","USD","0.18139"
"20250623","BRL","USD","0.18193"
"20250624","BRL","USD","0.18145"
"20250625","BRL","USD","0.17973"
"20250626","BRL","USD","0.18218"
"20250627","BRL","USD","0.18228"
"20250629","BRL","USD","0.18254"
"20250630","BRL","USD","0.18408"
"20250701","BRL","USD","0.18319"
"20250702","BRL","USD","0.18436"
"20250703","BRL","USD","0.1849"
"20250704","BRL","USD","0.18448"
"20250706","BRL","USD","0.18447"
"20250707","BRL","USD","0.18222"
"20250708","BRL","USD","0.18354"
"20250709","BRL","USD","0.1793"
"20250710","BRL","USD","0.18077"
"20250711","BRL","USD","0.17988"
"20250713","BRL","USD","0.17979"
"20250714","BRL","USD","0.17894"
"20250715","BRL","USD","0.17995"
"20250716","BRL","USD","0.17959"
"20250717","BRL","USD","0.18027"
"20250718","BRL","USD","0.17924"
"20250720","BRL","USD","0.1792"
"20250721","BRL","USD","0.17962"
"20250722","BRL","USD","0.17968"
"20250723","BRL","USD","0.18113"
"20250724","BRL","USD","0.18114"
"20250725","BRL","USD","0.17973"
"20250727","BRL","USD","0.17984"
"20250728","BRL","USD","0.17892"
"20250729","BRL","USD","0.17938"
"20250730","BRL","USD","0.17948"
"20250731","BRL","USD","0.17855"
"20250801","BRL","USD","0.18045"
"20250803","BRL","USD","0.18055"
"20250804","BRL","USD","0.18187"
"20250805","BRL","USD","0.18157"
"20250806","BRL","USD","0.18302"
"20250807","BRL","USD","0.18436"
"20250808","BRL","USD","0.18403"
"20250810","BRL","USD","0.18403"
"20250811","BRL","USD","0.18372"
"20250812","BRL","USD","0.18555"
"20250813","BRL","USD","0.18523"
"20250814","BRL","USD","0.18463"
"20250815","BRL","USD","0.18515"
"20250817","BRL","USD","0.18515"
"20250818","BRL","USD","0.18394"
"20250819","BRL","USD","0.18166"
"20250820","BRL","USD","0.18238"
"20250821","BRL","USD","0.18274"
"20250822","BRL","USD","0.18442"
"20250824","BRL","USD","0.18439"
"20250825","BRL","USD","0.18477"
"20250826","BRL","USD","0.18412"
"20250827","BRL","USD","0.18457"
"20250828","BRL","USD","0.18472"
"20250829","BRL","USD","0.18414"
"20250831","BRL","USD","0.18407"
"20250901","BRL","USD","0.18382"
"20250902","BRL","USD","0.18299"
"20250903","BRL","USD","0.18344"
"20250904","BRL","USD","0.18361"
"20250905","BRL","USD","0.18475"
"20250907","BRL","USD","0.18474"
"20250908","BRL","USD","0.18452"
"20250909","BRL","USD","0.18386"
"20250910","BRL","USD","0.18488"
"20250911","BRL","USD","0.18555"
"20250912","BRL","USD","0.18676"
"20250914","BRL","USD","0.18685"
"20250915","BRL","USD","0.18808"
"20250916","BRL","USD","0.18878"
"20250917","BRL","USD","0.1885"
"20250918","BRL","USD","0.18821"
"20250919","BRL","USD","0.18783"
"20250921","BRL","USD","0.18767"
"20250922","BRL","USD","0.18744"
"20250923","BRL","USD","0.1893"
"20250924","BRL","USD","0.18755"
"20250925","BRL","USD","0.18643"
"20250926","BRL","USD","0.18714"
"20250928","BRL","USD","0.18691"
"20250929","BRL","USD","0.18791"
"20250930","BRL","USD","0.18789"
"20251001","BRL","USD","0.18764"
"20251002","BRL","USD","0.18733"
"20251003","BRL","USD","0.18741"
"20251005","BRL","USD","0.18736"
"20251006","BRL","USD","0.18825"
"20251007","BRL","USD","0.18689"
"20251008","BRL","USD","0.18715"
"20251009","BRL","USD","0.18624"
"20251010","BRL","USD","0.18109"
"20251012","BRL","USD","0.1809"
"20251013","BRL","USD","0.18294"
"20251014","BRL","USD","0.1824"
"20251015","BRL","USD","0.18334"
"20251016","BRL","USD","0.18364"
"20251017","BRL","USD","0.18487"
"20251019","BRL","USD","0.18503"
"20251020","BRL","USD","0.18606"
"20251021","BRL","USD","0.1856"
"20251022","BRL","USD","0.18516"
"20251023","BRL","USD","0.18576"
"20251024","BRL","USD","0.18555"
"20251026","BRL","USD","0.18551"
"20251027","BRL","USD","0.18607"
"20251028","BRL","USD","0.18661"
"20251029","BRL","USD","0.18651"
"20251030","BRL","USD","0.18582"
"20251031","BRL","USD","0.18601"
"20251102","BRL","USD","0.18603"
"20251103","BRL","USD","0.18666"
"20251104","BRL","USD","0.18527"
"20251105","BRL","USD","0.18657"
"20251106","BRL","USD","0.18691"
"20251107","BRL","USD","0.18754"
"20251109","BRL","USD","0.18753"
"20251110","BRL","USD","0.18899"
"20251111","BRL","USD","0.18968"
"20251112","BRL","USD","0.18893"
"20251113","BRL","USD","0.18874"
"20251114","BRL","USD","0.1888"
"20251116","BRL","USD","0.1888"
"20251117","BRL","USD","0.18764"
"20251118","BRL","USD","0.18789"
"20251119","BRL","USD","0.18759"
"20251120","BRL","USD","0.1875"
"20251121","BRL","USD","0.18507"
"20251123","BRL","USD","0.18507"
"20251124","BRL","USD","0.18558"
"20251125","BRL","USD","0.18582"
"20251126","BRL","USD","0.18753"
"20251127","BRL","USD","0.18669"
"20251128","BRL","USD","0.18737"
"20251130","BRL","USD","0.18738"
"20251201","BRL","USD","0.18665"
"20251202","BRL","USD","0.18769"
"20251203","BRL","USD","0.1884"
"20251204","BRL","USD","0.18833"
"20251205","BRL","USD","0.18384"
"20251207","BRL","USD","0.18384"
"20251208","BRL","USD","0.18415"
"20251209","BRL","USD","0.18404"
"20251210","BRL","USD","0.18272"
"20251211","BRL","USD","0.1849"
"20251212","BRL","USD","0.18454"
"20251214","BRL","USD","0.18454"
"20251215","BRL","USD","0.18468"
"20251216","BRL","USD","0.18151"
"20251217","BRL","USD","0.18114"
"20251218","BRL","USD","0.18109"
"20251219","BRL","USD","0.18041"
"20251221","BRL","USD","0.18041"
"20251222","BRL","USD","0.17889"
"20251223","BRL","USD","0.18113"
"20251224","BRL","USD","0.18113"
"20251225","BRL","USD","0.18113"
"20251226","BRL","USD","0.18038"
"20251228","BRL","USD","0.18036"
"20251229","BRL","USD","0.17951"
"20251230","BRL","USD","0.18256"
"20251231","BRL","USD","0.18256"
"20250101","BHD","USD","-1"
"20250102","BHD","USD","-1"
"20250103","BHD","USD","-1"
"20250105","BHD","USD","-1"
"20250106","BHD","USD","-1"
"20250107","BHD","USD","-1"
"20250108","BHD","USD","-1"
"20250109","BHD","USD","-1"
"20250110","BHD","USD","-1"
"20250112","BHD","USD","-1"
"20250113","BHD","USD","-1"
"20250114","BHD","USD","-1"
"20250115","BHD","USD","-1"
"20250116","BHD","USD","2.6529"
"20250117","BHD","USD","2.6529"
"20250119","BHD","USD","2.6529"
"20250120","BHD","USD","2.6528"
"20250121","BHD","USD","2.6529"
"20250122","BHD","USD","2.653"
"20250123","BHD","USD","2.6533"
"20250124","BHD","USD","2.6528"
"20250126","BHD","USD","2.6528"
"20250127","BHD","USD","2.6525"
"20250128","BHD","USD","2.6525"
"20250129","BHD","USD","2.6524"
"20250130","BHD","USD","2.6526"
"20250131","BHD","USD","2.6526"
"20250202","BHD","USD","2.6526"
"20250203","BHD","USD","2.6524"
"20250204","BHD","USD","2.6524"
"20250205","BHD","USD","2.6525"
"20250206","BHD","USD","2.6526"
"20250207","BHD","USD","2.6526"
"20250209","BHD","USD","2.6526"
"20250210","BHD","USD","2.6526"
"20250211","BHD","USD","2.6529"
"20250212","BHD","USD","2.6529"
"20250213","BHD","USD","2.6532"
"20250214","BHD","USD","2.6532"
"20250216","BHD","USD","2.6532"
"20250217","BHD","USD","2.6534"
"20250218","BHD","USD","2.6534"
"20250219","BHD","USD","2.6534"
"20250220","BHD","USD","2.6535"
"20250221","BHD","USD","2.6535"
"20250223","BHD","USD","2.6535"
"20250224","BHD","USD","2.6535"
"20250225","BHD","USD","2.6533"
"20250226","BHD","USD","2.6533"
"20250227","BHD","USD","2.6532"
"20250228","BHD","USD","2.6533"
"20250302","BHD","USD","2.6532"
"20250303","BHD","USD","2.653"
"20250304","BHD","USD","2.6532"
"20250305","BHD","USD","2.6527"
"20250306","BHD","USD","2.6526"
"20250307","BHD","USD","2.6526"
"20250309","BHD","USD","2.6526"
"20250310","BHD","USD","2.6525"
"20250311","BHD","USD","2.6533"
"20250312","BHD","USD","2.6527"
"20250313","BHD","USD","2.6528"
"20250314","BHD","USD","2.6528"
"20250316","BHD","USD","2.6528"
"20250317","BHD","USD","2.6527"
"20250318","BHD","USD","2.6526"
"20250319","BHD","USD","2.6526"
"20250320","BHD","USD","2.6528"
"20250321","BHD","USD","2.6528"
"20250323","BHD","USD","2.6528"
"20250324","BHD","USD","2.6528"
"20250325","BHD","USD","2.6524"
"20250326","BHD","USD","2.6523"
"20250327","BHD","USD","2.6526"
"20250328","BHD","USD","2.6526"
"20250330","BHD","USD","2.6526"
"20250331","BHD","USD","2.6527"
"20250401","BHD","USD","2.6527"
"20250402","BHD","USD","2.6527"
"20250403","BHD","USD","2.6528"
"20250404","BHD","USD","2.6528"
"20250406","BHD","USD","2.6526"
"20250407","BHD","USD","2.6529"
"20250408","BHD","USD","2.6529"
"20250409","BHD","USD","2.6525"
"20250410","BHD","USD","2.6527"
"20250411","BHD","USD","2.6529"
"20250413","BHD","USD","2.6528"
"20250414","BHD","USD","2.6529"
"20250415","BHD","USD","2.6529"
"20250416","BHD","USD","2.653"
"20250417","BHD","USD","2.653"
"20250418","BHD","USD","2.653"
"20250420","BHD","USD","2.6525"
"20250421","BHD","USD","2.653"
"20250422","BHD","USD","2.6532"
"20250423","BHD","USD","2.6531"
"20250424","BHD","USD","2.653"
"20250425","BHD","USD","2.653"
"20250427","BHD","USD","2.653"
"20250428","BHD","USD","2.6529"
"20250429","BHD","USD","2.6527"
"20250430","BHD","USD","2.6526"
"20250501","BHD","USD","2.6523"
"20250502","BHD","USD","2.6525"
"20250504","BHD","USD","2.6525"
"20250505","BHD","USD","2.6523"
"20250506","BHD","USD","2.6523"
"20250507","BHD","USD","2.6523"
"20250508","BHD","USD","2.6524"
"20250509","BHD","USD","2.6524"
"20250511","BHD","USD","2.6524"
"20250512","BHD","USD","2.6525"
"20250513","BHD","USD","2.6527"
"20250514","BHD","USD","2.6525"
"20250515","BHD","USD","2.6527"
"20250516","BHD","USD","2.6527"
"20250518","BHD","USD","2.6527"
"20250519","BHD","USD","2.6524"
"20250520","BHD","USD","2.6524"
"20250521","BHD","USD","2.6525"
"20250522","BHD","USD","2.6523"
"20250523","BHD","USD","2.6523"
"20250525","BHD","USD","2.6523"
"20250526","BHD","USD","2.6525"
"20250527","BHD","USD","2.6526"
"20250528","BHD","USD","2.6524"
"20250529","BHD","USD","2.6525"
"20250530","BHD","USD","2.6525"
"20250601","BHD","USD","2.6525"
"20250602","BHD","USD","2.6526"
"20250603","BHD","USD","2.6527"
"20250604","BHD","USD","2.6525"
"20250605","BHD","USD","2.6524"
"20250606","BHD","USD","2.6526"
"20250608","BHD","USD","2.6526"
"20250609","BHD","USD","2.6525"
"20250610","BHD","USD","2.6522"
"20250611","BHD","USD","2.6522"
"20250612","BHD","USD","2.6518"
"20250613","BHD","USD","2.6511"
"20250615","BHD","USD","2.6518"
"20250616","BHD","USD","2.6522"
"20250617","BHD","USD","2.6522"
"20250618","BHD","USD","2.6516"
"20250619","BHD","USD","2.6504"
"20250620","BHD","USD","2.6515"
"20250622","BHD","USD","2.6504"
"20250623","BHD","USD","2.6504"
"20250624","BHD","USD","2.6518"
"20250625","BHD","USD","2.6509"
"20250626","BHD","USD","2.6509"
"20250627","BHD","USD","2.6508"
"20250629","BHD","USD","2.6515"
"20250630","BHD","USD","2.6511"
"20250701","BHD","USD","2.6525"
"20250702","BHD","USD","2.6527"
"20250703","BHD","USD","2.6527"
"20250704","BHD","USD","2.6527"
"20250706","BHD","USD","2.6525"
"20250707","BHD","USD","2.6527"
"20250708","BHD","USD","2.6528"
"20250709","BHD","USD","2.6528"
"20250710","BHD","USD","2.6526"
"20250711","BHD","USD","2.6527"
"20250713","BHD","USD","2.6526"
"20250714","BHD","USD","2.6526"
"20250715","BHD","USD","2.6525"
"20250716","BHD","USD","2.6523"
"20250717","BHD","USD","2.6523"
"20250718","BHD","USD","2.6523"
"20250720","BHD","USD","2.6523"
"20250721","BHD","USD","2.6525"
"20250722","BHD","USD","2.6526"
"20250723","BHD","USD","2.6529"
"20250724","BHD","USD","2.6532"
"20250725","BHD","USD","2.6532"
"20250727","BHD","USD","2.6532"
"20250728","BHD","USD","2.653"
"20250729","BHD","USD","2.6526"
"20250730","BHD","USD","2.6525"
"20250731","BHD","USD","2.6525"
"20250801","BHD","USD","2.6525"
"20250803","BHD","USD","2.6525"
"20250804","BHD","USD","2.6526"
"20250805","BHD","USD","2.6524"
"20250806","BHD","USD","2.6525"
"20250807","BHD","USD","2.6529"
"20250808","BHD","USD","2.6524"
"20250810","BHD","USD","2.6524"
"20250811","BHD","USD","2.6524"
"20250812","BHD","USD","2.6525"
"20250813","BHD","USD","2.6523"
"20250814","BHD","USD","2.6523"
"20250815","BHD","USD","2.6524"
"20250817","BHD","USD","2.6524"
"20250818","BHD","USD","2.6524"
"20250819","BHD","USD","2.6525"
"20250820","BHD","USD","2.6524"
"20250821","BHD","USD","2.6522"
"20250822","BHD","USD","2.6522"
"20250824","BHD","USD","2.6522"
"20250825","BHD","USD","2.6523"
"20250826","BHD","USD","2.6521"
"20250827","BHD","USD","2.6523"
"20250828","BHD","USD","2.6525"
"20250829","BHD","USD","2.6527"
"20250831","BHD","USD","2.6525"
"20250901","BHD","USD","2.6526"
"20250902","BHD","USD","2.6526"
"20250903","BHD","USD","2.6525"
"20250904","BHD","USD","2.6526"
"20250905","BHD","USD","2.6525"
"20250907","BHD","USD","2.6525"
"20250908","BHD","USD","2.6524"
"20250909","BHD","USD","2.6524"
"20250910","BHD","USD","2.6523"
"20250911","BHD","USD","2.6523"
"20250912","BHD","USD","2.6523"
"20250914","BHD","USD","2.6523"
"20250915","BHD","USD","2.6523"
"20250916","BHD","USD","2.6524"
"20250917","BHD","USD","2.6524"
"20250918","BHD","USD","2.652"
"20250919","BHD","USD","2.652"
"20250921","BHD","USD","2.652"
"20250922","BHD","USD","2.6522"
"20250923","BHD","USD","2.6522"
"20250924","BHD","USD","2.6522"
"20250925","BHD","USD","2.6522"
"20250926","BHD","USD","2.6523"
"20250928","BHD","USD","2.6523"
"20250929","BHD","USD","2.652"
"20250930","BHD","USD","2.6515"
"20251001","BHD","USD","2.6523"
"20251002","BHD","USD","2.6525"
"20251003","BHD","USD","2.6526"
"20251005","BHD","USD","2.6526"
"20251006","BHD","USD","2.6527"
"20251007","BHD","USD","2.6527"
"20251008","BHD","USD","2.6524"
"20251009","BHD","USD","2.6523"
"20251010","BHD","USD","2.6523"
"20251012","BHD","USD","2.6523"
"20251013","BHD","USD","2.6524"
"20251014","BHD","USD","2.6526"
"20251015","BHD","USD","2.6527"
"20251016","BHD","USD","2.6527"
"20251017","BHD","USD","2.6527"
"20251019","BHD","USD","2.6527"
"20251020","BHD","USD","2.6526"
"20251021","BHD","USD","2.6527"
"20251022","BHD","USD","2.6527"
"20251023","BHD","USD","2.6527"
"20251024","BHD","USD","2.6527"
"20251026","BHD","USD","2.6527"
"20251027","BHD","USD","2.6527"
"20251028","BHD","USD","2.6527"
"20251029","BHD","USD","2.6527"
"20251030","BHD","USD","2.6527"
"20251031","BHD","USD","2.6527"
"20251102","BHD","USD","2.6527"
"20251103","BHD","USD","2.6525"
"20251104","BHD","USD","2.6525"
"20251105","BHD","USD","2.6526"
"20251106","BHD","USD","2.6525"
"20251107","BHD","USD","2.6525"
"20251109","BHD","USD","2.6524"
"20251110","BHD","USD","2.6526"
"20251111","BHD","USD","2.6523"
"20251112","BHD","USD","2.6523"
"20251113","BHD","USD","2.6523"
"20251114","BHD","USD","2.6523"
"20251116","BHD","USD","2.6523"
"20251117","BHD","USD","2.6523"
"20251118","BHD","USD","2.6524"
"20251119","BHD","USD","2.6524"
"20251120","BHD","USD","2.6525"
"20251121","BHD","USD","2.6525"
"20251123","BHD","USD","2.6525"
"20251124","BHD","USD","2.6525"
"20251125","BHD","USD","2.6524"
"20251126","BHD","USD","2.6526"
"20251127","BHD","USD","2.6526"
"20251128","BHD","USD","2.6526"
"20251130","BHD","USD","2.6526"
"20251201","BHD","USD","2.6526"
"20251202","BHD","USD","2.6526"
"20251203","BHD","USD","2.6524"
"20251204","BHD","USD","2.6527"
"20251205","BHD","USD","2.6527"
"20251207","BHD","USD","2.6525"
"20251208","BHD","USD","2.6527"
"20251209","BHD","USD","2.6529"
"20251210","BHD","USD","2.6527"
"20251211","BHD","USD","2.6527"
"20251212","BHD","USD","2.6527"
"20251214","BHD","USD","2.6527"
"20251215","BHD","USD","2.6525"
"20251216","BHD","USD","2.6525"
"20251217","BHD","USD","2.6524"
"20251218","BHD","USD","2.6523"
"20251219","BHD","USD","2.6523"
"20251221","BHD","USD","2.6523"
"20251222","BHD","USD","2.6523"
"20251223","BHD","USD","2.6521"
"20251224","BHD","USD","2.6511"
"20251225","BHD","USD","2.6511"
"20251226","BHD","USD","2.6511"
"20251228","BHD","USD","2.6518"
"20251229","BHD","USD","2.6522"
"20251230","BHD","USD","2.6525"
"20251231","BHD","USD","2.6527"
